date,store,item,sales,employee_id,shift,shift_units_sold,price,expected_units,product_zscore,employee_zscore,product_anomaly,employee_anomaly,product_if_anomaly,employee_if_anomaly,product_if_score,anomaly_type
2013-02-02,1,1,21,S1_E01,Shift 1,10,62,10,3.264428251398345,1.4143096989491988,True,False,False,False,0.04562917237856157,product_anomaly
2013-02-02,1,1,21,S1_E02,Shift 2,11,62,10,3.264428251398345,1.3341803704774622,True,False,False,False,0.05570572894465964,product_anomaly
2013-02-02,2,1,23,S2_E01,Shift 1,12,62,16,3.264428251398345,2.046768917114129,True,False,False,False,0.05850916143339108,product_anomaly
2013-02-02,2,1,23,S2_E02,Shift 2,11,62,16,3.264428251398345,1.6606282649525792,True,False,False,False,0.0584509192270225,product_anomaly
2013-02-02,3,1,21,S3_E01,Shift 1,9,62,15,3.264428251398345,1.0000282825034505,True,False,False,False,0.044986087098649985,product_anomaly
2013-02-02,3,1,21,S3_E02,Shift 2,12,62,15,3.264428251398345,1.0952451250287458,True,False,False,False,-0.006571923107428379,product_anomaly
2013-02-02,4,1,17,S4_E01,Full Day,17,62,13,3.264428251398345,1.8151795011043776,True,False,False,False,0.042490170041982855,product_anomaly
2013-02-02,5,1,20,S5_E01,Full Day,20,62,9,3.264428251398345,1.523358992857806,True,False,False,False,0.048092426391182885,product_anomaly
2013-02-02,6,1,8,S6_E01,Shift 1,3,62,9,3.264428251398345,1.0892010107227186,True,False,False,False,0.053129214375101985,product_anomaly
2013-02-02,6,1,8,S6_E02,Shift 2,5,62,9,3.264428251398345,1.3353675005925505,True,False,False,False,0.04925783611892359,product_anomaly
2013-02-02,7,1,12,S7_E01,Full Day,12,62,9,3.264428251398345,1.8116980174403885,True,False,False,False,0.042877557386085785,product_anomaly
2013-02-02,8,1,20,S8_E01,Shift 1,9,62,14,3.264428251398345,0.9582019912847505,True,False,False,False,0.034513567512532095,product_anomaly
2013-02-02,8,1,20,S8_E02,Shift 2,11,62,14,3.264428251398345,1.8583556009385893,True,False,False,False,0.027608525094075076,product_anomaly
2013-02-02,9,1,15,S9_E01,Shift 1,8,62,14,3.264428251398345,0.9474750966428281,True,False,False,False,0.056081188552829675,product_anomaly
2013-02-02,9,1,15,S9_E02,Shift 2,7,62,14,3.264428251398345,0.8189061784478147,True,False,False,False,0.0444395287578519,product_anomaly
2013-02-02,10,1,11,S10_E01,Full Day,11,62,15,3.264428251398345,1.690360681167124,True,False,False,False,0.044076862572830056,product_anomaly
2013-02-04,5,1,12,S5_E01,Full Day,12,62,10,-0.47372311921376653,-1.0845430836046275,False,False,False,True,0.03917318327893826,none
2013-02-04,6,1,7,S6_E01,Shift 1,3,62,9,-0.47372311921376653,-0.7294916243460418,False,False,False,True,0.013504027229841287,none
2013-02-13,8,1,11,S8_E02,Shift 2,6,62,15,0.0053721530935023805,-0.7359267773365881,False,False,False,True,-0.04247779801779561,none
2013-02-13,9,1,12,S9_E01,Shift 1,7,62,14,0.0053721530935023805,-0.45199277262352583,False,False,False,True,-0.06499159630621043,none
2013-02-17,1,1,11,S1_E01,Shift 1,5,62,12,3.4441836402749324,1.203336458814672,True,False,False,False,-0.02186190421884393,product_anomaly
2013-02-17,1,1,11,S1_E02,Shift 2,6,62,12,3.4441836402749324,1.8658774176174928,True,False,False,False,-0.006816369387473653,product_anomaly
2013-02-17,2,1,26,S2_E01,Shift 1,11,62,16,3.4441836402749324,1.3005148567577463,True,False,False,False,-0.004789889994683105,product_anomaly
2013-02-17,2,1,26,S2_E02,Shift 2,15,62,16,3.4441836402749324,1.120084896452415,True,False,False,False,-0.061848881798812094,product_anomaly
2013-02-17,3,1,20,S3_E01,Shift 1,10,62,15,3.4441836402749324,1.2985444051721136,True,False,False,False,-0.04373145941397916,product_anomaly
2013-02-17,3,1,20,S3_E02,Shift 2,10,62,15,3.4441836402749324,1.4383070267571252,True,False,False,False,-0.04880451400566499,product_anomaly
2013-02-17,4,1,16,S4_E01,Full Day,16,62,14,3.4441836402749324,1.2328238415717792,True,False,False,False,-0.052672324758669675,product_anomaly
2013-02-17,5,1,10,S5_E01,Full Day,10,62,10,3.4441836402749324,1.360881443676041,True,False,False,False,-0.020695424033721488,product_anomaly
2013-02-17,6,1,19,S6_E01,Shift 1,10,62,9,3.4441836402749324,1.6131912121235217,True,False,False,False,-0.015567563537464357,product_anomaly
2013-02-17,6,1,19,S6_E02,Shift 2,9,62,9,3.4441836402749324,1.5665833724338964,True,False,False,False,-0.04188386219718643,product_anomaly
2013-02-17,7,1,16,S7_E01,Full Day,16,62,10,3.4441836402749324,1.3264364917188756,True,False,False,False,-0.07431738961224121,product_anomaly
2013-02-17,8,1,22,S8_E01,Shift 1,11,62,15,3.4441836402749324,1.582851224177545,True,False,False,False,-0.037164354750255035,product_anomaly
2013-02-17,8,1,22,S8_E02,Shift 2,11,62,15,3.4441836402749324,0.7650769019004567,True,False,False,False,-0.03633045747746988,product_anomaly
2013-02-17,9,1,18,S9_E01,Shift 1,8,62,15,3.4441836402749324,1.471357255158317,True,False,False,False,-0.00791169897385613,product_anomaly
2013-02-17,9,1,18,S9_E02,Shift 2,10,62,15,3.4441836402749324,1.8214528132797039,True,False,False,False,-0.019357358211264275,product_anomaly
2013-02-17,10,1,21,S10_E01,Full Day,21,62,14,3.4441836402749324,1.2114655571306074,True,False,False,False,-0.0055741204743749995,product_anomaly
2013-02-27,2,1,11,S2_E02,Shift 2,4,62,17,-0.5678652424018921,-0.3317798162335929,False,False,False,True,0.05014404411835416,none
2013-02-27,3,1,17,S3_E01,Shift 1,7,62,15,-0.5678652424018921,-0.8786419149631249,False,False,False,True,0.051350339337366824,none
2013-02-28,1,1,10,S1_E02,Shift 2,6,62,11,0.5547449210484524,0.08549391401174795,False,False,False,True,0.05330514654981827,none
2013-02-28,2,1,22,S2_E01,Shift 1,9,62,17,0.5547449210484524,-0.3026646464864774,False,False,False,True,0.03991931896955392,none
2013-02-28,6,1,15,S6_E01,Shift 1,8,62,10,0.5547449210484524,-0.14369923431584455,False,False,False,True,0.05781739075954845,none
2013-02-28,6,1,15,S6_E02,Shift 2,7,62,10,0.5547449210484524,-0.12053278739068429,False,False,False,True,0.04084347002259692,none
2013-03-08,6,1,9,S6_E02,Shift 2,4,62,12,-0.31256041688982045,0.2438323853977891,False,False,False,True,-0.06977185484364679,none
2013-03-16,3,1,21,S3_E01,Shift 1,13,62,18,-0.37898327504310614,0.6999793673034573,False,False,False,True,0.03734187880944845,none
2013-03-18,1,1,11,S1_E01,Shift 1,5,62,13,-2.2942718191034386,-0.8586321714811649,False,False,False,True,0.03781436152441975,none
2013-03-20,2,1,20,S2_E02,Shift 2,11,62,20,-0.1464924328986062,-0.617941371307634,False,False,False,True,0.021092861795724116,none
2013-03-20,3,1,13,S3_E01,Shift 1,8,62,18,-0.1464924328986062,-0.8926537696921791,False,False,False,True,0.015997292239577132,none
2013-03-20,7,1,11,S7_E01,Full Day,11,62,12,-0.1464924328986062,-0.642609621192627,False,False,False,True,0.046032197565304245,none
2013-03-20,8,1,15,S8_E01,Shift 1,6,62,18,-0.1464924328986062,-0.1538038132039886,False,False,False,True,0.058516753474090966,none
2013-03-21,1,1,17,S1_E02,Shift 2,8,62,13,0.8045900313242554,-0.38791181618077336,False,False,False,True,0.06568959676047642,none
2013-03-21,2,1,25,S2_E01,Shift 1,13,62,20,0.8045900313242554,-0.006119168944941042,False,False,False,True,0.0304840722188065,none
2013-03-21,5,1,11,S5_E01,Full Day,11,62,12,0.8045900313242554,-0.29126058145688105,False,False,False,True,0.04377731607953833,none
2013-03-21,6,1,19,S6_E01,Shift 1,8,62,13,0.8045900313242554,-0.5418988922040225,False,False,False,True,0.06658045836374743,none
2013-03-21,6,1,19,S6_E02,Shift 2,11,62,13,0.8045900313242554,0.05864436048391806,False,False,False,True,0.04589857597091945,none
2013-03-21,9,1,16,S9_E01,Shift 1,7,62,16,0.8045900313242554,0.2595177433115579,False,False,False,True,0.06147447052307231,none
2013-03-21,9,1,16,S9_E02,Shift 2,9,62,16,0.8045900313242554,0.036790040841192785,False,False,False,True,0.0631876181460645,none
2013-03-21,10,1,20,S10_E01,Full Day,20,62,19,0.8045900313242554,-0.14144180060962386,False,False,False,True,0.0046778829510746855,none
2013-03-22,1,1,21,S1_E01,Shift 1,11,62,13,1.0287779336522007,0.008661333764457413,False,False,False,True,0.059397861828042686,none
2013-03-22,3,1,23,S3_E02,Shift 2,12,62,18,1.0287779336522007,0.5368133604972382,False,False,False,True,0.04627285649634166,none
2013-03-22,4,1,20,S4_E01,Full Day,20,62,16,1.0287779336522007,0.2742429598440672,False,False,False,True,0.05682179688541655,none
2013-03-22,5,1,13,S5_E01,Full Day,13,62,12,1.0287779336522007,0.5168799291281752,False,False,False,True,0.04603207414310517,none
2013-03-22,9,1,15,S9_E01,Shift 1,8,62,16,1.0287779336522007,0.736093841546653,False,False,False,True,0.05968486694950009,none
2013-03-22,9,1,15,S9_E02,Shift 2,7,62,16,1.0287779336522007,0.4112673183269207,False,False,False,True,0.04125271403133951,none
2013-03-23,3,1,17,S3_E01,Shift 1,10,62,19,0.8178880621106277,1.0657838344004058,False,False,False,True,0.05363597620773597,none
2013-03-23,3,1,17,S3_E02,Shift 2,7,62,19,0.8178880621106277,0.7872571029029752,False,False,False,True,0.05516907581018393,none
2013-03-23,7,1,12,S7_E01,Full Day,12,62,12,0.8178880621106277,0.7324713685556292,False,False,False,True,0.017533780345261374,none
2013-03-23,8,1,26,S8_E01,Shift 1,12,62,19,0.8178880621106277,1.171060680099986,False,False,False,True,0.043758358826445964,none
2013-03-23,8,1,26,S8_E02,Shift 2,14,62,19,0.8178880621106277,0.6700266788213628,False,False,False,True,0.04181929402190304,none
2013-03-23,9,1,17,S9_E01,Shift 1,7,62,16,0.8178880621106277,1.1001707856400094,False,False,False,True,0.03444825838202015,none
2013-03-23,9,1,17,S9_E02,Shift 2,10,62,16,0.8178880621106277,0.9432814242002505,False,False,False,True,0.016870969118174484,none
2013-03-23,10,1,14,S10_E01,Full Day,14,62,19,0.8178880621106277,0.7833376852214523,False,False,False,True,0.023874107816815038,none
2013-03-24,2,1,30,S2_E01,Shift 1,17,62,21,1.3343409173754692,1.0322607839733724,False,False,False,True,0.05869920629280179,none
2013-03-31,5,1,23,S5_E01,Full Day,23,62,12,1.2953418908744478,1.4862847135013166,False,False,False,True,0.017676122924530635,none
2013-04-08,1,1,19,S1_E01,Shift 1,8,62,16,-1.0941502133264618,-1.7632364809402934,False,False,False,True,0.03534842440956765,none
2013-04-11,2,1,26,S2_E01,Shift 1,13,62,22,0.1733857511529467,0.2772172789781323,False,False,False,True,0.038889770528155954,none
2013-04-11,6,1,12,S6_E01,Shift 1,6,62,13,0.1733857511529467,-0.09525411272838502,False,False,False,True,0.04579444591279075,none
2013-04-11,6,1,12,S6_E02,Shift 2,6,62,13,0.1733857511529467,-0.1860392524446264,False,False,False,True,0.04971603479502523,none
2013-04-11,9,1,27,S9_E02,Shift 2,13,62,18,0.1733857511529467,0.21252783245445353,False,False,False,True,0.058823038315421516,none
2013-04-11,10,1,14,S10_E01,Full Day,14,62,19,0.1733857511529467,-0.02827304860910805,False,False,False,True,0.05455942712421036,none
2013-04-12,1,1,18,S1_E01,Shift 1,10,62,17,0.547285724417579,0.3236949560197293,False,False,False,True,0.05583957023400715,none
2013-04-12,3,1,24,S3_E02,Shift 2,14,62,20,0.547285724417579,0.360570430153387,False,False,False,True,0.06214452329020842,none
2013-04-12,4,1,16,S4_E01,Full Day,16,62,18,0.547285724417579,0.23737441221916641,False,False,False,True,0.03575045041409253,none
2013-04-12,5,1,14,S5_E01,Full Day,14,62,14,0.547285724417579,0.43691498413291685,False,False,False,True,0.02256334700691548,none
2013-04-12,9,1,27,S9_E01,Shift 1,14,62,19,0.547285724417579,0.6398446778187687,False,False,False,True,0.04086882441453382,none
2013-04-12,9,1,27,S9_E02,Shift 2,13,62,19,0.547285724417579,0.5104347013815048,False,False,False,True,0.046007296791891805,none
2013-04-13,3,1,25,S3_E01,Shift 1,12,62,20,0.3275212487024553,1.1629975083839739,False,False,False,True,0.020240677432255993,none
2013-04-13,3,1,25,S3_E02,Shift 2,13,62,20,0.3275212487024553,0.9182200305943752,False,False,False,True,0.021970149483346912,none
2013-04-13,7,1,16,S7_E01,Full Day,16,62,13,0.3275212487024553,1.2076642126280792,False,False,False,True,0.048130570067491496,none
2013-04-13,8,1,26,S8_E01,Shift 1,12,62,21,0.3275212487024553,0.7719940007888038,False,False,False,True,0.0549030654105131,none
2013-04-13,8,1,26,S8_E02,Shift 2,14,62,21,0.3275212487024553,0.6262835661703013,False,False,False,True,0.05102854288742076,none
2013-04-14,1,1,26,S1_E02,Shift 2,11,62,17,2.135790445619486,1.2697918934358334,False,False,False,True,0.06550608467969449,none
2013-04-14,2,1,39,S2_E01,Shift 1,20,62,23,2.135790445619486,1.7314203610417984,False,False,False,True,0.052859123821925647,none
2013-04-14,2,1,39,S2_E02,Shift 2,19,62,23,2.135790445619486,2.1024624372322864,False,False,False,True,0.05903726993511893,none
2013-04-14,3,1,31,S3_E01,Shift 1,15,62,20,2.135790445619486,1.3255760930377454,False,False,False,True,0.062435416802155586,none
2013-04-14,3,1,31,S3_E02,Shift 2,16,62,20,2.135790445619486,1.278563275028544,False,False,False,True,0.06075119072860369,none
2013-04-14,5,1,17,S5_E01,Full Day,17,62,14,2.135790445619486,1.3390796926849968,False,False,False,True,0.0416501050994843,none
2013-04-14,6,1,21,S6_E01,Shift 1,11,62,13,2.135790445619486,0.9627140580433878,False,False,False,True,0.04904213021192705,none
2013-04-14,6,1,21,S6_E02,Shift 2,10,62,13,2.135790445619486,1.3174678642623534,False,False,False,True,0.03881332017276923,none
2013-04-14,7,1,21,S7_E01,Full Day,21,62,13,2.135790445619486,1.540972075376418,False,False,False,True,0.048355857473978525,none
2013-04-14,8,1,23,S8_E02,Shift 2,10,62,21,2.135790445619486,1.2073060079006825,False,False,False,True,0.06459231276795724,none
2013-04-14,9,1,31,S9_E02,Shift 2,18,62,19,2.135790445619486,1.6842232419647687,False,False,False,True,0.06873170177402982,none
2013-04-14,10,1,28,S10_E01,Full Day,28,62,19,2.135790445619486,1.5289290427323214,False,False,False,True,0.04762055751793781,none
2013-04-15,1,1,14,S1_E01,Shift 1,8,62,17,-1.5243158314266378,-1.2267839069918953,False,False,False,True,0.06175735981452213,none
2013-04-15,1,1,14,S1_E02,Shift 2,6,62,17,-1.5243158314266378,-1.3342213582732578,False,False,False,True,0.053742276434653236,none
2013-04-15,3,1,15,S3_E02,Shift 2,8,62,21,-1.5243158314266378,-1.484304096334319,False,False,False,True,0.05964929226184568,none
2013-04-15,4,1,15,S4_E01,Full Day,15,62,18,-1.5243158314266378,-1.3754587477466436,False,False,False,True,0.052452822453283865,none
2013-04-15,5,1,14,S5_E01,Full Day,14,62,14,-1.5243158314266378,-1.746781674476667,False,False,False,True,0.0309745111817169,none
2013-04-15,6,1,14,S6_E01,Shift 1,6,62,14,-1.5243158314266378,-1.9743806041875902,False,False,False,True,0.04169834838827308,none
2013-04-15,6,1,14,S6_E02,Shift 2,8,62,14,-1.5243158314266378,-1.5331335486031952,False,False,False,True,0.05082884177513086,none
2013-04-15,7,1,7,S7_E01,Full Day,7,62,13,-1.5243158314266378,-1.6134531034838695,False,False,False,True,0.04668137552207824,none
2013-04-15,8,1,20,S8_E01,Shift 1,9,62,21,-1.5243158314266378,-1.7526905093644034,False,False,False,True,0.029640996966775413,none
2013-04-15,9,1,7,S9_E01,Shift 1,4,62,20,-1.5243158314266378,-1.3121391769830775,False,False,False,True,0.060603474040156535,none
2013-04-15,9,1,7,S9_E02,Shift 2,3,62,20,-1.5243158314266378,-1.4999808522881692,False,False,False,True,0.06337931266701602,none
2013-04-16,3,1,24,S3_E02,Shift 2,13,62,21,-0.8765930564955091,-0.5549984596733689,False,False,False,True,0.04000600969263862,none
2013-04-16,4,1,17,S4_E01,Full Day,17,62,18,-0.8765930564955091,-0.3523636536418407,False,False,False,True,0.022644553863443107,none
2013-04-16,8,1,26,S8_E02,Shift 2,15,62,22,-0.8765930564955091,-0.2394475225050408,False,False,False,True,0.017074928687638435,none
2013-04-16,9,1,14,S9_E01,Shift 1,6,62,19,-0.8765930564955091,-0.38492630140823186,False,False,False,True,0.041001430064649846,none
2013-04-17,2,1,25,S2_E02,Shift 2,12,62,24,-0.580886248065441,-0.5185200736646411,False,False,False,True,0.06535342332601118,none
2013-04-21,6,1,26,S6_E02,Shift 2,11,62,13,1.0386089827553535,1.6591607203148169,False,False,False,True,0.05532189667659443,none
2013-08-05,2,1,18,S2_E01,Shift 1,8,62,30,-1.0992057235592463,-3.037931708682254,False,True,False,False,-0.01688436960821027,employee_anomaly
2013-08-05,2,1,18,S2_E02,Shift 2,10,62,30,-1.0992057235592463,-3.4857102754090485,False,True,False,False,-0.011421644731494762,employee_anomaly
2013-09-02,1,1,10,S1_E01,Shift 1,5,62,19,-3.1839104088243055,-2.0370547515043067,True,False,False,False,0.06433295346674422,product_anomaly
2013-09-02,1,1,10,S1_E02,Shift 2,5,62,19,-3.1839104088243055,-1.8844196238780926,True,False,False,False,0.07408385935769385,product_anomaly
2013-09-02,2,1,21,S2_E01,Shift 1,10,62,26,-3.1839104088243055,-2.138145236258856,True,False,False,False,0.05598290147391011,product_anomaly
2013-09-02,2,1,21,S2_E02,Shift 2,11,62,26,-3.1839104088243055,-1.874485181734983,True,False,False,False,0.05902955466240567,product_anomaly
2013-09-02,3,1,14,S3_E01,Shift 1,7,62,25,-3.1839104088243055,-1.6565646283965354,True,False,False,False,0.05486896736387903,product_anomaly
2013-09-02,3,1,14,S3_E02,Shift 2,7,62,25,-3.1839104088243055,-1.7310996662283702,True,False,False,False,0.058797226250679624,product_anomaly
2013-09-02,4,1,21,S4_E01,Full Day,21,62,23,-3.1839104088243055,-1.749338873933826,True,False,False,False,0.03813792293814511,product_anomaly
2013-09-02,5,1,5,S5_E01,Full Day,5,62,16,-3.1839104088243055,-2.0106338941434063,True,False,False,False,0.05450766219704062,product_anomaly
2013-09-02,6,1,7,S6_E01,Shift 1,3,62,15,-3.1839104088243055,-2.3012019047878436,True,False,False,False,0.06123981466764028,product_anomaly
2013-09-02,6,1,7,S6_E02,Shift 2,4,62,15,-3.1839104088243055,-2.090817274988783,True,False,False,False,0.06785863593587782,product_anomaly
2013-09-02,7,1,10,S7_E01,Full Day,10,62,15,-3.1839104088243055,-1.97257189701343,True,False,False,False,0.06784220847448386,product_anomaly
2013-09-02,8,1,21,S8_E01,Shift 1,9,62,26,-3.1839104088243055,-2.2276993787707897,True,False,False,False,0.052315905596098056,product_anomaly
2013-09-02,8,1,21,S8_E02,Shift 2,12,62,26,-3.1839104088243055,-2.018136077865415,True,False,False,False,0.053659326937838314,product_anomaly
2013-09-02,9,1,10,S9_E01,Shift 1,4,62,21,-3.1839104088243055,-1.959426997030871,True,False,False,False,0.019622119287546202,product_anomaly
2013-09-02,9,1,10,S9_E02,Shift 2,6,62,21,-3.1839104088243055,-2.2577598422731753,True,False,False,False,0.05586248189110621,product_anomaly
2013-09-02,10,1,15,S10_E01,Full Day,15,62,23,-3.1839104088243055,-1.7930881097995588,True,False,False,False,0.06636670013369256,product_anomaly
2013-09-30,1,1,20,S1_E01,Shift 1,8,62,17,-3.0360799236670046,-1.903231103162652,True,False,False,False,-0.021382403690018426,product_anomaly
2013-09-30,1,1,20,S1_E02,Shift 2,12,62,17,-3.0360799236670046,-1.68626535163423,True,False,False,False,-0.04025189269418439,product_anomaly
2013-09-30,2,1,14,S2_E01,Shift 1,7,62,25,-3.0360799236670046,-1.2130346452818621,True,False,False,False,-0.043848013494868,product_anomaly
2013-09-30,2,1,14,S2_E02,Shift 2,7,62,25,-3.0360799236670046,-1.8856711791151415,True,False,False,False,-0.04520893406165116,product_anomaly
2013-09-30,3,1,15,S3_E01,Shift 1,6,62,22,-3.0360799236670046,-1.996144487248958,True,False,False,False,-0.022358848581939705,product_anomaly
2013-09-30,3,1,15,S3_E02,Shift 2,9,62,22,-3.0360799236670046,-1.3089649881181888,True,False,False,False,0.008829882211442097,product_anomaly
2013-09-30,4,1,19,S4_E01,Full Day,19,62,21,-3.0360799236670046,-1.5983253595554883,True,False,False,False,0.04108761577426667,product_anomaly
2013-09-30,5,1,13,S5_E01,Full Day,13,62,15,-3.0360799236670046,-1.5087998458625027,True,False,False,False,0.039911354894941464,product_anomaly
2013-09-30,6,1,9,S6_E01,Shift 1,4,62,13,-3.0360799236670046,-1.4311113743772836,True,False,False,False,0.0477282011865901,product_anomaly
2013-09-30,6,1,9,S6_E02,Shift 2,5,62,13,-3.0360799236670046,-1.4663715092826861,True,False,False,False,0.04866261466285843,product_anomaly
2013-09-30,7,1,11,S7_E01,Full Day,11,62,13,-3.0360799236670046,-1.5976971583414545,True,False,False,False,0.03899780813671455,product_anomaly
2013-09-30,8,1,14,S8_E01,Shift 1,8,62,22,-3.0360799236670046,-1.593687009632735,True,False,False,False,0.04588327958373889,product_anomaly
2013-09-30,8,1,14,S8_E02,Shift 2,6,62,22,-3.0360799236670046,-1.3612032691915301,True,False,False,False,0.04852024408310612,product_anomaly
2013-09-30,9,1,14,S9_E01,Shift 1,7,62,21,-3.0360799236670046,-1.5408415599661418,True,False,False,False,0.021580428676960528,product_anomaly
2013-09-30,9,1,14,S9_E02,Shift 2,7,62,21,-3.0360799236670046,-1.322688493042648,True,False,False,False,0.0624405490854254,product_anomaly
2013-09-30,10,1,12,S10_E01,Full Day,12,62,22,-3.0360799236670046,-1.4368670003780113,True,False,False,False,0.06226132570999182,product_anomaly
2013-11-01,1,1,20,S1_E01,Shift 1,11,62,16,3.102436652796583,1.3967822452390968,True,False,False,False,0.056562829607037235,product_anomaly
2013-11-01,1,1,20,S1_E02,Shift 2,9,62,16,3.102436652796583,1.1799280517849557,True,False,False,False,0.05363378450345718,product_anomaly
2013-11-01,2,1,31,S2_E01,Shift 1,14,62,24,3.102436652796583,0.8960368782515964,True,False,False,False,0.07653719970264983,product_anomaly
2013-11-01,2,1,31,S2_E02,Shift 2,17,62,24,3.102436652796583,1.078440710999773,True,False,False,False,0.05220027227953866,product_anomaly
2013-11-01,3,1,29,S3_E01,Shift 1,17,62,20,3.102436652796583,1.010596540945905,True,False,False,False,0.01389392261937461,product_anomaly
2013-11-01,3,1,29,S3_E02,Shift 2,12,62,20,3.102436652796583,1.1883847539485353,True,False,False,False,-0.0005757407408921722,product_anomaly
2013-11-01,4,1,18,S4_E01,Full Day,18,62,17,3.102436652796583,1.0007867920257731,True,False,False,False,0.025453521829121695,product_anomaly
2013-11-01,5,1,21,S5_E01,Full Day,21,62,14,3.102436652796583,1.1381785392748938,True,False,False,False,0.03418327776246399,product_anomaly
2013-11-01,6,1,22,S6_E01,Shift 1,11,62,14,3.102436652796583,0.4414779930996641,True,False,False,False,0.050733155045542766,product_anomaly
2013-11-01,6,1,22,S6_E02,Shift 2,11,62,14,3.102436652796583,0.4726078259605999,True,False,False,False,0.04809278043895515,product_anomaly
2013-11-01,7,1,16,S7_E01,Full Day,16,62,12,3.102436652796583,1.2702453037949009,True,False,False,False,0.04377131298290493,product_anomaly
2013-11-01,8,1,30,S8_E01,Shift 1,15,62,23,3.102436652796583,0.8424683349690659,True,False,False,False,0.03087630562974214,product_anomaly
2013-11-01,8,1,30,S8_E02,Shift 2,15,62,23,3.102436652796583,0.8732811753156056,True,False,False,False,0.00455190887321677,product_anomaly
2013-11-01,9,1,31,S9_E01,Shift 1,14,62,18,3.102436652796583,1.5885786086022131,True,False,False,False,0.04483453593877684,product_anomaly
2013-11-01,9,1,31,S9_E02,Shift 2,17,62,18,3.102436652796583,0.7264728074468058,True,False,False,False,0.03395560201278991,product_anomaly
2013-11-01,10,1,26,S10_E01,Full Day,26,62,19,3.102436652796583,1.3476392062783231,True,False,False,False,0.04685560553579937,product_anomaly
2013-12-02,1,1,8,S1_E01,Shift 1,4,62,19,-5.208409135545402,-3.1254292363912257,True,True,False,False,0.04964963010532636,product_and_employee_anomaly
2013-12-02,1,1,8,S1_E02,Shift 2,4,62,19,-5.208409135545402,-2.851006355389951,True,False,False,False,0.057940019902179785,product_anomaly
2013-12-02,2,1,11,S2_E01,Shift 1,6,62,23,-5.208409135545402,-3.412450649859274,True,True,False,False,0.04604336702542611,product_and_employee_anomaly
2013-12-02,2,1,11,S2_E02,Shift 2,5,62,23,-5.208409135545402,-3.2785932441135652,True,True,False,False,0.03497193790013742,product_and_employee_anomaly
2013-12-02,3,1,12,S3_E01,Shift 1,7,62,22,-5.208409135545402,-3.2501487509139597,True,True,False,False,0.0691095326018864,product_and_employee_anomaly
2013-12-02,3,1,12,S3_E02,Shift 2,5,62,22,-5.208409135545402,-3.4328063228458867,True,True,False,False,0.03215141311589831,product_and_employee_anomaly
2013-12-02,4,1,13,S4_E01,Full Day,13,62,20,-5.208409135545402,-3.448513956982832,True,True,False,False,0.04522344939861844,product_and_employee_anomaly
2013-12-02,5,1,10,S5_E01,Full Day,10,62,15,-5.208409135545402,-3.1959090536893515,True,True,False,False,0.05686085307878591,product_and_employee_anomaly
2013-12-02,6,1,15,S6_E01,Shift 1,8,62,15,-5.208409135545402,-2.8345600406685025,True,False,False,False,0.07303994089136034,product_anomaly
2013-12-02,6,1,15,S6_E02,Shift 2,7,62,15,-5.208409135545402,-3.0818675698167812,True,True,False,False,0.0660760961561837,product_and_employee_anomaly
2013-12-02,7,1,5,S7_E01,Full Day,5,62,14,-5.208409135545402,-2.9208666389824898,True,False,False,False,0.06117392740081157,product_anomaly
2013-12-02,8,1,18,S8_E01,Shift 1,8,62,24,-5.208409135545402,-3.3597203284094452,True,True,False,False,0.06006848046769708,product_and_employee_anomaly
2013-12-02,8,1,18,S8_E02,Shift 2,10,62,24,-5.208409135545402,-3.335819773959348,True,True,False,False,0.04996038437614281,product_and_employee_anomaly
2013-12-02,9,1,8,S9_E01,Shift 1,3,62,21,-5.208409135545402,-3.305771183792513,True,True,False,False,0.043362017559386457,product_and_employee_anomaly
2013-12-02,9,1,8,S9_E02,Shift 2,5,62,21,-5.208409135545402,-3.696275698428471,True,True,False,False,0.06807250080987981,product_and_employee_anomaly
2013-12-02,10,1,4,S10_E01,Full Day,4,62,22,-5.208409135545402,-3.0878038047354686,True,True,False,False,0.06976917414909306,product_and_employee_anomaly
2013-12-09,1,1,8,S1_E01,Shift 1,4,62,18,-3.302579428265836,-1.5447439622191939,True,False,False,False,0.05589928945489536,product_anomaly
2013-12-09,1,1,8,S1_E02,Shift 2,4,62,18,-3.302579428265836,-1.7819772670825778,True,False,False,False,0.05857970124624445,product_anomaly
2013-12-09,2,1,12,S2_E01,Shift 1,7,62,23,-3.302579428265836,-2.772656734278799,True,False,False,False,0.05605416410522629,product_anomaly
2013-12-09,2,1,12,S2_E02,Shift 2,5,62,23,-3.302579428265836,-1.8612633051535499,True,False,False,False,0.05078443034335667,product_anomaly
2013-12-09,3,1,11,S3_E01,Shift 1,5,62,21,-3.302579428265836,-1.5347312702852896,True,False,False,False,0.01975465169058105,product_anomaly
2013-12-09,3,1,11,S3_E02,Shift 2,6,62,21,-3.302579428265836,-1.2380213980227626,True,False,False,False,-0.006315473952345663,product_anomaly
2013-12-09,4,1,8,S4_E01,Full Day,8,62,20,-3.302579428265836,-1.6706519502306256,True,False,,,,product_anomaly
2013-12-09,5,1,7,S5_E01,Full Day,7,62,14,-3.302579428265836,-1.6659831683392954,True,False,,,,product_anomaly
2013-12-09,6,1,6,S6_E01,Shift 1,3,62,14,-3.302579428265836,-1.5807947849842956,True,False,,,,product_anomaly
2013-12-09,6,1,6,S6_E02,Shift 2,3,62,14,-3.302579428265836,-1.6906929561980113,True,False,,,,product_anomaly
2013-12-09,7,1,4,S7_E01,Full Day,4,62,13,-3.302579428265836,-1.9282533392745254,True,False,,,,product_anomaly
2013-12-09,8,1,14,S8_E01,Shift 1,7,62,23,-3.302579428265836,-1.430665072925433,True,False,,,,product_anomaly
2013-12-09,8,1,14,S8_E02,Shift 2,7,62,23,-3.302579428265836,-1.3119137024977179,True,False,,,,product_anomaly
2013-12-09,9,1,6,S9_E01,Shift 1,3,62,19,-3.302579428265836,-1.373518333009894,True,False,False,False,-0.14189438914455377,product_anomaly
2013-12-09,9,1,6,S9_E02,Shift 2,3,62,19,-3.302579428265836,-1.3133373525628154,True,False,False,False,-0.12452124703312295,product_anomaly
2013-12-09,10,1,8,S10_E01,Full Day,8,62,21,-3.302579428265836,-1.5158588513897016,True,False,False,False,-0.13575567398861232,product_anomaly
2014-03-01,2,1,29,S2_E01,Shift 1,12,62,20,1.7011792795105782,3.349005610782279,False,True,False,False,0.028137334674878278,employee_anomaly
2014-03-01,5,1,17,S5_E01,Full Day,17,62,12,1.7011792795105782,3.306479451837381,False,True,False,False,0.041520259066295195,employee_anomaly
2014-08-04,2,1,23,S2_E01,Shift 1,10,62,36,-2.5362286210641156,-3.2958565872574868,False,True,False,False,0.026428063247821265,employee_anomaly
2014-08-04,4,1,20,S4_E01,Full Day,20,62,26,-2.5362286210641156,-3.1397631376093593,False,True,False,False,0.060216289659329736,employee_anomaly
2014-08-04,5,1,11,S5_E01,Full Day,11,62,21,-2.5362286210641156,-3.2173712129452325,False,True,False,False,0.06445047802643428,employee_anomaly
2014-08-04,6,1,17,S6_E02,Shift 2,8,62,20,-2.5362286210641156,-3.5017544264003857,False,True,False,False,0.049638168495740875,employee_anomaly
2014-08-04,7,1,10,S7_E01,Full Day,10,62,18,-2.5362286210641156,-3.4459186430311015,False,True,False,False,0.045697843026117624,employee_anomaly
2014-08-04,8,1,23,S8_E01,Shift 1,10,62,35,-2.5362286210641156,-3.8062041584640642,False,True,False,False,0.06374724942742416,employee_anomaly
2014-08-04,8,1,23,S8_E02,Shift 2,13,62,35,-2.5362286210641156,-3.16064441974807,False,True,False,False,0.06479031258549384,employee_anomaly
2014-08-17,1,1,31,S1_E01,Shift 1,16,62,23,3.2014616772147084,1.657657160064102,True,False,False,False,0.056943232537313926,product_anomaly
2014-08-17,1,1,31,S1_E02,Shift 2,15,62,23,3.2014616772147084,0.8704692288202374,True,False,False,False,0.04687156536873882,product_anomaly
2014-08-17,2,1,39,S2_E01,Shift 1,22,62,33,3.2014616772147084,1.877902727099187,True,False,False,False,0.04480853712546051,product_anomaly
2014-08-17,2,1,39,S2_E02,Shift 2,17,62,33,3.2014616772147084,1.8083950186856315,True,False,False,False,0.060571244506741895,product_anomaly
2014-08-17,3,1,30,S3_E01,Shift 1,16,62,29,3.2014616772147084,1.3109700837314078,True,False,False,False,0.07046200335941477,product_anomaly
2014-08-17,3,1,30,S3_E02,Shift 2,14,62,29,3.2014616772147084,1.4724737392918863,True,False,False,False,0.03623015217350989,product_anomaly
2014-08-17,4,1,27,S4_E01,Full Day,27,62,25,3.2014616772147084,1.2688130852871191,True,False,False,False,0.07369343459460737,product_anomaly
2014-08-17,5,1,17,S5_E01,Full Day,17,62,19,3.2014616772147084,1.2382532858346629,True,False,False,False,0.07525861890350372,product_anomaly
2014-08-17,6,1,21,S6_E01,Shift 1,11,62,19,3.2014616772147084,1.2934783832615462,True,False,False,False,0.07532774893840793,product_anomaly
2014-08-17,6,1,21,S6_E02,Shift 2,10,62,19,3.2014616772147084,1.224289505133776,True,False,False,False,0.07412799526595754,product_anomaly
2014-08-17,7,1,18,S7_E01,Full Day,18,62,18,3.2014616772147084,1.2014585171854817,True,False,False,False,0.07264001392112535,product_anomaly
2014-08-17,8,1,49,S8_E01,Shift 1,24,62,33,3.2014616772147084,1.5537307764849893,True,False,False,False,0.056456124408741815,product_anomaly
2014-08-17,8,1,49,S8_E02,Shift 2,25,62,33,3.2014616772147084,1.048708407549606,True,False,False,False,0.00695138389201394,product_anomaly
2014-08-17,9,1,36,S9_E01,Shift 1,19,62,27,3.2014616772147084,1.8883652474146733,True,False,False,False,0.05104350517405992,product_anomaly
2014-08-17,9,1,36,S9_E02,Shift 2,17,62,27,3.2014616772147084,1.7407937658284787,True,False,False,False,0.06349257073851733,product_anomaly
2014-08-17,10,1,41,S10_E01,Full Day,41,62,29,3.2014616772147084,1.7062586082850886,True,False,False,False,0.05366849945073776,product_anomaly
2014-12-01,1,1,10,S1_E01,Shift 1,5,62,21,-3.463703256025608,-3.1060032038113756,True,True,False,False,0.06517115833877779,product_and_employee_anomaly
2014-12-01,1,1,10,S1_E02,Shift 2,5,62,21,-3.463703256025608,-3.2257952791105735,True,True,False,False,0.056678611906232246,product_and_employee_anomaly
2014-12-01,2,1,18,S2_E01,Shift 1,10,62,29,-3.463703256025608,-3.2103767532981733,True,True,False,False,0.03614001252580079,product_and_employee_anomaly
2014-12-01,2,1,18,S2_E02,Shift 2,8,62,29,-3.463703256025608,-2.9745651825749797,True,False,False,False,0.07401851007704274,product_anomaly
2014-12-01,3,1,14,S3_E01,Shift 1,7,62,26,-3.463703256025608,-3.6842826003636517,True,True,False,False,0.06925264667290215,product_and_employee_anomaly
2014-12-01,3,1,14,S3_E02,Shift 2,7,62,26,-3.463703256025608,-3.7643534802102665,True,True,False,False,0.06887047571583083,product_and_employee_anomaly
2014-12-01,4,1,14,S4_E01,Full Day,14,62,23,-3.463703256025608,-3.5292108233300348,True,True,False,False,0.07558253555955297,product_and_employee_anomaly
2014-12-01,5,1,5,S5_E01,Full Day,5,62,17,-3.463703256025608,-3.5544771735009846,True,True,False,False,0.05264919934928547,product_and_employee_anomaly
2014-12-01,6,1,10,S6_E01,Shift 1,4,62,17,-3.463703256025608,-2.725413037949043,True,False,False,False,0.0440491249621065,product_anomaly
2014-12-01,6,1,10,S6_E02,Shift 2,6,62,17,-3.463703256025608,-3.2677552992025225,True,True,False,False,0.06757706413863357,product_and_employee_anomaly
2014-12-01,7,1,6,S7_E01,Full Day,6,62,15,-3.463703256025608,-3.4795612216587277,True,True,False,False,0.07101313607330717,product_and_employee_anomaly
2014-12-01,8,1,21,S8_E01,Shift 1,9,62,28,-3.463703256025608,-2.754138713991254,True,False,False,False,0.06821813364912732,product_anomaly
2014-12-01,8,1,21,S8_E02,Shift 2,12,62,28,-3.463703256025608,-3.156889714158979,True,True,False,False,0.0646906536124085,product_and_employee_anomaly
2014-12-01,9,1,11,S9_E01,Shift 1,6,62,23,-3.463703256025608,-3.0877445136207187,True,True,False,False,0.06664205395522599,product_and_employee_anomaly
2014-12-01,9,1,11,S9_E02,Shift 2,5,62,23,-3.463703256025608,-2.9294097184846226,True,False,False,False,0.051186044547481935,product_anomaly
2014-12-01,10,1,13,S10_E01,Full Day,13,62,25,-3.463703256025608,-3.4995746414918427,True,True,False,False,0.033618238542846623,product_and_employee_anomaly
2015-02-01,1,1,17,S1_E01,Shift 1,7,62,14,2.538241312542408,3.0557660597940646,False,True,False,False,0.051006126464380463,employee_anomaly
2015-03-01,1,1,18,S1_E01,Shift 1,9,62,14,1.8148483955403039,3.2063842092808192,False,True,False,False,0.01602832070822713,employee_anomaly
2015-03-01,2,1,37,S2_E01,Shift 1,19,62,22,1.8148483955403039,3.1204913155838128,False,True,False,False,-0.020792029646966803,employee_anomaly
2015-03-01,3,1,19,S3_E02,Shift 2,11,62,18,1.8148483955403039,3.4103721242964737,False,True,False,False,0.02466709992923688,employee_anomaly
2015-03-01,4,1,33,S4_E01,Full Day,33,62,18,1.8148483955403039,3.1596518128314997,False,True,False,False,0.005348379810340309,employee_anomaly
2015-03-01,5,1,19,S5_E01,Full Day,19,62,13,1.8148483955403039,3.6387722164072245,False,True,False,False,-0.007830691405192436,employee_anomaly
2015-03-01,6,1,17,S6_E01,Shift 1,7,62,12,1.8148483955403039,3.2783227914473976,False,True,False,False,-0.019864197653773896,employee_anomaly
2015-03-01,6,1,17,S6_E02,Shift 2,10,62,12,1.8148483955403039,3.6075677552682435,False,True,False,False,-0.009734792380164836,employee_anomaly
2015-03-01,8,1,26,S8_E01,Shift 1,11,62,22,1.8148483955403039,3.332540228908305,False,True,False,False,-0.003263690547610776,employee_anomaly
2015-03-01,8,1,26,S8_E02,Shift 2,15,62,22,1.8148483955403039,3.009029860439897,False,True,False,False,0.06402472091985523,employee_anomaly
2015-03-01,9,1,16,S9_E01,Shift 1,7,62,16,1.8148483955403039,3.562831793884845,False,True,False,False,0.05411835588758501,employee_anomaly
2015-03-01,9,1,16,S9_E02,Shift 2,9,62,16,1.8148483955403039,3.0689769065072365,False,True,False,False,0.06533423281273204,employee_anomaly
2015-03-01,10,1,29,S10_E01,Full Day,29,62,19,1.8148483955403039,3.035766134572765,False,True,False,False,0.05174672317706441,employee_anomaly
2015-04-23,7,1,16,S7_E01,Full Day,16,62,16,-0.19864806443931832,-0.06937099836245864,False,False,False,True,-0.08064657602905456,none
2015-05-07,1,1,23,S1_E02,Shift 2,10,62,21,-0.5254924325691211,-0.5796550698475934,False,False,False,True,-0.09321740981871329,none
2015-05-16,5,1,23,S5_E01,Full Day,23,62,19,0.573364340101666,0.9183431241537119,False,False,True,True,-0.10184950093597145,none
2015-05-24,2,1,32,S2_E01,Shift 1,18,62,32,0.6122088880734556,1.1970170117933234,False,False,True,False,-0.1292264775682096,none
2015-05-28,1,1,23,S1_E02,Shift 2,12,62,23,-0.504965489950283,-0.10888541978934756,False,False,False,True,-0.11449809131080346,none
2015-05-29,9,1,25,S9_E01,Shift 1,14,62,27,0.3348730545215435,0.4688938385321729,False,False,False,True,-0.148131590526125,none
2015-05-29,9,1,25,S9_E02,Shift 2,11,62,27,0.3348730545215435,0.030446364948107187,False,False,False,True,-0.11075633235943239,none
2015-05-30,3,1,29,S3_E01,Shift 1,14,62,29,1.1154482864687387,0.9894224712430384,False,False,False,True,-0.15308224903560352,none
2015-05-30,3,1,29,S3_E02,Shift 2,15,62,29,1.1154482864687387,1.2137392623035053,False,False,False,True,-0.10472795242350119,none
2015-05-30,8,1,27,S8_E01,Shift 1,15,62,30,1.1154482864687387,1.3527213262910216,False,False,False,True,-0.1373950303058401,none
2015-05-31,6,1,17,S6_E02,Shift 2,8,62,19,0.9298021400838127,1.355983537410846,False,False,False,True,-0.1643031686542601,none
2015-05-31,7,1,29,S7_E01,Full Day,29,62,16,0.9298021400838127,1.166163636316489,False,False,True,True,-0.09394835298870285,none
2015-05-31,8,1,27,S8_E01,Shift 1,16,62,30,0.9298021400838127,1.648034783293974,False,False,False,True,-0.1427726263263729,none
2015-05-31,8,1,27,S8_E02,Shift 2,11,62,30,0.9298021400838127,1.0757304042234084,False,False,False,True,-0.1516600888364955,none
2015-06-06,1,1,43,S1_E01,Shift 1,21,62,23,3.1990098649828154,1.1966123004173363,True,False,False,False,0.03139612141547371,product_anomaly
2015-06-06,1,1,43,S1_E02,Shift 2,22,62,23,3.1990098649828154,1.8568939683319423,True,False,False,False,0.038691453732439096,product_anomaly
2015-06-06,2,1,49,S2_E01,Shift 1,23,62,32,3.1990098649828154,2.301462036080749,True,False,False,False,0.0369804334081712,product_anomaly
2015-06-06,2,1,49,S2_E02,Shift 2,26,62,32,3.1990098649828154,0.5578920870777712,True,False,False,False,0.009011835937145662,product_anomaly
2015-06-06,3,1,39,S3_E01,Shift 1,17,62,28,3.1990098649828154,1.7302036210849676,True,False,False,False,0.0028078444877733255,product_anomaly
2015-06-06,3,1,39,S3_E02,Shift 2,22,62,28,3.1990098649828154,1.3500814105042769,True,False,False,False,0.030967804543959643,product_anomaly
2015-06-06,4,1,24,S4_E01,Full Day,24,62,27,3.1990098649828154,1.40508341738407,True,False,False,False,0.03544570778414213,product_anomaly
2015-06-06,5,1,19,S5_E01,Full Day,19,62,20,3.1990098649828154,0.9129289380413963,True,False,False,False,0.034709199719445694,product_anomaly
2015-06-06,6,1,22,S6_E01,Shift 1,10,62,19,3.1990098649828154,1.5381338424916777,True,False,False,False,0.03116460871838317,product_anomaly
2015-06-06,6,1,22,S6_E02,Shift 2,12,62,19,3.1990098649828154,1.005467747474098,True,False,False,False,-0.006334993906600528,product_anomaly
2015-06-06,7,1,14,S7_E01,Full Day,14,62,16,3.1990098649828154,1.2487393403149523,True,False,False,False,-0.018181878039093657,product_anomaly
2015-06-06,8,1,36,S8_E01,Shift 1,17,62,30,3.1990098649828154,1.0045916990934998,True,False,False,False,-0.05591891833011442,product_anomaly
2015-06-06,8,1,36,S8_E02,Shift 2,19,62,30,3.1990098649828154,0.7649440409948393,True,False,False,False,-0.02408080390141898,product_anomaly
2015-06-06,9,1,31,S9_E01,Shift 1,18,62,27,3.1990098649828154,1.4338071309280778,True,False,False,False,0.022389608981408404,product_anomaly
2015-06-06,9,1,31,S9_E02,Shift 2,13,62,27,3.1990098649828154,1.4014099098400703,True,False,False,False,0.019021619268684786,product_anomaly
2015-06-06,10,1,38,S10_E01,Full Day,38,62,28,3.1990098649828154,1.2382771907845318,True,False,False,False,0.01600212933132511,product_anomaly
2015-06-15,9,1,19,S9_E02,Shift 2,8,62,27,-1.5184211738547158,-1.3862304178417777,False,False,False,True,-0.06508838945617745,none
2015-06-19,9,1,26,S9_E01,Shift 1,14,62,27,0.1823492021564488,0.21050741913155072,False,False,False,True,-0.13580920344692426,none
2015-06-19,9,1,26,S9_E02,Shift 2,12,62,27,0.1823492021564488,0.3837480154977034,False,False,False,True,-0.1008680619102218,none
2015-06-20,3,1,29,S3_E01,Shift 1,17,62,29,0.8046074752106177,0.7600283549997132,False,False,False,True,-0.12282200950822308,none
2015-06-21,6,1,32,S6_E01,Shift 1,17,62,21,0.7320215620225647,1.2003816186107443,False,False,False,True,-0.12629016639321644,none
2015-06-21,6,1,32,S6_E02,Shift 2,15,62,21,0.7320215620225647,1.1143376584731597,False,False,False,True,-0.15233469228718988,none
2015-06-21,7,1,10,S7_E01,Full Day,10,62,17,0.7320215620225647,1.6477355120158266,False,False,False,True,-0.09924705529060085,none
2015-06-21,10,1,33,S10_E01,Full Day,33,62,29,0.7320215620225647,1.4918800710422522,False,False,False,True,-0.13286651149161688,none
2015-06-22,1,1,14,S1_E01,Shift 1,6,62,24,-1.725686460400297,-1.5147462265126532,False,False,False,True,-0.16077506417971799,none
2015-06-22,1,1,14,S1_E02,Shift 2,8,62,24,-1.725686460400297,-1.491651163585912,False,False,False,True,-0.07808896211030636,none
2015-06-22,5,1,14,S5_E01,Full Day,14,62,21,-1.725686460400297,-1.570074071543773,False,False,True,True,-0.19706021427442144,none
2015-06-22,6,1,15,S6_E01,Shift 1,7,62,22,-1.725686460400297,-1.4037925217970184,False,False,False,True,-0.1422792757303658,none
2015-06-22,9,1,16,S9_E02,Shift 2,9,62,27,-1.725686460400297,-1.6571262111763765,False,False,True,True,-0.1920868065315675,none
2015-06-22,10,1,10,S10_E01,Full Day,10,62,29,-1.725686460400297,-1.5983705856372834,False,False,True,False,-0.15505477609354534,none
2015-06-23,3,1,26,S3_E02,Shift 2,13,62,29,-0.1965295332524221,-0.8595521333391987,False,False,True,True,-0.20321833504803932,none
2015-06-23,4,1,31,S4_E01,Full Day,31,62,28,-0.1965295332524221,-0.6491462107841507,False,False,False,True,-0.12281816873755391,none
2015-06-23,5,1,18,S5_E01,Full Day,18,62,20,-0.1965295332524221,-0.2751199645510463,False,False,False,True,-0.12066453964376644,none
2015-06-23,6,1,23,S6_E01,Shift 1,11,62,21,-0.1965295332524221,-0.31157699173277104,False,False,False,True,-0.14000141188641102,none
2015-08-03,3,1,22,S3_E01,Shift 1,10,62,32,-1.714786263201532,-3.230471200097007,False,True,False,False,0.06847337646105911,employee_anomaly
2015-08-03,3,1,22,S3_E02,Shift 2,12,62,32,-1.714786263201532,-3.0968220305556833,False,True,False,False,0.03694481580971509,employee_anomaly
2015-08-03,6,1,17,S6_E01,Shift 1,8,62,20,-1.714786263201532,-3.003013866777452,False,True,False,False,0.044841976428679264,employee_anomaly
2015-08-03,9,1,21,S9_E02,Shift 2,12,62,33,-1.714786263201532,-3.2324063857303305,False,True,False,False,0.04820898610700047,employee_anomaly
2015-08-09,1,1,33,S1_E01,Shift 1,17,62,26,4.19433300693764,1.2821529485043262,True,False,False,False,0.057104461447547716,product_anomaly
2015-08-09,1,1,33,S1_E02,Shift 2,16,62,26,4.19433300693764,1.4208486506907452,True,False,False,False,0.0639493772312209,product_anomaly
2015-08-09,2,1,40,S2_E01,Shift 1,21,62,35,4.19433300693764,1.0052679453540614,True,False,False,False,0.05543656033727523,product_anomaly
2015-08-09,2,1,40,S2_E02,Shift 2,19,62,35,4.19433300693764,1.4752271393838092,True,False,False,False,0.07586759268281135,product_anomaly
2015-08-09,3,1,39,S3_E01,Shift 1,21,62,31,4.19433300693764,1.4894154199989127,True,False,False,False,0.07657677341812191,product_anomaly
2015-08-09,3,1,39,S3_E02,Shift 2,18,62,31,4.19433300693764,1.5056752725510925,True,False,False,False,0.07804898963809298,product_anomaly
2015-08-09,4,1,40,S4_E01,Full Day,40,62,28,4.19433300693764,1.4111211157324326,True,False,False,False,0.07035376210700078,product_anomaly
2015-08-09,5,1,31,S5_E01,Full Day,31,62,21,4.19433300693764,1.5441266431371745,True,False,False,False,0.04201009686521634,product_anomaly
2015-08-09,6,1,27,S6_E01,Shift 1,11,62,20,4.19433300693764,1.6580194204007979,True,False,False,False,0.04004304330227659,product_anomaly
2015-08-09,6,1,27,S6_E02,Shift 2,16,62,20,4.19433300693764,0.9164497374421273,True,False,False,False,0.05721406425295478,product_anomaly
2015-08-09,7,1,23,S7_E01,Full Day,23,62,19,4.19433300693764,1.7944099078843192,True,False,False,False,0.07510562343308042,product_anomaly
2015-08-09,8,1,47,S8_E01,Shift 1,28,62,32,4.19433300693764,1.4448222808338167,True,False,False,False,0.07983365078805704,product_anomaly
2015-08-09,8,1,47,S8_E02,Shift 2,19,62,32,4.19433300693764,1.4412103868155182,True,False,False,False,0.07212466171613874,product_anomaly
2015-08-09,9,1,34,S9_E01,Shift 1,16,62,32,4.19433300693764,1.3437720065172252,True,False,False,False,0.07681849234190191,product_anomaly
2015-08-09,9,1,34,S9_E02,Shift 2,18,62,32,4.19433300693764,1.1919543550481526,True,False,False,False,0.07525825694273108,product_anomaly
2015-08-09,10,1,33,S10_E01,Full Day,33,62,30,4.19433300693764,1.3410746621445397,True,False,False,False,0.04452749891978541,product_anomaly
2015-10-05,1,1,13,S1_E01,Shift 1,6,62,23,-3.431446744649265,-2.4737482474452275,True,False,False,False,0.053331996740746956,product_anomaly
2015-10-05,1,1,13,S1_E02,Shift 2,7,62,23,-3.431446744649265,-1.9708503470542116,True,False,False,False,0.07628940080086344,product_anomaly
2015-10-05,2,1,21,S2_E01,Shift 1,12,62,28,-3.431446744649265,-2.1127898474724254,True,False,False,False,0.08001460977000291,product_anomaly
2015-10-05,2,1,21,S2_E02,Shift 2,9,62,28,-3.431446744649265,-2.6180726224955766,True,False,False,False,0.07654084565111574,product_anomaly
2015-10-05,3,1,19,S3_E01,Shift 1,10,62,28,-3.431446744649265,-2.0328773210416378,True,False,False,False,0.06857862900602613,product_anomaly
2015-10-05,3,1,19,S3_E02,Shift 2,9,62,28,-3.431446744649265,-2.321202123267586,True,False,False,False,0.0762000070042898,product_anomaly
2015-10-05,4,1,14,S4_E01,Full Day,14,62,25,-3.431446744649265,-2.1952336093381053,True,False,False,False,0.054432425459379485,product_anomaly
2015-10-05,5,1,8,S5_E01,Full Day,8,62,18,-3.431446744649265,-1.7504223088043502,True,False,False,False,0.04384659850709327,product_anomaly
2015-10-05,6,1,10,S6_E01,Shift 1,4,62,17,-3.431446744649265,-2.269104299799935,True,False,False,False,0.07718836356481751,product_anomaly
2015-10-05,6,1,10,S6_E02,Shift 2,6,62,17,-3.431446744649265,-2.918706257070731,True,False,False,False,0.06610823476587219,product_anomaly
2015-10-05,7,1,16,S7_E01,Full Day,16,62,15,-3.431446744649265,-2.4711830609515686,True,False,False,False,0.0687991006548882,product_anomaly
2015-10-05,8,1,19,S8_E01,Shift 1,10,62,29,-3.431446744649265,-2.6018985889264803,True,False,False,False,0.060291780698140895,product_anomaly
2015-10-05,8,1,19,S8_E02,Shift 2,9,62,29,-3.431446744649265,-1.5497983085193163,True,False,False,False,0.059532290102335406,product_anomaly
2015-10-05,9,1,15,S9_E01,Shift 1,7,62,25,-3.431446744649265,-2.031061682364446,True,False,False,False,0.028437286785236937,product_anomaly
2015-10-05,9,1,15,S9_E02,Shift 2,8,62,25,-3.431446744649265,-1.8740827655285102,True,False,False,False,0.01790386397583199,product_anomaly
2015-10-05,10,1,22,S10_E01,Full Day,22,62,25,-3.431446744649265,-2.043869560783522,True,False,False,False,0.07032158014521972,product_anomaly
2015-12-27,1,1,17,S1_E01,Shift 1,8,62,16,3.0522250846831622,1.3369463521421616,True,False,False,False,0.04125276748723872,product_anomaly
2015-12-27,1,1,17,S1_E02,Shift 2,9,62,16,3.0522250846831622,1.2392878328913894,True,False,False,False,0.02168187513295361,product_anomaly
2015-12-27,2,1,29,S2_E01,Shift 1,12,62,22,3.0522250846831622,1.1847990291704888,True,False,False,False,0.05175780959716503,product_anomaly
2015-12-27,2,1,29,S2_E02,Shift 2,17,62,22,3.0522250846831622,1.5393959523631684,True,False,False,False,0.0655687734075539,product_anomaly
2015-12-27,3,1,22,S3_E01,Shift 1,10,62,20,3.0522250846831622,0.7720954929474174,True,False,False,False,0.063931745990852,product_anomaly
2015-12-27,3,1,22,S3_E02,Shift 2,12,62,20,3.0522250846831622,1.0400758609556546,True,False,False,False,0.05824645417641405,product_anomaly
2015-12-27,4,1,22,S4_E01,Full Day,22,62,17,3.0522250846831622,1.1772798225054413,True,False,False,False,0.06492997246867677,product_anomaly
2015-12-27,5,1,13,S5_E01,Full Day,13,62,14,3.0522250846831622,1.2495323449314502,True,False,False,False,0.02067794140169371,product_anomaly
2015-12-27,6,1,15,S6_E01,Shift 1,9,62,14,3.0522250846831622,2.0022995393798158,True,False,False,False,0.07141104131175802,product_anomaly
2015-12-27,6,1,15,S6_E02,Shift 2,6,62,14,3.0522250846831622,1.2987443869277686,True,False,False,False,0.053531807960463806,product_anomaly
2015-12-27,7,1,9,S7_E01,Full Day,9,62,12,3.0522250846831622,1.3718846295170077,True,False,False,False,0.02847067722019092,product_anomaly
2015-12-27,8,1,24,S8_E01,Shift 1,11,62,21,3.0522250846831622,1.568594626360021,True,False,False,False,0.02719144200819934,product_anomaly
2015-12-27,8,1,24,S8_E02,Shift 2,13,62,21,3.0522250846831622,1.6461534779742526,True,False,False,False,0.03164229235142524,product_anomaly
2015-12-27,9,1,31,S9_E01,Shift 1,17,62,18,3.0522250846831622,1.1848536637147298,True,False,False,False,0.01276297916360708,product_anomaly
2015-12-27,9,1,31,S9_E02,Shift 2,14,62,18,3.0522250846831622,0.8960016581170797,True,False,False,False,0.0052268478211413005,product_anomaly
2015-12-27,10,1,23,S10_E01,Full Day,23,62,18,3.0522250846831622,1.39777290054475,True,False,False,False,0.017269161551266232,product_anomaly
2016-02-04,9,1,18,S9_E01,Shift 1,9,62,16,1.3157532661637485,0.4845354827190706,False,False,True,False,-0.16259600867199475,none
2016-08-14,10,1,39,S10_E01,Full Day,39,62,34,2.296103359097729,1.2269100495166818,False,False,True,False,-0.12044411536626098,none
2016-11-05,5,1,25,S5_E01,Full Day,25,62,18,2.7517593923589865,1.670831259886619,False,False,True,False,-0.09638481392699028,none
2016-11-06,3,1,45,S3_E01,Shift 1,22,62,28,1.9508012113671473,1.5093136026104814,False,False,True,False,-0.15516083976587525,none
2016-11-14,3,1,23,S3_E02,Shift 2,11,62,27,-1.0655767306624,-1.0187147335024846,False,False,True,False,-0.14172090488816136,none
2016-11-23,8,1,32,S8_E02,Shift 2,15,62,28,-0.5436306369506888,-0.46489084879663034,False,False,True,False,-0.11557946643451444,none
2016-11-26,4,1,34,S4_E01,Full Day,34,62,24,0.9014483309621626,0.9176797459456566,False,False,True,False,-0.14188872378149375,none
2016-11-27,8,1,44,S8_E01,Shift 1,25,62,29,0.6400915550248779,1.2166472088461777,False,False,True,False,-0.15895485643932972,none
2016-12-05,2,1,31,S2_E01,Shift 1,18,62,30,-1.0596459272821757,-3.039797685865822,False,True,False,False,-0.060666183799252704,employee_anomaly
2016-12-05,6,1,9,S6_E01,Shift 1,4,62,20,-1.0596459272821757,-3.552929269017943,False,True,False,False,-0.057377672396324186,employee_anomaly
2016-12-05,7,1,10,S7_E01,Full Day,10,62,16,-1.0596459272821757,-3.1441222038535632,False,True,False,False,0.01286080781182658,employee_anomaly
2016-12-05,8,1,17,S8_E01,Shift 1,8,62,29,-1.0596459272821757,-3.7685143438139015,False,True,False,False,0.02400513429836304,employee_anomaly
2016-12-05,8,1,17,S8_E02,Shift 2,9,62,29,-1.0596459272821757,-3.111510025863777,False,True,False,False,0.015462712616303775,employee_anomaly
2016-12-05,9,1,16,S9_E02,Shift 2,8,62,26,-1.0596459272821757,-3.3474208166871384,False,True,False,False,-0.0184507745818,employee_anomaly
2016-12-05,10,1,17,S10_E01,Full Day,17,62,29,-1.0596459272821757,-3.2437638134469884,False,True,False,False,-0.03696916227721747,employee_anomaly
2016-12-14,8,1,27,S8_E02,Shift 2,15,62,26,-0.7149948681415061,-0.49976543146983554,False,False,True,False,-0.14104979638298587,none
2016-12-19,7,1,12,S7_E01,Full Day,12,62,13,0.08598277462942173,-1.5607591902907962,False,False,True,False,-0.11037363662188171,none
2016-12-20,5,1,13,S5_E01,Full Day,13,62,15,-0.9089782046285283,-0.28808067388461683,False,False,True,False,-0.20648708607709843,none
2016-12-20,6,1,11,S6_E01,Shift 1,5,62,17,-0.9089782046285283,-0.6522853144338175,False,False,True,False,-0.16810256485718122,none
2016-12-20,9,1,8,S9_E02,Shift 2,4,62,21,-0.9089782046285283,-0.5480688634970552,False,False,True,False,-0.2005961829406181,none
2016-12-20,10,1,20,S10_E01,Full Day,20,62,24,-0.9089782046285283,-0.6200610750307638,False,False,True,False,-0.1335410179711467,none
2016-12-21,3,1,24,S3_E02,Shift 2,14,62,24,-1.1033628647567868,-0.33472995169787584,False,False,True,False,-0.21144068197148813,none
2016-12-21,8,1,17,S8_E02,Shift 2,7,62,25,-1.1033628647567868,-0.665259486533184,False,False,True,False,-0.20646379522228953,none
2016-12-22,2,1,25,S2_E02,Shift 2,15,62,26,0.310213245402319,-0.0695495740988833,False,False,True,False,-0.20312581980981603,none
2016-12-22,3,1,21,S3_E01,Shift 1,11,62,24,0.310213245402319,0.24953627852797916,False,False,True,False,-0.15248743220253302,none
2016-12-22,3,1,21,S3_E02,Shift 2,10,62,24,0.310213245402319,0.1929225794757486,False,False,True,False,-0.18683880025348076,none
2016-12-22,6,1,11,S6_E02,Shift 2,5,62,16,0.310213245402319,-0.12341557119007653,False,False,True,False,-0.2034280930667568,none
2017-01-06,6,1,18,S6_E01,Shift 1,11,62,14,0.6641875018550473,0.5764915792954924,False,False,True,False,-0.11889810515299848,none
2017-01-10,5,1,18,S5_E01,Full Day,18,62,13,-0.5320481832848899,-0.6086208729913357,False,False,True,False,-0.19743412525096848,none
2017-01-10,6,1,14,S6_E01,Shift 1,8,62,14,-0.5320481832848899,-0.4891270312057028,False,False,True,False,-0.1673540102265737,none
2017-01-10,9,1,19,S9_E02,Shift 2,9,62,18,-0.5320481832848899,-0.48878638198212754,False,False,True,False,-0.22456939209023374,none
2017-01-12,2,1,21,S2_E01,Shift 1,9,62,22,0.09465864772653738,-0.36039692526419204,False,False,True,False,-0.19964879649434575,none
2017-01-12,2,1,21,S2_E02,Shift 2,12,62,22,0.09465864772653738,-0.3781022283994302,False,False,True,False,-0.22514873049314288,none
2017-01-12,3,1,23,S3_E01,Shift 1,13,62,20,0.09465864772653738,-0.12233348616980996,False,False,True,False,-0.1933755905594886,none
2017-01-12,3,1,23,S3_E02,Shift 2,10,62,20,0.09465864772653738,0.1961812671455671,False,False,True,False,-0.19961858320441017,none
2017-01-12,6,1,17,S6_E01,Shift 1,9,62,14,0.09465864772653738,0.1955759656332253,False,False,True,False,-0.22809846794288358,none
2017-01-12,6,1,17,S6_E02,Shift 2,8,62,14,0.09465864772653738,0.11160756566289991,False,False,True,False,-0.2375186951139906,none
2017-01-12,7,1,14,S7_E01,Full Day,14,62,13,0.09465864772653738,-0.11548972802096469,False,False,True,False,-0.2390172005706125,none
2017-01-12,8,1,18,S8_E01,Shift 1,11,62,21,0.09465864772653738,0.16117068095889556,False,False,True,False,-0.17061849435273013,none
2017-01-13,1,1,7,S1_E01,Shift 1,3,62,16,-0.1419055827659831,0.20402870402156323,False,False,True,False,-0.2256395222133445,none
2017-01-13,2,1,30,S2_E01,Shift 1,14,62,22,-0.1419055827659831,0.2162210920048512,False,False,True,False,-0.13678644331531065,none
2017-01-13,6,1,12,S6_E02,Shift 2,7,62,14,-0.1419055827659831,0.7269868945111579,False,False,True,False,-0.14045141908209668,none
2017-01-13,10,1,27,S10_E01,Full Day,27,62,19,-0.1419055827659831,0.2651820307599458,False,False,True,False,-0.21821161359546526,none
2017-01-14,1,1,16,S1_E01,Shift 1,8,62,16,2.4188202174291797,0.7023537392434567,False,False,True,False,-0.1757635939105502,none
2017-01-14,3,1,20,S3_E01,Shift 1,8,62,20,2.4188202174291797,0.6137307911158278,False,False,True,False,-0.2054209099284252,none
2017-01-14,3,1,20,S3_E02,Shift 2,12,62,20,2.4188202174291797,0.9366755698112628,False,False,True,False,-0.22399634084214903,none
2017-01-14,9,1,22,S9_E02,Shift 2,10,62,18,2.4188202174291797,1.1653472932372335,False,False,True,False,-0.08619259216149167,none
2017-01-15,1,1,29,S1_E01,Shift 1,15,62,16,3.526553164453204,1.5884783997792549,True,False,False,False,-0.13912910057309347,product_anomaly
2017-01-15,1,1,29,S1_E02,Shift 2,14,62,16,3.526553164453204,1.4327783690750187,True,False,False,False,-0.14205712939175696,product_anomaly
2017-01-15,2,1,23,S2_E01,Shift 1,11,62,23,3.526553164453204,1.7516718715511839,True,False,False,False,-0.15452131105507427,product_anomaly
2017-01-15,2,1,23,S2_E02,Shift 2,12,62,23,3.526553164453204,1.4128215562259618,True,False,False,False,-0.1651975425429617,product_anomaly
2017-01-15,3,1,25,S3_E01,Shift 1,11,62,20,3.526553164453204,1.290942385516849,True,False,True,False,-0.19554917951919915,product_anomaly
2017-01-15,3,1,25,S3_E02,Shift 2,14,62,20,3.526553164453204,1.3503937269567727,True,False,False,False,-0.1401685685360854,product_anomaly
2017-01-15,4,1,21,S4_E01,Full Day,21,62,19,3.526553164453204,1.148039584945075,True,False,False,False,-0.09881398557210619,product_anomaly
2017-01-15,5,1,12,S5_E01,Full Day,12,62,13,3.526553164453204,1.0702751221118458,True,False,False,False,-0.0948945407211006,product_anomaly
2017-01-15,6,1,17,S6_E01,Shift 1,7,62,14,3.526553164453204,0.9017158229559128,True,False,False,False,-0.09428077602325313,product_anomaly
2017-01-15,6,1,17,S6_E02,Shift 2,10,62,14,3.526553164453204,0.7171095719128242,True,False,False,False,-0.10046281430343285,product_anomaly
2017-01-15,7,1,14,S7_E01,Full Day,14,62,13,3.526553164453204,2.00948911589873,True,False,False,False,-0.13415238251707862,product_anomaly
2017-01-15,8,1,29,S8_E01,Shift 1,13,62,21,3.526553164453204,1.4752481468534213,True,False,False,False,-0.1684277206413971,product_anomaly
2017-01-15,8,1,29,S8_E02,Shift 2,16,62,21,3.526553164453204,1.3049418510524982,True,False,False,False,-0.0896163933602444,product_anomaly
2017-01-15,9,1,21,S9_E01,Shift 1,12,62,19,3.526553164453204,1.1675715834879787,True,False,False,False,-0.07083193354429163,product_anomaly
2017-01-15,9,1,21,S9_E02,Shift 2,9,62,19,3.526553164453204,1.509087830886684,True,False,False,False,-0.07131365939535628,product_anomaly
2017-01-15,10,1,21,S10_E01,Full Day,21,62,20,3.526553164453204,1.583659194948788,True,False,False,False,-0.08357188364052304,product_anomaly
2017-01-16,6,1,13,S6_E02,Shift 2,8,62,14,-1.7730987914362424,-1.2671469683463654,False,False,True,False,-0.1442528670443911,none
2017-01-20,1,1,22,S1_E02,Shift 2,11,62,16,1.2083130510425242,0.49773095398584133,False,False,True,False,-0.1469038448603246,none
2017-04-01,1,1,26,S1_E01,Shift 1,13,62,18,3.8124745777534534,3.05140781233218,True,True,False,False,0.052028480422268875,product_and_employee_anomaly
2017-04-01,1,1,26,S1_E02,Shift 2,13,62,18,3.8124745777534534,1.8889707199416608,True,False,False,False,0.04253415892366863,product_anomaly
2017-04-01,2,1,41,S2_E01,Shift 1,24,62,27,3.8124745777534534,2.580825384206757,True,False,False,False,0.047155500708448594,product_anomaly
2017-04-01,2,1,41,S2_E02,Shift 2,17,62,27,3.8124745777534534,1.8902291251894983,True,False,False,False,0.049819266971100784,product_anomaly
2017-04-01,3,1,42,S3_E01,Shift 1,18,62,25,3.8124745777534534,2.146311496476392,True,False,False,False,0.04465177069621756,product_anomaly
2017-04-01,3,1,42,S3_E02,Shift 2,24,62,25,3.8124745777534534,2.6475539335490783,True,False,False,False,0.031867097075984785,product_anomaly
2017-04-01,4,1,32,S4_E01,Full Day,32,62,22,3.8124745777534534,2.604125050604662,True,False,False,False,0.035030928803029215,product_anomaly
2017-04-01,5,1,22,S5_E01,Full Day,22,62,17,3.8124745777534534,2.0946405205673497,True,False,False,False,0.05510373629143611,product_anomaly
2017-04-01,6,1,21,S6_E01,Shift 1,12,62,17,3.8124745777534534,1.9955300762401422,True,False,False,False,0.07148363859207613,product_anomaly
2017-04-01,6,1,21,S6_E02,Shift 2,9,62,17,3.8124745777534534,2.0319107529869678,True,False,False,False,0.07702043407376996,product_anomaly
2017-04-01,7,1,25,S7_E01,Full Day,25,62,15,3.8124745777534534,2.0463149682118975,True,False,False,False,0.07401018444954055,product_anomaly
2017-04-01,8,1,29,S8_E01,Shift 1,12,62,28,3.8124745777534534,1.669396621291034,True,False,False,False,0.052998806077712346,product_anomaly
2017-04-01,8,1,29,S8_E02,Shift 2,17,62,28,3.8124745777534534,1.9060750667749524,True,False,False,False,0.05218905725666245,product_anomaly
2017-04-01,9,1,29,S9_E01,Shift 1,16,62,23,3.8124745777534534,2.2000613125488666,True,False,False,False,0.053659158240052796,product_anomaly
2017-04-01,9,1,29,S9_E02,Shift 2,13,62,23,3.8124745777534534,2.391187027547361,True,False,False,False,0.07458381855626084,product_anomaly
2017-04-01,10,1,27,S10_E01,Full Day,27,62,25,3.8124745777534534,2.4102948199436187,True,False,False,False,0.07333683393124185,product_anomaly
2017-06-22,6,1,20,S6_E01,Shift 1,10,62,23,-0.32880311358567593,-0.14453919225827785,False,False,True,False,-0.17300320675869618,none
2017-06-30,5,1,25,S5_E01,Full Day,25,62,23,0.3470057332214075,0.4540978091702318,False,False,True,False,-0.11071373652044258,none
2017-06-30,6,1,24,S6_E01,Shift 1,11,62,23,0.3470057332214075,0.41961949113987274,False,False,True,False,-0.14507931675000807,none
2017-06-30,6,1,24,S6_E02,Shift 2,13,62,23,0.3470057332214075,0.3774584436641523,False,False,True,False,-0.1441928168707779,none
2017-07-11,4,1,28,S4_E01,Full Day,28,62,33,0.16970700324844773,-0.43297323427433826,False,False,True,False,-0.0899684288014807,none
2017-07-12,3,1,42,S3_E01,Shift 1,22,62,36,-0.4199936994133569,-0.4723984689328852,False,False,True,False,-0.11577930536906134,none
2017-07-14,1,1,38,S1_E01,Shift 1,18,62,28,1.1044539588288496,0.48227331058439665,False,False,True,False,-0.12992455224122557,none
2017-07-14,4,1,47,S4_E01,Full Day,47,62,32,1.1044539588288496,0.3591580073580902,False,False,True,False,-0.20154485223205953,none
2017-07-14,9,1,49,S9_E01,Shift 1,29,62,32,1.1044539588288496,0.3232482648422707,False,False,True,False,-0.2010703571221799,none
2017-07-15,3,1,40,S3_E02,Shift 2,24,62,37,0.6695247938630748,0.9384875464048337,False,False,True,False,-0.12210767706422998,none
2017-07-23,3,1,46,S3_E02,Shift 2,19,62,37,0.8420950297472811,1.2095115900366984,False,False,True,False,-0.11699253947148258,none
2017-07-31,1,1,22,S1_E01,Shift 1,12,62,28,-1.8853319049866215,-1.6670159754502918,False,False,True,False,-0.1567120606521235,none
2017-07-31,9,1,20,S9_E02,Shift 2,9,62,35,-1.8853319049866215,-1.4782784544919123,False,False,True,False,-0.15174315077517453,none
2017-08-03,6,1,23,S6_E01,Shift 1,9,62,23,-0.5459718092459358,-0.664197645105905,False,False,True,False,-0.1840206902488325,none
2017-08-03,6,1,23,S6_E02,Shift 2,14,62,23,-0.5459718092459358,-0.6051359619920387,False,False,True,False,-0.13995832609782122,none
2017-08-03,9,1,32,S9_E02,Shift 2,14,62,34,-0.5459718092459358,-0.6779993165610124,False,False,True,False,-0.21628316391029667,none
2017-08-03,10,1,38,S10_E01,Full Day,38,62,35,-0.5459718092459358,-0.5594574766511826,False,False,True,False,-0.2249883037972038,none
2017-08-05,3,1,45,S3_E01,Shift 1,26,62,36,0.6885169299539036,0.4037838877967204,False,False,True,False,-0.20999809343204145,none
2017-08-05,3,1,45,S3_E02,Shift 2,19,62,36,0.6885169299539036,0.4232211481108215,False,False,True,False,-0.13220521482184533,none
2017-08-05,7,1,26,S7_E01,Full Day,26,62,22,0.6885169299539036,0.27602606448336847,False,False,True,False,-0.2202590335817024,none
2017-08-05,8,1,35,S8_E01,Shift 1,21,62,39,0.6885169299539036,0.2801086907264922,False,False,True,False,-0.23205012451769724,none
2017-08-05,8,1,35,S8_E02,Shift 2,14,62,39,0.6885169299539036,0.595697687559494,False,False,True,False,-0.19290662079086496,none
2017-08-06,2,1,37,S2_E01,Shift 1,15,62,42,0.6571747743451118,0.7641105578064337,False,False,True,False,-0.22711389132531545,none
2017-08-06,2,1,37,S2_E02,Shift 2,22,62,42,0.6571747743451118,0.9531195416431401,False,False,True,False,-0.18592099960216313,none
2017-08-06,5,1,30,S5_E01,Full Day,30,62,23,0.6571747743451118,0.7939156465605498,False,False,True,False,-0.2305657462038183,none
2017-08-06,6,1,23,S6_E01,Shift 1,10,62,23,0.6571747743451118,1.0296623871133723,False,False,True,False,-0.23851736075755992,none
2017-08-06,6,1,23,S6_E02,Shift 2,13,62,23,0.6571747743451118,1.3068588114075135,False,False,True,False,-0.23951737868287382,none
2017-08-06,7,1,14,S7_E01,Full Day,14,62,23,0.6571747743451118,1.0679934530140733,False,False,True,False,-0.16439676226306632,none
2017-08-06,8,1,37,S8_E01,Shift 1,16,62,38,0.6571747743451118,0.8401336404189557,False,False,True,False,-0.19613735605215843,none
2017-08-06,8,1,37,S8_E02,Shift 2,21,62,38,0.6571747743451118,0.6901907792468733,False,False,True,False,-0.2133686938452367,none
2017-08-06,9,1,48,S9_E01,Shift 1,20,62,34,0.6571747743451118,1.2823613156548717,False,False,True,False,-0.22965106282942283,none
2017-08-06,9,1,48,S9_E02,Shift 2,28,62,34,0.6571747743451118,0.5752130262937208,False,False,True,False,-0.24001789532330975,none
2017-08-06,10,1,30,S10_E01,Full Day,30,62,35,0.6571747743451118,0.7619911798732684,False,False,True,False,-0.25111537443434084,none
2017-08-07,1,1,20,S1_E01,Shift 1,10,62,28,-1.238041637086311,-1.870011497924276,False,False,True,False,-0.24605058376166145,none
2017-08-07,1,1,20,S1_E02,Shift 2,10,62,28,-1.238041637086311,-1.9671855887271625,False,False,True,False,-0.18489734704469085,none
2017-08-07,3,1,25,S3_E01,Shift 1,11,62,36,-1.238041637086311,-1.7186227211464635,False,False,True,False,-0.22074651588046057,none
2017-08-07,4,1,28,S4_E01,Full Day,28,62,33,-1.238041637086311,-1.8992684750665563,False,False,True,False,-0.22504698560951053,none
2017-08-07,5,1,11,S5_E01,Full Day,11,62,23,-1.238041637086311,-2.0003393226756825,False,False,True,False,-0.23205012451769724,none
2017-08-07,6,1,18,S6_E01,Shift 1,10,62,23,-1.238041637086311,-1.6335487008881482,False,False,True,False,-0.15945718016758248,none
2017-08-07,6,1,18,S6_E02,Shift 2,8,62,23,-1.238041637086311,-1.7596953146121106,False,False,True,False,-0.20557754340409828,none
2017-08-07,7,1,20,S7_E01,Full Day,20,62,22,-1.238041637086311,-2.193259437311456,False,False,True,False,-0.20414684355293855,none
2017-08-07,8,1,36,S8_E01,Shift 1,17,62,38,-1.238041637086311,-1.9169918078069166,False,False,True,False,-0.20414684355293855,none
2017-08-07,8,1,36,S8_E02,Shift 2,19,62,38,-1.238041637086311,-2.0039585545143863,False,False,True,False,-0.1981999663390972,none
2017-08-07,9,1,22,S9_E01,Shift 1,10,62,34,-1.238041637086311,-2.1127605125555697,False,False,True,False,-0.23784277146657917,none
2017-08-07,9,1,22,S9_E02,Shift 2,12,62,34,-1.238041637086311,-2.080560211022616,False,False,True,False,-0.23394395964564363,none
2017-08-07,10,1,26,S10_E01,Full Day,26,62,35,-1.238041637086311,-2.287697438361044,False,False,True,False,-0.14899307665997252,none
2017-08-14,5,1,14,S5_E01,Full Day,14,62,23,-2.3786164058088985,-1.8947290406877433,False,False,True,False,-0.15476013008613,none
2017-08-15,2,1,38,S2_E01,Shift 1,20,62,39,-0.28282084810119984,-0.8641008625500411,False,False,True,False,-0.060316441616317884,none
2017-08-22,8,1,40,S8_E02,Shift 2,24,62,36,0.23798323626871173,-0.5791321873213539,False,False,True,False,-0.1650532387442838,none
2017-08-26,2,1,43,S2_E02,Shift 2,18,62,37,1.4511983964544672,1.2579621460166421,False,False,True,False,-0.19800409555106802,none
2017-08-26,3,1,30,S3_E01,Shift 1,13,62,32,1.4511983964544672,0.8322794790153171,False,False,True,False,-0.22156280181285293,none
2017-08-26,3,1,30,S3_E02,Shift 2,17,62,32,1.4511983964544672,0.8547956393543735,False,False,True,False,-0.15786220423244413,none
2017-08-26,6,1,26,S6_E02,Shift 2,11,62,21,1.4511983964544672,0.857922181677364,False,False,True,False,-0.22351824473986615,none
2017-08-26,7,1,25,S7_E01,Full Day,25,62,19,1.4511983964544672,1.0238283161571766,False,False,True,False,-0.22989842021402584,none
2017-08-26,8,1,37,S8_E01,Shift 1,21,62,35,1.4511983964544672,1.3106815651427157,False,False,True,False,-0.23139315296635454,none
2017-08-26,8,1,37,S8_E02,Shift 2,16,62,35,1.4511983964544672,0.7940692652152017,False,False,True,False,-0.18916626352286503,none
2017-08-27,2,1,43,S2_E01,Shift 1,24,62,38,0.36816921413879505,1.3238890626155464,False,False,True,False,-0.20170009131951405,none
2017-08-27,2,1,43,S2_E02,Shift 2,19,62,38,0.36816921413879505,1.7077065805274316,False,False,True,False,-0.12958591843592726,none
2017-08-27,6,1,22,S6_E02,Shift 2,10,62,21,0.36816921413879505,1.685433482429009,False,False,True,False,-0.21821161359546526,none
2017-08-27,7,1,14,S7_E01,Full Day,14,62,19,0.36816921413879505,1.20916444818446,False,False,True,False,-0.16309261614453063,none
2017-08-28,1,1,15,S1_E01,Shift 1,9,62,26,-1.1726090630362336,-1.5247977454691397,False,False,True,False,-0.21222294780020068,none
2017-08-28,5,1,23,S5_E01,Full Day,23,62,21,-1.1726090630362336,-1.3192673244167674,False,False,True,False,-0.2078992027028861,none
2017-08-28,6,1,14,S6_E01,Shift 1,7,62,21,-1.1726090630362336,-1.6230365781830443,False,False,True,False,-0.195195999088009,none
2017-08-28,6,1,14,S6_E02,Shift 2,7,62,21,-1.1726090630362336,-1.3239833462148578,False,False,True,False,-0.20228732391118842,none
2017-08-28,7,1,19,S7_E01,Full Day,19,62,19,-1.1726090630362336,-1.3802355207019106,False,False,True,False,-0.22908437776440693,none
2017-08-28,8,1,26,S8_E01,Shift 1,15,62,35,-1.1726090630362336,-1.3850903152548437,False,False,True,False,-0.2310602042428691,none
2017-08-28,8,1,26,S8_E02,Shift 2,11,62,35,-1.1726090630362336,-1.8116631605797617,False,False,True,False,-0.24001789532330975,none
2017-08-28,9,1,25,S9_E01,Shift 1,14,62,31,-1.1726090630362336,-1.2246024735352425,False,False,True,False,-0.25111537443434084,none
2017-08-28,9,1,25,S9_E02,Shift 2,11,62,31,-1.1726090630362336,-1.2442808778554575,False,False,True,False,-0.25366064916899544,none
2017-08-28,10,1,19,S10_E01,Full Day,19,62,32,-1.1726090630362336,-1.330740811394414,False,False,True,False,-0.18647027282039108,none
2017-08-29,1,1,21,S1_E01,Shift 1,13,62,26,-0.9822856150307868,-0.8521725258722095,False,False,True,False,-0.20623635490629666,none
2017-08-29,3,1,27,S3_E01,Shift 1,12,62,31,-0.9822856150307868,-0.4365299864685245,False,False,True,False,-0.24101994510534486,none
2017-08-29,3,1,27,S3_E02,Shift 2,15,62,31,-0.9822856150307868,-0.8051293613858044,False,False,True,False,-0.23851736075755992,none
2017-08-29,4,1,33,S4_E01,Full Day,33,62,28,-0.9822856150307868,-0.509960319865617,False,False,True,False,-0.18399851551543656,none
2017-08-29,8,1,32,S8_E02,Shift 2,17,62,34,-0.9822856150307868,-0.49013740124084715,False,False,True,False,-0.22259834539465495,none
2017-08-29,9,1,31,S9_E01,Shift 1,14,62,31,-0.9822856150307868,-0.6314720924346501,False,False,True,False,-0.16655818944742184,none
2017-08-29,10,1,28,S10_E01,Full Day,28,62,31,-0.9822856150307868,-0.3370111459620853,False,False,True,False,-0.2095890970779749,none
2017-08-30,1,1,22,S1_E01,Shift 1,10,62,26,0.002099899847665426,-0.6237282627345472,False,False,True,False,-0.23552541336002586,none
2017-08-30,1,1,22,S1_E02,Shift 2,12,62,26,0.002099899847665426,-0.5474552094184811,False,False,True,False,-0.2470608023382257,none
2017-08-30,2,1,27,S2_E01,Shift 1,13,62,36,0.002099899847665426,-0.7668864049072986,False,False,True,False,-0.23453079359977913,none
2017-08-30,2,1,27,S2_E02,Shift 2,14,62,36,0.002099899847665426,-0.6311684689822268,False,False,True,False,-0.2305657462038183,none
2017-08-30,4,1,31,S4_E01,Full Day,31,62,27,0.002099899847665426,-0.461651543940221,False,False,True,False,-0.14523036413708845,none
2017-08-30,6,1,22,S6_E02,Shift 2,12,62,21,0.002099899847665426,-0.4109181890912351,False,False,True,False,-0.2305657462038183,none
2017-08-30,8,1,44,S8_E01,Shift 1,23,62,34,0.002099899847665426,-0.5117905768494315,False,False,True,False,-0.07325864898069989,none
2017-08-31,1,1,26,S1_E02,Shift 2,12,62,26,0.0465447374172463,-0.12507854055740258,False,False,True,False,-0.17589035739633452,none
2017-08-31,2,1,39,S2_E01,Shift 1,19,62,36,0.0465447374172463,-0.16594856472453903,False,False,True,False,-0.1359629122320981,none
2017-08-31,6,1,16,S6_E01,Shift 1,9,62,21,0.0465447374172463,0.282250800182485,False,False,True,False,-0.19218392615690427,none
2017-09-05,3,1,25,S3_E02,Shift 2,12,62,29,-0.8653081689529412,-0.8383705494421212,False,False,True,False,-0.1713718596584426,none
2017-09-05,8,1,34,S8_E02,Shift 2,16,62,34,-0.8653081689529412,-1.1961501915912311,False,False,True,False,-0.18286253343625458,none
2017-09-06,3,1,24,S3_E01,Shift 1,11,62,29,-0.8447119024130013,-0.8267289088283041,False,False,True,False,-0.07706777491482864,none
2017-12-04,1,1,7,S1_E01,Shift 1,4,62,23,-3.537583042876866,-3.566924808659965,True,True,False,False,0.03443106485698205,product_and_employee_anomaly
2017-12-04,1,1,7,S1_E02,Shift 2,3,62,23,-3.537583042876866,-3.439934189042974,True,True,False,False,0.05524605163800578,product_and_employee_anomaly
2017-12-04,2,1,10,S2_E01,Shift 1,5,62,32,-3.537583042876866,-3.4289887985334744,True,True,False,False,0.059851342148413644,product_and_employee_anomaly
2017-12-04,2,1,10,S2_E02,Shift 2,5,62,32,-3.537583042876866,-3.42560784986891,True,True,False,False,0.059646783142279225,product_and_employee_anomaly
2017-12-04,3,1,17,S3_E01,Shift 1,9,62,29,-3.537583042876866,-4.010676658948157,True,True,False,False,0.06552637586538851,product_and_employee_anomaly
2017-12-04,3,1,17,S3_E02,Shift 2,8,62,29,-3.537583042876866,-3.2163317411983594,True,True,False,False,0.0640001726733973,product_and_employee_anomaly
2017-12-04,4,1,11,S4_E01,Full Day,11,62,26,-3.537583042876866,-3.284111898833113,True,True,False,False,0.06025480038213765,product_and_employee_anomaly
2017-12-04,5,1,9,S5_E01,Full Day,9,62,19,-3.537583042876866,-3.2458225710762023,True,True,False,False,0.06075965371543962,product_and_employee_anomaly
2017-12-04,6,1,14,S6_E01,Shift 1,7,62,19,-3.537583042876866,-3.2986405964081293,True,True,False,False,0.01927418319528057,product_and_employee_anomaly
2017-12-04,6,1,14,S6_E02,Shift 2,7,62,19,-3.537583042876866,-3.3301889302159635,True,True,False,False,-0.003356063694225919,product_and_employee_anomaly
2017-12-04,7,1,9,S7_E01,Full Day,9,62,17,-3.537583042876866,-3.144474792045703,True,True,False,False,-0.005831767031912571,product_and_employee_anomaly
2017-12-04,8,1,18,S8_E01,Shift 1,9,62,32,-3.537583042876866,-3.5723822669368586,True,True,False,False,0.007953360600340742,product_and_employee_anomaly
2017-12-04,8,1,18,S8_E02,Shift 2,9,62,32,-3.537583042876866,-3.58582252955439,True,True,False,False,0.0017897402338242219,product_and_employee_anomaly
2017-12-04,9,1,16,S9_E01,Shift 1,8,62,26,-3.537583042876866,-3.189292177224606,True,True,False,False,-0.013004356584942589,product_and_employee_anomaly
2017-12-04,9,1,16,S9_E02,Shift 2,8,62,26,-3.537583042876866,-3.1563508443071124,True,True,False,False,0.038673892546620126,product_and_employee_anomaly
2017-12-04,10,1,16,S10_E01,Full Day,16,62,28,-3.537583042876866,-3.105707653984013,True,True,False,False,0.03754935213823363,product_and_employee_anomaly
2013-06-07,9,2,68,S9_E02,Shift 2,35,392,58,0.9794670724696108,0.648192469526841,False,False,True,,-0.1167981417780225,none
2013-06-17,4,2,57,S4_E01,Full Day,57,392,63,-0.8908863728226287,-1.254896614325532,False,False,True,,-0.11904248367344883,none
2013-06-21,3,2,58,S3_E02,Shift 2,27,392,64,-0.007353506266912886,0.2846330818190601,False,False,True,,-0.18899189772858394,none
2013-06-21,4,2,66,S4_E01,Full Day,66,392,61,-0.007353506266912886,0.26684989407458115,False,False,True,,-0.1404930127988655,none
2013-06-30,7,2,41,S7_E01,Full Day,41,392,39,1.3490920213350752,1.5952311238163,False,False,True,,-0.06641830216200117,none
2013-06-30,8,2,82,S8_E01,Shift 1,41,392,73,1.3490920213350752,1.6122854119973125,False,False,True,,-0.12534496454849786,none
2013-07-13,7,2,50,S7_E01,Full Day,50,392,39,0.7688867710549501,0.9295120186555981,False,False,True,,-0.16318176835546394,none
2013-07-13,8,2,74,S8_E01,Shift 1,40,392,73,0.7688867710549501,1.352609661152118,False,False,True,,-0.16591189441522702,none
2013-07-13,10,2,83,S10_E01,Full Day,83,392,69,0.7688867710549501,0.7752786741793787,False,False,True,,-0.21042112825019355,none
2013-07-14,1,2,82,S1_E01,Shift 1,43,392,55,1.2179405124445342,1.7465962372048203,False,False,True,,-0.23205012451769724,none
2013-07-14,1,2,82,S1_E02,Shift 2,39,392,55,1.2179405124445342,1.3457036347773794,False,False,True,,-0.24001789532330975,none
2013-07-15,5,2,40,S5_E01,Full Day,40,392,46,-0.8800506271637758,-1.985345499724225,False,False,True,,-0.09546844780841757,none
2013-07-15,8,2,68,S8_E02,Shift 2,36,392,73,-0.8800506271637758,-1.6184021483005442,False,False,True,,-0.19310896251491705,none
2013-07-15,9,2,55,S9_E01,Shift 1,23,392,64,-0.8800506271637758,-1.645420744825311,False,False,True,,-0.22760601309633943,none
2013-07-15,9,2,55,S9_E02,Shift 2,32,392,64,-0.8800506271637758,-1.4019487107298296,False,False,True,,-0.16740159645748798,none
2013-07-16,1,2,57,S1_E01,Shift 1,23,392,55,-0.6192874423901905,-0.4553712870642585,False,False,True,,-0.18631869986447824,none
2013-07-23,6,2,42,S6_E01,Shift 1,25,392,48,-0.5301598685309123,-0.6649692800274712,False,False,True,,-0.0829727787302793,none
2013-07-31,2,2,71,S2_E01,Shift 1,38,392,79,-0.6817305873223819,-0.35081551954232376,False,False,True,,-0.11279172108438718,none
2013-08-02,3,2,73,S3_E02,Shift 2,39,392,72,-0.05742830454540637,-0.18531378082186153,False,False,True,,-0.165730385644285,none
2013-08-03,8,2,70,S8_E01,Shift 1,36,392,74,0.31983505558735864,0.39210519282673917,False,False,True,,-0.11399316768909429,none
2013-08-04,1,2,55,S1_E02,Shift 2,24,392,57,0.5823269877183427,0.6975665845807877,False,False,True,,-0.21521419956449528,none
2013-08-04,2,2,70,S2_E01,Shift 1,33,392,78,0.5823269877183427,1.0241257444099987,False,False,True,,-0.1767763564302547,none
2013-08-04,6,2,50,S6_E01,Shift 1,25,392,45,0.5823269877183427,0.7488977297786792,False,False,True,,-0.22269974666384762,none
2013-08-04,6,2,50,S6_E02,Shift 2,25,392,45,0.5823269877183427,1.2955515570535954,False,False,True,,-0.14683848303037306,none
2013-08-04,9,2,56,S9_E02,Shift 2,29,392,66,0.5823269877183427,0.7642611875368286,False,False,True,,-0.22711389132531545,none
2013-08-04,10,2,68,S10_E01,Full Day,68,392,73,0.5823269877183427,1.0727471718431256,False,False,True,,-0.23205012451769724,none
2013-08-05,1,2,47,S1_E01,Shift 1,25,392,57,-2.2624872046996827,-2.4156234667007204,False,False,True,,-0.16946002921117542,none
2013-08-05,2,2,63,S2_E01,Shift 1,27,392,77,-2.2624872046996827,-3.037931708682254,False,True,False,,-0.12745172888232448,employee_anomaly
2013-08-05,2,2,63,S2_E02,Shift 2,36,392,77,-2.2624872046996827,-3.4857102754090485,False,True,False,,-0.14054595410202753,employee_anomaly
2013-08-05,4,2,45,S4_E01,Full Day,45,392,65,-2.2624872046996827,-2.585399372448584,False,False,True,,-0.1926401730821663,none
2013-08-05,5,2,36,S5_E01,Full Day,36,392,45,-2.2624872046996827,-2.476026680116979,False,False,True,,-0.11868950560501512,none
2013-08-05,8,2,54,S8_E02,Shift 2,29,392,74,-2.2624872046996827,-2.3907326904646378,False,False,True,,-0.23254558720662943,none
2013-08-05,9,2,50,S9_E01,Shift 1,28,392,65,-2.2624872046996827,-2.1535467339877448,False,False,True,,-0.23851736075755992,none
2013-08-06,3,2,59,S3_E01,Shift 1,27,392,71,-0.13358379990481004,-1.0552532028067452,False,False,True,,-0.21222294780020068,none
2013-08-06,3,2,59,S3_E02,Shift 2,32,392,71,-0.13358379990481004,-0.974470888433159,False,False,True,,-0.12426436243827854,none
2013-08-06,7,2,36,S7_E01,Full Day,36,392,43,-0.13358379990481004,-0.9359902548633156,False,False,True,,-0.2256395222133445,none
2013-08-06,8,2,59,S8_E01,Shift 1,26,392,72,-0.13358379990481004,-0.9534805253299846,False,False,True,,-0.24001789532330975,none
2013-08-06,8,2,59,S8_E02,Shift 2,33,392,72,-0.13358379990481004,-0.9023863923293991,False,False,True,,-0.19991554798791278,none
2013-08-06,9,2,57,S9_E01,Shift 1,32,392,65,-0.13358379990481004,-1.2599345035843108,False,False,True,,-0.2027302961367735,none
2013-08-06,9,2,57,S9_E02,Shift 2,25,392,65,-0.13358379990481004,-0.5932909400417766,False,False,True,,-0.20225499924303925,none
2013-08-06,10,2,64,S10_E01,Full Day,64,392,71,-0.13358379990481004,-0.837116578492426,False,False,True,,-0.22908437776440693,none
2013-08-07,1,2,41,S1_E01,Shift 1,24,392,56,-0.6158156212151201,-0.8340286675685428,False,False,True,,-0.2450417312607489,none
2013-08-07,1,2,41,S1_E02,Shift 2,17,392,56,-0.6158156212151201,-1.0940710585949927,False,False,True,,-0.2445378167112875,none
2013-08-07,2,2,71,S2_E01,Shift 1,37,392,76,-0.6158156212151201,-0.7877176555050164,False,False,True,,-0.24202335175154788,none
2013-08-07,2,2,71,S2_E02,Shift 2,34,392,76,-0.6158156212151201,-0.9186152926317189,False,False,True,,-0.1270352838127191,none
2013-08-07,6,2,42,S6_E01,Shift 1,20,392,43,-0.6158156212151201,-0.5706608087754084,False,False,True,,-0.20646379522228953,none
2013-08-07,6,2,42,S6_E02,Shift 2,22,392,43,-0.6158156212151201,-0.5592582922917424,False,False,True,,-0.23155499693866177,none
2013-08-07,7,2,41,S7_E01,Full Day,41,392,43,-0.6158156212151201,-0.9938666889384852,False,False,True,,-0.17335719651619586,none
2013-08-07,8,2,68,S8_E01,Shift 1,30,392,72,-0.6158156212151201,-1.0107717022425227,False,False,True,,-0.1688477141391469,none
2013-08-07,8,2,68,S8_E02,Shift 2,38,392,72,-0.6158156212151201,-0.7943231508898062,False,False,True,,-0.19651077199712574,none
2013-08-07,9,2,63,S9_E01,Shift 1,32,392,64,-0.6158156212151201,-0.5382712637844661,False,False,True,,-0.2027190447324071,none
2013-08-07,9,2,63,S9_E02,Shift 2,31,392,64,-0.6158156212151201,-0.7565349381245341,False,False,True,,-0.20246446991513944,none
2013-08-07,10,2,51,S10_E01,Full Day,51,392,71,-0.6158156212151201,-0.8782014032158627,False,False,True,,-0.19861597153478183,none
2013-08-08,9,2,65,S9_E02,Shift 2,26,392,64,0.5469121798883602,-0.1367414517718628,False,False,True,,-0.19029493727847047,none
2013-08-09,4,2,61,S4_E01,Full Day,61,392,63,0.7828330983209706,0.11745279578897155,False,False,True,,-0.11440872762913201,none
2013-12-02,1,2,31,S1_E01,Shift 1,14,392,47,-2.8030898679030876,-3.1254292363912257,False,True,False,,0.06616160922247799,employee_anomaly
2013-12-02,2,2,47,S2_E01,Shift 1,28,392,66,-2.8030898679030876,-3.412450649859274,False,True,False,,0.06106762765989532,employee_anomaly
2013-12-02,2,2,47,S2_E02,Shift 2,19,392,66,-2.8030898679030876,-3.2785932441135652,False,True,False,,0.054323552004648556,employee_anomaly
2013-12-02,3,2,30,S3_E01,Shift 1,15,392,59,-2.8030898679030876,-3.2501487509139597,False,True,False,,0.05372749749023353,employee_anomaly
2013-12-02,3,2,30,S3_E02,Shift 2,15,392,59,-2.8030898679030876,-3.4328063228458867,False,True,False,,0.04637216626679419,employee_anomaly
2013-12-02,4,2,31,S4_E01,Full Day,31,392,55,-2.8030898679030876,-3.448513956982832,False,True,False,,0.03175499031152529,employee_anomaly
2013-12-02,5,2,17,S5_E01,Full Day,17,392,40,-2.8030898679030876,-3.1959090536893515,False,True,False,,0.07123802672837304,employee_anomaly
2013-12-02,6,2,25,S6_E02,Shift 2,10,392,40,-2.8030898679030876,-3.0818675698167812,False,True,False,,0.07080032992982588,employee_anomaly
2013-12-02,8,2,36,S8_E01,Shift 1,16,392,61,-2.8030898679030876,-3.3597203284094452,False,True,False,,0.059546716964522406,employee_anomaly
2013-12-02,8,2,36,S8_E02,Shift 2,20,392,61,-2.8030898679030876,-3.335819773959348,False,True,False,,0.04720476350160946,employee_anomaly
2013-12-02,9,2,34,S9_E01,Shift 1,17,392,55,-2.8030898679030876,-3.305771183792513,False,True,False,,0.06112725118925705,employee_anomaly
2013-12-02,9,2,34,S9_E02,Shift 2,17,392,55,-2.8030898679030876,-3.696275698428471,False,True,False,,0.06960369077563583,employee_anomaly
2013-12-02,10,2,37,S10_E01,Full Day,37,392,58,-2.8030898679030876,-3.0878038047354686,False,True,False,,0.06554059434995457,employee_anomaly
2014-03-01,2,2,74,S2_E01,Shift 1,44,392,58,1.509209594653359,3.349005610782279,False,True,False,,0.018663422303879684,employee_anomaly
2014-03-01,5,2,50,S5_E01,Full Day,50,392,31,1.509209594653359,3.306479451837381,False,True,False,,0.031903756407452855,employee_anomaly
2014-08-04,2,2,63,S2_E01,Shift 1,36,392,89,-2.493279987449358,-3.2958565872574868,False,True,False,,-0.02257153704575232,employee_anomaly
2014-08-04,4,2,57,S4_E01,Full Day,57,392,76,-2.493279987449358,-3.1397631376093593,False,True,False,,0.04900276355779293,employee_anomaly
2014-08-04,5,2,35,S5_E01,Full Day,35,392,56,-2.493279987449358,-3.2173712129452325,False,True,False,,0.04758307133952855,employee_anomaly
2014-08-04,6,2,36,S6_E02,Shift 2,18,392,53,-2.493279987449358,-3.5017544264003857,False,True,False,,-0.013233824803582817,employee_anomaly
2014-08-04,7,2,42,S7_E01,Full Day,42,392,49,-2.493279987449358,-3.4459186430311015,False,True,False,,0.018300350318093794,employee_anomaly
2014-08-04,8,2,64,S8_E01,Shift 1,28,392,89,-2.493279987449358,-3.8062041584640642,False,True,False,,0.050269342258045024,employee_anomaly
2014-08-04,8,2,64,S8_E02,Shift 2,36,392,89,-2.493279987449358,-3.16064441974807,False,True,False,,0.03972777244394138,employee_anomaly
2014-09-07,5,2,59,S5_E01,Full Day,59,392,46,1.261581597443007,1.3446542868511286,False,False,True,,-0.1300008496169388,none
2014-10-12,8,2,81,S8_E01,Shift 1,33,392,72,1.37109318429459,1.161338827253393,False,False,True,,-0.1537261103535723,none
2014-10-13,2,2,49,S2_E01,Shift 1,22,392,74,-0.7692474721306171,-1.4739163185867705,False,False,True,,-0.20310840955739073,none
2014-10-14,1,2,43,S1_E01,Shift 1,19,392,51,-0.4708737353343809,-0.7201227786417653,False,False,True,,-0.1877313180482203,none
2014-10-14,1,2,43,S1_E02,Shift 2,24,392,51,-0.4708737353343809,-0.5136205307490315,False,False,True,,-0.14807650674437212,none
2014-10-14,5,2,45,S5_E01,Full Day,45,392,44,-0.4708737353343809,-0.6982513295252222,False,False,True,,-0.19594066138326216,none
2014-10-15,4,2,72,S4_E01,Full Day,72,392,59,-0.5837279777123823,-0.7676197688306841,False,False,True,,-0.0721440756513354,none
2014-10-15,8,2,58,S8_E02,Shift 2,25,392,70,-0.5837279777123823,-0.8515840001037311,False,False,True,,-0.1654879726842714,none
2014-10-30,7,2,35,S7_E01,Full Day,35,392,39,-0.33809049694214777,0.07711826959514008,False,False,True,,-0.13121467694224542,none
2014-11-03,6,2,31,S6_E01,Shift 1,13,392,44,-0.9235764431216164,-1.2038073349073612,False,False,True,,-0.17371286063221858,none
2014-11-03,6,2,31,S6_E02,Shift 2,18,392,44,-0.9235764431216164,-0.8764993103638189,False,False,True,,-0.20933131970493857,none
2014-11-05,3,2,59,S3_E02,Shift 2,32,392,63,-0.06261462461089869,-0.41547912118623076,False,False,True,,-0.19413881418527512,none
2014-11-05,4,2,70,S4_E01,Full Day,70,392,58,-0.06261462461089869,-0.4982202335602869,False,False,True,,-0.16452415090393058,none
2014-11-05,8,2,75,S8_E01,Shift 1,35,392,67,-0.06261462461089869,-0.23363831266456586,False,False,True,,-0.22156280181285293,none
2014-11-05,8,2,75,S8_E02,Shift 2,40,392,67,-0.06261462461089869,-0.2447984144435698,False,False,True,,-0.22465827072359323,none
2014-11-06,2,2,81,S2_E02,Shift 2,43,392,72,-0.3740549496768987,-0.023830438032082246,False,False,True,,-0.18968147350096265,none
2014-11-06,3,2,60,S3_E01,Shift 1,34,392,63,-0.3740549496768987,0.14038028315359732,False,False,True,,-0.1533083370100622,none
2014-11-07,1,2,48,S1_E02,Shift 2,22,392,49,0.4025795597451156,0.34672510150202207,False,False,True,,-0.19036569842261097,none
2014-11-07,2,2,97,S2_E02,Shift 2,51,392,73,0.4025795597451156,0.38835148051850255,False,False,True,,-0.1269845345956826,none
2014-12-01,1,2,36,S1_E01,Shift 1,15,392,53,-3.554849312366812,-3.1060032038113756,True,True,False,,0.044582013834682854,product_and_employee_anomaly
2014-12-01,1,2,36,S1_E02,Shift 2,21,392,53,-3.554849312366812,-3.2257952791105735,True,True,False,,0.04358930099865538,product_and_employee_anomaly
2014-12-01,2,2,39,S2_E01,Shift 1,23,392,76,-3.554849312366812,-3.2103767532981733,True,True,False,,0.024804456669749675,product_and_employee_anomaly
2014-12-01,2,2,39,S2_E02,Shift 2,16,392,76,-3.554849312366812,-2.9745651825749797,True,False,False,,0.041426213244546206,product_anomaly
2014-12-01,3,2,48,S3_E01,Shift 1,28,392,67,-3.554849312366812,-3.6842826003636517,True,True,False,,0.053746155971248044,product_and_employee_anomaly
2014-12-01,3,2,48,S3_E02,Shift 2,20,392,67,-3.554849312366812,-3.7643534802102665,True,True,False,,0.06083903402817625,product_and_employee_anomaly
2014-12-01,4,2,30,S4_E01,Full Day,30,392,62,-3.554849312366812,-3.5292108233300348,True,True,False,,0.04917571550580224,product_and_employee_anomaly
2014-12-01,5,2,19,S5_E01,Full Day,19,392,44,-3.554849312366812,-3.5544771735009846,True,True,False,,0.052348473969406506,product_and_employee_anomaly
2014-12-01,6,2,24,S6_E01,Shift 1,12,392,44,-3.554849312366812,-2.725413037949043,True,False,False,,0.06334723783686408,product_anomaly
2014-12-01,6,2,24,S6_E02,Shift 2,12,392,44,-3.554849312366812,-3.2677552992025225,True,True,False,,0.04054554011415684,product_and_employee_anomaly
2014-12-01,7,2,20,S7_E01,Full Day,20,392,41,-3.554849312366812,-3.4795612216587277,True,True,False,,0.05386834045547778,product_and_employee_anomaly
2014-12-01,8,2,35,S8_E01,Shift 1,18,392,73,-3.554849312366812,-2.754138713991254,True,False,False,,0.044388484955581675,product_anomaly
2014-12-01,8,2,35,S8_E02,Shift 2,17,392,73,-3.554849312366812,-3.156889714158979,True,True,False,,0.041393979978903206,product_and_employee_anomaly
2014-12-01,9,2,39,S9_E01,Shift 1,22,392,64,-3.554849312366812,-3.0877445136207187,True,True,False,,0.017110656638006982,product_and_employee_anomaly
2014-12-01,9,2,39,S9_E02,Shift 2,17,392,64,-3.554849312366812,-2.9294097184846226,True,False,False,,-0.005306019162071629,product_anomaly
2014-12-01,10,2,29,S10_E01,Full Day,29,392,65,-3.554849312366812,-3.4995746414918427,True,True,False,,-0.008976272812283748,product_and_employee_anomaly
2015-02-01,1,2,55,S1_E01,Shift 1,24,392,36,4.583332945985571,3.0557660597940646,True,True,False,,0.06982691982754269,product_and_employee_anomaly
2015-02-01,1,2,55,S1_E02,Shift 2,31,392,36,4.583332945985571,2.1453661731308964,True,False,False,,0.06936644310894835,product_anomaly
2015-02-01,2,2,54,S2_E01,Shift 1,24,392,51,4.583332945985571,1.953656430143817,True,False,False,,0.06186561375174354,product_anomaly
2015-02-01,2,2,54,S2_E02,Shift 2,30,392,51,4.583332945985571,2.3500220695901306,True,False,False,,0.07577123673036873,product_anomaly
2015-02-01,3,2,64,S3_E01,Shift 1,29,392,45,4.583332945985571,2.506888576749633,True,False,False,,0.04967627386273593,product_anomaly
2015-02-01,3,2,64,S3_E02,Shift 2,35,392,45,4.583332945985571,2.1659096796444564,True,False,False,,-0.027508858131894298,product_anomaly
2015-02-01,4,2,55,S4_E01,Full Day,55,392,43,4.583332945985571,2.8748724820194456,True,False,False,,-0.019834004453059828,product_anomaly
2015-02-01,5,2,47,S5_E01,Full Day,47,392,31,4.583332945985571,2.0848475539632427,True,False,False,,0.03648175645025453,product_anomaly
2015-02-01,6,2,36,S6_E01,Shift 1,18,392,29,4.583332945985571,2.221679149858128,True,False,False,,0.02283874226324678,product_anomaly
2015-02-01,6,2,36,S6_E02,Shift 2,18,392,29,4.583332945985571,1.958256602356688,True,False,False,,0.05090297023281781,product_anomaly
2015-02-01,7,2,36,S7_E01,Full Day,36,392,29,4.583332945985571,2.4352661753448244,True,False,False,,0.022184066807741265,product_anomaly
2015-02-01,8,2,77,S8_E01,Shift 1,39,392,50,4.583332945985571,2.6942065018192625,True,False,False,,0.053567100530474254,product_anomaly
2015-02-01,8,2,77,S8_E02,Shift 2,38,392,50,4.583332945985571,2.426072134137516,True,False,False,,0.07145913292889444,product_anomaly
2015-02-01,9,2,55,S9_E01,Shift 1,26,392,44,4.583332945985571,1.9180924008698985,True,False,False,,0.07430989800638177,product_anomaly
2015-02-01,9,2,55,S9_E02,Shift 2,29,392,44,4.583332945985571,2.3242398732184264,True,False,False,,0.06602320300292092,product_anomaly
2015-02-01,10,2,62,S10_E01,Full Day,62,392,46,4.583332945985571,2.0848738868918257,True,False,False,,0.06331662001185956,product_anomaly
2015-03-01,1,2,57,S1_E01,Shift 1,28,392,41,4.001155321281806,3.2063842092808192,True,True,False,,0.03447209894620257,product_and_employee_anomaly
2015-03-01,1,2,57,S1_E02,Shift 2,29,392,41,4.001155321281806,2.7011350015772067,True,False,False,,0.04568725743255042,product_anomaly
2015-03-01,2,2,87,S2_E01,Shift 1,37,392,54,4.001155321281806,3.1204913155838128,True,True,False,,0.04259517311401351,product_and_employee_anomaly
2015-03-01,2,2,87,S2_E02,Shift 2,50,392,54,4.001155321281806,2.9504051632544526,True,False,False,,0.0417990394358827,product_anomaly
2015-03-01,3,2,86,S3_E01,Shift 1,38,392,50,4.001155321281806,2.94608151148025,True,False,False,,0.03487515627283144,product_anomaly
2015-03-01,3,2,86,S3_E02,Shift 2,48,392,50,4.001155321281806,3.4103721242964737,True,True,False,,0.06666012013224121,product_and_employee_anomaly
2015-03-01,4,2,68,S4_E01,Full Day,68,392,45,4.001155321281806,3.1596518128314997,True,True,False,,0.059771903178585994,product_and_employee_anomaly
2015-03-01,5,2,56,S5_E01,Full Day,56,392,33,4.001155321281806,3.6387722164072245,True,True,False,,0.05717113599557849,product_and_employee_anomaly
2015-03-01,6,2,56,S6_E01,Shift 1,31,392,33,4.001155321281806,3.2783227914473976,True,True,False,,0.05500000242587627,product_and_employee_anomaly
2015-03-01,6,2,56,S6_E02,Shift 2,25,392,33,4.001155321281806,3.6075677552682435,True,True,False,,0.06652908060686064,product_and_employee_anomaly
2015-03-01,7,2,49,S7_E01,Full Day,49,392,30,4.001155321281806,2.8190730739031222,True,False,False,,0.07573025336171735,product_anomaly
2015-03-01,8,2,76,S8_E01,Shift 1,42,392,57,4.001155321281806,3.332540228908305,True,True,False,,-0.007704344776651939,product_and_employee_anomaly
2015-03-01,8,2,76,S8_E02,Shift 2,34,392,57,4.001155321281806,3.009029860439897,True,True,False,,0.053682101978513974,product_and_employee_anomaly
2015-03-01,9,2,66,S9_E01,Shift 1,39,392,46,4.001155321281806,3.562831793884845,True,True,False,,0.06062248029656864,product_and_employee_anomaly
2015-03-01,9,2,66,S9_E02,Shift 2,27,392,46,4.001155321281806,3.0689769065072365,True,True,False,,0.07558637290260861,product_and_employee_anomaly
2015-03-01,10,2,75,S10_E01,Full Day,75,392,50,4.001155321281806,3.035766134572765,True,True,False,,0.07336788375466491,product_and_employee_anomaly
2015-08-03,3,2,75,S3_E01,Shift 1,43,392,87,-2.4820236781398965,-3.230471200097007,False,True,False,,0.00407491780875141,employee_anomaly
2015-08-03,3,2,75,S3_E02,Shift 2,32,392,87,-2.4820236781398965,-3.0968220305556833,False,True,False,,-0.017592871555749956,employee_anomaly
2015-08-03,6,2,37,S6_E01,Shift 1,19,392,55,-2.4820236781398965,-3.003013866777452,False,True,False,,0.009744003050188854,employee_anomaly
2015-08-03,9,2,53,S9_E02,Shift 2,32,392,79,-2.4820236781398965,-3.2324063857303305,False,True,False,,-0.014388808149874421,employee_anomaly
2015-08-15,8,2,96,S8_E02,Shift 2,49,392,87,0.2600258469124722,0.9166972080295367,False,False,True,,-0.13335124607038218,none
2015-08-15,9,2,70,S9_E01,Shift 1,35,392,74,0.2600258469124722,0.9579595050492572,False,False,True,,-0.14739013511294208,none
2015-08-29,2,2,96,S2_E02,Shift 2,55,392,90,0.5430353686977707,0.9191582863360717,False,False,True,,-0.13766996634620654,none
2015-08-30,1,2,66,S1_E02,Shift 2,35,392,63,1.6389336345719956,1.641207162660656,False,False,True,,-0.1533564315285746,none
2015-09-19,2,2,75,S2_E02,Shift 2,43,392,83,0.44947444371920964,0.9191947132611611,False,False,True,,-0.15896983067633974,none
2015-09-20,10,2,76,S10_E01,Full Day,76,392,70,1.0573328805315494,1.3648882751661473,False,False,True,,-0.20933131970493857,none
2015-09-21,5,2,55,S5_E01,Full Day,55,392,48,-1.4460194935648367,-1.5920732370534378,False,False,True,,-0.11291724861068664,none
2015-09-21,9,2,60,S9_E01,Shift 1,33,392,70,-1.4460194935648367,-1.7810335692626944,False,False,True,,-0.1926524067947777,none
2015-09-22,3,2,78,S3_E01,Shift 1,44,392,73,-0.5687998882813518,-0.7535888148618163,False,False,True,,-0.19540138623744796,none
2015-09-22,3,2,78,S3_E02,Shift 2,34,392,73,-0.5687998882813518,-0.650914484688522,False,False,True,,-0.10348309528324928,none
2015-09-22,8,2,66,S8_E01,Shift 1,34,392,77,-0.5687998882813518,-0.8436865274863878,False,False,True,,-0.20857094489772432,none
2015-09-22,8,2,66,S8_E02,Shift 2,32,392,77,-0.5687998882813518,-0.5619426245211336,False,False,True,,-0.14237418320223527,none
2015-10-08,1,2,45,S1_E01,Shift 1,24,392,53,-0.39793050931637836,-0.09728709580307408,False,False,True,,-0.10024716831285208,none
2015-10-12,9,2,48,S9_E01,Shift 1,27,392,65,-1.080148720545897,-1.6383503621633448,False,False,True,,-0.16623538906297752,none
2015-10-13,3,2,62,S3_E01,Shift 1,27,392,70,-0.3950244761414282,-0.5758384921634021,False,False,True,,-0.1950787396274195,none
2015-10-14,2,2,64,S2_E02,Shift 2,38,392,76,-0.5243343462090004,-0.7263466972223348,False,False,True,,-0.11396242474086193,none
2015-10-14,6,2,42,S6_E02,Shift 2,19,392,45,-0.5243343462090004,-0.6216106115145704,False,False,True,,-0.20360170608819095,none
2015-10-14,7,2,32,S7_E01,Full Day,32,392,41,-0.5243343462090004,-0.653028451874419,False,False,True,,-0.1409327365564238,none
2015-10-14,10,2,72,S10_E01,Full Day,72,392,65,-0.5243343462090004,-0.5985902819832933,False,False,True,,-0.2153019306518288,none
2015-10-15,1,2,59,S1_E01,Shift 1,26,392,52,0.12688062337477152,-0.234975786307904,False,False,True,,-0.22957783319070524,none
2015-10-21,6,2,45,S6_E02,Shift 2,20,392,43,-0.22670125637824512,-0.5985856290901675,False,False,True,,-0.11102537770607124,none
2015-10-26,1,2,36,S1_E01,Shift 1,20,392,55,-3.1162892157826616,-1.6482182173900886,True,False,False,,0.04860270572077047,product_anomaly
2015-10-26,1,2,36,S1_E02,Shift 2,16,392,55,-3.1162892157826616,-1.7585636432522993,True,False,False,,0.033590075439113576,product_anomaly
2015-10-26,2,2,64,S2_E01,Shift 1,38,392,75,-3.1162892157826616,-1.2996413681801458,True,False,False,,0.053273285342147536,product_anomaly
2015-10-26,2,2,64,S2_E02,Shift 2,26,392,75,-3.1162892157826616,-1.3323269233503223,True,False,False,,0.03816815813762414,product_anomaly
2015-10-26,3,2,28,S3_E01,Shift 1,13,392,69,-3.1162892157826616,-1.4867634409629793,True,False,False,,0.055541400977310806,product_anomaly
2015-10-26,3,2,28,S3_E02,Shift 2,15,392,69,-3.1162892157826616,-1.8139490830173342,True,False,False,,0.05821049419765245,product_anomaly
2015-10-26,4,2,44,S4_E01,Full Day,44,392,62,-3.1162892157826616,-1.4656218978621798,True,False,False,,0.037905842594692596,product_anomaly
2015-10-26,5,2,35,S5_E01,Full Day,35,392,43,-3.1162892157826616,-1.7652996971253978,True,False,False,,0.06067169845824505,product_anomaly
2015-10-26,6,2,22,S6_E01,Shift 1,13,392,44,-3.1162892157826616,-2.018141625565236,True,False,False,,0.04029836115151236,product_anomaly
2015-10-26,6,2,22,S6_E02,Shift 2,9,392,44,-3.1162892157826616,-1.5095723721615943,True,False,False,,0.06120251971814766,product_anomaly
2015-10-26,7,2,30,S7_E01,Full Day,30,392,40,-3.1162892157826616,-1.3177420860602322,True,False,False,,0.05849284324836035,product_anomaly
2015-10-26,8,2,55,S8_E01,Shift 1,27,392,71,-3.1162892157826616,-1.5882022444012647,True,False,False,,0.03178130774211335,product_anomaly
2015-10-26,8,2,55,S8_E02,Shift 2,28,392,71,-3.1162892157826616,-1.514277909503793,True,False,False,,0.0070400231360900345,product_anomaly
2015-10-26,9,2,51,S9_E01,Shift 1,21,392,62,-3.1162892157826616,-1.5922308885366485,True,False,False,,0.03322218479071248,product_anomaly
2015-10-26,9,2,51,S9_E02,Shift 2,30,392,62,-3.1162892157826616,-1.5300857070754579,True,False,False,,0.05261299248987672,product_anomaly
2015-10-26,10,2,47,S10_E01,Full Day,47,392,65,-3.1162892157826616,-1.3558427624180336,True,False,False,,0.05705836601605557,product_anomaly
2016-07-13,5,2,45,S5_E01,Full Day,45,392,58,-0.5377923079985223,-0.7430067150566523,False,False,True,,-0.0716821551086162,none
2016-07-23,1,2,79,S1_E02,Shift 2,44,392,75,0.6757598175573686,0.7393779841145975,False,False,True,,-0.08026944671231329,none
2016-07-23,2,2,107,S2_E01,Shift 1,62,392,100,0.6757598175573686,0.6141076287572463,False,False,True,,-0.143627882322225,none
2016-07-23,2,2,107,S2_E02,Shift 2,45,392,100,0.6757598175573686,0.6395203131801276,False,False,True,,-0.1464156219379994,none
2016-08-04,3,2,82,S3_E02,Shift 2,46,392,92,-0.32175511948254704,-0.41565316001515995,False,False,True,,-0.10362740401538995,none
2016-08-04,7,2,47,S7_E01,Full Day,47,392,54,-0.32175511948254704,-0.41227254074868913,False,False,True,,-0.18944717904761554,none
2016-08-06,6,2,61,S6_E01,Shift 1,31,392,59,0.9796109678924073,0.40924384307936706,False,False,True,,-0.16810256485718122,none
2016-08-06,9,2,83,S9_E02,Shift 2,40,392,84,0.9796109678924073,0.41921638700116587,False,False,True,,-0.1991755837959509,none
2016-08-06,10,2,90,S10_E01,Full Day,90,392,88,0.9796109678924073,0.4110227979637921,False,False,True,,-0.14186358990071668,none
2016-08-07,4,2,94,S4_E01,Full Day,94,392,84,1.0317081184170465,0.7838008185168067,False,False,True,,-0.04617719609831239,none
2016-08-22,7,2,41,S7_E01,Full Day,41,392,50,-1.29879069495994,-1.4190786556111066,False,False,True,,-0.14887561090182788,none
2016-08-24,9,2,68,S9_E01,Shift 1,28,392,75,-0.6337632404081195,-0.39404025687519045,False,False,True,,-0.18656867805646127,none
2016-08-26,2,2,79,S2_E02,Shift 2,33,392,96,0.4145022081206781,0.4592042898537253,False,False,True,,-0.10883322604834389,none
2016-08-26,6,2,63,S6_E02,Shift 2,30,392,55,0.4145022081206781,-0.013585692922748258,False,False,True,,-0.18881676104710943,none
2016-08-26,7,2,48,S7_E01,Full Day,48,392,49,0.4145022081206781,0.5837386872646196,False,False,True,,-0.18129694124286688,none
2016-08-27,1,2,81,S1_E01,Shift 1,48,392,67,0.7229489517281482,1.0959789397408415,False,False,True,,-0.22809846794288358,none
2016-08-27,9,2,72,S9_E02,Shift 2,37,392,76,0.7229489517281482,0.7364014020948743,False,False,True,,-0.20999809343204145,none
2016-08-27,10,2,71,S10_E01,Full Day,71,392,85,0.7229489517281482,0.9940280303536958,False,False,True,,-0.1537505060563008,none
2016-08-28,2,2,125,S2_E02,Shift 2,73,392,96,1.5281495877213191,1.2891227658464972,False,False,True,,-0.21234637712242932,none
2016-08-28,3,2,95,S3_E01,Shift 1,57,392,85,1.5281495877213191,1.3904756405986352,False,False,True,,-0.23602322817744892,none
2016-08-28,3,2,95,S3_E02,Shift 2,38,392,85,1.5281495877213191,1.090027922378724,False,False,True,,-0.24605058376166145,none
2016-08-28,4,2,85,S4_E01,Full Day,85,392,78,1.5281495877213191,1.4543158950388988,False,False,True,,-0.18776884083011658,none
2016-08-28,5,2,64,S5_E01,Full Day,64,392,55,1.5281495877213191,1.4008110603070252,False,False,True,,-0.19659735904310138,none
2016-08-28,8,2,103,S8_E01,Shift 1,49,392,89,1.5281495877213191,1.0071631369427607,False,False,True,,-0.22308741097532558,none
2016-08-28,8,2,103,S8_E02,Shift 2,54,392,89,1.5281495877213191,1.0367571893081038,False,False,True,,-0.22760601309633943,none
2016-08-28,9,2,81,S9_E01,Shift 1,37,392,75,1.5281495877213191,1.31766892123443,False,False,True,,-0.1617586584044972,none
2016-08-29,1,2,60,S1_E02,Shift 2,34,392,68,-1.3854457089151113,-1.287654051266724,False,False,True,,-0.2305657462038183,none
2016-08-29,2,2,82,S2_E01,Shift 1,34,392,97,-1.3854457089151113,-1.5592292375937684,False,False,True,,-0.24202335175154788,none
2016-08-29,2,2,82,S2_E02,Shift 2,48,392,97,-1.3854457089151113,-1.519117859284805,False,False,True,,-0.2390172005706125,none
2016-08-29,3,2,52,S3_E01,Shift 1,26,392,85,-1.3854457089151113,-1.498354625923661,False,False,True,,-0.16574669709212075,none
2016-08-29,6,2,46,S6_E02,Shift 2,21,392,55,-1.3854457089151113,-1.860942302848086,False,False,True,,-0.2256395222133445,none
2016-08-29,7,2,48,S7_E01,Full Day,48,392,49,-1.3854457089151113,-1.5640510955023417,False,False,True,,-0.2211331324568726,none
2016-08-30,1,2,50,S1_E02,Shift 2,23,392,67,-1.0465849428771479,-0.3688494125299942,False,False,True,,-0.21772584579683407,none
2016-08-30,2,2,82,S2_E01,Shift 1,40,392,96,-1.0465849428771479,-0.5904110039375788,False,False,True,,-0.14072309908569203,none
2016-08-30,2,2,82,S2_E02,Shift 2,42,392,96,-1.0465849428771479,-1.1239161459347378,False,False,True,,-0.19612621020725807,none
2016-08-30,3,2,86,S3_E01,Shift 1,52,392,83,-1.0465849428771479,-0.20403224763245434,False,False,True,,-0.19616403791660642,none
2016-09-14,4,2,78,S4_E01,Full Day,78,392,73,0.21052633506290827,-0.440332544526888,False,False,True,,-0.1485933210674657,none
2016-09-15,8,2,91,S8_E01,Shift 1,52,392,86,0.1262271469016055,0.21905725477149954,False,False,True,,-0.15738095719303746,none
2016-09-17,1,2,66,S1_E01,Shift 1,30,392,63,0.5528507373993913,0.6791799935932551,False,False,True,,-0.18968147350096265,none
2016-09-17,1,2,66,S1_E02,Shift 2,36,392,63,0.5528507373993913,0.851966086214247,False,False,True,,-0.16194451039843516,none
2016-09-18,3,2,97,S3_E01,Shift 1,41,392,77,1.5723357018219875,1.653538223479182,False,False,True,,-0.1954699567097946,none
2016-09-18,3,2,97,S3_E02,Shift 2,56,392,77,1.5723357018219875,1.1234674475333475,False,False,True,,-0.23139315296635454,none
2016-09-18,4,2,74,S4_E01,Full Day,74,392,71,1.5723357018219875,1.4748412229656576,False,False,True,,-0.1840562176492806,none
2016-09-18,9,2,84,S9_E01,Shift 1,42,392,72,1.5723357018219875,1.6293789725829337,False,False,True,,-0.12774543650858716,none
2016-09-19,3,2,54,S3_E01,Shift 1,32,392,77,-1.581508849004199,-1.5074472858433368,False,False,True,,-0.12735810783627344,none
2016-09-19,7,2,47,S7_E01,Full Day,47,392,48,-1.581508849004199,-1.3409125290753225,False,False,True,,-0.21772584579683407,none
2016-09-19,8,2,52,S8_E01,Shift 1,24,392,87,-1.581508849004199,-2.1487998924136673,False,False,True,,-0.1795118061651032,none
2016-09-20,1,2,52,S1_E01,Shift 1,21,392,63,-0.48861078036247324,-0.610299567556473,False,False,True,,-0.23652137992353273,none
2016-09-20,1,2,52,S1_E02,Shift 2,31,392,63,-0.48861078036247324,-0.4136292187376084,False,False,True,,-0.24756642448283805,none
2016-09-20,5,2,39,S5_E01,Full Day,39,392,51,-0.48861078036247324,-0.6436451878932374,False,False,True,,-0.2020764911785442,none
2016-09-20,6,2,45,S6_E01,Shift 1,18,392,53,-0.48861078036247324,-0.6264367473093384,False,False,True,,-0.22162120635908056,none
2016-09-20,6,2,45,S6_E02,Shift 2,27,392,53,-0.48861078036247324,-0.6797033052357522,False,False,True,,-0.1820227768820465,none
2016-09-20,9,2,65,S9_E01,Shift 1,32,392,70,-0.48861078036247324,-0.8563500956800965,False,False,True,,-0.2236783461385332,none
2016-09-20,9,2,65,S9_E02,Shift 2,33,392,70,-0.48861078036247324,-0.25763613998955737,False,False,True,,-0.23205012451769724,none
2016-09-20,10,2,68,S10_E01,Full Day,68,392,77,-0.48861078036247324,-0.47715124769047823,False,False,True,,-0.22504698560951053,none
2016-09-21,1,2,64,S1_E01,Shift 1,27,392,61,0.0325356093864558,-0.8037648319630778,False,False,True,,-0.18867946791944112,none
2016-09-21,1,2,64,S1_E02,Shift 2,37,392,61,0.0325356093864558,-0.7914741917664392,False,False,True,,-0.19079095729819084,none
2016-09-21,2,2,84,S2_E01,Shift 1,50,392,90,0.0325356093864558,-0.6041236242192353,False,False,True,,-0.23652137992353273,none
2016-09-21,2,2,84,S2_E02,Shift 2,34,392,90,0.0325356093864558,-0.8629327135500102,False,False,True,,-0.24001789532330975,none
2016-09-21,3,2,70,S3_E01,Shift 1,35,392,76,0.0325356093864558,-0.6127031455777405,False,False,True,,-0.24756642448283805,none
2016-09-21,3,2,70,S3_E02,Shift 2,35,392,76,0.0325356093864558,-0.38656005978184493,False,False,True,,-0.25366064916899544,none
2016-09-21,4,2,60,S4_E01,Full Day,60,392,68,0.0325356093864558,-0.638586154382074,False,False,True,,-0.2445378167112875,none
2016-09-21,5,2,43,S5_E01,Full Day,43,392,50,0.0325356093864558,-0.5868762549882436,False,False,True,,-0.15356315181614288,none
2016-09-21,8,2,104,S8_E02,Shift 2,54,392,84,0.0325356093864558,-0.16476380289983578,False,False,True,,-0.2020764911785442,none
2016-09-21,9,2,76,S9_E01,Shift 1,37,392,70,0.0325356093864558,-0.2996821701310421,False,False,True,,-0.22908437776440693,none
2016-09-21,9,2,76,S9_E02,Shift 2,39,392,70,0.0325356093864558,-0.8534408744872195,False,False,True,,-0.18443411159950407,none
2016-09-21,10,2,74,S10_E01,Full Day,74,392,76,0.0325356093864558,-0.40405375698420787,False,False,True,,-0.18709364586437427,none
2016-09-22,1,2,56,S1_E01,Shift 1,31,392,62,0.1843684531899141,-0.42834485413813506,False,False,True,,-0.20228732391118842,none
2016-09-22,1,2,56,S1_E02,Shift 2,25,392,62,0.1843684531899141,0.19980830364365718,False,False,True,,-0.2037142455525912,none
2016-09-22,2,2,74,S2_E01,Shift 1,30,392,90,0.1843684531899141,-0.0923641279794623,False,False,True,,-0.22650851849020404,none
2016-09-22,2,2,74,S2_E02,Shift 2,44,392,90,0.1843684531899141,-0.30720287559957193,False,False,True,,-0.25111537443434084,none
2016-09-22,3,2,87,S3_E01,Shift 1,36,392,76,0.1843684531899141,0.21460818705574974,False,False,True,,-0.23453079359977913,none
2016-09-22,8,2,79,S8_E01,Shift 1,36,392,84,0.1843684531899141,-0.24034777564985382,False,False,True,,-0.1932001597643639,none
2016-09-24,5,2,59,S5_E01,Full Day,59,392,50,1.2628645921913264,0.908101035151149,False,False,True,,-0.17738019215726852,none
2016-09-29,3,2,92,S3_E01,Shift 1,40,392,76,-0.09442308297038403,-0.09515066879900881,False,False,True,,-0.17665584120850164,none
2016-09-29,3,2,92,S3_E02,Shift 2,52,392,76,-0.09442308297038403,-0.20595699747303833,False,False,True,,-0.146389472974377,none
2016-09-29,6,2,42,S6_E02,Shift 2,17,392,52,-0.09442308297038403,-0.4761568328450521,False,False,True,,-0.1515033569346781,none
2016-12-05,2,2,44,S2_E01,Shift 1,20,392,84,-2.84409658977917,-3.039797685865822,False,True,False,,0.012131909560908427,employee_anomaly
2016-12-05,6,2,28,S6_E01,Shift 1,14,392,49,-2.84409658977917,-3.552929269017943,False,True,False,,0.04970959291970356,employee_anomaly
2016-12-05,7,2,21,S7_E01,Full Day,21,392,45,-2.84409658977917,-3.1441222038535632,False,True,False,,0.04191648749116317,employee_anomaly
2016-12-05,8,2,46,S8_E01,Shift 1,19,392,82,-2.84409658977917,-3.7685143438139015,False,True,False,,0.05968650521099228,employee_anomaly
2016-12-05,8,2,46,S8_E02,Shift 2,27,392,82,-2.84409658977917,-3.111510025863777,False,True,False,,0.05703390994882629,employee_anomaly
2016-12-05,9,2,37,S9_E02,Shift 2,17,392,69,-2.84409658977917,-3.3474208166871384,False,True,False,,0.05301501210660953,employee_anomaly
2016-12-05,10,2,46,S10_E01,Full Day,46,392,72,-2.84409658977917,-3.2437638134469884,False,True,False,,0.04181116653297284,employee_anomaly
2017-04-01,1,2,61,S1_E01,Shift 1,36,392,51,1.8330735264049876,3.05140781233218,False,True,False,,0.05282300054718231,employee_anomaly
2017-12-04,1,2,33,S1_E01,Shift 1,18,392,65,-3.7523556689998436,-3.566924808659965,True,True,False,,0.048822009194890825,product_and_employee_anomaly
2017-12-04,1,2,33,S1_E02,Shift 2,15,392,65,-3.7523556689998436,-3.439934189042974,True,True,False,,0.06577431367708586,product_and_employee_anomaly
2017-12-04,2,2,50,S2_E01,Shift 1,27,392,86,-3.7523556689998436,-3.4289887985334744,True,True,False,,0.06796629229374712,product_and_employee_anomaly
2017-12-04,2,2,50,S2_E02,Shift 2,23,392,86,-3.7523556689998436,-3.42560784986891,True,True,False,,0.0639939634025139,product_and_employee_anomaly
2017-12-04,3,2,38,S3_E01,Shift 1,21,392,77,-3.7523556689998436,-4.010676658948157,True,True,False,,0.06187775472130641,product_and_employee_anomaly
2017-12-04,3,2,38,S3_E02,Shift 2,17,392,77,-3.7523556689998436,-3.2163317411983594,True,True,False,,0.05827006865469592,product_and_employee_anomaly
2017-12-04,4,2,31,S4_E01,Full Day,31,392,70,-3.7523556689998436,-3.284111898833113,True,True,False,,0.049681340900577464,product_and_employee_anomaly
2017-12-04,5,2,21,S5_E01,Full Day,21,392,51,-3.7523556689998436,-3.2458225710762023,True,True,False,,0.0449195449189434,product_and_employee_anomaly
2017-12-04,6,2,30,S6_E01,Shift 1,15,392,55,-3.7523556689998436,-3.2986405964081293,True,True,False,,0.07606363411836331,product_and_employee_anomaly
2017-12-04,6,2,30,S6_E02,Shift 2,15,392,55,-3.7523556689998436,-3.3301889302159635,True,True,False,,0.06894541974390356,product_and_employee_anomaly
2017-12-04,7,2,22,S7_E01,Full Day,22,392,46,-3.7523556689998436,-3.144474792045703,True,True,False,,0.06302054931923268,product_and_employee_anomaly
2017-12-04,8,2,48,S8_E01,Shift 1,22,392,84,-3.7523556689998436,-3.5723822669368586,True,True,False,,0.06567998254770852,product_and_employee_anomaly
2017-12-04,8,2,48,S8_E02,Shift 2,26,392,84,-3.7523556689998436,-3.58582252955439,True,True,False,,0.05780932443946113,product_and_employee_anomaly
2017-12-04,9,2,43,S9_E01,Shift 1,20,392,72,-3.7523556689998436,-3.189292177224606,True,True,False,,0.05901236971794832,product_and_employee_anomaly
2017-12-04,9,2,43,S9_E02,Shift 2,23,392,72,-3.7523556689998436,-3.1563508443071124,True,True,False,,0.059974520360036254,product_and_employee_anomaly
2017-12-04,10,2,40,S10_E01,Full Day,40,392,76,-3.7523556689998436,-3.105707653984013,True,True,False,,0.07450881103817658,product_and_employee_anomaly
2017-12-31,1,2,67,S1_E01,Shift 1,30,392,47,3.0581394071667294,1.3654622827809193,True,False,False,,0.06619333789094017,product_anomaly
2017-12-31,1,2,67,S1_E02,Shift 2,37,392,47,3.0581394071667294,1.339378102204781,True,False,False,,0.06193686698688733,product_anomaly
2017-12-31,2,2,79,S2_E01,Shift 1,40,392,64,3.0581394071667294,1.5802131438183722,True,False,False,,0.05199251503667801,product_anomaly
2017-12-31,2,2,79,S2_E02,Shift 2,39,392,64,3.0581394071667294,1.29624164701756,True,False,False,,0.06787473098334235,product_anomaly
2017-12-31,3,2,68,S3_E01,Shift 1,35,392,57,3.0581394071667294,1.6946648621341547,True,False,False,,0.0719821144337719,product_anomaly
2017-12-31,3,2,68,S3_E02,Shift 2,33,392,57,3.0581394071667294,1.3554540569186058,True,False,False,,0.06726322648325173,product_anomaly
2017-12-31,4,2,58,S4_E01,Full Day,58,392,53,3.0581394071667294,1.5714962078355044,True,False,False,,0.06928393614035083,product_anomaly
2017-12-31,5,2,53,S5_E01,Full Day,53,392,39,3.0581394071667294,1.307600798329862,True,False,False,,0.06746033369176518,product_anomaly
2017-12-31,6,2,51,S6_E01,Shift 1,27,392,38,3.0581394071667294,1.4587013633669963,True,False,False,,0.04594162560444026,product_anomaly
2017-12-31,6,2,51,S6_E02,Shift 2,24,392,38,3.0581394071667294,1.500914743493309,True,False,False,,0.030196352624050238,product_anomaly
2017-12-31,7,2,39,S7_E01,Full Day,39,392,34,3.0581394071667294,1.3053088304211837,True,False,False,,0.06139754723367319,product_anomaly
2017-12-31,8,2,96,S8_E01,Shift 1,48,392,62,3.0581394071667294,0.9204663715594992,True,False,False,,0.06521337432430374,product_anomaly
2017-12-31,8,2,96,S8_E02,Shift 2,48,392,62,3.0581394071667294,1.6757274120422612,True,False,False,,0.06469646710703691,product_anomaly
2017-12-31,9,2,63,S9_E01,Shift 1,37,392,53,3.0581394071667294,1.2805511918838413,True,False,False,,0.0626605036574886,product_anomaly
2017-12-31,9,2,63,S9_E02,Shift 2,26,392,53,3.0581394071667294,1.44468934796803,True,False,False,,0.06893868860040309,product_anomaly
2017-12-31,10,2,60,S10_E01,Full Day,60,392,56,3.0581394071667294,1.5691684988030419,True,False,False,,0.06357028235780987,product_anomaly
2013-01-28,1,3,14,S1_E01,Shift 1,6,334,18,-3.434605645155152,-1.5613897248054815,True,False,False,,0.012816661149274877,product_anomaly
2013-01-28,1,3,14,S1_E02,Shift 2,8,334,18,-3.434605645155152,-1.5172235400978773,True,False,False,,0.030576847956772846,product_anomaly
2013-01-28,2,3,22,S2_E01,Shift 1,10,334,27,-3.434605645155152,-1.5041354124171888,True,False,False,,0.06468586339334703,product_anomaly
2013-01-28,2,3,22,S2_E02,Shift 2,12,334,27,-3.434605645155152,-1.4274676969966078,True,False,False,,0.07286487312368212,product_anomaly
2013-01-28,3,3,14,S3_E01,Shift 1,6,334,24,-3.434605645155152,-1.3595207506983245,True,False,False,,0.07049322899676441,product_anomaly
2013-01-28,3,3,14,S3_E02,Shift 2,8,334,24,-3.434605645155152,-1.5220613030267625,True,False,False,,0.07324048962457758,product_anomaly
2013-01-28,4,3,13,S4_E01,Full Day,13,334,23,-3.434605645155152,-1.5202815405385517,True,False,False,,0.06359777146961348,product_anomaly
2013-01-28,5,3,9,S5_E01,Full Day,9,334,15,-3.434605645155152,-1.9359970999718965,True,False,False,,-0.009742984388754539,product_anomaly
2013-01-28,6,3,10,S6_E01,Shift 1,6,334,16,-3.434605645155152,-1.9235749146744918,True,False,False,,0.04223682771297749,product_anomaly
2013-01-28,6,3,10,S6_E02,Shift 2,4,334,16,-3.434605645155152,-1.4575895418914833,True,False,False,,0.06554435210718507,product_anomaly
2013-01-28,7,3,9,S7_E01,Full Day,9,334,14,-3.434605645155152,-1.5759068043627062,True,False,False,,0.06578234055982285,product_anomaly
2013-01-28,8,3,20,S8_E01,Shift 1,10,334,26,-3.434605645155152,-1.101251081469641,True,False,False,,0.06624641288059263,product_anomaly
2013-01-28,8,3,20,S8_E02,Shift 2,10,334,26,-3.434605645155152,-1.0336024234771148,True,False,False,,0.06423908831595032,product_anomaly
2013-01-28,9,3,16,S9_E01,Shift 1,9,334,21,-3.434605645155152,-1.472772055295894,True,False,False,,0.06008706235665012,product_anomaly
2013-01-28,9,3,16,S9_E02,Shift 2,7,334,21,-3.434605645155152,-0.9663184769670363,True,False,False,,0.05317834015784445,product_anomaly
2013-01-28,10,3,12,S10_E01,Full Day,12,334,24,-3.434605645155152,-1.267823622650247,True,False,False,,0.056328112155621,product_anomaly
2013-02-13,9,3,21,S9_E01,Shift 1,10,334,22,-0.497651911990262,-0.45199277262352583,False,False,True,,-0.12328012208140193,none
2013-03-21,10,3,31,S10_E01,Full Day,31,334,29,0.6077289958312848,-0.14144180060962386,False,False,True,,-0.1198499513050787,none
2013-03-23,8,3,29,S8_E02,Shift 2,16,334,32,1.1478890899776466,0.6700266788213628,False,False,True,,-0.08549453988090183,none
2013-05-12,1,3,38,S1_E01,Shift 1,17,334,30,3.4801955117342316,1.061804314187131,True,False,False,,-0.007634318079111968,product_anomaly
2013-05-12,1,3,38,S1_E02,Shift 2,21,334,30,3.4801955117342316,1.778226582256123,True,False,False,,-0.01727230232109922,product_anomaly
2013-05-12,2,3,59,S2_E01,Shift 1,26,334,42,3.4801955117342316,1.4440420503056686,True,False,False,,-0.011695467929623948,product_anomaly
2013-05-12,2,3,59,S2_E02,Shift 2,33,334,42,3.4801955117342316,0.9583333902138867,True,False,False,,0.036227028714029164,product_anomaly
2013-05-12,3,3,53,S3_E01,Shift 1,24,334,39,3.4801955117342316,1.6363205315439606,True,False,False,,0.02897582668936577,product_anomaly
2013-05-12,3,3,53,S3_E02,Shift 2,29,334,39,3.4801955117342316,1.0467650032560782,True,False,False,,0.034313738966901486,product_anomaly
2013-05-12,4,3,46,S4_E01,Full Day,46,334,34,3.4801955117342316,1.3741261660388584,True,False,False,,0.02070926296762199,product_anomaly
2013-05-12,5,3,33,S5_E01,Full Day,33,334,27,3.4801955117342316,1.6698097424471408,True,False,False,,0.03920756272255893,product_anomaly
2013-05-12,6,3,30,S6_E01,Shift 1,15,334,26,3.4801955117342316,1.5448434902271222,True,False,False,,0.039292036906551975,product_anomaly
2013-05-12,6,3,30,S6_E02,Shift 2,15,334,26,3.4801955117342316,1.451105017705592,True,False,False,,-0.02662501793256533,product_anomaly
2013-05-12,7,3,32,S7_E01,Full Day,32,334,22,3.4801955117342316,0.843275188712223,True,False,False,,0.02527671368262213,product_anomaly
2013-05-12,8,3,52,S8_E01,Shift 1,29,334,44,3.4801955117342316,1.2241168020295192,True,False,False,,0.02351334760206636,product_anomaly
2013-05-12,8,3,52,S8_E02,Shift 2,23,334,44,3.4801955117342316,1.1299439537488796,True,False,False,,0.03364638838652195,product_anomaly
2013-05-12,9,3,45,S9_E01,Shift 1,26,334,36,3.4801955117342316,1.0834685435435738,True,False,False,,0.03236818922934431,product_anomaly
2013-05-12,9,3,45,S9_E02,Shift 2,19,334,36,3.4801955117342316,1.3111340551811168,True,False,False,,0.03189124340387828,product_anomaly
2013-05-12,10,3,57,S10_E01,Full Day,57,334,38,3.4801955117342316,1.424678779985917,True,False,False,,0.019669830748340555,product_anomaly
2013-08-05,2,3,31,S2_E01,Shift 1,13,334,52,-2.764591973285128,-3.037931708682254,False,True,False,,0.04274514937525736,employee_anomaly
2013-08-05,2,3,31,S2_E02,Shift 2,18,334,52,-2.764591973285128,-3.4857102754090485,False,True,False,,0.05867788688457026,employee_anomaly
2013-12-02,1,3,20,S1_E01,Shift 1,10,334,29,-4.017581443408415,-3.1254292363912257,True,True,False,,0.04703295709748384,product_and_employee_anomaly
2013-12-02,1,3,20,S1_E02,Shift 2,10,334,29,-4.017581443408415,-2.851006355389951,True,False,False,,0.05276067914206761,product_anomaly
2013-12-02,2,3,16,S2_E01,Shift 1,8,334,41,-4.017581443408415,-3.412450649859274,True,True,False,,0.05261644849819447,product_and_employee_anomaly
2013-12-02,2,3,16,S2_E02,Shift 2,8,334,41,-4.017581443408415,-3.2785932441135652,True,True,False,,0.048984446627639955,product_and_employee_anomaly
2013-12-02,3,3,30,S3_E01,Shift 1,18,334,37,-4.017581443408415,-3.2501487509139597,True,True,False,,0.015758231713467075,product_and_employee_anomaly
2013-12-02,3,3,30,S3_E02,Shift 2,12,334,37,-4.017581443408415,-3.4328063228458867,True,True,False,,-0.007766934813801196,product_and_employee_anomaly
2013-12-02,4,3,19,S4_E01,Full Day,19,334,34,-4.017581443408415,-3.448513956982832,True,True,False,,-0.0015941561366427104,product_and_employee_anomaly
2013-12-02,5,3,18,S5_E01,Full Day,18,334,24,-4.017581443408415,-3.1959090536893515,True,True,False,,0.0394131869677114,product_and_employee_anomaly
2013-12-02,6,3,15,S6_E01,Shift 1,7,334,24,-4.017581443408415,-2.8345600406685025,True,False,False,,0.04577623959631061,product_anomaly
2013-12-02,6,3,15,S6_E02,Shift 2,8,334,24,-4.017581443408415,-3.0818675698167812,True,True,False,,0.05403610510576706,product_and_employee_anomaly
2013-12-02,7,3,18,S7_E01,Full Day,18,334,23,-4.017581443408415,-2.9208666389824898,True,False,False,,0.05443352292536707,product_anomaly
2013-12-02,8,3,17,S8_E01,Shift 1,9,334,39,-4.017581443408415,-3.3597203284094452,True,True,False,,0.036892947777418805,product_and_employee_anomaly
2013-12-02,8,3,17,S8_E02,Shift 2,8,334,39,-4.017581443408415,-3.335819773959348,True,True,False,,-0.010386542354722028,product_and_employee_anomaly
2013-12-02,9,3,20,S9_E01,Shift 1,9,334,34,-4.017581443408415,-3.305771183792513,True,True,False,,0.03728405810535884,product_and_employee_anomaly
2013-12-02,9,3,20,S9_E02,Shift 2,11,334,34,-4.017581443408415,-3.696275698428471,True,True,False,,0.0468913628703575,product_and_employee_anomaly
2013-12-02,10,3,20,S10_E01,Full Day,20,334,37,-4.017581443408415,-3.0878038047354686,True,True,False,,0.04674560842365455,product_and_employee_anomaly
2014-01-11,6,3,23,S6_E01,Shift 1,13,334,17,1.783822417644054,1.0843725878886992,False,False,True,,-0.0861390672729041,none
2014-01-22,2,3,30,S2_E02,Shift 2,16,334,28,-0.7912908802670154,-0.7675056780923367,False,False,True,,-0.12856674008090196,none
2014-02-22,1,3,26,S1_E01,Shift 1,11,334,23,3.423689920417031,0.9844958798662595,True,False,False,,-0.0424793515701225,product_anomaly
2014-02-22,1,3,26,S1_E02,Shift 2,15,334,23,3.423689920417031,0.8501207741658813,True,False,False,,-0.048686384748536815,product_anomaly
2014-02-22,2,3,47,S2_E01,Shift 1,24,334,31,3.423689920417031,0.8041662290601675,True,False,False,,0.010020429952835308,product_anomaly
2014-02-22,2,3,47,S2_E02,Shift 2,23,334,31,3.423689920417031,0.7194316436172578,True,False,False,,0.020540199993481056,product_anomaly
2014-02-22,3,3,45,S3_E01,Shift 1,18,334,28,3.423689920417031,0.9192135838710537,True,False,False,,0.022815205080501333,product_anomaly
2014-02-22,3,3,45,S3_E02,Shift 2,27,334,28,3.423689920417031,1.1267794054089753,True,False,False,,0.03170306109118942,product_anomaly
2014-02-22,4,3,34,S4_E01,Full Day,34,334,27,3.423689920417031,0.8153662578175521,True,False,False,,-0.012844587800560858,product_anomaly
2014-02-22,5,3,21,S5_E01,Full Day,21,334,20,3.423689920417031,0.6309457821659872,True,False,False,,-0.012459574494336323,product_anomaly
2014-02-22,6,3,22,S6_E01,Shift 1,11,334,21,3.423689920417031,0.700659153741177,True,False,False,,-0.014817255555427233,product_anomaly
2014-02-22,6,3,22,S6_E02,Shift 2,11,334,21,3.423689920417031,0.8238542918475026,True,False,False,,0.018085026662290782,product_anomaly
2014-02-22,7,3,24,S7_E01,Full Day,24,334,18,3.423689920417031,1.33049912313968,True,False,False,,0.0356658566341867,product_anomaly
2014-02-22,8,3,46,S8_E01,Shift 1,23,334,31,3.423689920417031,1.2382584575060098,True,False,False,,0.026263211774712747,product_anomaly
2014-02-22,8,3,46,S8_E02,Shift 2,23,334,31,3.423689920417031,0.5352119986225905,True,False,False,,0.013716924625756965,product_anomaly
2014-02-22,9,3,35,S9_E01,Shift 1,15,334,27,3.423689920417031,0.8989138990900709,True,False,False,,-0.012100140812629334,product_anomaly
2014-02-22,9,3,35,S9_E02,Shift 2,20,334,27,3.423689920417031,0.9873013978542576,True,False,False,,-0.057793526847693566,product_anomaly
2014-02-22,10,3,40,S10_E01,Full Day,40,334,29,3.423689920417031,0.7081930778131458,True,False,False,,-0.06362146169720295,product_anomaly
2014-02-27,8,3,34,S8_E02,Shift 2,14,334,32,-0.34407539673775495,0.028945877207488684,False,False,True,,-0.20074508026971227,none
2014-03-01,2,3,58,S2_E01,Shift 1,24,334,33,1.5392844042806642,3.349005610782279,False,True,True,,-0.08189085529084161,employee_anomaly
2014-03-01,5,3,22,S5_E01,Full Day,22,334,20,1.5392844042806642,3.306479451837381,False,True,False,,-0.13712850290648826,employee_anomaly
2014-03-16,4,3,30,S4_E01,Full Day,30,334,30,0.9663945470199229,1.0743036971009132,False,False,True,,-0.11306645184376252,none
2014-03-22,1,3,33,S1_E02,Shift 2,16,334,26,0.9791995063174757,0.7570483321411984,False,False,True,,-0.18124952462321986,none
2014-03-23,5,3,26,S5_E01,Full Day,26,334,22,1.8737441991559136,1.5281020929569238,False,False,True,,-0.14807650674437212,none
2014-08-04,2,3,47,S2_E01,Shift 1,27,334,58,-1.984816173950053,-3.2958565872574868,False,True,False,,-0.042727972979431206,employee_anomaly
2014-08-04,4,3,29,S4_E01,Full Day,29,334,46,-1.984816173950053,-3.1397631376093593,False,True,False,,0.053766929271724995,employee_anomaly
2014-08-04,5,3,25,S5_E01,Full Day,25,334,35,-1.984816173950053,-3.2173712129452325,False,True,False,,0.04531285723018158,employee_anomaly
2014-08-04,6,3,20,S6_E02,Shift 2,12,334,34,-1.984816173950053,-3.5017544264003857,False,True,False,,-0.023556479472206404,employee_anomaly
2014-08-04,7,3,19,S7_E01,Full Day,19,334,32,-1.984816173950053,-3.4459186430311015,False,True,False,,0.02473291010501666,employee_anomaly
2014-08-04,8,3,47,S8_E01,Shift 1,27,334,57,-1.984816173950053,-3.8062041584640642,False,True,False,,0.04831470857211212,employee_anomaly
2014-08-04,8,3,47,S8_E02,Shift 2,20,334,57,-1.984816173950053,-3.16064441974807,False,True,False,,0.051164763125889856,employee_anomaly
2014-08-29,1,3,33,S1_E02,Shift 2,17,334,36,-0.21504961946376733,0.6808069105222506,False,False,True,,-0.1536255367466559,none
2014-09-20,9,3,48,S9_E02,Shift 2,23,334,38,0.4403957897648196,0.7020389404107259,False,False,True,,-0.10791321633246609,none
2014-09-21,8,3,51,S8_E02,Shift 2,29,334,45,1.1122439548595306,1.189329109336504,False,False,True,,-0.09598144459584279,none
2014-10-13,2,3,31,S2_E01,Shift 1,15,334,48,-1.21076901332772,-1.4739163185867705,False,False,True,,-0.15693633266400897,none
2014-10-13,6,3,21,S6_E02,Shift 2,9,334,28,-1.21076901332772,-1.372046869780587,False,False,True,,-0.20837212110442038,none
2014-10-14,1,3,20,S1_E01,Shift 1,9,334,34,-1.2572896711921095,-0.7201227786417653,False,False,True,,-0.18705150484896227,none
2014-10-15,3,3,24,S3_E02,Shift 2,13,334,41,-0.8137521495886696,-0.6700386895646265,False,False,True,,-0.17083260969787917,none
2014-10-15,4,3,36,S4_E01,Full Day,36,334,37,-0.8137521495886696,-0.7676197688306841,False,False,True,,-0.13712390701774269,none
2014-11-05,3,3,44,S3_E02,Shift 2,23,334,40,-0.37091744777851,-0.41547912118623076,False,False,True,,-0.20991101285519376,none
2014-11-05,4,3,39,S4_E01,Full Day,39,334,34,-0.37091744777851,-0.4982202335602869,False,False,True,,-0.18227469768074434,none
2014-11-05,8,3,36,S8_E01,Shift 1,18,334,45,-0.37091744777851,-0.23363831266456586,False,False,True,,-0.2202475015249803,none
2014-11-05,8,3,36,S8_E02,Shift 2,18,334,45,-0.37091744777851,-0.2447984144435698,False,False,True,,-0.2310602042428691,none
2014-11-05,9,3,39,S9_E01,Shift 1,20,334,36,-0.37091744777851,-0.10218483306383633,False,False,True,,-0.15159278650317887,none
2014-11-06,2,3,38,S2_E02,Shift 2,20,334,44,-0.12474265336800044,-0.023830438032082246,False,False,True,,-0.22809846794288358,none
2014-11-06,3,3,40,S3_E01,Shift 1,21,334,41,-0.12474265336800044,0.14038028315359732,False,False,True,,-0.16714511826540213,none
2014-11-06,7,3,24,S7_E01,Full Day,24,334,24,-0.12474265336800044,0.5304358633458525,False,False,True,,-0.22269974666384762,none
2014-11-06,8,3,55,S8_E01,Shift 1,28,334,45,-0.12474265336800044,0.3762630055289388,False,False,True,,-0.1703665373923854,none
2014-11-07,1,3,28,S1_E02,Shift 2,13,334,32,0.7957671660641598,0.34672510150202207,False,False,True,,-0.2104786309700145,none
2014-11-07,2,3,57,S2_E01,Shift 1,24,334,44,0.7957671660641598,0.4487178974541145,False,False,True,,-0.15557523603833023,none
2014-11-07,2,3,57,S2_E02,Shift 2,33,334,44,0.7957671660641598,0.38835148051850255,False,False,True,,-0.16946002921117542,none
2014-11-07,3,3,45,S3_E01,Shift 1,25,334,41,0.7957671660641598,0.4361684803742797,False,False,True,,-0.18916626352286503,none
2014-11-07,6,3,31,S6_E01,Shift 1,14,334,26,0.7957671660641598,1.0343709373568952,False,False,True,,-0.20247741147799914,none
2014-12-01,1,3,24,S1_E01,Shift 1,10,334,34,-2.263840807162184,-3.1060032038113756,False,True,False,,0.052371882377859724,employee_anomaly
2014-12-01,1,3,24,S1_E02,Shift 2,14,334,34,-2.263840807162184,-3.2257952791105735,False,True,False,,0.06588181158428574,employee_anomaly
2014-12-01,2,3,26,S2_E01,Shift 1,14,334,48,-2.263840807162184,-3.2103767532981733,False,True,False,,0.04455060653509069,employee_anomaly
2014-12-01,3,3,24,S3_E01,Shift 1,11,334,42,-2.263840807162184,-3.6842826003636517,False,True,False,,0.08064594410933285,employee_anomaly
2014-12-01,3,3,24,S3_E02,Shift 2,13,334,42,-2.263840807162184,-3.7643534802102665,False,True,False,,0.07009789962803986,employee_anomaly
2014-12-01,4,3,27,S4_E01,Full Day,27,334,38,-2.263840807162184,-3.5292108233300348,False,True,False,,0.06292733558098101,employee_anomaly
2014-12-01,5,3,20,S5_E01,Full Day,20,334,27,-2.263840807162184,-3.5544771735009846,False,True,False,,0.0640501893238587,employee_anomaly
2014-12-01,6,3,15,S6_E02,Shift 2,7,334,28,-2.263840807162184,-3.2677552992025225,False,True,False,,0.04475817536985971,employee_anomaly
2014-12-01,7,3,13,S7_E01,Full Day,13,334,27,-2.263840807162184,-3.4795612216587277,False,True,False,,0.08191670251079908,employee_anomaly
2014-12-01,8,3,28,S8_E02,Shift 2,13,334,46,-2.263840807162184,-3.156889714158979,False,True,False,,0.08251878041584731,employee_anomaly
2014-12-01,9,3,27,S9_E01,Shift 1,15,334,40,-2.263840807162184,-3.0877445136207187,False,True,False,,0.07785934417829604,employee_anomaly
2014-12-01,10,3,20,S10_E01,Full Day,20,334,42,-2.263840807162184,-3.4995746414918427,False,True,False,,0.04636892120540059,employee_anomaly
2015-02-01,1,3,32,S1_E01,Shift 1,14,334,23,1.9691791882919745,3.0557660597940646,False,True,False,,0.06959342987376121,employee_anomaly
2015-03-01,1,3,26,S1_E01,Shift 1,12,334,24,3.431715709590036,3.2063842092808192,True,True,False,,0.05317184418527465,product_and_employee_anomaly
2015-03-01,1,3,26,S1_E02,Shift 2,14,334,24,3.431715709590036,2.7011350015772067,True,False,False,,0.04909038244599617,product_anomaly
2015-03-01,2,3,48,S2_E01,Shift 1,28,334,36,3.431715709590036,3.1204913155838128,True,True,False,,0.04282739492574272,product_and_employee_anomaly
2015-03-01,2,3,48,S2_E02,Shift 2,20,334,36,3.431715709590036,2.9504051632544526,True,False,False,,0.013273585680252276,product_anomaly
2015-03-01,3,3,48,S3_E01,Shift 1,21,334,31,3.431715709590036,2.94608151148025,True,False,False,,0.03882409507187434,product_anomaly
2015-03-01,3,3,48,S3_E02,Shift 2,27,334,31,3.431715709590036,3.4103721242964737,True,True,False,,0.04505551408563918,product_and_employee_anomaly
2015-03-01,4,3,43,S4_E01,Full Day,43,334,30,3.431715709590036,3.1596518128314997,True,True,False,,0.04247667373018926,product_and_employee_anomaly
2015-03-01,5,3,28,S5_E01,Full Day,28,334,21,3.431715709590036,3.6387722164072245,True,True,False,,0.07191269044267146,product_and_employee_anomaly
2015-03-01,6,3,19,S6_E01,Shift 1,10,334,20,3.431715709590036,3.2783227914473976,True,True,False,,0.06817882506257139,product_and_employee_anomaly
2015-03-01,6,3,19,S6_E02,Shift 2,9,334,20,3.431715709590036,3.6075677552682435,True,True,False,,0.06959585980379279,product_and_employee_anomaly
2015-03-01,7,3,29,S7_E01,Full Day,29,334,18,3.431715709590036,2.8190730739031222,True,False,False,,0.02790177483281797,product_anomaly
2015-03-01,8,3,51,S8_E01,Shift 1,29,334,34,3.431715709590036,3.332540228908305,True,True,False,,0.022074115129824656,product_and_employee_anomaly
2015-03-01,8,3,51,S8_E02,Shift 2,22,334,34,3.431715709590036,3.009029860439897,True,True,False,,0.06828916663535195,product_and_employee_anomaly
2015-03-01,9,3,48,S9_E01,Shift 1,27,334,29,3.431715709590036,3.562831793884845,True,True,False,,0.06147211942880404,product_and_employee_anomaly
2015-03-01,9,3,48,S9_E02,Shift 2,21,334,29,3.431715709590036,3.0689769065072365,True,True,False,,0.07023166882388848,product_and_employee_anomaly
2015-03-01,10,3,36,S10_E01,Full Day,36,334,30,3.431715709590036,3.035766134572765,True,True,False,,0.06460134691503816,product_and_employee_anomaly
2015-08-03,3,3,41,S3_E01,Shift 1,17,334,55,-2.3819907164562473,-3.230471200097007,False,True,False,,0.020274744246139453,employee_anomaly
2015-08-03,3,3,41,S3_E02,Shift 2,24,334,55,-2.3819907164562473,-3.0968220305556833,False,True,False,,0.04554748466842079,employee_anomaly
2015-08-03,6,3,16,S6_E01,Shift 1,7,334,35,-2.3819907164562473,-3.003013866777452,False,True,False,,0.019232407433545873,employee_anomaly
2015-08-03,9,3,33,S9_E02,Shift 2,18,334,51,-2.3819907164562473,-3.2324063857303305,False,True,False,,0.021415769817907104,employee_anomaly
2016-11-14,3,3,35,S3_E02,Shift 2,21,334,47,-1.2640796809996486,-1.0187147335024846,False,False,True,,-0.1300008496169388,none
2016-12-05,2,3,33,S2_E01,Shift 1,17,334,54,-2.1983211177595194,-3.039797685865822,False,True,False,,-0.03172317630916732,employee_anomaly
2016-12-05,6,3,17,S6_E01,Shift 1,10,334,30,-2.1983211177595194,-3.552929269017943,False,True,False,,-0.011711032041156977,employee_anomaly
2016-12-05,7,3,12,S7_E01,Full Day,12,334,28,-2.1983211177595194,-3.1441222038535632,False,True,False,,0.02813725397425304,employee_anomaly
2016-12-05,8,3,20,S8_E01,Shift 1,9,334,49,-2.1983211177595194,-3.7685143438139015,False,True,False,,0.04420418372281543,employee_anomaly
2016-12-05,8,3,20,S8_E02,Shift 2,11,334,49,-2.1983211177595194,-3.111510025863777,False,True,False,,0.04491954949906146,employee_anomaly
2016-12-05,9,3,29,S9_E02,Shift 2,14,334,41,-2.1983211177595194,-3.3474208166871384,False,True,False,,0.014131949948545997,employee_anomaly
2016-12-05,10,3,24,S10_E01,Full Day,24,334,48,-2.1983211177595194,-3.2437638134469884,False,True,False,,0.006041828724064446,employee_anomaly
2016-12-14,8,3,35,S8_E02,Shift 2,15,334,45,-0.6943480820249127,-0.49976543146983554,False,False,True,,-0.08671172900045943,none
2016-12-18,7,3,22,S7_E01,Full Day,22,334,26,1.6288927331319223,1.1659048054099734,False,False,True,,-0.13594654439447862,none
2016-12-18,8,3,44,S8_E01,Shift 1,24,334,43,1.6288927331319223,1.4935684222632872,False,False,True,,-0.17875882698243573,none
2016-12-20,1,3,24,S1_E01,Shift 1,11,334,31,-0.2374211831623331,-0.36633017265963347,False,False,True,,-0.17574082826900583,none
2016-12-20,5,3,20,S5_E01,Full Day,20,334,26,-0.2374211831623331,-0.28808067388461683,False,False,True,,-0.2117350024785788,none
2016-12-20,10,3,34,S10_E01,Full Day,34,334,40,-0.2374211831623331,-0.6200610750307638,False,False,True,,-0.14186358990071668,none
2016-12-21,3,3,39,S3_E02,Shift 2,22,334,36,-0.7732740273532711,-0.33472995169787584,False,False,True,,-0.21718235656550589,none
2016-12-22,3,3,34,S3_E01,Shift 1,19,334,36,-0.041573210601457654,0.24953627852797916,False,False,True,,-0.06329393986156029,none
2017-01-06,6,3,24,S6_E01,Shift 1,11,334,23,-0.42621517263503994,0.5764915792954924,False,False,True,,-0.11358500647204306,none
2017-01-10,5,3,16,S5_E01,Full Day,16,334,22,-0.03327237612360453,-0.6086208729913357,False,False,True,,-0.1979467536377999,none
2017-01-10,9,3,22,S9_E02,Shift 2,11,334,31,-0.03327237612360453,-0.48878638198212754,False,False,True,,-0.21241661846580362,none
2017-01-10,10,3,33,S10_E01,Full Day,33,334,32,-0.03327237612360453,-0.3161642831930212,False,False,True,,-0.16220157686391312,none
2017-01-11,3,3,27,S3_E01,Shift 1,11,334,35,-1.0869130742013327,-0.5705100904801923,False,False,True,,-0.2244677284929858,none
2017-01-11,3,3,27,S3_E02,Shift 2,16,334,35,-1.0869130742013327,-0.7611018933263638,False,False,True,,-0.22259953852580783,none
2017-01-12,2,3,38,S2_E01,Shift 1,22,334,38,0.43169902283705036,-0.36039692526419204,False,False,True,,-0.177168618969479,none
2017-01-12,2,3,38,S2_E02,Shift 2,16,334,38,0.43169902283705036,-0.3781022283994302,False,False,True,,-0.2181235256383437,none
2017-01-13,2,3,35,S2_E01,Shift 1,19,334,39,0.5169765858648466,0.2162210920048512,False,False,True,,-0.11525394058689109,none
2017-01-13,5,3,28,S5_E01,Full Day,28,334,21,0.5169765858648466,0.9979479117893549,False,False,True,,-0.2241681426801786,none
2017-01-13,6,3,22,S6_E01,Shift 1,11,334,22,0.5169765858648466,0.6641378877752874,False,False,True,,-0.21427684343974485,none
2017-01-13,6,3,22,S6_E02,Shift 2,11,334,22,0.5169765858648466,0.7269868945111579,False,False,True,,-0.15468872950538326,none
2017-01-13,10,3,28,S10_E01,Full Day,28,334,32,0.5169765858648466,0.2651820307599458,False,False,True,,-0.20360170608819095,none
2017-04-01,1,3,40,S1_E01,Shift 1,20,334,33,1.780553908483957,3.05140781233218,False,True,False,,0.048155811597446474,employee_anomaly
2017-12-04,1,3,21,S1_E01,Shift 1,8,334,37,-3.0875450548803967,-3.566924808659965,True,True,False,,0.06010940711635321,product_and_employee_anomaly
2017-12-04,1,3,21,S1_E02,Shift 2,13,334,37,-3.0875450548803967,-3.439934189042974,True,True,False,,0.05825364367740832,product_and_employee_anomaly
2017-12-04,2,3,35,S2_E01,Shift 1,18,334,58,-3.0875450548803967,-3.4289887985334744,True,True,False,,0.07939755826236278,product_and_employee_anomaly
2017-12-04,2,3,35,S2_E02,Shift 2,17,334,58,-3.0875450548803967,-3.42560784986891,True,True,False,,0.07185928156625043,product_and_employee_anomaly
2017-12-04,3,3,26,S3_E01,Shift 1,11,334,47,-3.0875450548803967,-4.010676658948157,True,True,False,,0.07192822186710646,product_and_employee_anomaly
2017-12-04,3,3,26,S3_E02,Shift 2,15,334,47,-3.0875450548803967,-3.2163317411983594,True,True,False,,0.04134180867996984,product_and_employee_anomaly
2017-12-04,4,3,37,S4_E01,Full Day,37,334,43,-3.0875450548803967,-3.284111898833113,True,True,False,,0.019880828925288585,product_and_employee_anomaly
2017-12-04,5,3,25,S5_E01,Full Day,25,334,35,-3.0875450548803967,-3.2458225710762023,True,True,False,,0.056214096292641014,product_and_employee_anomaly
2017-12-04,6,3,23,S6_E01,Shift 1,10,334,33,-3.0875450548803967,-3.2986405964081293,True,True,False,,0.07010502852167044,product_and_employee_anomaly
2017-12-04,6,3,23,S6_E02,Shift 2,13,334,33,-3.0875450548803967,-3.3301889302159635,True,True,False,,0.07877743337768389,product_and_employee_anomaly
2017-12-04,7,3,11,S7_E01,Full Day,11,334,31,-3.0875450548803967,-3.144474792045703,True,True,False,,0.07723789075407411,product_and_employee_anomaly
2017-12-04,8,3,28,S8_E01,Shift 1,11,334,54,-3.0875450548803967,-3.5723822669368586,True,True,False,,0.07604276927327314,product_and_employee_anomaly
2017-12-04,8,3,28,S8_E02,Shift 2,17,334,54,-3.0875450548803967,-3.58582252955439,True,True,False,,0.06593013763979744,product_and_employee_anomaly
2017-12-04,9,3,35,S9_E01,Shift 1,16,334,45,-3.0875450548803967,-3.189292177224606,True,True,False,,0.033481669777085,product_and_employee_anomaly
2017-12-04,9,3,35,S9_E02,Shift 2,19,334,45,-3.0875450548803967,-3.1563508443071124,True,True,False,,0.06635664998297125,product_and_employee_anomaly
2017-12-04,10,3,20,S10_E01,Full Day,20,334,49,-3.0875450548803967,-3.105707653984013,True,True,False,,0.07051817286249917,product_and_employee_anomaly
2013-02-17,1,4,11,S1_E01,Shift 1,6,231,12,3.213661406425049,1.203336458814672,True,False,False,,0.028224619196658585,product_anomaly
2013-02-17,1,4,11,S1_E02,Shift 2,5,231,12,3.213661406425049,1.8658774176174928,True,False,False,,0.028196461533487205,product_anomaly
2013-02-17,2,4,23,S2_E01,Shift 1,10,231,17,3.213661406425049,1.3005148567577463,True,False,False,,-0.022015344411925986,product_anomaly
2013-02-17,2,4,23,S2_E02,Shift 2,13,231,17,3.213661406425049,1.120084896452415,True,False,False,,-0.00831180610290927,product_anomaly
2013-02-17,3,4,23,S3_E01,Shift 1,11,231,14,3.213661406425049,1.2985444051721136,True,False,False,,0.011850550008291383,product_anomaly
2013-02-17,3,4,23,S3_E02,Shift 2,12,231,14,3.213661406425049,1.4383070267571252,True,False,False,,0.017447555980084017,product_anomaly
2013-02-17,4,4,18,S4_E01,Full Day,18,231,14,3.213661406425049,1.2328238415717792,True,False,False,,0.015563322228961174,product_anomaly
2013-02-17,5,4,20,S5_E01,Full Day,20,231,10,3.213661406425049,1.360881443676041,True,False,False,,0.020496396038827247,product_anomaly
2013-02-17,6,4,14,S6_E01,Shift 1,6,231,10,3.213661406425049,1.6131912121235217,True,False,False,,0.020887407115154133,product_anomaly
2013-02-17,6,4,14,S6_E02,Shift 2,8,231,10,3.213661406425049,1.5665833724338964,True,False,False,,0.0033089094760856974,product_anomaly
2013-02-17,7,4,10,S7_E01,Full Day,10,231,9,3.213661406425049,1.3264364917188756,True,False,False,,0.020623285358075838,product_anomaly
2013-02-17,8,4,23,S8_E01,Shift 1,13,231,16,3.213661406425049,1.582851224177545,True,False,False,,0.03937731830109292,product_anomaly
2013-02-17,8,4,23,S8_E02,Shift 2,10,231,16,3.213661406425049,0.7650769019004567,True,False,False,,0.035159928855308775,product_anomaly
2013-02-17,9,4,23,S9_E01,Shift 1,11,231,14,3.213661406425049,1.471357255158317,True,False,False,,0.0408538535875006,product_anomaly
2013-02-17,9,4,23,S9_E02,Shift 2,12,231,14,3.213661406425049,1.8214528132797039,True,False,False,,0.03768601769473301,product_anomaly
2013-02-17,10,4,28,S10_E01,Full Day,28,231,14,3.213661406425049,1.2114655571306074,True,False,False,,0.023187195643994296,product_anomaly
2013-08-05,2,4,22,S2_E01,Shift 1,9,231,30,-2.1720774150460422,-3.037931708682254,False,True,False,,-0.004434138088656003,employee_anomaly
2013-08-05,2,4,22,S2_E02,Shift 2,13,231,30,-2.1720774150460422,-3.4857102754090485,False,True,False,,-0.005984078699622586,employee_anomaly
2013-12-02,1,4,8,S1_E01,Shift 1,4,231,17,-3.7434539402414124,-3.1254292363912257,True,True,,,,product_and_employee_anomaly
2013-12-02,1,4,8,S1_E02,Shift 2,4,231,17,-3.7434539402414124,-2.851006355389951,True,False,,,,product_anomaly
2013-12-02,2,4,19,S2_E01,Shift 1,11,231,25,-3.7434539402414124,-3.412450649859274,True,True,,,,product_and_employee_anomaly
2013-12-02,2,4,19,S2_E02,Shift 2,8,231,25,-3.7434539402414124,-3.2785932441135652,True,True,,,,product_and_employee_anomaly
2013-12-02,3,4,11,S3_E01,Shift 1,6,231,22,-3.7434539402414124,-3.2501487509139597,True,True,,,,product_and_employee_anomaly
2013-12-02,3,4,11,S3_E02,Shift 2,5,231,22,-3.7434539402414124,-3.4328063228458867,True,True,,,,product_and_employee_anomaly
2013-12-02,4,4,8,S4_E01,Full Day,8,231,21,-3.7434539402414124,-3.448513956982832,True,True,,,,product_and_employee_anomaly
2013-12-02,5,4,8,S5_E01,Full Day,8,231,14,-3.7434539402414124,-3.1959090536893515,True,True,,,,product_and_employee_anomaly
2013-12-02,6,4,8,S6_E01,Shift 1,3,231,15,-3.7434539402414124,-2.8345600406685025,True,False,,,,product_anomaly
2013-12-02,6,4,8,S6_E02,Shift 2,5,231,15,-3.7434539402414124,-3.0818675698167812,True,True,,,,product_and_employee_anomaly
2013-12-02,7,4,8,S7_E01,Full Day,8,231,13,-3.7434539402414124,-2.9208666389824898,True,False,,,,product_anomaly
2013-12-02,8,4,13,S8_E01,Shift 1,7,231,24,-3.7434539402414124,-3.3597203284094452,True,True,,,,product_and_employee_anomaly
2013-12-02,8,4,13,S8_E02,Shift 2,6,231,24,-3.7434539402414124,-3.335819773959348,True,True,,,,product_and_employee_anomaly
2013-12-02,9,4,15,S9_E01,Shift 1,6,231,21,-3.7434539402414124,-3.305771183792513,True,True,,,,product_and_employee_anomaly
2013-12-02,9,4,15,S9_E02,Shift 2,9,231,21,-3.7434539402414124,-3.696275698428471,True,True,,,,product_and_employee_anomaly
2013-12-02,10,4,15,S10_E01,Full Day,15,231,22,-3.7434539402414124,-3.0878038047354686,True,True,,,,product_and_employee_anomaly
2014-01-27,1,4,11,S1_E01,Shift 1,5,231,13,-4.429985618307934,-1.6358773232087842,True,False,,,,product_anomaly
2014-01-27,1,4,11,S1_E02,Shift 2,6,231,13,-4.429985618307934,-1.6275956416395125,True,False,,,,product_anomaly
2014-01-27,2,4,8,S2_E01,Shift 1,5,231,17,-4.429985618307934,-1.7977409412327077,True,False,,,,product_anomaly
2014-01-27,2,4,8,S2_E02,Shift 2,3,231,17,-4.429985618307934,-1.3909279375067367,True,False,,,,product_anomaly
2014-01-27,3,4,13,S3_E01,Shift 1,8,231,17,-4.429985618307934,-1.2946056703554492,True,False,,,,product_anomaly
2014-01-27,3,4,13,S3_E02,Shift 2,5,231,17,-4.429985618307934,-1.3405011252476027,True,False,,,,product_anomaly
2014-01-27,4,4,8,S4_E01,Full Day,8,231,14,-4.429985618307934,-1.4874930952201688,True,False,,,,product_anomaly
2014-01-27,5,4,9,S5_E01,Full Day,9,231,10,-4.429985618307934,-1.765439155589177,True,False,,,,product_anomaly
2014-01-27,6,4,9,S6_E01,Shift 1,5,231,11,-4.429985618307934,-1.5688235934072972,True,False,,,,product_anomaly
2014-01-27,6,4,9,S6_E02,Shift 2,4,231,11,-4.429985618307934,-1.120549556789121,True,False,,,,product_anomaly
2014-01-27,7,4,14,S7_E01,Full Day,14,231,10,-4.429985618307934,-1.419582840209471,True,False,,,,product_anomaly
2014-01-27,8,4,11,S8_E01,Shift 1,5,231,17,-4.429985618307934,-1.478466166643824,True,False,,,,product_anomaly
2014-01-27,8,4,11,S8_E02,Shift 2,6,231,17,-4.429985618307934,-1.6346566009652055,True,False,,,,product_anomaly
2014-01-27,9,4,8,S9_E01,Shift 1,4,231,15,-4.429985618307934,-1.6278776175221341,True,False,,,,product_anomaly
2014-01-27,9,4,8,S9_E02,Shift 2,4,231,15,-4.429985618307934,-1.5350653409459234,True,False,,,,product_anomaly
2014-01-27,10,4,14,S10_E01,Full Day,14,231,17,-4.429985618307934,-1.3151161569317211,True,False,,,,product_anomaly
2014-03-01,1,4,19,S1_E01,Shift 1,8,231,15,3.3537213020513477,1.8242545275228967,True,False,,,,product_anomaly
2014-03-01,1,4,19,S1_E02,Shift 2,11,231,15,3.3537213020513477,2.6015673164242665,True,False,,,,product_anomaly
2014-03-01,2,4,24,S2_E01,Shift 1,12,231,20,3.3537213020513477,3.349005610782279,True,True,,,,product_and_employee_anomaly
2014-03-01,2,4,24,S2_E02,Shift 2,12,231,20,3.3537213020513477,2.8461099331193718,True,False,,,,product_anomaly
2014-03-01,3,4,27,S3_E01,Shift 1,12,231,18,3.3537213020513477,1.9584902781729174,True,False,,,,product_anomaly
2014-03-01,3,4,27,S3_E02,Shift 2,15,231,18,3.3537213020513477,2.4343516400715948,True,False,,,,product_anomaly
2014-03-01,4,4,20,S4_E01,Full Day,20,231,17,3.3537213020513477,2.5055749314209104,True,False,,,,product_anomaly
2014-03-01,5,4,15,S5_E01,Full Day,15,231,11,3.3537213020513477,3.306479451837381,True,True,,,,product_and_employee_anomaly
2014-03-01,6,4,18,S6_E01,Shift 1,10,231,12,3.3537213020513477,2.323386541300781,True,False,,,,product_anomaly
2014-03-01,6,4,18,S6_E02,Shift 2,8,231,12,3.3537213020513477,2.9878245936140457,True,False,,,,product_anomaly
2014-03-01,7,4,15,S7_E01,Full Day,15,231,11,3.3537213020513477,2.157297689436117,True,False,,,,product_anomaly
2014-03-01,8,4,27,S8_E01,Shift 1,13,231,20,3.3537213020513477,2.488561115036944,True,False,,,,product_anomaly
2014-03-01,8,4,27,S8_E02,Shift 2,14,231,20,3.3537213020513477,2.2777673761291855,True,False,,,,product_anomaly
2014-03-01,9,4,27,S9_E01,Shift 1,13,231,15,3.3537213020513477,2.0575462095889767,True,False,,,,product_anomaly
2014-03-01,9,4,27,S9_E02,Shift 2,14,231,15,3.3537213020513477,2.25800157879476,True,False,,,,product_anomaly
2014-03-01,10,4,25,S10_E01,Full Day,25,231,17,3.3537213020513477,2.822284998497931,True,False,,,,product_anomaly
2014-08-04,2,4,25,S2_E01,Shift 1,13,231,35,-1.342569516399053,-3.2958565872574868,False,True,,,,employee_anomaly
2014-08-04,4,4,16,S4_E01,Full Day,16,231,28,-1.342569516399053,-3.1397631376093593,False,True,,,,employee_anomaly
2014-08-04,5,4,15,S5_E01,Full Day,15,231,19,-1.342569516399053,-3.2173712129452325,False,True,,,,employee_anomaly
2014-08-04,6,4,19,S6_E02,Shift 2,8,231,21,-1.342569516399053,-3.5017544264003857,False,True,,,,employee_anomaly
2014-08-04,7,4,21,S7_E01,Full Day,21,231,20,-1.342569516399053,-3.4459186430311015,False,True,,,,employee_anomaly
2014-08-04,8,4,13,S8_E01,Shift 1,6,231,33,-1.342569516399053,-3.8062041584640642,False,True,,,,employee_anomaly
2014-08-04,8,4,13,S8_E02,Shift 2,7,231,33,-1.342569516399053,-3.16064441974807,False,True,,,,employee_anomaly
2014-11-02,1,4,20,S1_E01,Shift 1,12,231,18,3.021340183345211,1.9644078734079862,True,False,,,,product_anomaly
2014-11-02,1,4,20,S1_E02,Shift 2,8,231,18,3.021340183345211,1.5822965994026006,True,False,,,,product_anomaly
2014-11-02,2,4,36,S2_E01,Shift 1,17,231,26,3.021340183345211,1.5040648126907068,True,False,,,,product_anomaly
2014-11-02,2,4,36,S2_E02,Shift 2,19,231,26,3.021340183345211,1.402563181110293,True,False,,,,product_anomaly
2014-11-02,3,4,32,S3_E01,Shift 1,15,231,24,3.021340183345211,1.8063692688953565,True,False,,,,product_anomaly
2014-11-02,3,4,32,S3_E02,Shift 2,17,231,24,3.021340183345211,1.8128213113216332,True,False,,,,product_anomaly
2014-11-02,4,4,24,S4_E01,Full Day,24,231,21,3.021340183345211,1.5365893933158161,True,False,,,,product_anomaly
2014-11-02,5,4,20,S5_E01,Full Day,20,231,16,3.021340183345211,1.5699155843655563,True,False,,,,product_anomaly
2014-11-02,6,4,22,S6_E01,Shift 1,11,231,16,3.021340183345211,1.6100046229679899,True,False,,,,product_anomaly
2014-11-02,6,4,22,S6_E02,Shift 2,11,231,16,3.021340183345211,2.210740332724732,True,False,,,,product_anomaly
2014-11-02,7,4,17,S7_E01,Full Day,17,231,16,3.021340183345211,1.2548853090224616,True,False,,,,product_anomaly
2014-11-02,8,4,35,S8_E01,Shift 1,20,231,25,3.021340183345211,1.7877353363220474,True,False,,,,product_anomaly
2014-11-02,8,4,35,S8_E02,Shift 2,15,231,25,3.021340183345211,1.7405257213634702,True,False,,,,product_anomaly
2014-11-02,9,4,31,S9_E01,Shift 1,15,231,23,3.021340183345211,1.6125863111179912,True,False,,,,product_anomaly
2014-11-02,9,4,31,S9_E02,Shift 2,16,231,23,3.021340183345211,2.251324370332036,True,False,,,,product_anomaly
2014-11-02,10,4,36,S10_E01,Full Day,36,231,23,3.021340183345211,2.0729337635875296,True,False,,,,product_anomaly
2014-12-01,1,4,13,S1_E01,Shift 1,6,231,21,-3.2687622031028623,-3.1060032038113756,True,True,,,,product_and_employee_anomaly
2014-12-01,1,4,13,S1_E02,Shift 2,7,231,21,-3.2687622031028623,-3.2257952791105735,True,True,,,,product_and_employee_anomaly
2014-12-01,2,4,15,S2_E01,Shift 1,7,231,28,-3.2687622031028623,-3.2103767532981733,True,True,,,,product_and_employee_anomaly
2014-12-01,2,4,15,S2_E02,Shift 2,8,231,28,-3.2687622031028623,-2.9745651825749797,True,False,,,,product_anomaly
2014-12-01,3,4,13,S3_E01,Shift 1,7,231,27,-3.2687622031028623,-3.6842826003636517,True,True,,,,product_and_employee_anomaly
2014-12-01,3,4,13,S3_E02,Shift 2,6,231,27,-3.2687622031028623,-3.7643534802102665,True,True,,,,product_and_employee_anomaly
2014-12-01,4,4,12,S4_E01,Full Day,12,231,23,-3.2687622031028623,-3.5292108233300348,True,True,,,,product_and_employee_anomaly
2014-12-01,5,4,8,S5_E01,Full Day,8,231,18,-3.2687622031028623,-3.5544771735009846,True,True,,,,product_and_employee_anomaly
2014-12-01,6,4,9,S6_E01,Shift 1,4,231,18,-3.2687622031028623,-2.725413037949043,True,False,,,,product_anomaly
2014-12-01,6,4,9,S6_E02,Shift 2,5,231,18,-3.2687622031028623,-3.2677552992025225,True,True,,,,product_and_employee_anomaly
2014-12-01,7,4,6,S7_E01,Full Day,6,231,15,-3.2687622031028623,-3.4795612216587277,True,True,,,,product_and_employee_anomaly
2014-12-01,8,4,16,S8_E01,Shift 1,8,231,27,-3.2687622031028623,-2.754138713991254,True,False,,,,product_anomaly
2014-12-01,8,4,16,S8_E02,Shift 2,8,231,27,-3.2687622031028623,-3.156889714158979,True,True,,,,product_and_employee_anomaly
2014-12-01,9,4,11,S9_E01,Shift 1,5,231,26,-3.2687622031028623,-3.0877445136207187,True,True,,,,product_and_employee_anomaly
2014-12-01,9,4,11,S9_E02,Shift 2,6,231,26,-3.2687622031028623,-2.9294097184846226,True,False,,,,product_anomaly
2014-12-01,10,4,20,S10_E01,Full Day,20,231,25,-3.2687622031028623,-3.4995746414918427,True,True,,,,product_and_employee_anomaly
2015-02-01,1,4,15,S1_E01,Shift 1,8,231,15,0.7406992705391232,3.0557660597940646,False,True,,,,employee_anomaly
2015-03-01,1,4,23,S1_E01,Shift 1,13,231,15,2.6411719886603904,3.2063842092808192,False,True,,,,employee_anomaly
2015-03-01,2,4,30,S2_E01,Shift 1,14,231,20,2.6411719886603904,3.1204913155838128,False,True,,,,employee_anomaly
2015-03-01,3,4,19,S3_E02,Shift 2,11,231,19,2.6411719886603904,3.4103721242964737,False,True,,,,employee_anomaly
2015-03-01,4,4,24,S4_E01,Full Day,24,231,17,2.6411719886603904,3.1596518128314997,False,True,,,,employee_anomaly
2015-03-01,5,4,16,S5_E01,Full Day,16,231,13,2.6411719886603904,3.6387722164072245,False,True,,,,employee_anomaly
2015-03-01,6,4,20,S6_E01,Shift 1,10,231,13,2.6411719886603904,3.2783227914473976,False,True,,,,employee_anomaly
2015-03-01,6,4,20,S6_E02,Shift 2,10,231,13,2.6411719886603904,3.6075677552682435,False,True,,,,employee_anomaly
2015-03-01,8,4,24,S8_E01,Shift 1,12,231,21,2.6411719886603904,3.332540228908305,False,True,,,,employee_anomaly
2015-03-01,8,4,24,S8_E02,Shift 2,12,231,21,2.6411719886603904,3.009029860439897,False,True,,,,employee_anomaly
2015-03-01,9,4,24,S9_E01,Shift 1,13,231,16,2.6411719886603904,3.562831793884845,False,True,,,,employee_anomaly
2015-03-01,9,4,24,S9_E02,Shift 2,11,231,16,2.6411719886603904,3.0689769065072365,False,True,,,,employee_anomaly
2015-03-01,10,4,25,S10_E01,Full Day,25,231,19,2.6411719886603904,3.035766134572765,False,True,,,,employee_anomaly
2015-05-30,1,4,31,S1_E01,Shift 1,18,231,23,3.331024672185105,1.1604891104536517,True,False,,,,product_anomaly
2015-05-30,1,4,31,S1_E02,Shift 2,13,231,23,3.331024672185105,1.1738138837578658,True,False,,,,product_anomaly
2015-05-30,2,4,30,S2_E01,Shift 1,14,231,33,3.331024672185105,0.590131139669804,True,False,,,,product_anomaly
2015-05-30,2,4,30,S2_E02,Shift 2,16,231,33,3.331024672185105,0.6471522462481417,True,False,,,,product_anomaly
2015-05-30,3,4,36,S3_E01,Shift 1,17,231,29,3.331024672185105,0.9894224712430384,True,False,,,,product_anomaly
2015-05-30,3,4,36,S3_E02,Shift 2,19,231,29,3.331024672185105,1.2137392623035053,True,False,,,,product_anomaly
2015-05-30,4,4,26,S4_E01,Full Day,26,231,26,3.331024672185105,0.7106847762065526,True,False,,,,product_anomaly
2015-05-30,5,4,18,S5_E01,Full Day,18,231,19,3.331024672185105,0.6795022475098728,True,False,,,,product_anomaly
2015-05-30,6,4,34,S6_E01,Shift 1,20,231,19,3.331024672185105,1.0006803052742979,True,False,,,,product_anomaly
2015-05-30,6,4,34,S6_E02,Shift 2,14,231,19,3.331024672185105,0.5615247721285046,True,False,,,,product_anomaly
2015-05-30,7,4,19,S7_E01,Full Day,19,231,18,3.331024672185105,1.0079993400134204,True,False,,,,product_anomaly
2015-05-30,8,4,50,S8_E01,Shift 1,25,231,28,3.331024672185105,1.3527213262910216,True,False,,,,product_anomaly
2015-05-30,8,4,50,S8_E02,Shift 2,25,231,28,3.331024672185105,0.8193400624223663,True,False,,,,product_anomaly
2015-05-30,9,4,39,S9_E01,Shift 1,17,231,27,3.331024672185105,0.8101155832917959,True,False,,,,product_anomaly
2015-05-30,9,4,39,S9_E02,Shift 2,22,231,27,3.331024672185105,0.9905106840792461,True,False,,,,product_anomaly
2015-05-30,10,4,38,S10_E01,Full Day,38,231,30,3.331024672185105,0.7557358593761462,True,False,,,,product_anomaly
2015-08-03,3,4,18,S3_E01,Shift 1,11,231,33,-1.8833189987521712,-3.230471200097007,False,True,,,,employee_anomaly
2015-08-03,3,4,18,S3_E02,Shift 2,7,231,33,-1.8833189987521712,-3.0968220305556833,False,True,,,,employee_anomaly
2015-08-03,6,4,17,S6_E01,Shift 1,8,231,22,-1.8833189987521712,-3.003013866777452,False,True,,,,employee_anomaly
2015-08-03,9,4,21,S9_E02,Shift 2,10,231,31,-1.8833189987521712,-3.2324063857303305,False,True,,,,employee_anomaly
2016-04-25,1,4,18,S1_E01,Shift 1,9,231,22,-3.251075301789808,-1.7109280657887769,True,False,,,,product_anomaly
2016-04-25,1,4,18,S1_E02,Shift 2,9,231,22,-3.251075301789808,-1.7916943342471627,True,False,,,,product_anomaly
2016-04-25,2,4,25,S2_E01,Shift 1,13,231,31,-3.251075301789808,-0.9956505366717622,True,False,,,,product_anomaly
2016-04-25,2,4,25,S2_E02,Shift 2,12,231,31,-3.251075301789808,-1.6223067929578998,True,False,,,,product_anomaly
2016-04-25,3,4,14,S3_E01,Shift 1,6,231,29,-3.251075301789808,-1.541935312414714,True,False,,,,product_anomaly
2016-04-25,3,4,14,S3_E02,Shift 2,8,231,29,-3.251075301789808,-1.491008823335587,True,False,,,,product_anomaly
2016-04-25,4,4,20,S4_E01,Full Day,20,231,27,-3.251075301789808,-1.4215108770194285,True,False,,,,product_anomaly
2016-04-25,5,4,14,S5_E01,Full Day,14,231,19,-3.251075301789808,-1.655136288785109,True,False,,,,product_anomaly
2016-04-25,6,4,16,S6_E01,Shift 1,8,231,18,-3.251075301789808,-1.9969619007022639,True,False,,,,product_anomaly
2016-04-25,6,4,16,S6_E02,Shift 2,8,231,18,-3.251075301789808,-1.7526931845710714,True,False,,,,product_anomaly
2016-04-25,7,4,16,S7_E01,Full Day,16,231,17,-3.251075301789808,-1.390990418686756,True,False,,,,product_anomaly
2016-04-25,8,4,22,S8_E01,Shift 1,9,231,30,-3.251075301789808,-1.868342599843695,True,False,,,,product_anomaly
2016-04-25,8,4,22,S8_E02,Shift 2,13,231,30,-3.251075301789808,-1.6360569423185227,True,False,,,,product_anomaly
2016-04-25,9,4,16,S9_E01,Shift 1,7,231,26,-3.251075301789808,-1.490176519889672,True,False,,,,product_anomaly
2016-04-25,9,4,16,S9_E02,Shift 2,9,231,26,-3.251075301789808,-1.4361094480860266,True,False,,,,product_anomaly
2016-04-25,10,4,17,S10_E01,Full Day,17,231,27,-3.251075301789808,-1.4956133558122384,True,False,,,,product_anomaly
2016-10-03,1,4,19,S1_E01,Shift 1,11,231,23,-3.213095706038379,-2.1905260538091147,True,False,,,,product_anomaly
2016-10-03,1,4,19,S1_E02,Shift 2,8,231,23,-3.213095706038379,-2.087180834728177,True,False,,,,product_anomaly
2016-10-03,2,4,19,S2_E01,Shift 1,10,231,32,-3.213095706038379,-2.2837488266365495,True,False,,,,product_anomaly
2016-10-03,2,4,19,S2_E02,Shift 2,9,231,32,-3.213095706038379,-2.063896311448621,True,False,,,,product_anomaly
2016-10-03,3,4,18,S3_E01,Shift 1,8,231,29,-3.213095706038379,-2.537455404672618,True,False,,,,product_anomaly
2016-10-03,3,4,18,S3_E02,Shift 2,10,231,29,-3.213095706038379,-2.4427320863025472,True,False,,,,product_anomaly
2016-10-03,4,4,21,S4_E01,Full Day,21,231,26,-3.213095706038379,-2.3655568341770556,True,False,,,,product_anomaly
2016-10-03,5,4,12,S5_E01,Full Day,12,231,20,-3.213095706038379,-1.8588637191666715,True,False,,,,product_anomaly
2016-10-03,6,4,15,S6_E01,Shift 1,8,231,20,-3.213095706038379,-2.4590108032956506,True,False,,,,product_anomaly
2016-10-03,6,4,15,S6_E02,Shift 2,7,231,20,-3.213095706038379,-2.3497815071160226,True,False,,,,product_anomaly
2016-10-03,7,4,12,S7_E01,Full Day,12,231,18,-3.213095706038379,-2.1479819264030984,True,False,,,,product_anomaly
2016-10-03,8,4,23,S8_E01,Shift 1,13,231,31,-3.213095706038379,-2.3452280238517345,True,False,,,,product_anomaly
2016-10-03,8,4,23,S8_E02,Shift 2,10,231,31,-3.213095706038379,-1.8757632699289268,True,False,,,,product_anomaly
2016-10-03,9,4,20,S9_E01,Shift 1,8,231,25,-3.213095706038379,-2.4498281765001373,True,False,,,,product_anomaly
2016-10-03,9,4,20,S9_E02,Shift 2,12,231,25,-3.213095706038379,-1.7761058750967258,True,False,,,,product_anomaly
2016-10-03,10,4,18,S10_E01,Full Day,18,231,28,-3.213095706038379,-2.04523032090702,True,False,,,,product_anomaly
2016-12-05,2,4,20,S2_E01,Shift 1,12,231,31,-1.8863177907637838,-3.039797685865822,False,True,,,,employee_anomaly
2016-12-05,6,4,11,S6_E01,Shift 1,7,231,20,-1.8863177907637838,-3.552929269017943,False,True,,,,employee_anomaly
2016-12-05,7,4,15,S7_E01,Full Day,15,231,18,-1.8863177907637838,-3.1441222038535632,False,True,,,,employee_anomaly
2016-12-05,8,4,17,S8_E01,Shift 1,7,231,30,-1.8863177907637838,-3.7685143438139015,False,True,,,,employee_anomaly
2016-12-05,8,4,17,S8_E02,Shift 2,10,231,30,-1.8863177907637838,-3.111510025863777,False,True,,,,employee_anomaly
2016-12-05,9,4,24,S9_E02,Shift 2,14,231,24,-1.8863177907637838,-3.3474208166871384,False,True,,,,employee_anomaly
2016-12-05,10,4,14,S10_E01,Full Day,14,231,27,-1.8863177907637838,-3.2437638134469884,False,True,,,,employee_anomaly
2017-04-01,1,4,37,S1_E01,Shift 1,21,231,20,2.336206593993961,3.05140781233218,False,True,,,,employee_anomaly
2017-12-04,1,4,10,S1_E01,Shift 1,5,231,23,-3.022564152029519,-3.566924808659965,True,True,,,,product_and_employee_anomaly
2017-12-04,1,4,10,S1_E02,Shift 2,5,231,23,-3.022564152029519,-3.439934189042974,True,True,,,,product_and_employee_anomaly
2017-12-04,2,4,22,S2_E01,Shift 1,11,231,33,-3.022564152029519,-3.4289887985334744,True,True,,,,product_and_employee_anomaly
2017-12-04,2,4,22,S2_E02,Shift 2,11,231,33,-3.022564152029519,-3.42560784986891,True,True,,,,product_and_employee_anomaly
2017-12-04,3,4,18,S3_E01,Shift 1,9,231,28,-3.022564152029519,-4.010676658948157,True,True,,,,product_and_employee_anomaly
2017-12-04,3,4,18,S3_E02,Shift 2,9,231,28,-3.022564152029519,-3.2163317411983594,True,True,,,,product_and_employee_anomaly
2017-12-04,4,4,16,S4_E01,Full Day,16,231,27,-3.022564152029519,-3.284111898833113,True,True,,,,product_and_employee_anomaly
2017-12-04,5,4,7,S5_E01,Full Day,7,231,20,-3.022564152029519,-3.2458225710762023,True,True,,,,product_and_employee_anomaly
2017-12-04,6,4,17,S6_E01,Shift 1,7,231,20,-3.022564152029519,-3.2986405964081293,True,True,,,,product_and_employee_anomaly
2017-12-04,6,4,17,S6_E02,Shift 2,10,231,20,-3.022564152029519,-3.3301889302159635,True,True,,,,product_and_employee_anomaly
2017-12-04,7,4,5,S7_E01,Full Day,5,231,18,-3.022564152029519,-3.144474792045703,True,True,,,,product_and_employee_anomaly
2017-12-04,8,4,14,S8_E01,Shift 1,7,231,31,-3.022564152029519,-3.5723822669368586,True,True,,,,product_and_employee_anomaly
2017-12-04,8,4,14,S8_E02,Shift 2,7,231,31,-3.022564152029519,-3.58582252955439,True,True,,,,product_and_employee_anomaly
2017-12-04,9,4,19,S9_E01,Shift 1,9,231,28,-3.022564152029519,-3.189292177224606,True,True,,,,product_and_employee_anomaly
2017-12-04,9,4,19,S9_E02,Shift 2,10,231,28,-3.022564152029519,-3.1563508443071124,True,True,,,,product_and_employee_anomaly
2017-12-04,10,4,19,S10_E01,Full Day,19,231,26,-3.022564152029519,-3.105707653984013,True,True,,,,product_and_employee_anomaly
2013-01-27,1,5,18,S1_E01,Shift 1,8,228,8,3.913324966234025,1.0296917215904116,True,False,,,,product_anomaly
2013-01-27,1,5,18,S1_E02,Shift 2,10,228,8,3.913324966234025,1.5420116284891767,True,False,,,,product_anomaly
2013-01-27,2,5,25,S2_E01,Shift 1,11,228,13,3.913324966234025,1.698859422687328,True,False,,,,product_anomaly
2013-01-27,2,5,25,S2_E02,Shift 2,14,228,13,3.913324966234025,1.3273972426757898,True,False,,,,product_anomaly
2013-01-27,3,5,15,S3_E01,Shift 1,7,228,12,3.913324966234025,1.9882454109071976,True,False,,,,product_anomaly
2013-01-27,3,5,15,S3_E02,Shift 2,8,228,12,3.913324966234025,1.7589817421563925,True,False,,,,product_anomaly
2013-01-27,4,5,9,S4_E01,Full Day,9,228,11,3.913324966234025,1.2272736081771218,True,False,,,,product_anomaly
2013-01-27,5,5,12,S5_E01,Full Day,12,228,8,3.913324966234025,0.5878225632751471,True,False,,,,product_anomaly
2013-01-27,6,5,14,S6_E01,Shift 1,6,228,7,3.913324966234025,1.5860005883859005,True,False,,,,product_anomaly
2013-01-27,6,5,14,S6_E02,Shift 2,8,228,7,3.913324966234025,0.8270967739612902,True,False,,,,product_anomaly
2013-01-27,7,5,9,S7_E01,Full Day,9,228,7,3.913324966234025,1.6051924466275616,True,False,,,,product_anomaly
2013-01-27,8,5,24,S8_E01,Shift 1,13,228,12,3.913324966234025,1.5979132489813885,True,False,,,,product_anomaly
2013-01-27,8,5,24,S8_E02,Shift 2,11,228,12,3.913324966234025,1.2298598968474947,True,False,,,,product_anomaly
2013-01-27,9,5,21,S9_E01,Shift 1,12,228,11,3.913324966234025,1.7312228981897564,True,False,,,,product_anomaly
2013-01-27,9,5,21,S9_E02,Shift 2,9,228,11,3.913324966234025,1.8382181515929048,True,False,,,,product_anomaly
2013-01-27,10,5,15,S10_E01,Full Day,15,228,10,3.913324966234025,1.2140597212091322,True,False,,,,product_anomaly
2013-02-16,1,5,10,S1_E01,Shift 1,4,228,10,3.309959589299721,0.8974249686776203,True,False,,,,product_anomaly
2013-02-16,1,5,10,S1_E02,Shift 2,6,228,10,3.309959589299721,0.8850482970273698,True,False,,,,product_anomaly
2013-02-16,2,5,16,S2_E01,Shift 1,9,228,15,3.309959589299721,0.9740758796095069,True,False,,,,product_anomaly
2013-02-16,2,5,16,S2_E02,Shift 2,7,228,15,3.309959589299721,1.3294196038004331,True,False,,,,product_anomaly
2013-02-16,3,5,12,S3_E01,Shift 1,6,228,12,3.309959589299721,1.0419239446532012,True,False,,,,product_anomaly
2013-02-16,3,5,12,S3_E02,Shift 2,6,228,12,3.309959589299721,0.5168763082084203,True,False,,,,product_anomaly
2013-02-16,4,5,11,S4_E01,Full Day,11,228,12,3.309959589299721,0.9587944135424735,True,False,,,,product_anomaly
2013-02-16,5,5,11,S5_E01,Full Day,11,228,9,3.309959589299721,0.5387984980890024,True,False,,,,product_anomaly
2013-02-16,6,5,13,S6_E01,Shift 1,7,228,8,3.309959589299721,0.9568720039889103,True,False,,,,product_anomaly
2013-02-16,6,5,13,S6_E02,Shift 2,6,228,8,3.309959589299721,0.8950179644009157,True,False,,,,product_anomaly
2013-02-16,7,5,17,S7_E01,Full Day,17,228,7,3.309959589299721,0.8791952515800316,True,False,,,,product_anomaly
2013-02-16,8,5,18,S8_E01,Shift 1,8,228,12,3.309959589299721,0.786339417808239,True,False,,,,product_anomaly
2013-02-16,8,5,18,S8_E02,Shift 2,10,228,12,3.309959589299721,0.4669254270718082,True,False,,,,product_anomaly
2013-02-16,9,5,21,S9_E01,Shift 1,12,228,11,3.309959589299721,1.204484807550097,True,False,,,,product_anomaly
2013-02-16,9,5,21,S9_E02,Shift 2,9,228,11,3.309959589299721,1.029424463504751,True,False,,,,product_anomaly
2013-02-16,10,5,24,S10_E01,Full Day,24,228,12,3.309959589299721,0.7607264701845561,True,False,,,,product_anomaly
2013-08-05,2,5,16,S2_E01,Shift 1,8,228,24,-2.442321710270683,-3.037931708682254,False,True,,,,employee_anomaly
2013-08-05,2,5,16,S2_E02,Shift 2,8,228,24,-2.442321710270683,-3.4857102754090485,False,True,,,,employee_anomaly
2013-09-15,1,5,15,S1_E01,Shift 1,7,228,16,3.415824518744636,1.6040693983230507,True,False,,,,product_anomaly
2013-09-15,1,5,15,S1_E02,Shift 2,8,228,16,3.415824518744636,1.1489463991181983,True,False,,,,product_anomaly
2013-09-15,2,5,29,S2_E01,Shift 1,13,228,21,3.415824518744636,1.8853276995539263,True,False,,,,product_anomaly
2013-09-15,2,5,29,S2_E02,Shift 2,16,228,21,3.415824518744636,1.3945358110728265,True,False,,,,product_anomaly
2013-09-15,3,5,20,S3_E01,Shift 1,9,228,20,3.415824518744636,1.1861048096040028,True,False,,,,product_anomaly
2013-09-15,3,5,20,S3_E02,Shift 2,11,228,20,3.415824518744636,1.145824773377799,True,False,,,,product_anomaly
2013-09-15,4,5,20,S4_E01,Full Day,20,228,19,3.415824518744636,1.3250624064916654,True,False,,,,product_anomaly
2013-09-15,5,5,9,S5_E01,Full Day,9,228,13,3.415824518744636,1.4694875145088808,True,False,,,,product_anomaly
2013-09-15,6,5,13,S6_E01,Shift 1,6,228,14,3.415824518744636,0.9462783648700145,True,False,,,,product_anomaly
2013-09-15,6,5,13,S6_E02,Shift 2,7,228,14,3.415824518744636,1.1706787205158617,True,False,,,,product_anomaly
2013-09-15,7,5,15,S7_E01,Full Day,15,228,12,3.415824518744636,0.9375490560039309,True,False,,,,product_anomaly
2013-09-15,8,5,32,S8_E01,Shift 1,17,228,20,3.415824518744636,1.4557692590906453,True,False,,,,product_anomaly
2013-09-15,8,5,32,S8_E02,Shift 2,15,228,20,3.415824518744636,1.3405644001579404,True,False,,,,product_anomaly
2013-09-15,9,5,22,S9_E01,Shift 1,13,228,18,3.415824518744636,1.3638719327714717,True,False,,,,product_anomaly
2013-09-15,9,5,22,S9_E02,Shift 2,9,228,18,3.415824518744636,1.7849942617383088,True,False,,,,product_anomaly
2013-09-15,10,5,25,S10_E01,Full Day,25,228,20,3.415824518744636,1.392532360205165,True,False,,,,product_anomaly
2013-12-02,1,5,13,S1_E01,Shift 1,6,228,14,-4.132791998641043,-3.1254292363912257,True,True,,,,product_and_employee_anomaly
2013-12-02,1,5,13,S1_E02,Shift 2,7,228,14,-4.132791998641043,-2.851006355389951,True,False,,,,product_anomaly
2013-12-02,2,5,9,S2_E01,Shift 1,4,228,20,-4.132791998641043,-3.412450649859274,True,True,,,,product_and_employee_anomaly
2013-12-02,2,5,9,S2_E02,Shift 2,5,228,20,-4.132791998641043,-3.2785932441135652,True,True,,,,product_and_employee_anomaly
2013-12-02,3,5,12,S3_E01,Shift 1,6,228,18,-4.132791998641043,-3.2501487509139597,True,True,,,,product_and_employee_anomaly
2013-12-02,3,5,12,S3_E02,Shift 2,6,228,18,-4.132791998641043,-3.4328063228458867,True,True,,,,product_and_employee_anomaly
2013-12-02,4,5,13,S4_E01,Full Day,13,228,17,-4.132791998641043,-3.448513956982832,True,True,,,,product_and_employee_anomaly
2013-12-02,5,5,11,S5_E01,Full Day,11,228,13,-4.132791998641043,-3.1959090536893515,True,True,,,,product_and_employee_anomaly
2013-12-02,6,5,10,S6_E01,Shift 1,6,228,12,-4.132791998641043,-2.8345600406685025,True,False,,,,product_anomaly
2013-12-02,6,5,10,S6_E02,Shift 2,4,228,12,-4.132791998641043,-3.0818675698167812,True,True,,,,product_and_employee_anomaly
2013-12-02,7,5,5,S7_E01,Full Day,5,228,10,-4.132791998641043,-2.9208666389824898,True,False,,,,product_anomaly
2013-12-02,8,5,9,S8_E01,Shift 1,5,228,20,-4.132791998641043,-3.3597203284094452,True,True,,,,product_and_employee_anomaly
2013-12-02,8,5,9,S8_E02,Shift 2,4,228,20,-4.132791998641043,-3.335819773959348,True,True,,,,product_and_employee_anomaly
2013-12-02,9,5,7,S9_E01,Shift 1,3,228,18,-4.132791998641043,-3.305771183792513,True,True,,,,product_and_employee_anomaly
2013-12-02,9,5,7,S9_E02,Shift 2,4,228,18,-4.132791998641043,-3.696275698428471,True,True,,,,product_and_employee_anomaly
2013-12-02,10,5,10,S10_E01,Full Day,10,228,19,-4.132791998641043,-3.0878038047354686,True,True,,,,product_and_employee_anomaly
2014-03-01,2,5,24,S2_E01,Shift 1,14,228,17,2.9818211684973015,3.349005610782279,False,True,,,,employee_anomaly
2014-03-01,5,5,11,S5_E01,Full Day,11,228,10,2.9818211684973015,3.306479451837381,False,True,,,,employee_anomaly
2014-06-15,1,5,20,S1_E01,Shift 1,10,228,19,3.120945936942207,1.5997078486548906,True,False,,,,product_anomaly
2014-06-15,1,5,20,S1_E02,Shift 2,10,228,19,3.120945936942207,1.4445718438385027,True,False,,,,product_anomaly
2014-06-15,2,5,45,S2_E01,Shift 1,24,228,28,3.120945936942207,1.5334478207670592,True,False,,,,product_anomaly
2014-06-15,2,5,45,S2_E02,Shift 2,21,228,28,3.120945936942207,1.531866875259714,True,False,,,,product_anomaly
2014-06-15,3,5,22,S3_E01,Shift 1,9,228,24,3.120945936942207,1.6961494473109737,True,False,,,,product_anomaly
2014-06-15,3,5,22,S3_E02,Shift 2,13,228,24,3.120945936942207,1.558053784310286,True,False,,,,product_anomaly
2014-06-15,4,5,29,S4_E01,Full Day,29,228,24,3.120945936942207,1.4001281257183167,True,False,,,,product_anomaly
2014-06-15,5,5,16,S5_E01,Full Day,16,228,15,3.120945936942207,1.4082967951734708,True,False,,,,product_anomaly
2014-06-15,6,5,16,S6_E01,Shift 1,9,228,16,3.120945936942207,1.242110201278953,True,False,,,,product_anomaly
2014-06-15,6,5,16,S6_E02,Shift 2,7,228,16,3.120945936942207,1.340033902763911,True,False,,,,product_anomaly
2014-06-15,7,5,14,S7_E01,Full Day,14,228,14,3.120945936942207,1.5824766980852023,True,False,,,,product_anomaly
2014-06-15,8,5,32,S8_E01,Shift 1,16,228,26,3.120945936942207,1.4804519376775254,True,False,,,,product_anomaly
2014-06-15,8,5,32,S8_E02,Shift 2,16,228,26,3.120945936942207,1.6421610253461598,True,False,,,,product_anomaly
2014-06-15,9,5,35,S9_E01,Shift 1,15,228,21,3.120945936942207,1.681664149514511,True,False,,,,product_anomaly
2014-06-15,9,5,35,S9_E02,Shift 2,20,228,21,3.120945936942207,1.5999664535321425,True,False,,,,product_anomaly
2014-06-15,10,5,25,S10_E01,Full Day,25,228,24,3.120945936942207,1.5200193714198122,True,False,,,,product_anomaly
2014-08-04,2,5,21,S2_E01,Shift 1,11,228,27,-1.8335894975037033,-3.2958565872574868,False,True,,,,employee_anomaly
2014-08-04,4,5,19,S4_E01,Full Day,19,228,25,-1.8335894975037033,-3.1397631376093593,False,True,,,,employee_anomaly
2014-08-04,5,5,10,S5_E01,Full Day,10,228,19,-1.8335894975037033,-3.2173712129452325,False,True,,,,employee_anomaly
2014-08-04,6,5,7,S6_E02,Shift 2,3,228,17,-1.8335894975037033,-3.5017544264003857,False,True,,,,employee_anomaly
2014-08-04,7,5,16,S7_E01,Full Day,16,228,15,-1.8335894975037033,-3.4459186430311015,False,True,,,,employee_anomaly
2014-08-04,8,5,29,S8_E01,Shift 1,15,228,25,-1.8335894975037033,-3.8062041584640642,False,True,,,,employee_anomaly
2014-08-04,8,5,29,S8_E02,Shift 2,14,228,25,-1.8335894975037033,-3.16064441974807,False,True,,,,employee_anomaly
2014-10-19,1,5,20,S1_E01,Shift 1,9,228,16,3.4188172937893047,1.1961683167752546,True,False,,,,product_anomaly
2014-10-19,1,5,20,S1_E02,Shift 2,11,228,16,3.4188172937893047,1.737516414579629,True,False,,,,product_anomaly
2014-10-19,2,5,28,S2_E01,Shift 1,12,228,22,3.4188172937893047,1.2137559650206702,True,False,,,,product_anomaly
2014-10-19,2,5,28,S2_E02,Shift 2,16,228,22,3.4188172937893047,1.5435876146088345,True,False,,,,product_anomaly
2014-10-19,3,5,33,S3_E01,Shift 1,15,228,20,3.4188172937893047,1.2202875394515673,True,False,,,,product_anomaly
2014-10-19,3,5,33,S3_E02,Shift 2,18,228,20,3.4188172937893047,1.413057896673095,True,False,,,,product_anomaly
2014-10-19,4,5,25,S4_E01,Full Day,25,228,18,3.4188172937893047,1.3993246970820705,True,False,,,,product_anomaly
2014-10-19,5,5,14,S5_E01,Full Day,14,228,14,3.4188172937893047,1.3427208638144568,True,False,,,,product_anomaly
2014-10-19,6,5,15,S6_E01,Shift 1,8,228,12,3.4188172937893047,1.70260336384187,True,False,,,,product_anomaly
2014-10-19,6,5,15,S6_E02,Shift 2,7,228,12,3.4188172937893047,1.5672505209782825,True,False,,,,product_anomaly
2014-10-19,7,5,19,S7_E01,Full Day,19,228,12,3.4188172937893047,1.4671347495422518,True,False,,,,product_anomaly
2014-10-19,8,5,26,S8_E01,Shift 1,12,228,21,3.4188172937893047,1.3261993851871043,True,False,,,,product_anomaly
2014-10-19,8,5,26,S8_E02,Shift 2,14,228,21,3.4188172937893047,1.124330590516415,True,False,,,,product_anomaly
2014-10-19,9,5,24,S9_E01,Shift 1,14,228,19,3.4188172937893047,1.3568078590294426,True,False,,,,product_anomaly
2014-10-19,9,5,24,S9_E02,Shift 2,10,228,19,3.4188172937893047,1.7028912242957863,True,False,,,,product_anomaly
2014-10-19,10,5,23,S10_E01,Full Day,23,228,20,3.4188172937893047,1.524127591617284,True,False,,,,product_anomaly
2014-12-01,1,5,9,S1_E01,Shift 1,4,228,17,-3.805175045901319,-3.1060032038113756,True,True,,,,product_and_employee_anomaly
2014-12-01,1,5,9,S1_E02,Shift 2,5,228,17,-3.805175045901319,-3.2257952791105735,True,True,,,,product_and_employee_anomaly
2014-12-01,2,5,7,S2_E01,Shift 1,3,228,24,-3.805175045901319,-3.2103767532981733,True,True,,,,product_and_employee_anomaly
2014-12-01,2,5,7,S2_E02,Shift 2,4,228,24,-3.805175045901319,-2.9745651825749797,True,False,,,,product_anomaly
2014-12-01,3,5,6,S3_E01,Shift 1,3,228,22,-3.805175045901319,-3.6842826003636517,True,True,,,,product_and_employee_anomaly
2014-12-01,3,5,6,S3_E02,Shift 2,3,228,22,-3.805175045901319,-3.7643534802102665,True,True,,,,product_and_employee_anomaly
2014-12-01,4,5,7,S4_E01,Full Day,7,228,19,-3.805175045901319,-3.5292108233300348,True,True,,,,product_and_employee_anomaly
2014-12-01,5,5,10,S5_E01,Full Day,10,228,15,-3.805175045901319,-3.5544771735009846,True,True,,,,product_and_employee_anomaly
2014-12-01,6,5,4,S6_E01,Shift 1,2,228,14,-3.805175045901319,-2.725413037949043,True,False,,,,product_anomaly
2014-12-01,6,5,4,S6_E02,Shift 2,2,228,14,-3.805175045901319,-3.2677552992025225,True,True,,,,product_and_employee_anomaly
2014-12-01,7,5,7,S7_E01,Full Day,7,228,12,-3.805175045901319,-3.4795612216587277,True,True,,,,product_and_employee_anomaly
2014-12-01,8,5,16,S8_E01,Shift 1,9,228,22,-3.805175045901319,-2.754138713991254,True,False,,,,product_anomaly
2014-12-01,8,5,16,S8_E02,Shift 2,7,228,22,-3.805175045901319,-3.156889714158979,True,True,,,,product_and_employee_anomaly
2014-12-01,9,5,14,S9_E01,Shift 1,7,228,20,-3.805175045901319,-3.0877445136207187,True,True,,,,product_and_employee_anomaly
2014-12-01,9,5,14,S9_E02,Shift 2,7,228,20,-3.805175045901319,-2.9294097184846226,True,False,,,,product_anomaly
2014-12-01,10,5,8,S10_E01,Full Day,8,228,23,-3.805175045901319,-3.4995746414918427,True,True,,,,product_and_employee_anomaly
2015-02-01,1,5,13,S1_E01,Shift 1,6,228,12,1.679857862743023,3.0557660597940646,False,True,,,,employee_anomaly
2015-03-01,1,5,21,S1_E01,Shift 1,13,228,12,5.3563413827415465,3.2063842092808192,True,True,,,,product_and_employee_anomaly
2015-03-01,1,5,21,S1_E02,Shift 2,8,228,12,5.3563413827415465,2.7011350015772067,True,False,,,,product_anomaly
2015-03-01,2,5,23,S2_E01,Shift 1,9,228,18,5.3563413827415465,3.1204913155838128,True,True,,,,product_and_employee_anomaly
2015-03-01,2,5,23,S2_E02,Shift 2,14,228,18,5.3563413827415465,2.9504051632544526,True,False,,,,product_anomaly
2015-03-01,3,5,27,S3_E01,Shift 1,16,228,17,5.3563413827415465,2.94608151148025,True,False,,,,product_anomaly
2015-03-01,3,5,27,S3_E02,Shift 2,11,228,17,5.3563413827415465,3.4103721242964737,True,True,,,,product_and_employee_anomaly
2015-03-01,4,5,29,S4_E01,Full Day,29,228,14,5.3563413827415465,3.1596518128314997,True,True,,,,product_and_employee_anomaly
2015-03-01,5,5,16,S5_E01,Full Day,16,228,11,5.3563413827415465,3.6387722164072245,True,True,,,,product_and_employee_anomaly
2015-03-01,6,5,15,S6_E01,Shift 1,7,228,10,5.3563413827415465,3.2783227914473976,True,True,,,,product_and_employee_anomaly
2015-03-01,6,5,15,S6_E02,Shift 2,8,228,10,5.3563413827415465,3.6075677552682435,True,True,,,,product_and_employee_anomaly
2015-03-01,7,5,13,S7_E01,Full Day,13,228,10,5.3563413827415465,2.8190730739031222,True,False,,,,product_anomaly
2015-03-01,8,5,24,S8_E01,Shift 1,12,228,17,5.3563413827415465,3.332540228908305,True,True,,,,product_and_employee_anomaly
2015-03-01,8,5,24,S8_E02,Shift 2,12,228,17,5.3563413827415465,3.009029860439897,True,True,,,,product_and_employee_anomaly
2015-03-01,9,5,29,S9_E01,Shift 1,15,228,15,5.3563413827415465,3.562831793884845,True,True,,,,product_and_employee_anomaly
2015-03-01,9,5,29,S9_E02,Shift 2,14,228,15,5.3563413827415465,3.0689769065072365,True,True,,,,product_and_employee_anomaly
2015-03-01,10,5,24,S10_E01,Full Day,24,228,16,5.3563413827415465,3.035766134572765,True,True,,,,product_and_employee_anomaly
2015-08-03,3,5,20,S3_E01,Shift 1,12,228,27,-1.8791285232593933,-3.230471200097007,False,True,,,,employee_anomaly
2015-08-03,3,5,20,S3_E02,Shift 2,8,228,27,-1.8791285232593933,-3.0968220305556833,False,True,,,,employee_anomaly
2015-08-03,6,5,12,S6_E01,Shift 1,6,228,19,-1.8791285232593933,-3.003013866777452,False,True,,,,employee_anomaly
2015-08-03,9,5,22,S9_E02,Shift 2,12,228,26,-1.8791285232593933,-3.2324063857303305,False,True,,,,employee_anomaly
2015-12-21,1,5,11,S1_E01,Shift 1,5,228,15,-3.0039875279608994,-1.685314378836375,True,False,,,,product_anomaly
2015-12-21,1,5,11,S1_E02,Shift 2,6,228,15,-3.0039875279608994,-1.3864904250657295,True,False,,,,product_anomaly
2015-12-21,2,5,12,S2_E01,Shift 1,7,228,22,-3.0039875279608994,-1.5559085307112897,True,False,,,,product_anomaly
2015-12-21,2,5,12,S2_E02,Shift 2,5,228,22,-3.0039875279608994,-1.538990256847811,True,False,,,,product_anomaly
2015-12-21,3,5,8,S3_E01,Shift 1,5,228,18,-3.0039875279608994,-1.7470335020060215,True,False,,,,product_anomaly
2015-12-21,3,5,8,S3_E02,Shift 2,3,228,18,-3.0039875279608994,-2.11743226659985,True,False,,,,product_anomaly
2015-12-21,4,5,12,S4_E01,Full Day,12,228,17,-3.0039875279608994,-1.7617551275559777,True,False,,,,product_anomaly
2015-12-21,5,5,6,S5_E01,Full Day,6,228,12,-3.0039875279608994,-1.1436296608421468,True,False,,,,product_anomaly
2015-12-21,6,5,3,S6_E01,Shift 1,1,228,12,-3.0039875279608994,-1.479293429845515,True,False,,,,product_anomaly
2015-12-21,6,5,3,S6_E02,Shift 2,2,228,12,-3.0039875279608994,-1.0097912988308306,True,False,,,,product_anomaly
2015-12-21,7,5,7,S7_E01,Full Day,7,228,11,-3.0039875279608994,-1.4999852359645063,True,False,,,,product_anomaly
2015-12-21,8,5,14,S8_E01,Shift 1,6,228,19,-3.0039875279608994,-1.6581396328159181,True,False,,,,product_anomaly
2015-12-21,8,5,14,S8_E02,Shift 2,8,228,19,-3.0039875279608994,-1.359060495127073,True,False,,,,product_anomaly
2015-12-21,9,5,10,S9_E01,Shift 1,5,228,17,-3.0039875279608994,-1.6496471414964762,True,False,,,,product_anomaly
2015-12-21,9,5,10,S9_E02,Shift 2,5,228,17,-3.0039875279608994,-1.4189351460077553,True,False,,,,product_anomaly
2015-12-21,10,5,8,S10_E01,Full Day,8,228,18,-3.0039875279608994,-1.64251855453193,True,False,,,,product_anomaly
2015-12-26,1,5,19,S1_E01,Shift 1,10,228,14,3.1113884784600843,0.725167126252015,True,False,,,,product_anomaly
2015-12-26,1,5,19,S1_E02,Shift 2,9,228,14,3.1113884784600843,1.2964482060883944,True,False,,,,product_anomaly
2015-12-26,2,5,24,S2_E01,Shift 1,12,228,20,3.1113884784600843,1.0491285181904513,True,False,,,,product_anomaly
2015-12-26,2,5,24,S2_E02,Shift 2,12,228,20,3.1113884784600843,1.1400111022476314,True,False,,,,product_anomaly
2015-12-26,3,5,25,S3_E01,Shift 1,12,228,16,3.1113884784600843,0.7608304620740405,True,False,,,,product_anomaly
2015-12-26,3,5,25,S3_E02,Shift 2,13,228,16,3.1113884784600843,1.0823377125035,True,False,,,,product_anomaly
2015-12-26,4,5,24,S4_E01,Full Day,24,228,15,3.1113884784600843,0.9446488529434388,True,False,,,,product_anomaly
2015-12-26,5,5,12,S5_E01,Full Day,12,228,11,3.1113884784600843,0.9583995418176873,True,False,,,,product_anomaly
2015-12-26,6,5,14,S6_E01,Shift 1,6,228,11,3.1113884784600843,0.9267647459700711,True,False,,,,product_anomaly
2015-12-26,6,5,14,S6_E02,Shift 2,8,228,11,3.1113884784600843,1.3173446356480158,True,False,,,,product_anomaly
2015-12-26,7,5,14,S7_E01,Full Day,14,228,11,3.1113884784600843,0.46233043662288587,True,False,,,,product_anomaly
2015-12-26,8,5,22,S8_E01,Shift 1,10,228,18,3.1113884784600843,1.2104693979665897,True,False,,,,product_anomaly
2015-12-26,8,5,22,S8_E02,Shift 2,12,228,18,3.1113884784600843,0.5696602928395671,True,False,,,,product_anomaly
2015-12-26,9,5,25,S9_E01,Shift 1,11,228,16,3.1113884784600843,1.06719945162437,True,False,,,,product_anomaly
2015-12-26,9,5,25,S9_E02,Shift 2,14,228,16,3.1113884784600843,1.2292438217626576,True,False,,,,product_anomaly
2015-12-26,10,5,19,S10_E01,Full Day,19,228,16,3.1113884784600843,1.0013938910371942,True,False,,,,product_anomaly
2016-01-24,1,5,14,S1_E01,Shift 1,7,228,13,3.235267665256838,1.4117912174251332,True,False,,,,product_anomaly
2016-01-24,1,5,14,S1_E02,Shift 2,7,228,13,3.235267665256838,1.064072220675189,True,False,,,,product_anomaly
2016-01-24,2,5,17,S2_E01,Shift 1,7,228,17,3.235267665256838,1.5431967213466924,True,False,,,,product_anomaly
2016-01-24,2,5,17,S2_E02,Shift 2,10,228,17,3.235267665256838,1.1770964772990193,True,False,,,,product_anomaly
2016-01-24,3,5,28,S3_E01,Shift 1,13,228,16,3.235267665256838,1.2822413780905337,True,False,,,,product_anomaly
2016-01-24,3,5,28,S3_E02,Shift 2,15,228,16,3.235267665256838,1.216631332044316,True,False,,,,product_anomaly
2016-01-24,4,5,24,S4_E01,Full Day,24,228,14,3.235267665256838,1.4232193498224606,True,False,,,,product_anomaly
2016-01-24,5,5,13,S5_E01,Full Day,13,228,9,3.235267665256838,1.0608005204848834,True,False,,,,product_anomaly
2016-01-24,6,5,14,S6_E01,Shift 1,7,228,10,3.235267665256838,0.8531735538557537,True,False,,,,product_anomaly
2016-01-24,6,5,14,S6_E02,Shift 2,7,228,10,3.235267665256838,1.2796642555987543,True,False,,,,product_anomaly
2016-01-24,7,5,10,S7_E01,Full Day,10,228,10,3.235267665256838,1.685755181605454,True,False,,,,product_anomaly
2016-01-24,8,5,16,S8_E01,Shift 1,9,228,17,3.235267665256838,1.5372800579667956,True,False,,,,product_anomaly
2016-01-24,8,5,16,S8_E02,Shift 2,7,228,17,3.235267665256838,1.3661353804988463,True,False,,,,product_anomaly
2016-01-24,9,5,13,S9_E01,Shift 1,5,228,13,3.235267665256838,1.7621272920989484,True,False,,,,product_anomaly
2016-01-24,9,5,13,S9_E02,Shift 2,8,228,13,3.235267665256838,0.8283770729467211,True,False,,,,product_anomaly
2016-01-24,10,5,22,S10_E01,Full Day,22,228,13,3.235267665256838,1.7504851266637806,True,False,,,,product_anomaly
2016-09-05,1,5,20,S1_E01,Shift 1,9,228,21,-3.629370874208813,-2.2447801157470564,True,False,,,,product_anomaly
2016-09-05,1,5,20,S1_E02,Shift 2,11,228,21,-3.629370874208813,-2.2643630866454534,True,False,,,,product_anomaly
2016-09-05,2,5,14,S2_E01,Shift 1,7,228,29,-3.629370874208813,-2.3874722226970597,True,False,,,,product_anomaly
2016-09-05,2,5,14,S2_E02,Shift 2,7,228,29,-3.629370874208813,-2.173922726179428,True,False,,,,product_anomaly
2016-09-05,3,5,16,S3_E01,Shift 1,9,228,26,-3.629370874208813,-2.4149442259824543,True,False,,,,product_anomaly
2016-09-05,3,5,16,S3_E02,Shift 2,7,228,26,-3.629370874208813,-2.0603730290043227,True,False,,,,product_anomaly
2016-09-05,4,5,18,S4_E01,Full Day,18,228,25,-3.629370874208813,-2.1427033991179787,True,False,,,,product_anomaly
2016-09-05,5,5,14,S5_E01,Full Day,14,228,16,-3.629370874208813,-2.3336583485967575,True,False,,,,product_anomaly
2016-09-05,6,5,8,S6_E01,Shift 1,5,228,17,-3.629370874208813,-2.4830607876300252,True,False,,,,product_anomaly
2016-09-05,6,5,8,S6_E02,Shift 2,3,228,17,-3.629370874208813,-1.7767439852171454,True,False,,,,product_anomaly
2016-09-05,7,5,13,S7_E01,Full Day,13,228,16,-3.629370874208813,-2.192425131602225,True,False,,,,product_anomaly
2016-09-05,8,5,12,S8_E01,Shift 1,7,228,27,-3.629370874208813,-1.9242459187059742,True,False,,,,product_anomaly
2016-09-05,8,5,12,S8_E02,Shift 2,5,228,27,-3.629370874208813,-2.681510536311463,True,False,,,,product_anomaly
2016-09-05,9,5,21,S9_E01,Shift 1,11,228,23,-3.629370874208813,-2.18874109000746,True,False,,,,product_anomaly
2016-09-05,9,5,21,S9_E02,Shift 2,10,228,23,-3.629370874208813,-1.8799294270754472,True,False,,,,product_anomaly
2016-09-05,10,5,20,S10_E01,Full Day,20,228,25,-3.629370874208813,-2.096233548955174,True,False,,,,product_anomaly
2016-12-05,2,5,10,S2_E01,Shift 1,6,228,27,-0.9756412900711802,-3.039797685865822,False,True,,,,employee_anomaly
2016-12-05,6,5,8,S6_E01,Shift 1,4,228,15,-0.9756412900711802,-3.552929269017943,False,True,,,,employee_anomaly
2016-12-05,7,5,13,S7_E01,Full Day,13,228,14,-0.9756412900711802,-3.1441222038535632,False,True,,,,employee_anomaly
2016-12-05,8,5,24,S8_E01,Shift 1,12,228,26,-0.9756412900711802,-3.7685143438139015,False,True,,,,employee_anomaly
2016-12-05,8,5,24,S8_E02,Shift 2,12,228,26,-0.9756412900711802,-3.111510025863777,False,True,,,,employee_anomaly
2016-12-05,9,5,20,S9_E02,Shift 2,11,228,21,-0.9756412900711802,-3.3474208166871384,False,True,,,,employee_anomaly
2016-12-05,10,5,17,S10_E01,Full Day,17,228,24,-0.9756412900711802,-3.2437638134469884,False,True,,,,employee_anomaly
2017-04-01,1,5,26,S1_E01,Shift 1,11,228,16,2.1243617278780773,3.05140781233218,False,True,,,,employee_anomaly
2017-06-19,1,5,19,S1_E01,Shift 1,11,228,24,-3.391589872062899,-1.5289379094166935,True,False,,,,product_anomaly
2017-06-19,1,5,19,S1_E02,Shift 2,8,228,24,-3.391589872062899,-1.3070458159174072,True,False,,,,product_anomaly
2017-06-19,2,5,19,S2_E01,Shift 1,10,228,32,-3.391589872062899,-1.4009263619889996,True,False,,,,product_anomaly
2017-06-19,2,5,19,S2_E02,Shift 2,9,228,32,-3.391589872062899,-1.694886144908242,True,False,,,,product_anomaly
2017-06-19,3,5,19,S3_E01,Shift 1,9,228,29,-3.391589872062899,-1.4654372885944325,True,False,,,,product_anomaly
2017-06-19,3,5,19,S3_E02,Shift 2,10,228,29,-3.391589872062899,-1.5228079002049473,True,False,,,,product_anomaly
2017-06-19,4,5,18,S4_E01,Full Day,18,228,26,-3.391589872062899,-1.5652728272017975,True,False,,,,product_anomaly
2017-06-19,5,5,13,S5_E01,Full Day,13,228,18,-3.391589872062899,-1.4841519271826982,True,False,,,,product_anomaly
2017-06-19,6,5,11,S6_E01,Shift 1,5,228,20,-3.391589872062899,-1.4719685673238192,True,False,,,,product_anomaly
2017-06-19,6,5,11,S6_E02,Shift 2,6,228,20,-3.391589872062899,-1.6886497123845159,True,False,,,,product_anomaly
2017-06-19,7,5,6,S7_E01,Full Day,6,228,18,-3.391589872062899,-1.3579294531828088,True,False,,,,product_anomaly
2017-06-19,8,5,18,S8_E01,Shift 1,9,228,30,-3.391589872062899,-1.4898444843905374,True,False,,,,product_anomaly
2017-06-19,8,5,18,S8_E02,Shift 2,9,228,30,-3.391589872062899,-1.5681471756531402,True,False,,,,product_anomaly
2017-06-19,9,5,15,S9_E01,Shift 1,8,228,24,-3.391589872062899,-1.448023775498021,True,False,,,,product_anomaly
2017-06-19,9,5,15,S9_E02,Shift 2,7,228,24,-3.391589872062899,-1.3140614305404115,True,False,,,,product_anomaly
2017-06-19,10,5,20,S10_E01,Full Day,20,228,29,-3.391589872062899,-1.580638314495021,True,False,,,,product_anomaly
2017-09-04,1,5,17,S1_E01,Shift 1,9,228,21,-3.1887559193549566,-2.315479735259783,True,False,,,,product_anomaly
2017-09-04,1,5,17,S1_E02,Shift 2,8,228,21,-3.1887559193549566,-2.0366985866198837,True,False,,,,product_anomaly
2017-09-04,2,5,18,S2_E01,Shift 1,7,228,28,-3.1887559193549566,-2.3550568571715633,True,False,,,,product_anomaly
2017-09-04,2,5,18,S2_E02,Shift 2,11,228,28,-3.1887559193549566,-2.039463521965245,True,False,,,,product_anomaly
2017-09-04,3,5,14,S3_E01,Shift 1,8,228,26,-3.1887559193549566,-2.3968542533212642,True,False,,,,product_anomaly
2017-09-04,3,5,14,S3_E02,Shift 2,6,228,26,-3.1887559193549566,-2.152438491437841,True,False,,,,product_anomaly
2017-09-04,4,5,14,S4_E01,Full Day,14,228,25,-3.1887559193549566,-2.8758121146720614,True,False,,,,product_anomaly
2017-09-04,5,5,20,S5_E01,Full Day,20,228,17,-3.1887559193549566,-1.8585000169183008,True,False,,,,product_anomaly
2017-09-04,6,5,17,S6_E01,Shift 1,10,228,16,-3.1887559193549566,-2.5826069495076664,True,False,,,,product_anomaly
2017-09-04,6,5,17,S6_E02,Shift 2,7,228,16,-3.1887559193549566,-2.6740290675517415,True,False,,,,product_anomaly
2017-09-04,7,5,17,S7_E01,Full Day,17,228,16,-3.1887559193549566,-2.2391586396028047,True,False,,,,product_anomaly
2017-09-04,8,5,28,S8_E01,Shift 1,13,228,29,-3.1887559193549566,-2.0115576952992282,True,False,,,,product_anomaly
2017-09-04,8,5,28,S8_E02,Shift 2,15,228,29,-3.1887559193549566,-2.0785237571981776,True,False,,,,product_anomaly
2017-09-04,9,5,13,S9_E01,Shift 1,7,228,25,-3.1887559193549566,-2.1643040947822056,True,False,,,,product_anomaly
2017-09-04,9,5,13,S9_E02,Shift 2,6,228,25,-3.1887559193549566,-1.9022724422738633,True,False,,,,product_anomaly
2017-09-04,10,5,18,S10_E01,Full Day,18,228,27,-3.1887559193549566,-2.5456715195503166,True,False,,,,product_anomaly
2017-09-17,1,5,25,S1_E01,Shift 1,14,228,20,3.3924395112864105,1.108276358626258,True,False,,,,product_anomaly
2017-09-17,1,5,25,S1_E02,Shift 2,11,228,20,3.3924395112864105,1.565445343825762,True,False,,,,product_anomaly
2017-09-17,2,5,33,S2_E01,Shift 1,16,228,26,3.3924395112864105,1.6919487351453193,True,False,,,,product_anomaly
2017-09-17,2,5,33,S2_E02,Shift 2,17,228,26,3.3924395112864105,1.4359950383649063,True,False,,,,product_anomaly
2017-09-17,3,5,37,S3_E01,Shift 1,21,228,25,3.3924395112864105,1.4286808941350353,True,False,,,,product_anomaly
2017-09-17,3,5,37,S3_E02,Shift 2,16,228,25,3.3924395112864105,1.1702875994461706,True,False,,,,product_anomaly
2017-09-17,4,5,28,S4_E01,Full Day,28,228,24,3.3924395112864105,1.1947272799248003,True,False,,,,product_anomaly
2017-09-17,5,5,25,S5_E01,Full Day,25,228,18,3.3924395112864105,1.3027205605333785,True,False,,,,product_anomaly
2017-09-17,6,5,18,S6_E01,Shift 1,10,228,17,3.3924395112864105,1.0277298363825496,True,False,,,,product_anomaly
2017-09-17,6,5,18,S6_E02,Shift 2,8,228,17,3.3924395112864105,1.343834725139409,True,False,,,,product_anomaly
2017-09-17,7,5,22,S7_E01,Full Day,22,228,16,3.3924395112864105,1.9245158957510122,True,False,,,,product_anomaly
2017-09-17,8,5,34,S8_E01,Shift 1,17,228,30,3.3924395112864105,1.3445203030590236,True,False,,,,product_anomaly
2017-09-17,8,5,34,S8_E02,Shift 2,17,228,30,3.3924395112864105,1.2650039975307592,True,False,,,,product_anomaly
2017-09-17,9,5,29,S9_E01,Shift 1,17,228,23,3.3924395112864105,1.4128756603663257,True,False,,,,product_anomaly
2017-09-17,9,5,29,S9_E02,Shift 2,12,228,23,3.3924395112864105,1.1248455787843608,True,False,,,,product_anomaly
2017-09-17,10,5,35,S10_E01,Full Day,35,228,25,3.3924395112864105,1.323269891295389,True,False,,,,product_anomaly
2017-12-04,1,5,13,S1_E01,Shift 1,6,228,19,-3.6567513409058536,-3.566924808659965,True,True,,,,product_and_employee_anomaly
2017-12-04,1,5,13,S1_E02,Shift 2,7,228,19,-3.6567513409058536,-3.439934189042974,True,True,,,,product_and_employee_anomaly
2017-12-04,2,5,19,S2_E01,Shift 1,11,228,28,-3.6567513409058536,-3.4289887985334744,True,True,,,,product_and_employee_anomaly
2017-12-04,2,5,19,S2_E02,Shift 2,8,228,28,-3.6567513409058536,-3.42560784986891,True,True,,,,product_and_employee_anomaly
2017-12-04,3,5,10,S3_E01,Shift 1,5,228,25,-3.6567513409058536,-4.010676658948157,True,True,,,,product_and_employee_anomaly
2017-12-04,3,5,10,S3_E02,Shift 2,5,228,25,-3.6567513409058536,-3.2163317411983594,True,True,,,,product_and_employee_anomaly
2017-12-04,4,5,13,S4_E01,Full Day,13,228,21,-3.6567513409058536,-3.284111898833113,True,True,,,,product_and_employee_anomaly
2017-12-04,5,5,12,S5_E01,Full Day,12,228,16,-3.6567513409058536,-3.2458225710762023,True,True,,,,product_and_employee_anomaly
2017-12-04,6,5,9,S6_E01,Shift 1,4,228,16,-3.6567513409058536,-3.2986405964081293,True,True,,,,product_and_employee_anomaly
2017-12-04,6,5,9,S6_E02,Shift 2,5,228,16,-3.6567513409058536,-3.3301889302159635,True,True,,,,product_and_employee_anomaly
2017-12-04,7,5,5,S7_E01,Full Day,5,228,15,-3.6567513409058536,-3.144474792045703,True,True,,,,product_and_employee_anomaly
2017-12-04,8,5,18,S8_E01,Shift 1,10,228,28,-3.6567513409058536,-3.5723822669368586,True,True,,,,product_and_employee_anomaly
2017-12-04,8,5,18,S8_E02,Shift 2,8,228,28,-3.6567513409058536,-3.58582252955439,True,True,,,,product_and_employee_anomaly
2017-12-04,9,5,5,S9_E01,Shift 1,3,228,23,-3.6567513409058536,-3.189292177224606,True,True,,,,product_and_employee_anomaly
2017-12-04,9,5,5,S9_E02,Shift 2,2,228,23,-3.6567513409058536,-3.1563508443071124,True,True,,,,product_and_employee_anomaly
2017-12-04,10,5,19,S10_E01,Full Day,19,228,24,-3.6567513409058536,-3.105707653984013,True,True,,,,product_and_employee_anomaly
2013-08-05,1,6,36,S1_E01,Shift 1,17,432,57,-4.397802699270232,-2.4156234667007204,True,False,,,,product_anomaly
2013-08-05,1,6,36,S1_E02,Shift 2,19,432,57,-4.397802699270232,-2.6106751492337086,True,False,,,,product_anomaly
2013-08-05,2,6,57,S2_E01,Shift 1,29,432,78,-4.397802699270232,-3.037931708682254,True,True,,,,product_and_employee_anomaly
2013-08-05,2,6,57,S2_E02,Shift 2,28,432,78,-4.397802699270232,-3.4857102754090485,True,True,,,,product_and_employee_anomaly
2013-08-05,3,6,44,S3_E01,Shift 1,24,432,71,-4.397802699270232,-2.471140170469033,True,False,,,,product_anomaly
2013-08-05,3,6,44,S3_E02,Shift 2,20,432,71,-4.397802699270232,-2.977763708215258,True,False,,,,product_anomaly
2013-08-05,4,6,32,S4_E01,Full Day,32,432,65,-4.397802699270232,-2.585399372448584,True,False,,,,product_anomaly
2013-08-05,5,6,44,S5_E01,Full Day,44,432,48,-4.397802699270232,-2.476026680116979,True,False,,,,product_anomaly
2013-08-05,6,6,28,S6_E01,Shift 1,15,432,48,-4.397802699270232,-2.480769642052181,True,False,,,,product_anomaly
2013-08-05,6,6,28,S6_E02,Shift 2,13,432,48,-4.397802699270232,-2.281964941758153,True,False,,,,product_anomaly
2013-08-05,7,6,28,S7_E01,Full Day,28,432,43,-4.397802699270232,-2.3775535177606595,True,False,,,,product_anomaly
2013-08-05,8,6,51,S8_E01,Shift 1,21,432,76,-4.397802699270232,-2.2496415033443022,True,False,,,,product_anomaly
2013-08-05,8,6,51,S8_E02,Shift 2,30,432,76,-4.397802699270232,-2.3907326904646378,True,False,,,,product_anomaly
2013-08-05,9,6,38,S9_E01,Shift 1,20,432,66,-4.397802699270232,-2.1535467339877448,True,False,,,,product_anomaly
2013-08-05,9,6,38,S9_E02,Shift 2,18,432,66,-4.397802699270232,-2.4560677337350354,True,False,,,,product_anomaly
2013-08-05,10,6,51,S10_E01,Full Day,51,432,72,-4.397802699270232,-2.25167679317855,True,False,,,,product_anomaly
2013-12-02,1,6,22,S1_E01,Shift 1,10,432,46,-2.9806836359368822,-3.1254292363912257,False,True,,,,employee_anomaly
2013-12-02,2,6,42,S2_E01,Shift 1,23,432,68,-2.9806836359368822,-3.412450649859274,False,True,,,,employee_anomaly
2013-12-02,2,6,42,S2_E02,Shift 2,19,432,68,-2.9806836359368822,-3.2785932441135652,False,True,,,,employee_anomaly
2013-12-02,3,6,38,S3_E01,Shift 1,17,432,58,-2.9806836359368822,-3.2501487509139597,False,True,,,,employee_anomaly
2013-12-02,3,6,38,S3_E02,Shift 2,21,432,58,-2.9806836359368822,-3.4328063228458867,False,True,,,,employee_anomaly
2013-12-02,4,6,30,S4_E01,Full Day,30,432,54,-2.9806836359368822,-3.448513956982832,False,True,,,,employee_anomaly
2013-12-02,5,6,25,S5_E01,Full Day,25,432,39,-2.9806836359368822,-3.1959090536893515,False,True,,,,employee_anomaly
2013-12-02,6,6,21,S6_E02,Shift 2,10,432,40,-2.9806836359368822,-3.0818675698167812,False,True,,,,employee_anomaly
2013-12-02,8,6,26,S8_E01,Shift 1,13,432,63,-2.9806836359368822,-3.3597203284094452,False,True,,,,employee_anomaly
2013-12-02,8,6,26,S8_E02,Shift 2,13,432,63,-2.9806836359368822,-3.335819773959348,False,True,,,,employee_anomaly
2013-12-02,9,6,31,S9_E01,Shift 1,15,432,54,-2.9806836359368822,-3.305771183792513,False,True,,,,employee_anomaly
2013-12-02,9,6,31,S9_E02,Shift 2,16,432,54,-2.9806836359368822,-3.696275698428471,False,True,,,,employee_anomaly
2013-12-02,10,6,26,S10_E01,Full Day,26,432,60,-2.9806836359368822,-3.0878038047354686,False,True,,,,employee_anomaly
2014-03-01,1,6,59,S1_E01,Shift 1,25,432,38,3.6046437380347878,1.8242545275228967,True,False,,,,product_anomaly
2014-03-01,1,6,59,S1_E02,Shift 2,34,432,38,3.6046437380347878,2.6015673164242665,True,False,,,,product_anomaly
2014-03-01,2,6,85,S2_E01,Shift 1,43,432,51,3.6046437380347878,3.349005610782279,True,True,,,,product_and_employee_anomaly
2014-03-01,2,6,85,S2_E02,Shift 2,42,432,51,3.6046437380347878,2.8461099331193718,True,False,,,,product_anomaly
2014-03-01,3,6,65,S3_E01,Shift 1,34,432,46,3.6046437380347878,1.9584902781729174,True,False,,,,product_anomaly
2014-03-01,3,6,65,S3_E02,Shift 2,31,432,46,3.6046437380347878,2.4343516400715948,True,False,,,,product_anomaly
2014-03-01,4,6,47,S4_E01,Full Day,47,432,44,3.6046437380347878,2.5055749314209104,True,False,,,,product_anomaly
2014-03-01,5,6,56,S5_E01,Full Day,56,432,32,3.6046437380347878,3.306479451837381,True,True,,,,product_and_employee_anomaly
2014-03-01,6,6,51,S6_E01,Shift 1,26,432,31,3.6046437380347878,2.323386541300781,True,False,,,,product_anomaly
2014-03-01,6,6,51,S6_E02,Shift 2,25,432,31,3.6046437380347878,2.9878245936140457,True,False,,,,product_anomaly
2014-03-01,7,6,28,S7_E01,Full Day,28,432,28,3.6046437380347878,2.157297689436117,True,False,,,,product_anomaly
2014-03-01,8,6,81,S8_E01,Shift 1,40,432,52,3.6046437380347878,2.488561115036944,True,False,,,,product_anomaly
2014-03-01,8,6,81,S8_E02,Shift 2,41,432,52,3.6046437380347878,2.2777673761291855,True,False,,,,product_anomaly
2014-03-01,9,6,64,S9_E01,Shift 1,32,432,44,3.6046437380347878,2.0575462095889767,True,False,,,,product_anomaly
2014-03-01,9,6,64,S9_E02,Shift 2,32,432,44,3.6046437380347878,2.25800157879476,True,False,,,,product_anomaly
2014-03-01,10,6,67,S10_E01,Full Day,67,432,47,3.6046437380347878,2.822284998497931,True,False,,,,product_anomaly
2014-08-04,2,6,60,S2_E01,Shift 1,29,432,94,-2.9459265784105373,-3.2958565872574868,False,True,,,,employee_anomaly
2014-08-04,4,6,48,S4_E01,Full Day,48,432,77,-2.9459265784105373,-3.1397631376093593,False,True,,,,employee_anomaly
2014-08-04,5,6,36,S5_E01,Full Day,36,432,56,-2.9459265784105373,-3.2173712129452325,False,True,,,,employee_anomaly
2014-08-04,6,6,41,S6_E02,Shift 2,22,432,55,-2.9459265784105373,-3.5017544264003857,False,True,,,,employee_anomaly
2014-08-04,7,6,33,S7_E01,Full Day,33,432,48,-2.9459265784105373,-3.4459186430311015,False,True,,,,employee_anomaly
2014-08-04,8,6,79,S8_E01,Shift 1,38,432,89,-2.9459265784105373,-3.8062041584640642,False,True,,,,employee_anomaly
2014-08-04,8,6,79,S8_E02,Shift 2,41,432,89,-2.9459265784105373,-3.16064441974807,False,True,,,,employee_anomaly
2014-12-01,1,6,27,S1_E01,Shift 1,14,432,53,-2.995438280658746,-3.1060032038113756,False,True,,,,employee_anomaly
2014-12-01,1,6,27,S1_E02,Shift 2,13,432,53,-2.995438280658746,-3.2257952791105735,False,True,,,,employee_anomaly
2014-12-01,2,6,49,S2_E01,Shift 1,21,432,78,-2.995438280658746,-3.2103767532981733,False,True,,,,employee_anomaly
2014-12-01,3,6,35,S3_E01,Shift 1,14,432,68,-2.995438280658746,-3.6842826003636517,False,True,,,,employee_anomaly
2014-12-01,3,6,35,S3_E02,Shift 2,21,432,68,-2.995438280658746,-3.7643534802102665,False,True,,,,employee_anomaly
2014-12-01,4,6,45,S4_E01,Full Day,45,432,63,-2.995438280658746,-3.5292108233300348,False,True,,,,employee_anomaly
2014-12-01,5,6,17,S5_E01,Full Day,17,432,47,-2.995438280658746,-3.5544771735009846,False,True,,,,employee_anomaly
2014-12-01,6,6,22,S6_E02,Shift 2,13,432,44,-2.995438280658746,-3.2677552992025225,False,True,,,,employee_anomaly
2014-12-01,7,6,21,S7_E01,Full Day,21,432,42,-2.995438280658746,-3.4795612216587277,False,True,,,,employee_anomaly
2014-12-01,8,6,45,S8_E02,Shift 2,24,432,74,-2.995438280658746,-3.156889714158979,False,True,,,,employee_anomaly
2014-12-01,9,6,43,S9_E01,Shift 1,20,432,61,-2.995438280658746,-3.0877445136207187,False,True,,,,employee_anomaly
2014-12-01,10,6,42,S10_E01,Full Day,42,432,66,-2.995438280658746,-3.4995746414918427,False,True,,,,employee_anomaly
2015-02-01,1,6,43,S1_E01,Shift 1,22,432,35,2.671001211396879,3.0557660597940646,False,True,,,,employee_anomaly
2015-03-01,1,6,44,S1_E01,Shift 1,25,432,40,2.5096812892651728,3.2063842092808192,False,True,,,,employee_anomaly
2015-03-01,2,6,78,S2_E01,Shift 1,42,432,57,2.5096812892651728,3.1204913155838128,False,True,,,,employee_anomaly
2015-03-01,3,6,85,S3_E02,Shift 2,42,432,53,2.5096812892651728,3.4103721242964737,False,True,,,,employee_anomaly
2015-03-01,4,6,55,S4_E01,Full Day,55,432,48,2.5096812892651728,3.1596518128314997,False,True,,,,employee_anomaly
2015-03-01,5,6,59,S5_E01,Full Day,59,432,33,2.5096812892651728,3.6387722164072245,False,True,,,,employee_anomaly
2015-03-01,6,6,46,S6_E01,Shift 1,19,432,34,2.5096812892651728,3.2783227914473976,False,True,,,,employee_anomaly
2015-03-01,6,6,46,S6_E02,Shift 2,27,432,34,2.5096812892651728,3.6075677552682435,False,True,,,,employee_anomaly
2015-03-01,8,6,72,S8_E01,Shift 1,38,432,52,2.5096812892651728,3.332540228908305,False,True,,,,employee_anomaly
2015-03-01,8,6,72,S8_E02,Shift 2,34,432,52,2.5096812892651728,3.009029860439897,False,True,,,,employee_anomaly
2015-03-01,9,6,64,S9_E01,Shift 1,35,432,46,2.5096812892651728,3.562831793884845,False,True,,,,employee_anomaly
2015-03-01,9,6,64,S9_E02,Shift 2,29,432,46,2.5096812892651728,3.0689769065072365,False,True,,,,employee_anomaly
2015-03-01,10,6,75,S10_E01,Full Day,75,432,50,2.5096812892651728,3.035766134572765,False,True,,,,employee_anomaly
2015-08-03,3,6,56,S3_E01,Shift 1,31,432,87,-2.223696462163988,-3.230471200097007,False,True,,,,employee_anomaly
2015-08-03,3,6,56,S3_E02,Shift 2,25,432,87,-2.223696462163988,-3.0968220305556833,False,True,,,,employee_anomaly
2015-08-03,6,6,37,S6_E01,Shift 1,20,432,55,-2.223696462163988,-3.003013866777452,False,True,,,,employee_anomaly
2015-08-03,9,6,61,S9_E02,Shift 2,34,432,80,-2.223696462163988,-3.2324063857303305,False,True,,,,employee_anomaly
2016-12-05,2,6,50,S2_E01,Shift 1,26,432,87,-2.5462449892125067,-3.039797685865822,False,True,,,,employee_anomaly
2016-12-05,6,6,23,S6_E01,Shift 1,13,432,51,-2.5462449892125067,-3.552929269017943,False,True,,,,employee_anomaly
2016-12-05,7,6,18,S7_E01,Full Day,18,432,44,-2.5462449892125067,-3.1441222038535632,False,True,,,,employee_anomaly
2016-12-05,8,6,50,S8_E01,Shift 1,27,432,80,-2.5462449892125067,-3.7685143438139015,False,True,,,,employee_anomaly
2016-12-05,8,6,50,S8_E02,Shift 2,23,432,80,-2.5462449892125067,-3.111510025863777,False,True,,,,employee_anomaly
2016-12-05,9,6,37,S9_E02,Shift 2,19,432,67,-2.5462449892125067,-3.3474208166871384,False,True,,,,employee_anomaly
2016-12-05,10,6,43,S10_E01,Full Day,43,432,73,-2.5462449892125067,-3.2437638134469884,False,True,,,,employee_anomaly
2017-04-01,1,6,72,S1_E01,Shift 1,41,432,56,1.6791254271578961,3.05140781233218,False,True,,,,employee_anomaly
2017-12-04,1,6,48,S1_E01,Shift 1,28,432,63,-2.685448764904736,-3.566924808659965,False,True,,,,employee_anomaly
2017-12-04,1,6,48,S1_E02,Shift 2,20,432,63,-2.685448764904736,-3.439934189042974,False,True,,,,employee_anomaly
2017-12-04,2,6,59,S2_E01,Shift 1,27,432,85,-2.685448764904736,-3.4289887985334744,False,True,,,,employee_anomaly
2017-12-04,2,6,59,S2_E02,Shift 2,32,432,85,-2.685448764904736,-3.42560784986891,False,True,,,,employee_anomaly
2017-12-04,3,6,39,S3_E01,Shift 1,22,432,77,-2.685448764904736,-4.010676658948157,False,True,,,,employee_anomaly
2017-12-04,3,6,39,S3_E02,Shift 2,17,432,77,-2.685448764904736,-3.2163317411983594,False,True,,,,employee_anomaly
2017-12-04,4,6,41,S4_E01,Full Day,41,432,69,-2.685448764904736,-3.284111898833113,False,True,,,,employee_anomaly
2017-12-04,5,6,30,S5_E01,Full Day,30,432,52,-2.685448764904736,-3.2458225710762023,False,True,,,,employee_anomaly
2017-12-04,6,6,34,S6_E01,Shift 1,17,432,52,-2.685448764904736,-3.2986405964081293,False,True,,,,employee_anomaly
2017-12-04,6,6,34,S6_E02,Shift 2,17,432,52,-2.685448764904736,-3.3301889302159635,False,True,,,,employee_anomaly
2017-12-04,7,6,28,S7_E01,Full Day,28,432,48,-2.685448764904736,-3.144474792045703,False,True,,,,employee_anomaly
2017-12-04,8,6,52,S8_E01,Shift 1,25,432,86,-2.685448764904736,-3.5723822669368586,False,True,,,,employee_anomaly
2017-12-04,8,6,52,S8_E02,Shift 2,27,432,86,-2.685448764904736,-3.58582252955439,False,True,,,,employee_anomaly
2017-12-04,9,6,37,S9_E01,Shift 1,17,432,71,-2.685448764904736,-3.189292177224606,False,True,,,,employee_anomaly
2017-12-04,9,6,37,S9_E02,Shift 2,20,432,71,-2.685448764904736,-3.1563508443071124,False,True,,,,employee_anomaly
2017-12-04,10,6,50,S10_E01,Full Day,50,432,74,-2.685448764904736,-3.105707653984013,False,True,,,,employee_anomaly
2013-02-03,1,7,28,S1_E01,Shift 1,16,61,31,3.042631893046489,1.3861739158274642,True,False,,,,product_anomaly
2013-02-03,1,7,28,S1_E02,Shift 2,12,61,31,3.042631893046489,1.2014649818739083,True,False,,,,product_anomaly
2013-02-03,2,7,50,S2_E01,Shift 1,25,61,45,3.042631893046489,1.5564792281365063,True,False,,,,product_anomaly
2013-02-03,2,7,50,S2_E02,Shift 2,25,61,45,3.042631893046489,1.6950611031885698,True,False,,,,product_anomaly
2013-02-03,3,7,53,S3_E01,Shift 1,25,61,38,3.042631893046489,1.2980482294979563,True,False,,,,product_anomaly
2013-02-03,3,7,53,S3_E02,Shift 2,28,61,38,3.042631893046489,1.8967318320261308,True,False,,,,product_anomaly
2013-02-03,4,7,64,S4_E01,Full Day,64,61,35,3.042631893046489,1.8464637810756168,True,False,,,,product_anomaly
2013-02-03,5,7,28,S5_E01,Full Day,28,61,27,3.042631893046489,1.7756728935827266,True,False,,,,product_anomaly
2013-02-03,6,7,41,S6_E01,Shift 1,23,61,24,3.042631893046489,1.887040434735957,True,False,,,,product_anomaly
2013-02-03,6,7,41,S6_E02,Shift 2,18,61,24,3.042631893046489,1.9276968394075247,True,False,,,,product_anomaly
2013-02-03,7,7,34,S7_E01,Full Day,34,61,23,3.042631893046489,1.4232712090741666,True,False,,,,product_anomaly
2013-02-03,8,7,71,S8_E01,Shift 1,36,61,43,3.042631893046489,1.3855204707890951,True,False,,,,product_anomaly
2013-02-03,8,7,71,S8_E02,Shift 2,35,61,43,3.042631893046489,1.5812103070284094,True,False,,,,product_anomaly
2013-02-03,9,7,60,S9_E01,Shift 1,31,61,34,3.042631893046489,2.105184759203714,True,False,,,,product_anomaly
2013-02-03,9,7,60,S9_E02,Shift 2,29,61,34,3.042631893046489,2.413298617476434,True,False,,,,product_anomaly
2013-02-03,10,7,53,S10_E01,Full Day,53,61,37,3.042631893046489,1.5539324807154178,True,False,,,,product_anomaly
2013-08-05,2,7,42,S2_E01,Shift 1,21,61,82,-2.321103074354472,-3.037931708682254,False,True,,,,employee_anomaly
2013-08-05,2,7,42,S2_E02,Shift 2,21,61,82,-2.321103074354472,-3.4857102754090485,False,True,,,,employee_anomaly
2013-12-02,1,7,25,S1_E01,Shift 1,12,61,47,-3.081473245314592,-3.1254292363912257,True,True,,,,product_and_employee_anomaly
2013-12-02,1,7,25,S1_E02,Shift 2,13,61,47,-3.081473245314592,-2.851006355389951,True,False,,,,product_anomaly
2013-12-02,2,7,29,S2_E01,Shift 1,17,61,66,-3.081473245314592,-3.412450649859274,True,True,,,,product_and_employee_anomaly
2013-12-02,2,7,29,S2_E02,Shift 2,12,61,66,-3.081473245314592,-3.2785932441135652,True,True,,,,product_and_employee_anomaly
2013-12-02,3,7,43,S3_E01,Shift 1,19,61,58,-3.081473245314592,-3.2501487509139597,True,True,,,,product_and_employee_anomaly
2013-12-02,3,7,43,S3_E02,Shift 2,24,61,58,-3.081473245314592,-3.4328063228458867,True,True,,,,product_and_employee_anomaly
2013-12-02,4,7,30,S4_E01,Full Day,30,61,55,-3.081473245314592,-3.448513956982832,True,True,,,,product_and_employee_anomaly
2013-12-02,5,7,20,S5_E01,Full Day,20,61,38,-3.081473245314592,-3.1959090536893515,True,True,,,,product_and_employee_anomaly
2013-12-02,6,7,11,S6_E01,Shift 1,5,61,39,-3.081473245314592,-2.8345600406685025,True,False,,,,product_anomaly
2013-12-02,6,7,11,S6_E02,Shift 2,6,61,39,-3.081473245314592,-3.0818675698167812,True,True,,,,product_and_employee_anomaly
2013-12-02,7,7,20,S7_E01,Full Day,20,61,33,-3.081473245314592,-2.9208666389824898,True,False,,,,product_anomaly
2013-12-02,8,7,35,S8_E01,Shift 1,15,61,61,-3.081473245314592,-3.3597203284094452,True,True,,,,product_and_employee_anomaly
2013-12-02,8,7,35,S8_E02,Shift 2,20,61,61,-3.081473245314592,-3.335819773959348,True,True,,,,product_and_employee_anomaly
2013-12-02,9,7,36,S9_E01,Shift 1,18,61,53,-3.081473245314592,-3.305771183792513,True,True,,,,product_and_employee_anomaly
2013-12-02,9,7,36,S9_E02,Shift 2,18,61,53,-3.081473245314592,-3.696275698428471,True,True,,,,product_and_employee_anomaly
2013-12-02,10,7,20,S10_E01,Full Day,20,61,61,-3.081473245314592,-3.0878038047354686,True,True,,,,product_and_employee_anomaly
2014-03-01,1,7,54,S1_E01,Shift 1,29,61,36,3.325451153719865,1.8242545275228967,True,False,,,,product_anomaly
2014-03-01,1,7,54,S1_E02,Shift 2,25,61,36,3.325451153719865,2.6015673164242665,True,False,,,,product_anomaly
2014-03-01,2,7,74,S2_E01,Shift 1,31,61,54,3.325451153719865,3.349005610782279,True,True,,,,product_and_employee_anomaly
2014-03-01,2,7,74,S2_E02,Shift 2,43,61,54,3.325451153719865,2.8461099331193718,True,False,,,,product_anomaly
2014-03-01,3,7,66,S3_E01,Shift 1,33,61,49,3.325451153719865,1.9584902781729174,True,False,,,,product_anomaly
2014-03-01,3,7,66,S3_E02,Shift 2,33,61,49,3.325451153719865,2.4343516400715948,True,False,,,,product_anomaly
2014-03-01,4,7,74,S4_E01,Full Day,74,61,42,3.325451153719865,2.5055749314209104,True,False,,,,product_anomaly
2014-03-01,5,7,49,S5_E01,Full Day,49,61,31,3.325451153719865,3.306479451837381,True,True,,,,product_and_employee_anomaly
2014-03-01,6,7,35,S6_E01,Shift 1,16,61,33,3.325451153719865,2.323386541300781,True,False,,,,product_anomaly
2014-03-01,6,7,35,S6_E02,Shift 2,19,61,33,3.325451153719865,2.9878245936140457,True,False,,,,product_anomaly
2014-03-01,7,7,53,S7_E01,Full Day,53,61,27,3.325451153719865,2.157297689436117,True,False,,,,product_anomaly
2014-03-01,8,7,76,S8_E01,Shift 1,38,61,51,3.325451153719865,2.488561115036944,True,False,,,,product_anomaly
2014-03-01,8,7,76,S8_E02,Shift 2,38,61,51,3.325451153719865,2.2777673761291855,True,False,,,,product_anomaly
2014-03-01,9,7,57,S9_E01,Shift 1,25,61,46,3.325451153719865,2.0575462095889767,True,False,,,,product_anomaly
2014-03-01,9,7,57,S9_E02,Shift 2,32,61,46,3.325451153719865,2.25800157879476,True,False,,,,product_anomaly
2014-03-01,10,7,64,S10_E01,Full Day,64,61,47,3.325451153719865,2.822284998497931,True,False,,,,product_anomaly
2014-08-04,2,7,65,S2_E01,Shift 1,26,61,91,-2.6481690130367226,-3.2958565872574868,False,True,,,,employee_anomaly
2014-08-04,4,7,65,S4_E01,Full Day,65,61,74,-2.6481690130367226,-3.1397631376093593,False,True,,,,employee_anomaly
2014-08-04,5,7,41,S5_E01,Full Day,41,61,53,-2.6481690130367226,-3.2173712129452325,False,True,,,,employee_anomaly
2014-08-04,6,7,33,S6_E02,Shift 2,14,61,52,-2.6481690130367226,-3.5017544264003857,False,True,,,,employee_anomaly
2014-08-04,7,7,39,S7_E01,Full Day,39,61,50,-2.6481690130367226,-3.4459186430311015,False,True,,,,employee_anomaly
2014-08-04,8,7,60,S8_E01,Shift 1,27,61,89,-2.6481690130367226,-3.8062041584640642,False,True,,,,employee_anomaly
2014-08-04,8,7,60,S8_E02,Shift 2,33,61,89,-2.6481690130367226,-3.16064441974807,False,True,,,,employee_anomaly
2014-10-06,1,7,42,S1_E01,Shift 1,18,61,53,-3.21456505174898,-2.2228764660712295,True,False,,,,product_anomaly
2014-10-06,1,7,42,S1_E02,Shift 2,24,61,53,-3.21456505174898,-1.6808046049291825,True,False,,,,product_anomaly
2014-10-06,2,7,45,S2_E01,Shift 1,23,61,75,-3.21456505174898,-1.9142965608082247,True,False,,,,product_anomaly
2014-10-06,2,7,45,S2_E02,Shift 2,22,61,75,-3.21456505174898,-1.8264071342396082,True,False,,,,product_anomaly
2014-10-06,3,7,51,S3_E01,Shift 1,29,61,66,-3.21456505174898,-2.02832080852151,True,False,,,,product_anomaly
2014-10-06,3,7,51,S3_E02,Shift 2,22,61,66,-3.21456505174898,-1.5738160630677633,True,False,,,,product_anomaly
2014-10-06,4,7,51,S4_E01,Full Day,51,61,66,-3.21456505174898,-1.836485645979541,True,False,,,,product_anomaly
2014-10-06,5,7,39,S5_E01,Full Day,39,61,45,-3.21456505174898,-2.097160274662088,True,False,,,,product_anomaly
2014-10-06,6,7,28,S6_E01,Shift 1,14,61,44,-3.21456505174898,-2.459771316057352,True,False,,,,product_anomaly
2014-10-06,6,7,28,S6_E02,Shift 2,14,61,44,-3.21456505174898,-1.7950879112619633,True,False,,,,product_anomaly
2014-10-06,7,7,21,S7_E01,Full Day,21,61,40,-3.21456505174898,-1.5443203165170951,True,False,,,,product_anomaly
2014-10-06,8,7,62,S8_E01,Shift 1,33,61,73,-3.21456505174898,-2.1038830585132384,True,False,,,,product_anomaly
2014-10-06,8,7,62,S8_E02,Shift 2,29,61,73,-3.21456505174898,-2.4145026640921277,True,False,,,,product_anomaly
2014-10-06,9,7,40,S9_E01,Shift 1,23,61,62,-3.21456505174898,-1.8968922635330927,True,False,,,,product_anomaly
2014-10-06,9,7,40,S9_E02,Shift 2,17,61,62,-3.21456505174898,-2.0663410186959315,True,False,,,,product_anomaly
2014-10-06,10,7,60,S10_E01,Full Day,60,61,65,-3.21456505174898,-1.9070970103709992,True,False,,,,product_anomaly
2014-12-01,1,7,30,S1_E01,Shift 1,16,61,53,-3.880464344618201,-3.1060032038113756,True,True,,,,product_and_employee_anomaly
2014-12-01,1,7,30,S1_E02,Shift 2,14,61,53,-3.880464344618201,-3.2257952791105735,True,True,,,,product_and_employee_anomaly
2014-12-01,2,7,41,S2_E01,Shift 1,22,61,74,-3.880464344618201,-3.2103767532981733,True,True,,,,product_and_employee_anomaly
2014-12-01,2,7,41,S2_E02,Shift 2,19,61,74,-3.880464344618201,-2.9745651825749797,True,False,,,,product_anomaly
2014-12-01,3,7,44,S3_E01,Shift 1,20,61,67,-3.880464344618201,-3.6842826003636517,True,True,,,,product_and_employee_anomaly
2014-12-01,3,7,44,S3_E02,Shift 2,24,61,67,-3.880464344618201,-3.7643534802102665,True,True,,,,product_and_employee_anomaly
2014-12-01,4,7,34,S4_E01,Full Day,34,61,64,-3.880464344618201,-3.5292108233300348,True,True,,,,product_and_employee_anomaly
2014-12-01,5,7,24,S5_E01,Full Day,24,61,45,-3.880464344618201,-3.5544771735009846,True,True,,,,product_and_employee_anomaly
2014-12-01,6,7,28,S6_E01,Shift 1,15,61,45,-3.880464344618201,-2.725413037949043,True,False,,,,product_anomaly
2014-12-01,6,7,28,S6_E02,Shift 2,13,61,45,-3.880464344618201,-3.2677552992025225,True,True,,,,product_and_employee_anomaly
2014-12-01,7,7,11,S7_E01,Full Day,11,61,42,-3.880464344618201,-3.4795612216587277,True,True,,,,product_and_employee_anomaly
2014-12-01,8,7,38,S8_E01,Shift 1,16,61,74,-3.880464344618201,-2.754138713991254,True,False,,,,product_anomaly
2014-12-01,8,7,38,S8_E02,Shift 2,22,61,74,-3.880464344618201,-3.156889714158979,True,True,,,,product_and_employee_anomaly
2014-12-01,9,7,34,S9_E01,Shift 1,15,61,63,-3.880464344618201,-3.0877445136207187,True,True,,,,product_and_employee_anomaly
2014-12-01,9,7,34,S9_E02,Shift 2,19,61,63,-3.880464344618201,-2.9294097184846226,True,False,,,,product_anomaly
2014-12-01,10,7,29,S10_E01,Full Day,29,61,65,-3.880464344618201,-3.4995746414918427,True,True,,,,product_and_employee_anomaly
2015-02-01,1,7,37,S1_E01,Shift 1,20,61,35,3.1077423755251465,3.0557660597940646,True,True,,,,product_and_employee_anomaly
2015-02-01,1,7,37,S1_E02,Shift 2,17,61,35,3.1077423755251465,2.1453661731308964,True,False,,,,product_anomaly
2015-02-01,2,7,73,S2_E01,Shift 1,35,61,49,3.1077423755251465,1.953656430143817,True,False,,,,product_anomaly
2015-02-01,2,7,73,S2_E02,Shift 2,38,61,49,3.1077423755251465,2.3500220695901306,True,False,,,,product_anomaly
2015-02-01,3,7,70,S3_E01,Shift 1,32,61,44,3.1077423755251465,2.506888576749633,True,False,,,,product_anomaly
2015-02-01,3,7,70,S3_E02,Shift 2,38,61,44,3.1077423755251465,2.1659096796444564,True,False,,,,product_anomaly
2015-02-01,4,7,57,S4_E01,Full Day,57,61,42,3.1077423755251465,2.8748724820194456,True,False,,,,product_anomaly
2015-02-01,5,7,44,S5_E01,Full Day,44,61,32,3.1077423755251465,2.0848475539632427,True,False,,,,product_anomaly
2015-02-01,6,7,37,S6_E01,Shift 1,22,61,30,3.1077423755251465,2.221679149858128,True,False,,,,product_anomaly
2015-02-01,6,7,37,S6_E02,Shift 2,15,61,30,3.1077423755251465,1.958256602356688,True,False,,,,product_anomaly
2015-02-01,7,7,29,S7_E01,Full Day,29,61,27,3.1077423755251465,2.4352661753448244,True,False,,,,product_anomaly
2015-02-01,8,7,66,S8_E01,Shift 1,38,61,48,3.1077423755251465,2.6942065018192625,True,False,,,,product_anomaly
2015-02-01,8,7,66,S8_E02,Shift 2,28,61,48,3.1077423755251465,2.426072134137516,True,False,,,,product_anomaly
2015-02-01,9,7,68,S9_E01,Shift 1,31,61,43,3.1077423755251465,1.9180924008698985,True,False,,,,product_anomaly
2015-02-01,9,7,68,S9_E02,Shift 2,37,61,43,3.1077423755251465,2.3242398732184264,True,False,,,,product_anomaly
2015-02-01,10,7,56,S10_E01,Full Day,56,61,44,3.1077423755251465,2.0848738868918257,True,False,,,,product_anomaly
2015-03-01,1,7,65,S1_E01,Shift 1,38,61,39,4.425463046005976,3.2063842092808192,True,True,,,,product_and_employee_anomaly
2015-03-01,1,7,65,S1_E02,Shift 2,27,61,39,4.425463046005976,2.7011350015772067,True,False,,,,product_anomaly
2015-03-01,2,7,87,S2_E01,Shift 1,49,61,59,4.425463046005976,3.1204913155838128,True,True,,,,product_and_employee_anomaly
2015-03-01,2,7,87,S2_E02,Shift 2,38,61,59,4.425463046005976,2.9504051632544526,True,False,,,,product_anomaly
2015-03-01,3,7,71,S3_E01,Shift 1,39,61,50,4.425463046005976,2.94608151148025,True,False,,,,product_anomaly
2015-03-01,3,7,71,S3_E02,Shift 2,32,61,50,4.425463046005976,3.4103721242964737,True,True,,,,product_and_employee_anomaly
2015-03-01,4,7,90,S4_E01,Full Day,90,61,45,4.425463046005976,3.1596518128314997,True,True,,,,product_and_employee_anomaly
2015-03-01,5,7,57,S5_E01,Full Day,57,61,35,4.425463046005976,3.6387722164072245,True,True,,,,product_and_employee_anomaly
2015-03-01,6,7,50,S6_E01,Shift 1,30,61,31,4.425463046005976,3.2783227914473976,True,True,,,,product_and_employee_anomaly
2015-03-01,6,7,50,S6_E02,Shift 2,20,61,31,4.425463046005976,3.6075677552682435,True,True,,,,product_and_employee_anomaly
2015-03-01,7,7,40,S7_E01,Full Day,40,61,30,4.425463046005976,2.8190730739031222,True,False,,,,product_anomaly
2015-03-01,8,7,89,S8_E01,Shift 1,37,61,55,4.425463046005976,3.332540228908305,True,True,,,,product_and_employee_anomaly
2015-03-01,8,7,89,S8_E02,Shift 2,52,61,55,4.425463046005976,3.009029860439897,True,True,,,,product_and_employee_anomaly
2015-03-01,9,7,79,S9_E01,Shift 1,43,61,45,4.425463046005976,3.562831793884845,True,True,,,,product_and_employee_anomaly
2015-03-01,9,7,79,S9_E02,Shift 2,36,61,45,4.425463046005976,3.0689769065072365,True,True,,,,product_and_employee_anomaly
2015-03-01,10,7,71,S10_E01,Full Day,71,61,50,4.425463046005976,3.035766134572765,True,True,,,,product_and_employee_anomaly
2015-08-03,3,7,61,S3_E01,Shift 1,30,61,86,-2.0656015321200876,-3.230471200097007,False,True,,,,employee_anomaly
2015-08-03,3,7,61,S3_E02,Shift 2,31,61,86,-2.0656015321200876,-3.0968220305556833,False,True,,,,employee_anomaly
2015-08-03,6,7,39,S6_E01,Shift 1,20,61,58,-2.0656015321200876,-3.003013866777452,False,True,,,,employee_anomaly
2015-08-03,9,7,53,S9_E02,Shift 2,24,61,80,-2.0656015321200876,-3.2324063857303305,False,True,,,,employee_anomaly
2015-09-07,1,7,36,S1_E01,Shift 1,19,61,59,-3.465164965404594,-1.9332625347020014,True,False,,,,product_anomaly
2015-09-07,1,7,36,S1_E02,Shift 2,17,61,59,-3.465164965404594,-1.7403236518048266,True,False,,,,product_anomaly
2015-09-07,2,7,53,S2_E01,Shift 1,22,61,85,-3.465164965404594,-1.5134670471590337,True,False,,,,product_anomaly
2015-09-07,2,7,53,S2_E02,Shift 2,31,61,85,-3.465164965404594,-1.9042109033971157,True,False,,,,product_anomaly
2015-09-07,3,7,43,S3_E01,Shift 1,22,61,74,-3.465164965404594,-1.5775790891830506,True,False,,,,product_anomaly
2015-09-07,3,7,43,S3_E02,Shift 2,21,61,74,-3.465164965404594,-1.7021537388474237,True,False,,,,product_anomaly
2015-09-07,4,7,45,S4_E01,Full Day,45,61,69,-3.465164965404594,-1.865382744072971,True,False,,,,product_anomaly
2015-09-07,5,7,43,S5_E01,Full Day,43,61,51,-3.465164965404594,-1.7536846329727538,True,False,,,,product_anomaly
2015-09-07,6,7,29,S6_E01,Shift 1,13,61,52,-3.465164965404594,-2.1618330878735468,True,False,,,,product_anomaly
2015-09-07,6,7,29,S6_E02,Shift 2,16,61,52,-3.465164965404594,-1.5194068589968288,True,False,,,,product_anomaly
2015-09-07,7,7,43,S7_E01,Full Day,43,61,45,-3.465164965404594,-1.4868235814929767,True,False,,,,product_anomaly
2015-09-07,8,7,50,S8_E01,Shift 1,28,61,83,-3.465164965404594,-1.6750937583348342,True,False,,,,product_anomaly
2015-09-07,8,7,50,S8_E02,Shift 2,22,61,83,-3.465164965404594,-1.8796338290952883,True,False,,,,product_anomaly
2015-09-07,9,7,50,S9_E01,Shift 1,24,61,69,-3.465164965404594,-1.8521279535163875,True,False,,,,product_anomaly
2015-09-07,9,7,50,S9_E02,Shift 2,26,61,69,-3.465164965404594,-2.230693771375396,True,False,,,,product_anomaly
2015-09-07,10,7,66,S10_E01,Full Day,66,61,75,-3.465164965404594,-1.7759890336366242,True,False,,,,product_anomaly
2015-12-07,1,7,28,S1_E01,Shift 1,16,61,53,-3.224048791837345,-2.137467822138631,True,False,,,,product_anomaly
2015-12-07,1,7,28,S1_E02,Shift 2,12,61,53,-3.224048791837345,-2.3163145218669032,True,False,,,,product_anomaly
2015-12-07,2,7,33,S2_E01,Shift 1,14,61,75,-3.224048791837345,-2.2622746111084022,True,False,,,,product_anomaly
2015-12-07,2,7,33,S2_E02,Shift 2,19,61,75,-3.224048791837345,-2.734706195869,True,False,,,,product_anomaly
2015-12-07,3,7,38,S3_E01,Shift 1,19,61,67,-3.224048791837345,-2.5814790260412823,True,False,,,,product_anomaly
2015-12-07,3,7,38,S3_E02,Shift 2,19,61,67,-3.224048791837345,-2.518162476199348,True,False,,,,product_anomaly
2015-12-07,4,7,33,S4_E01,Full Day,33,61,61,-3.224048791837345,-2.1817952782493784,True,False,,,,product_anomaly
2015-12-07,5,7,32,S5_E01,Full Day,32,61,45,-3.224048791837345,-1.7914761105903116,True,False,,,,product_anomaly
2015-12-07,6,7,29,S6_E01,Shift 1,17,61,45,-3.224048791837345,-2.177570422889973,True,False,,,,product_anomaly
2015-12-07,6,7,29,S6_E02,Shift 2,12,61,45,-3.224048791837345,-1.9810837763297446,True,False,,,,product_anomaly
2015-12-07,7,7,21,S7_E01,Full Day,21,61,39,-3.224048791837345,-2.327809067862889,True,False,,,,product_anomaly
2015-12-07,8,7,32,S8_E01,Shift 1,14,61,74,-3.224048791837345,-2.46070045964776,True,False,,,,product_anomaly
2015-12-07,8,7,32,S8_E02,Shift 2,18,61,74,-3.224048791837345,-2.443928253346677,True,False,,,,product_anomaly
2015-12-07,9,7,30,S9_E01,Shift 1,13,61,62,-3.224048791837345,-2.613927269474191,True,False,,,,product_anomaly
2015-12-07,9,7,30,S9_E02,Shift 2,17,61,62,-3.224048791837345,-2.3250075736587585,True,False,,,,product_anomaly
2015-12-07,10,7,37,S10_E01,Full Day,37,61,66,-3.224048791837345,-2.4039808735535884,True,False,,,,product_anomaly
2016-02-06,1,7,56,S1_E01,Shift 1,24,61,39,3.0731175141219578,1.4644967576155692,True,False,,,,product_anomaly
2016-02-06,1,7,56,S1_E02,Shift 2,32,61,39,3.0731175141219578,2.2643194343560906,True,False,,,,product_anomaly
2016-02-06,2,7,69,S2_E01,Shift 1,30,61,55,3.0731175141219578,1.1712102471163668,True,False,,,,product_anomaly
2016-02-06,2,7,69,S2_E02,Shift 2,39,61,55,3.0731175141219578,1.598644637802642,True,False,,,,product_anomaly
2016-02-06,3,7,69,S3_E01,Shift 1,36,61,51,3.0731175141219578,1.7531938048353515,True,False,,,,product_anomaly
2016-02-06,3,7,69,S3_E02,Shift 2,33,61,51,3.0731175141219578,2.088446401876736,True,False,,,,product_anomaly
2016-02-06,4,7,48,S4_E01,Full Day,48,61,45,3.0731175141219578,1.4917055040907194,True,False,,,,product_anomaly
2016-02-06,5,7,33,S5_E01,Full Day,33,61,34,3.0731175141219578,1.6282382952693906,True,False,,,,product_anomaly
2016-02-06,6,7,49,S6_E01,Shift 1,26,61,35,3.0731175141219578,1.9025429647610512,True,False,,,,product_anomaly
2016-02-06,6,7,49,S6_E02,Shift 2,23,61,35,3.0731175141219578,2.297840879636711,True,False,,,,product_anomaly
2016-02-06,7,7,43,S7_E01,Full Day,43,61,29,3.0731175141219578,1.5327593354431113,True,False,,,,product_anomaly
2016-02-06,8,7,62,S8_E01,Shift 1,31,61,52,3.0731175141219578,1.1367218471486908,True,False,,,,product_anomaly
2016-02-06,8,7,62,S8_E02,Shift 2,31,61,52,3.0731175141219578,1.7282220010082867,True,False,,,,product_anomaly
2016-02-06,9,7,49,S9_E01,Shift 1,22,61,44,3.0731175141219578,1.5619705719907206,True,False,,,,product_anomaly
2016-02-06,9,7,49,S9_E02,Shift 2,27,61,44,3.0731175141219578,2.0048319026635903,True,False,,,,product_anomaly
2016-02-06,10,7,63,S10_E01,Full Day,63,61,50,3.0731175141219578,1.7537369698291052,True,False,,,,product_anomaly
2016-12-01,1,7,31,S1_E01,Shift 1,14,61,60,-3.1969618152746775,-2.2319838813054322,True,False,,,,product_anomaly
2016-12-01,1,7,31,S1_E02,Shift 2,17,61,60,-3.1969618152746775,-2.2820642214035565,True,False,,,,product_anomaly
2016-12-01,2,7,59,S2_E01,Shift 1,27,61,85,-3.1969618152746775,-2.206039656198193,True,False,,,,product_anomaly
2016-12-01,2,7,59,S2_E02,Shift 2,32,61,85,-3.1969618152746775,-2.144907564519466,True,False,,,,product_anomaly
2016-12-01,3,7,43,S3_E01,Shift 1,24,61,77,-3.1969618152746775,-2.390856434197074,True,False,,,,product_anomaly
2016-12-01,3,7,43,S3_E02,Shift 2,19,61,77,-3.1969618152746775,-2.4337652031709074,True,False,,,,product_anomaly
2016-12-01,4,7,55,S4_E01,Full Day,55,61,69,-3.1969618152746775,-2.155776107013799,True,False,,,,product_anomaly
2016-12-01,5,7,29,S5_E01,Full Day,29,61,49,-3.1969618152746775,-2.017881271983104,True,False,,,,product_anomaly
2016-12-01,6,7,36,S6_E01,Shift 1,21,61,50,-3.1969618152746775,-1.6952820513458002,True,False,,,,product_anomaly
2016-12-01,6,7,36,S6_E02,Shift 2,15,61,50,-3.1969618152746775,-2.618895435915139,True,False,,,,product_anomaly
2016-12-01,7,7,29,S7_E01,Full Day,29,61,47,-3.1969618152746775,-2.3427849319336747,True,False,,,,product_anomaly
2016-12-01,8,7,58,S8_E01,Shift 1,27,61,81,-3.1969618152746775,-1.996790984884044,True,False,,,,product_anomaly
2016-12-01,8,7,58,S8_E02,Shift 2,31,61,81,-3.1969618152746775,-2.388624939525419,True,False,,,,product_anomaly
2016-12-01,9,7,39,S9_E01,Shift 1,20,61,70,-3.1969618152746775,-1.597882477452701,True,False,,,,product_anomaly
2016-12-01,9,7,39,S9_E02,Shift 2,19,61,70,-3.1969618152746775,-2.2463172551586617,True,False,,,,product_anomaly
2016-12-01,10,7,49,S10_E01,Full Day,49,61,72,-3.1969618152746775,-2.1808101139255562,True,False,,,,product_anomaly
2016-12-05,2,7,45,S2_E01,Shift 1,24,61,84,-2.1060526472929193,-3.039797685865822,False,True,,,,employee_anomaly
2016-12-05,6,7,39,S6_E01,Shift 1,16,61,50,-2.1060526472929193,-3.552929269017943,False,True,,,,employee_anomaly
2016-12-05,7,7,16,S7_E01,Full Day,16,61,45,-2.1060526472929193,-3.1441222038535632,False,True,,,,employee_anomaly
2016-12-05,8,7,46,S8_E01,Shift 1,22,61,81,-2.1060526472929193,-3.7685143438139015,False,True,,,,employee_anomaly
2016-12-05,8,7,46,S8_E02,Shift 2,24,61,81,-2.1060526472929193,-3.111510025863777,False,True,,,,employee_anomaly
2016-12-05,9,7,34,S9_E02,Shift 2,18,61,68,-2.1060526472929193,-3.3474208166871384,False,True,,,,employee_anomaly
2016-12-05,10,7,38,S10_E01,Full Day,38,61,70,-2.1060526472929193,-3.2437638134469884,False,True,,,,employee_anomaly
2017-04-01,1,7,86,S1_E01,Shift 1,43,61,52,2.5067755724318626,3.05140781233218,False,True,,,,employee_anomaly
2017-12-04,1,7,41,S1_E01,Shift 1,24,61,61,-3.3525714661728645,-3.566924808659965,True,True,,,,product_and_employee_anomaly
2017-12-04,1,7,41,S1_E02,Shift 2,17,61,61,-3.3525714661728645,-3.439934189042974,True,True,,,,product_and_employee_anomaly
2017-12-04,2,7,47,S2_E01,Shift 1,27,61,87,-3.3525714661728645,-3.4289887985334744,True,True,,,,product_and_employee_anomaly
2017-12-04,2,7,47,S2_E02,Shift 2,20,61,87,-3.3525714661728645,-3.42560784986891,True,True,,,,product_and_employee_anomaly
2017-12-04,3,7,46,S3_E01,Shift 1,18,61,78,-3.3525714661728645,-4.010676658948157,True,True,,,,product_and_employee_anomaly
2017-12-04,3,7,46,S3_E02,Shift 2,28,61,78,-3.3525714661728645,-3.2163317411983594,True,True,,,,product_and_employee_anomaly
2017-12-04,4,7,50,S4_E01,Full Day,50,61,71,-3.3525714661728645,-3.284111898833113,True,True,,,,product_and_employee_anomaly
2017-12-04,5,7,27,S5_E01,Full Day,27,61,53,-3.3525714661728645,-3.2458225710762023,True,True,,,,product_and_employee_anomaly
2017-12-04,6,7,27,S6_E01,Shift 1,13,61,50,-3.3525714661728645,-3.2986405964081293,True,True,,,,product_and_employee_anomaly
2017-12-04,6,7,27,S6_E02,Shift 2,14,61,50,-3.3525714661728645,-3.3301889302159635,True,True,,,,product_and_employee_anomaly
2017-12-04,7,7,26,S7_E01,Full Day,26,61,48,-3.3525714661728645,-3.144474792045703,True,True,,,,product_and_employee_anomaly
2017-12-04,8,7,42,S8_E01,Shift 1,22,61,87,-3.3525714661728645,-3.5723822669368586,True,True,,,,product_and_employee_anomaly
2017-12-04,8,7,42,S8_E02,Shift 2,20,61,87,-3.3525714661728645,-3.58582252955439,True,True,,,,product_and_employee_anomaly
2017-12-04,9,7,48,S9_E01,Shift 1,22,61,71,-3.3525714661728645,-3.189292177224606,True,True,,,,product_and_employee_anomaly
2017-12-04,9,7,48,S9_E02,Shift 2,26,61,71,-3.3525714661728645,-3.1563508443071124,True,True,,,,product_and_employee_anomaly
2017-12-04,10,7,38,S10_E01,Full Day,38,61,74,-3.3525714661728645,-3.105707653984013,True,True,,,,product_and_employee_anomaly
2013-08-05,1,8,49,S1_E01,Shift 1,28,355,72,-4.127193164919447,-2.4156234667007204,True,False,,,,product_anomaly
2013-08-05,1,8,49,S1_E02,Shift 2,21,355,72,-4.127193164919447,-2.6106751492337086,True,False,,,,product_anomaly
2013-08-05,2,8,64,S2_E01,Shift 1,34,355,107,-4.127193164919447,-3.037931708682254,True,True,,,,product_and_employee_anomaly
2013-08-05,2,8,64,S2_E02,Shift 2,30,355,107,-4.127193164919447,-3.4857102754090485,True,True,,,,product_and_employee_anomaly
2013-08-05,3,8,53,S3_E01,Shift 1,25,355,92,-4.127193164919447,-2.471140170469033,True,False,,,,product_anomaly
2013-08-05,3,8,53,S3_E02,Shift 2,28,355,92,-4.127193164919447,-2.977763708215258,True,False,,,,product_anomaly
2013-08-05,4,8,59,S4_E01,Full Day,59,355,84,-4.127193164919447,-2.585399372448584,True,False,,,,product_anomaly
2013-08-05,5,8,29,S5_E01,Full Day,29,355,64,-4.127193164919447,-2.476026680116979,True,False,,,,product_anomaly
2013-08-05,6,8,32,S6_E01,Shift 1,14,355,61,-4.127193164919447,-2.480769642052181,True,False,,,,product_anomaly
2013-08-05,6,8,32,S6_E02,Shift 2,18,355,61,-4.127193164919447,-2.281964941758153,True,False,,,,product_anomaly
2013-08-05,7,8,31,S7_E01,Full Day,31,355,57,-4.127193164919447,-2.3775535177606595,True,False,,,,product_anomaly
2013-08-05,8,8,73,S8_E01,Shift 1,38,355,96,-4.127193164919447,-2.2496415033443022,True,False,,,,product_anomaly
2013-08-05,8,8,73,S8_E02,Shift 2,35,355,96,-4.127193164919447,-2.3907326904646378,True,False,,,,product_anomaly
2013-08-05,9,8,63,S9_E01,Shift 1,36,355,85,-4.127193164919447,-2.1535467339877448,True,False,,,,product_anomaly
2013-08-05,9,8,63,S9_E02,Shift 2,27,355,85,-4.127193164919447,-2.4560677337350354,True,False,,,,product_anomaly
2013-08-05,10,8,60,S10_E01,Full Day,60,355,92,-4.127193164919447,-2.25167679317855,True,False,,,,product_anomaly
2013-12-02,1,8,40,S1_E01,Shift 1,24,355,61,-2.9030685156570195,-3.1254292363912257,False,True,,,,employee_anomaly
2013-12-02,2,8,50,S2_E01,Shift 1,28,355,90,-2.9030685156570195,-3.412450649859274,False,True,,,,employee_anomaly
2013-12-02,2,8,50,S2_E02,Shift 2,22,355,90,-2.9030685156570195,-3.2785932441135652,False,True,,,,employee_anomaly
2013-12-02,3,8,52,S3_E01,Shift 1,25,355,76,-2.9030685156570195,-3.2501487509139597,False,True,,,,employee_anomaly
2013-12-02,3,8,52,S3_E02,Shift 2,27,355,76,-2.9030685156570195,-3.4328063228458867,False,True,,,,employee_anomaly
2013-12-02,4,8,26,S4_E01,Full Day,26,355,74,-2.9030685156570195,-3.448513956982832,False,True,,,,employee_anomaly
2013-12-02,5,8,30,S5_E01,Full Day,30,355,51,-2.9030685156570195,-3.1959090536893515,False,True,,,,employee_anomaly
2013-12-02,6,8,32,S6_E02,Shift 2,14,355,52,-2.9030685156570195,-3.0818675698167812,False,True,,,,employee_anomaly
2013-12-02,8,8,44,S8_E01,Shift 1,26,355,81,-2.9030685156570195,-3.3597203284094452,False,True,,,,employee_anomaly
2013-12-02,8,8,44,S8_E02,Shift 2,18,355,81,-2.9030685156570195,-3.335819773959348,False,True,,,,employee_anomaly
2013-12-02,9,8,40,S9_E01,Shift 1,16,355,73,-2.9030685156570195,-3.305771183792513,False,True,,,,employee_anomaly
2013-12-02,9,8,40,S9_E02,Shift 2,24,355,73,-2.9030685156570195,-3.696275698428471,False,True,,,,employee_anomaly
2013-12-02,10,8,42,S10_E01,Full Day,42,355,72,-2.9030685156570195,-3.0878038047354686,False,True,,,,employee_anomaly
2014-03-01,1,8,77,S1_E01,Shift 1,37,355,51,3.650659739741343,1.8242545275228967,True,False,,,,product_anomaly
2014-03-01,1,8,77,S1_E02,Shift 2,40,355,51,3.650659739741343,2.6015673164242665,True,False,,,,product_anomaly
2014-03-01,2,8,80,S2_E01,Shift 1,43,355,70,3.650659739741343,3.349005610782279,True,True,,,,product_and_employee_anomaly
2014-03-01,2,8,80,S2_E02,Shift 2,37,355,70,3.650659739741343,2.8461099331193718,True,False,,,,product_anomaly
2014-03-01,3,8,107,S3_E01,Shift 1,63,355,64,3.650659739741343,1.9584902781729174,True,False,,,,product_anomaly
2014-03-01,3,8,107,S3_E02,Shift 2,44,355,64,3.650659739741343,2.4343516400715948,True,False,,,,product_anomaly
2014-03-01,4,8,84,S4_E01,Full Day,84,355,57,3.650659739741343,2.5055749314209104,True,False,,,,product_anomaly
2014-03-01,5,8,56,S5_E01,Full Day,56,355,41,3.650659739741343,3.306479451837381,True,True,,,,product_and_employee_anomaly
2014-03-01,6,8,59,S6_E01,Shift 1,30,355,42,3.650659739741343,2.323386541300781,True,False,,,,product_anomaly
2014-03-01,6,8,59,S6_E02,Shift 2,29,355,42,3.650659739741343,2.9878245936140457,True,False,,,,product_anomaly
2014-03-01,7,8,58,S7_E01,Full Day,58,355,38,3.650659739741343,2.157297689436117,True,False,,,,product_anomaly
2014-03-01,8,8,96,S8_E01,Shift 1,54,355,69,3.650659739741343,2.488561115036944,True,False,,,,product_anomaly
2014-03-01,8,8,96,S8_E02,Shift 2,42,355,69,3.650659739741343,2.2777673761291855,True,False,,,,product_anomaly
2014-03-01,9,8,91,S9_E01,Shift 1,48,355,58,3.650659739741343,2.0575462095889767,True,False,,,,product_anomaly
2014-03-01,9,8,91,S9_E02,Shift 2,43,355,58,3.650659739741343,2.25800157879476,True,False,,,,product_anomaly
2014-03-01,10,8,103,S10_E01,Full Day,103,355,62,3.650659739741343,2.822284998497931,True,False,,,,product_anomaly
2014-08-04,2,8,92,S2_E01,Shift 1,38,355,122,-2.7469091506783854,-3.2958565872574868,False,True,,,,employee_anomaly
2014-08-04,4,8,81,S4_E01,Full Day,81,355,98,-2.7469091506783854,-3.1397631376093593,False,True,,,,employee_anomaly
2014-08-04,5,8,59,S5_E01,Full Day,59,355,71,-2.7469091506783854,-3.2173712129452325,False,True,,,,employee_anomaly
2014-08-04,6,8,55,S6_E02,Shift 2,27,355,70,-2.7469091506783854,-3.5017544264003857,False,True,,,,employee_anomaly
2014-08-04,7,8,42,S7_E01,Full Day,42,355,65,-2.7469091506783854,-3.4459186430311015,False,True,,,,employee_anomaly
2014-08-04,8,8,71,S8_E01,Shift 1,37,355,117,-2.7469091506783854,-3.8062041584640642,False,True,,,,employee_anomaly
2014-08-04,8,8,71,S8_E02,Shift 2,34,355,117,-2.7469091506783854,-3.16064441974807,False,True,,,,employee_anomaly
2014-12-01,1,8,37,S1_E01,Shift 1,16,355,73,-3.843321497718494,-3.1060032038113756,True,True,,,,product_and_employee_anomaly
2014-12-01,1,8,37,S1_E02,Shift 2,21,355,73,-3.843321497718494,-3.2257952791105735,True,True,,,,product_and_employee_anomaly
2014-12-01,2,8,62,S2_E01,Shift 1,33,355,103,-3.843321497718494,-3.2103767532981733,True,True,,,,product_and_employee_anomaly
2014-12-01,2,8,62,S2_E02,Shift 2,29,355,103,-3.843321497718494,-2.9745651825749797,True,False,,,,product_anomaly
2014-12-01,3,8,53,S3_E01,Shift 1,22,355,91,-3.843321497718494,-3.6842826003636517,True,True,,,,product_and_employee_anomaly
2014-12-01,3,8,53,S3_E02,Shift 2,31,355,91,-3.843321497718494,-3.7643534802102665,True,True,,,,product_and_employee_anomaly
2014-12-01,4,8,51,S4_E01,Full Day,51,355,82,-3.843321497718494,-3.5292108233300348,True,True,,,,product_and_employee_anomaly
2014-12-01,5,8,27,S5_E01,Full Day,27,355,61,-3.843321497718494,-3.5544771735009846,True,True,,,,product_and_employee_anomaly
2014-12-01,6,8,31,S6_E01,Shift 1,16,355,60,-3.843321497718494,-2.725413037949043,True,False,,,,product_anomaly
2014-12-01,6,8,31,S6_E02,Shift 2,15,355,60,-3.843321497718494,-3.2677552992025225,True,True,,,,product_and_employee_anomaly
2014-12-01,7,8,32,S7_E01,Full Day,32,355,54,-3.843321497718494,-3.4795612216587277,True,True,,,,product_and_employee_anomaly
2014-12-01,8,8,61,S8_E01,Shift 1,31,355,94,-3.843321497718494,-2.754138713991254,True,False,,,,product_anomaly
2014-12-01,8,8,61,S8_E02,Shift 2,30,355,94,-3.843321497718494,-3.156889714158979,True,True,,,,product_and_employee_anomaly
2014-12-01,9,8,46,S9_E01,Shift 1,27,355,85,-3.843321497718494,-3.0877445136207187,True,True,,,,product_and_employee_anomaly
2014-12-01,9,8,46,S9_E02,Shift 2,19,355,85,-3.843321497718494,-2.9294097184846226,True,False,,,,product_anomaly
2014-12-01,10,8,48,S10_E01,Full Day,48,355,89,-3.843321497718494,-3.4995746414918427,True,True,,,,product_and_employee_anomaly
2015-02-01,1,8,59,S1_E01,Shift 1,27,355,48,1.236527199656422,3.0557660597940646,False,True,,,,employee_anomaly
2015-03-01,1,8,73,S1_E01,Shift 1,30,355,52,3.8869585567934246,3.2063842092808192,True,True,,,,product_and_employee_anomaly
2015-03-01,1,8,73,S1_E02,Shift 2,43,355,52,3.8869585567934246,2.7011350015772067,True,False,,,,product_anomaly
2015-03-01,2,8,124,S2_E01,Shift 1,55,355,76,3.8869585567934246,3.1204913155838128,True,True,,,,product_and_employee_anomaly
2015-03-01,2,8,124,S2_E02,Shift 2,69,355,76,3.8869585567934246,2.9504051632544526,True,False,,,,product_anomaly
2015-03-01,3,8,107,S3_E01,Shift 1,52,355,66,3.8869585567934246,2.94608151148025,True,False,,,,product_anomaly
2015-03-01,3,8,107,S3_E02,Shift 2,55,355,66,3.8869585567934246,3.4103721242964737,True,True,,,,product_and_employee_anomaly
2015-03-01,4,8,104,S4_E01,Full Day,104,355,61,3.8869585567934246,3.1596518128314997,True,True,,,,product_and_employee_anomaly
2015-03-01,5,8,65,S5_E01,Full Day,65,355,44,3.8869585567934246,3.6387722164072245,True,True,,,,product_and_employee_anomaly
2015-03-01,6,8,59,S6_E01,Shift 1,24,355,45,3.8869585567934246,3.2783227914473976,True,True,,,,product_and_employee_anomaly
2015-03-01,6,8,59,S6_E02,Shift 2,35,355,45,3.8869585567934246,3.6075677552682435,True,True,,,,product_and_employee_anomaly
2015-03-01,7,8,67,S7_E01,Full Day,67,355,39,3.8869585567934246,2.8190730739031222,True,False,,,,product_anomaly
2015-03-01,8,8,105,S8_E01,Shift 1,47,355,70,3.8869585567934246,3.332540228908305,True,True,,,,product_and_employee_anomaly
2015-03-01,8,8,105,S8_E02,Shift 2,58,355,70,3.8869585567934246,3.009029860439897,True,True,,,,product_and_employee_anomaly
2015-03-01,9,8,85,S9_E01,Shift 1,37,355,62,3.8869585567934246,3.562831793884845,True,True,,,,product_and_employee_anomaly
2015-03-01,9,8,85,S9_E02,Shift 2,48,355,62,3.8869585567934246,3.0689769065072365,True,True,,,,product_and_employee_anomaly
2015-03-01,10,8,105,S10_E01,Full Day,105,355,67,3.8869585567934246,3.035766134572765,True,True,,,,product_and_employee_anomaly
2015-08-03,3,8,85,S3_E01,Shift 1,42,355,108,-2.8323343686518796,-3.230471200097007,False,True,,,,employee_anomaly
2015-08-03,3,8,85,S3_E02,Shift 2,43,355,108,-2.8323343686518796,-3.0968220305556833,False,True,,,,employee_anomaly
2015-08-03,6,8,47,S6_E01,Shift 1,26,355,75,-2.8323343686518796,-3.003013866777452,False,True,,,,employee_anomaly
2015-08-03,9,8,85,S9_E02,Shift 2,34,355,104,-2.8323343686518796,-3.2324063857303305,False,True,,,,employee_anomaly
2016-12-05,2,8,70,S2_E01,Shift 1,40,355,107,-2.4774630566042783,-3.039797685865822,False,True,,,,employee_anomaly
2016-12-05,6,8,40,S6_E01,Shift 1,16,355,64,-2.4774630566042783,-3.552929269017943,False,True,,,,employee_anomaly
2016-12-05,7,8,33,S7_E01,Full Day,33,355,61,-2.4774630566042783,-3.1441222038535632,False,True,,,,employee_anomaly
2016-12-05,8,8,60,S8_E01,Shift 1,25,355,104,-2.4774630566042783,-3.7685143438139015,False,True,,,,employee_anomaly
2016-12-05,8,8,60,S8_E02,Shift 2,35,355,104,-2.4774630566042783,-3.111510025863777,False,True,,,,employee_anomaly
2016-12-05,9,8,50,S9_E02,Shift 2,27,355,88,-2.4774630566042783,-3.3474208166871384,False,True,,,,employee_anomaly
2016-12-05,10,8,58,S10_E01,Full Day,58,355,95,-2.4774630566042783,-3.2437638134469884,False,True,,,,employee_anomaly
2017-04-01,1,8,105,S1_E01,Shift 1,43,355,71,1.995371070897691,3.05140781233218,False,True,,,,employee_anomaly
2017-12-04,1,8,58,S1_E01,Shift 1,32,355,80,-2.7463939053248616,-3.566924808659965,False,True,,,,employee_anomaly
2017-12-04,1,8,58,S1_E02,Shift 2,26,355,80,-2.7463939053248616,-3.439934189042974,False,True,,,,employee_anomaly
2017-12-04,2,8,49,S2_E01,Shift 1,21,355,114,-2.7463939053248616,-3.4289887985334744,False,True,,,,employee_anomaly
2017-12-04,2,8,49,S2_E02,Shift 2,28,355,114,-2.7463939053248616,-3.42560784986891,False,True,,,,employee_anomaly
2017-12-04,3,8,56,S3_E01,Shift 1,23,355,103,-2.7463939053248616,-4.010676658948157,False,True,,,,employee_anomaly
2017-12-04,3,8,56,S3_E02,Shift 2,33,355,103,-2.7463939053248616,-3.2163317411983594,False,True,,,,employee_anomaly
2017-12-04,4,8,45,S4_E01,Full Day,45,355,98,-2.7463939053248616,-3.284111898833113,False,True,,,,employee_anomaly
2017-12-04,5,8,44,S5_E01,Full Day,44,355,69,-2.7463939053248616,-3.2458225710762023,False,True,,,,employee_anomaly
2017-12-04,6,8,34,S6_E01,Shift 1,20,355,68,-2.7463939053248616,-3.2986405964081293,False,True,,,,employee_anomaly
2017-12-04,6,8,34,S6_E02,Shift 2,14,355,68,-2.7463939053248616,-3.3301889302159635,False,True,,,,employee_anomaly
2017-12-04,7,8,41,S7_E01,Full Day,41,355,62,-2.7463939053248616,-3.144474792045703,False,True,,,,employee_anomaly
2017-12-04,8,8,60,S8_E01,Shift 1,31,355,112,-2.7463939053248616,-3.5723822669368586,False,True,,,,employee_anomaly
2017-12-04,8,8,60,S8_E02,Shift 2,29,355,112,-2.7463939053248616,-3.58582252955439,False,True,,,,employee_anomaly
2017-12-04,9,8,69,S9_E01,Shift 1,37,355,95,-2.7463939053248616,-3.189292177224606,False,True,,,,employee_anomaly
2017-12-04,9,8,69,S9_E02,Shift 2,32,355,95,-2.7463939053248616,-3.1563508443071124,False,True,,,,employee_anomaly
2017-12-04,10,8,62,S10_E01,Full Day,62,355,101,-2.7463939053248616,-3.105707653984013,False,True,,,,employee_anomaly
2013-08-05,2,9,50,S2_E01,Shift 1,22,116,69,-2.0468644960770006,-3.037931708682254,False,True,,,,employee_anomaly
2013-08-05,2,9,50,S2_E02,Shift 2,28,116,69,-2.0468644960770006,-3.4857102754090485,False,True,,,,employee_anomaly
2013-12-02,1,9,26,S1_E01,Shift 1,11,116,41,-4.041921779817742,-3.1254292363912257,True,True,,,,product_and_employee_anomaly
2013-12-02,1,9,26,S1_E02,Shift 2,15,116,41,-4.041921779817742,-2.851006355389951,True,False,,,,product_anomaly
2013-12-02,2,9,30,S2_E01,Shift 1,14,116,56,-4.041921779817742,-3.412450649859274,True,True,,,,product_and_employee_anomaly
2013-12-02,2,9,30,S2_E02,Shift 2,16,116,56,-4.041921779817742,-3.2785932441135652,True,True,,,,product_and_employee_anomaly
2013-12-02,3,9,26,S3_E01,Shift 1,15,116,51,-4.041921779817742,-3.2501487509139597,True,True,,,,product_and_employee_anomaly
2013-12-02,3,9,26,S3_E02,Shift 2,11,116,51,-4.041921779817742,-3.4328063228458867,True,True,,,,product_and_employee_anomaly
2013-12-02,4,9,32,S4_E01,Full Day,32,116,46,-4.041921779817742,-3.448513956982832,True,True,,,,product_and_employee_anomaly
2013-12-02,5,9,23,S5_E01,Full Day,23,116,34,-4.041921779817742,-3.1959090536893515,True,True,,,,product_and_employee_anomaly
2013-12-02,6,9,18,S6_E01,Shift 1,9,116,34,-4.041921779817742,-2.8345600406685025,True,False,,,,product_anomaly
2013-12-02,6,9,18,S6_E02,Shift 2,9,116,34,-4.041921779817742,-3.0818675698167812,True,True,,,,product_and_employee_anomaly
2013-12-02,7,9,21,S7_E01,Full Day,21,116,31,-4.041921779817742,-2.9208666389824898,True,False,,,,product_anomaly
2013-12-02,8,9,28,S8_E01,Shift 1,14,116,54,-4.041921779817742,-3.3597203284094452,True,True,,,,product_and_employee_anomaly
2013-12-02,8,9,28,S8_E02,Shift 2,14,116,54,-4.041921779817742,-3.335819773959348,True,True,,,,product_and_employee_anomaly
2013-12-02,9,9,16,S9_E01,Shift 1,7,116,49,-4.041921779817742,-3.305771183792513,True,True,,,,product_and_employee_anomaly
2013-12-02,9,9,16,S9_E02,Shift 2,9,116,49,-4.041921779817742,-3.696275698428471,True,True,,,,product_and_employee_anomaly
2013-12-02,10,9,33,S10_E01,Full Day,33,116,52,-4.041921779817742,-3.0878038047354686,True,True,,,,product_and_employee_anomaly
2014-03-01,2,9,74,S2_E01,Shift 1,32,116,48,2.96173965744365,3.349005610782279,False,True,,,,employee_anomaly
2014-03-01,5,9,44,S5_E01,Full Day,44,116,28,2.96173965744365,3.306479451837381,False,True,,,,employee_anomaly
2014-08-04,1,9,42,S1_E01,Shift 1,19,116,57,-3.379051836652744,-2.5453580386408605,True,False,,,,product_anomaly
2014-08-04,1,9,42,S1_E02,Shift 2,23,116,57,-3.379051836652744,-2.806490994281361,True,False,,,,product_anomaly
2014-08-04,2,9,42,S2_E01,Shift 1,18,116,81,-3.379051836652744,-3.2958565872574868,True,True,,,,product_and_employee_anomaly
2014-08-04,2,9,42,S2_E02,Shift 2,24,116,81,-3.379051836652744,-2.3253581907705634,True,False,,,,product_anomaly
2014-08-04,3,9,55,S3_E01,Shift 1,28,116,69,-3.379051836652744,-2.9193847507418793,True,False,,,,product_anomaly
2014-08-04,3,9,55,S3_E02,Shift 2,27,116,69,-3.379051836652744,-2.9764440225122466,True,False,,,,product_anomaly
2014-08-04,4,9,45,S4_E01,Full Day,45,116,68,-3.379051836652744,-3.1397631376093593,True,True,,,,product_and_employee_anomaly
2014-08-04,5,9,24,S5_E01,Full Day,24,116,49,-3.379051836652744,-3.2173712129452325,True,True,,,,product_and_employee_anomaly
2014-08-04,6,9,21,S6_E01,Shift 1,8,116,48,-3.379051836652744,-2.2070237185490025,True,False,,,,product_anomaly
2014-08-04,6,9,21,S6_E02,Shift 2,13,116,48,-3.379051836652744,-3.5017544264003857,True,True,,,,product_and_employee_anomaly
2014-08-04,7,9,27,S7_E01,Full Day,27,116,41,-3.379051836652744,-3.4459186430311015,True,True,,,,product_and_employee_anomaly
2014-08-04,8,9,60,S8_E01,Shift 1,31,116,76,-3.379051836652744,-3.8062041584640642,True,True,,,,product_and_employee_anomaly
2014-08-04,8,9,60,S8_E02,Shift 2,29,116,76,-3.379051836652744,-3.16064441974807,True,True,,,,product_and_employee_anomaly
2014-08-04,9,9,39,S9_E01,Shift 1,20,116,67,-3.379051836652744,-2.838026611374916,True,False,,,,product_anomaly
2014-08-04,9,9,39,S9_E02,Shift 2,19,116,67,-3.379051836652744,-2.777144381847396,True,False,,,,product_anomaly
2014-08-04,10,9,42,S10_E01,Full Day,42,116,75,-3.379051836652744,-2.9356516212828705,True,False,,,,product_anomaly
2014-12-01,1,9,20,S1_E01,Shift 1,11,116,48,-2.7939093204314553,-3.1060032038113756,False,True,,,,employee_anomaly
2014-12-01,1,9,20,S1_E02,Shift 2,9,116,48,-2.7939093204314553,-3.2257952791105735,False,True,,,,employee_anomaly
2014-12-01,2,9,33,S2_E01,Shift 1,17,116,65,-2.7939093204314553,-3.2103767532981733,False,True,,,,employee_anomaly
2014-12-01,3,9,30,S3_E01,Shift 1,13,116,59,-2.7939093204314553,-3.6842826003636517,False,True,,,,employee_anomaly
2014-12-01,3,9,30,S3_E02,Shift 2,17,116,59,-2.7939093204314553,-3.7643534802102665,False,True,,,,employee_anomaly
2014-12-01,4,9,29,S4_E01,Full Day,29,116,55,-2.7939093204314553,-3.5292108233300348,False,True,,,,employee_anomaly
2014-12-01,5,9,24,S5_E01,Full Day,24,116,41,-2.7939093204314553,-3.5544771735009846,False,True,,,,employee_anomaly
2014-12-01,6,9,30,S6_E02,Shift 2,14,116,41,-2.7939093204314553,-3.2677552992025225,False,True,,,,employee_anomaly
2014-12-01,7,9,23,S7_E01,Full Day,23,116,36,-2.7939093204314553,-3.4795612216587277,False,True,,,,employee_anomaly
2014-12-01,8,9,37,S8_E02,Shift 2,15,116,64,-2.7939093204314553,-3.156889714158979,False,True,,,,employee_anomaly
2014-12-01,9,9,34,S9_E01,Shift 1,14,116,57,-2.7939093204314553,-3.0877445136207187,False,True,,,,employee_anomaly
2014-12-01,10,9,43,S10_E01,Full Day,43,116,60,-2.7939093204314553,-3.4995746414918427,False,True,,,,employee_anomaly
2015-02-01,1,9,39,S1_E01,Shift 1,18,116,33,2.2834690736324794,3.0557660597940646,False,True,,,,employee_anomaly
2015-03-01,1,9,48,S1_E01,Shift 1,22,116,33,2.730094531159974,3.2063842092808192,False,True,,,,employee_anomaly
2015-03-01,2,9,66,S2_E01,Shift 1,33,116,52,2.730094531159974,3.1204913155838128,False,True,,,,employee_anomaly
2015-03-01,3,9,65,S3_E02,Shift 2,38,116,46,2.730094531159974,3.4103721242964737,False,True,,,,employee_anomaly
2015-03-01,4,9,51,S4_E01,Full Day,51,116,41,2.730094531159974,3.1596518128314997,False,True,,,,employee_anomaly
2015-03-01,5,9,38,S5_E01,Full Day,38,116,28,2.730094531159974,3.6387722164072245,False,True,,,,employee_anomaly
2015-03-01,6,9,34,S6_E01,Shift 1,16,116,30,2.730094531159974,3.2783227914473976,False,True,,,,employee_anomaly
2015-03-01,6,9,34,S6_E02,Shift 2,18,116,30,2.730094531159974,3.6075677552682435,False,True,,,,employee_anomaly
2015-03-01,8,9,59,S8_E01,Shift 1,26,116,46,2.730094531159974,3.332540228908305,False,True,,,,employee_anomaly
2015-03-01,8,9,59,S8_E02,Shift 2,33,116,46,2.730094531159974,3.009029860439897,False,True,,,,employee_anomaly
2015-03-01,9,9,61,S9_E01,Shift 1,26,116,40,2.730094531159974,3.562831793884845,False,True,,,,employee_anomaly
2015-03-01,9,9,61,S9_E02,Shift 2,35,116,40,2.730094531159974,3.0689769065072365,False,True,,,,employee_anomaly
2015-03-01,10,9,50,S10_E01,Full Day,50,116,45,2.730094531159974,3.035766134572765,False,True,,,,employee_anomaly
2015-08-03,3,9,42,S3_E01,Shift 1,21,116,76,-2.6285096504186947,-3.230471200097007,False,True,,,,employee_anomaly
2015-08-03,3,9,42,S3_E02,Shift 2,21,116,76,-2.6285096504186947,-3.0968220305556833,False,True,,,,employee_anomaly
2015-08-03,6,9,38,S6_E01,Shift 1,17,116,54,-2.6285096504186947,-3.003013866777452,False,True,,,,employee_anomaly
2015-08-03,9,9,51,S9_E02,Shift 2,27,116,71,-2.6285096504186947,-3.2324063857303305,False,True,,,,employee_anomaly
2016-12-05,2,9,58,S2_E01,Shift 1,24,116,73,-2.6199949365080175,-3.039797685865822,False,True,,,,employee_anomaly
2016-12-05,6,9,30,S6_E01,Shift 1,13,116,44,-2.6199949365080175,-3.552929269017943,False,True,,,,employee_anomaly
2016-12-05,7,9,23,S7_E01,Full Day,23,116,41,-2.6199949365080175,-3.1441222038535632,False,True,,,,employee_anomaly
2016-12-05,8,9,45,S8_E01,Shift 1,26,116,73,-2.6199949365080175,-3.7685143438139015,False,True,,,,employee_anomaly
2016-12-05,8,9,45,S8_E02,Shift 2,19,116,73,-2.6199949365080175,-3.111510025863777,False,True,,,,employee_anomaly
2016-12-05,9,9,16,S9_E02,Shift 2,8,116,61,-2.6199949365080175,-3.3474208166871384,False,True,,,,employee_anomaly
2016-12-05,10,9,31,S10_E01,Full Day,31,116,63,-2.6199949365080175,-3.2437638134469884,False,True,,,,employee_anomaly
2017-01-22,1,9,48,S1_E01,Shift 1,22,116,36,3.0624910385798287,1.2807081801750995,True,False,,,,product_anomaly
2017-01-22,1,9,48,S1_E02,Shift 2,26,116,36,3.0624910385798287,1.1291426432060745,True,False,,,,product_anomaly
2017-01-22,2,9,75,S2_E01,Shift 1,36,116,50,3.0624910385798287,1.3691969021909487,True,False,,,,product_anomaly
2017-01-22,2,9,75,S2_E02,Shift 2,39,116,50,3.0624910385798287,1.2926674913734912,True,False,,,,product_anomaly
2017-01-22,3,9,60,S3_E01,Shift 1,27,116,47,3.0624910385798287,1.308304462129003,True,False,,,,product_anomaly
2017-01-22,3,9,60,S3_E02,Shift 2,33,116,47,3.0624910385798287,1.6146976761977463,True,False,,,,product_anomaly
2017-01-22,4,9,59,S4_E01,Full Day,59,116,42,3.0624910385798287,1.5076772718924971,True,False,,,,product_anomaly
2017-01-22,5,9,41,S5_E01,Full Day,41,116,31,3.0624910385798287,1.4024606581139998,True,False,,,,product_anomaly
2017-01-22,6,9,42,S6_E01,Shift 1,22,116,33,3.0624910385798287,1.4918457872963022,True,False,,,,product_anomaly
2017-01-22,6,9,42,S6_E02,Shift 2,20,116,33,3.0624910385798287,1.6163523914837916,True,False,,,,product_anomaly
2017-01-22,7,9,35,S7_E01,Full Day,35,116,29,3.0624910385798287,1.2058522100328755,True,False,,,,product_anomaly
2017-01-22,8,9,79,S8_E01,Shift 1,35,116,49,3.0624910385798287,1.326731284833058,True,False,,,,product_anomaly
2017-01-22,8,9,79,S8_E02,Shift 2,44,116,49,3.0624910385798287,1.7172899348244288,True,False,,,,product_anomaly
2017-01-22,9,9,49,S9_E01,Shift 1,21,116,42,3.0624910385798287,1.3217668388147816,True,False,,,,product_anomaly
2017-01-22,9,9,49,S9_E02,Shift 2,28,116,42,3.0624910385798287,1.2554540787678004,True,False,,,,product_anomaly
2017-01-22,10,9,52,S10_E01,Full Day,52,116,45,3.0624910385798287,1.5978907580544162,True,False,,,,product_anomaly
2017-04-01,1,9,72,S1_E01,Shift 1,43,116,47,1.8299295574668861,3.05140781233218,False,True,,,,employee_anomaly
2017-10-02,1,9,39,S1_E01,Shift 1,16,116,57,-3.204709544076996,-2.7046870414367237,True,False,,,,product_anomaly
2017-10-02,1,9,39,S1_E02,Shift 2,23,116,57,-3.204709544076996,-2.3328017803019256,True,False,,,,product_anomaly
2017-10-02,2,9,59,S2_E01,Shift 1,33,116,76,-3.204709544076996,-2.1985207044200115,True,False,,,,product_anomaly
2017-10-02,2,9,59,S2_E02,Shift 2,26,116,76,-3.204709544076996,-2.14262498011453,True,False,,,,product_anomaly
2017-10-02,3,9,47,S3_E01,Shift 1,20,116,70,-3.204709544076996,-2.455165347918119,True,False,,,,product_anomaly
2017-10-02,3,9,47,S3_E02,Shift 2,27,116,70,-3.204709544076996,-2.200235749146122,True,False,,,,product_anomaly
2017-10-02,4,9,47,S4_E01,Full Day,47,116,65,-3.204709544076996,-1.9705905265678114,True,False,,,,product_anomaly
2017-10-02,5,9,39,S5_E01,Full Day,39,116,45,-3.204709544076996,-2.2466780052565993,True,False,,,,product_anomaly
2017-10-02,6,9,39,S6_E01,Shift 1,18,116,48,-3.204709544076996,-1.9782433271337116,True,False,,,,product_anomaly
2017-10-02,6,9,39,S6_E02,Shift 2,21,116,48,-3.204709544076996,-1.8087697621077696,True,False,,,,product_anomaly
2017-10-02,7,9,31,S7_E01,Full Day,31,116,43,-3.204709544076996,-1.9964415222788736,True,False,,,,product_anomaly
2017-10-02,8,9,44,S8_E01,Shift 1,26,116,74,-3.204709544076996,-2.0813456962142474,True,False,,,,product_anomaly
2017-10-02,8,9,44,S8_E02,Shift 2,18,116,74,-3.204709544076996,-2.67322775720539,True,False,,,,product_anomaly
2017-10-02,9,9,37,S9_E01,Shift 1,18,116,62,-3.204709544076996,-2.0499471339591273,True,False,,,,product_anomaly
2017-10-02,9,9,37,S9_E02,Shift 2,19,116,62,-3.204709544076996,-1.8935046870558305,True,False,,,,product_anomaly
2017-10-02,10,9,53,S10_E01,Full Day,53,116,68,-3.204709544076996,-2.3200414188695255,True,False,,,,product_anomaly
2017-12-04,1,9,27,S1_E01,Shift 1,12,116,53,-2.5770112204618965,-3.566924808659965,False,True,,,,employee_anomaly
2017-12-04,1,9,27,S1_E02,Shift 2,15,116,53,-2.5770112204618965,-3.439934189042974,False,True,,,,employee_anomaly
2017-12-04,2,9,39,S2_E01,Shift 1,17,116,78,-2.5770112204618965,-3.4289887985334744,False,True,,,,employee_anomaly
2017-12-04,2,9,39,S2_E02,Shift 2,22,116,78,-2.5770112204618965,-3.42560784986891,False,True,,,,employee_anomaly
2017-12-04,3,9,31,S3_E01,Shift 1,14,116,66,-2.5770112204618965,-4.010676658948157,False,True,,,,employee_anomaly
2017-12-04,3,9,31,S3_E02,Shift 2,17,116,66,-2.5770112204618965,-3.2163317411983594,False,True,,,,employee_anomaly
2017-12-04,4,9,31,S4_E01,Full Day,31,116,63,-2.5770112204618965,-3.284111898833113,False,True,,,,employee_anomaly
2017-12-04,5,9,35,S5_E01,Full Day,35,116,44,-2.5770112204618965,-3.2458225710762023,False,True,,,,employee_anomaly
2017-12-04,6,9,28,S6_E01,Shift 1,11,116,45,-2.5770112204618965,-3.2986405964081293,False,True,,,,employee_anomaly
2017-12-04,6,9,28,S6_E02,Shift 2,17,116,45,-2.5770112204618965,-3.3301889302159635,False,True,,,,employee_anomaly
2017-12-04,7,9,26,S7_E01,Full Day,26,116,43,-2.5770112204618965,-3.144474792045703,False,True,,,,employee_anomaly
2017-12-04,8,9,47,S8_E01,Shift 1,27,116,77,-2.5770112204618965,-3.5723822669368586,False,True,,,,employee_anomaly
2017-12-04,8,9,47,S8_E02,Shift 2,20,116,77,-2.5770112204618965,-3.58582252955439,False,True,,,,employee_anomaly
2017-12-04,9,9,40,S9_E01,Shift 1,21,116,63,-2.5770112204618965,-3.189292177224606,False,True,,,,employee_anomaly
2017-12-04,9,9,40,S9_E02,Shift 2,19,116,63,-2.5770112204618965,-3.1563508443071124,False,True,,,,employee_anomaly
2017-12-04,10,9,38,S10_E01,Full Day,38,116,65,-2.5770112204618965,-3.105707653984013,False,True,,,,employee_anomaly
2013-08-05,2,10,63,S2_E01,Shift 1,26,65,101,-1.803682901424189,-3.037931708682254,False,True,,,,employee_anomaly
2013-08-05,2,10,63,S2_E02,Shift 2,37,65,101,-1.803682901424189,-3.4857102754090485,False,True,,,,employee_anomaly
2013-12-02,1,10,32,S1_E01,Shift 1,14,65,59,-2.711776780852063,-3.1254292363912257,False,True,,,,employee_anomaly
2013-12-02,2,10,44,S2_E01,Shift 1,19,65,85,-2.711776780852063,-3.412450649859274,False,True,,,,employee_anomaly
2013-12-02,2,10,44,S2_E02,Shift 2,25,65,85,-2.711776780852063,-3.2785932441135652,False,True,,,,employee_anomaly
2013-12-02,3,10,44,S3_E01,Shift 1,21,65,74,-2.711776780852063,-3.2501487509139597,False,True,,,,employee_anomaly
2013-12-02,3,10,44,S3_E02,Shift 2,23,65,74,-2.711776780852063,-3.4328063228458867,False,True,,,,employee_anomaly
2013-12-02,4,10,26,S4_E01,Full Day,26,65,67,-2.711776780852063,-3.448513956982832,False,True,,,,employee_anomaly
2013-12-02,5,10,31,S5_E01,Full Day,31,65,46,-2.711776780852063,-3.1959090536893515,False,True,,,,employee_anomaly
2013-12-02,6,10,21,S6_E02,Shift 2,12,65,49,-2.711776780852063,-3.0818675698167812,False,True,,,,employee_anomaly
2013-12-02,8,10,48,S8_E01,Shift 1,24,65,79,-2.711776780852063,-3.3597203284094452,False,True,,,,employee_anomaly
2013-12-02,8,10,48,S8_E02,Shift 2,24,65,79,-2.711776780852063,-3.335819773959348,False,True,,,,employee_anomaly
2013-12-02,9,10,36,S9_E01,Shift 1,20,65,67,-2.711776780852063,-3.305771183792513,False,True,,,,employee_anomaly
2013-12-02,9,10,36,S9_E02,Shift 2,16,65,67,-2.711776780852063,-3.696275698428471,False,True,,,,employee_anomaly
2013-12-02,10,10,50,S10_E01,Full Day,50,65,73,-2.711776780852063,-3.0878038047354686,False,True,,,,employee_anomaly
2014-03-01,2,10,91,S2_E01,Shift 1,47,65,66,2.0349203909541345,3.349005610782279,False,True,,,,employee_anomaly
2014-03-01,5,10,48,S5_E01,Full Day,48,65,39,2.0349203909541345,3.306479451837381,False,True,,,,employee_anomaly
2014-08-04,2,10,77,S2_E01,Shift 1,37,65,116,-2.3434854804516743,-3.2958565872574868,False,True,,,,employee_anomaly
2014-08-04,4,10,62,S4_E01,Full Day,62,65,94,-2.3434854804516743,-3.1397631376093593,False,True,,,,employee_anomaly
2014-08-04,5,10,51,S5_E01,Full Day,51,65,67,-2.3434854804516743,-3.2173712129452325,False,True,,,,employee_anomaly
2014-08-04,6,10,56,S6_E02,Shift 2,31,65,69,-2.3434854804516743,-3.5017544264003857,False,True,,,,employee_anomaly
2014-08-04,7,10,34,S7_E01,Full Day,34,65,63,-2.3434854804516743,-3.4459186430311015,False,True,,,,employee_anomaly
2014-08-04,8,10,81,S8_E01,Shift 1,36,65,109,-2.3434854804516743,-3.8062041584640642,False,True,,,,employee_anomaly
2014-08-04,8,10,81,S8_E02,Shift 2,45,65,109,-2.3434854804516743,-3.16064441974807,False,True,,,,employee_anomaly
2014-12-01,1,10,44,S1_E01,Shift 1,19,65,71,-2.4692202454495082,-3.1060032038113756,False,True,,,,employee_anomaly
2014-12-01,1,10,44,S1_E02,Shift 2,25,65,71,-2.4692202454495082,-3.2257952791105735,False,True,,,,employee_anomaly
2014-12-01,2,10,64,S2_E01,Shift 1,26,65,94,-2.4692202454495082,-3.2103767532981733,False,True,,,,employee_anomaly
2014-12-01,3,10,49,S3_E01,Shift 1,27,65,85,-2.4692202454495082,-3.6842826003636517,False,True,,,,employee_anomaly
2014-12-01,3,10,49,S3_E02,Shift 2,22,65,85,-2.4692202454495082,-3.7643534802102665,False,True,,,,employee_anomaly
2014-12-01,4,10,30,S4_E01,Full Day,30,65,78,-2.4692202454495082,-3.5292108233300348,False,True,,,,employee_anomaly
2014-12-01,5,10,26,S5_E01,Full Day,26,65,57,-2.4692202454495082,-3.5544771735009846,False,True,,,,employee_anomaly
2014-12-01,6,10,37,S6_E02,Shift 2,20,65,56,-2.4692202454495082,-3.2677552992025225,False,True,,,,employee_anomaly
2014-12-01,7,10,45,S7_E01,Full Day,45,65,50,-2.4692202454495082,-3.4795612216587277,False,True,,,,employee_anomaly
2014-12-01,8,10,59,S8_E02,Shift 2,29,65,92,-2.4692202454495082,-3.156889714158979,False,True,,,,employee_anomaly
2014-12-01,9,10,46,S9_E01,Shift 1,19,65,79,-2.4692202454495082,-3.0877445136207187,False,True,,,,employee_anomaly
2014-12-01,10,10,50,S10_E01,Full Day,50,65,86,-2.4692202454495082,-3.4995746414918427,False,True,,,,employee_anomaly
2015-02-01,1,10,49,S1_E01,Shift 1,28,65,47,2.3753145406878713,3.0557660597940646,False,True,,,,employee_anomaly
2015-03-01,1,10,60,S1_E01,Shift 1,27,65,48,2.0871387799251235,3.2063842092808192,False,True,,,,employee_anomaly
2015-03-01,2,10,102,S2_E01,Shift 1,47,65,71,2.0871387799251235,3.1204913155838128,False,True,,,,employee_anomaly
2015-03-01,3,10,77,S3_E02,Shift 2,37,65,62,2.0871387799251235,3.4103721242964737,False,True,,,,employee_anomaly
2015-03-01,4,10,91,S4_E01,Full Day,91,65,57,2.0871387799251235,3.1596518128314997,False,True,,,,employee_anomaly
2015-03-01,5,10,62,S5_E01,Full Day,62,65,44,2.0871387799251235,3.6387722164072245,False,True,,,,employee_anomaly
2015-03-01,6,10,58,S6_E01,Shift 1,31,65,41,2.0871387799251235,3.2783227914473976,False,True,,,,employee_anomaly
2015-03-01,6,10,58,S6_E02,Shift 2,27,65,41,2.0871387799251235,3.6075677552682435,False,True,,,,employee_anomaly
2015-03-01,8,10,103,S8_E01,Shift 1,47,65,66,2.0871387799251235,3.332540228908305,False,True,,,,employee_anomaly
2015-03-01,8,10,103,S8_E02,Shift 2,56,65,66,2.0871387799251235,3.009029860439897,False,True,,,,employee_anomaly
2015-03-01,9,10,79,S9_E01,Shift 1,37,65,57,2.0871387799251235,3.562831793884845,False,True,,,,employee_anomaly
2015-03-01,9,10,79,S9_E02,Shift 2,42,65,57,2.0871387799251235,3.0689769065072365,False,True,,,,employee_anomaly
2015-03-01,10,10,76,S10_E01,Full Day,76,65,63,2.0871387799251235,3.035766134572765,False,True,,,,employee_anomaly
2015-08-03,3,10,78,S3_E01,Shift 1,37,65,106,-2.2713644231257524,-3.230471200097007,False,True,,,,employee_anomaly
2015-08-03,3,10,78,S3_E02,Shift 2,41,65,106,-2.2713644231257524,-3.0968220305556833,False,True,,,,employee_anomaly
2015-08-03,6,10,56,S6_E01,Shift 1,29,65,71,-2.2713644231257524,-3.003013866777452,False,True,,,,employee_anomaly
2015-08-03,9,10,54,S9_E02,Shift 2,22,65,102,-2.2713644231257524,-3.2324063857303305,False,True,,,,employee_anomaly
2016-12-05,1,10,35,S1_E01,Shift 1,19,65,74,-3.49593460327926,-2.4321396159735382,True,False,,,,product_anomaly
2016-12-05,1,10,35,S1_E02,Shift 2,16,65,74,-3.49593460327926,-2.580461211183038,True,False,,,,product_anomaly
2016-12-05,2,10,57,S2_E01,Shift 1,27,65,106,-3.49593460327926,-3.039797685865822,True,True,,,,product_and_employee_anomaly
2016-12-05,2,10,57,S2_E02,Shift 2,30,65,106,-3.49593460327926,-2.8411273492839912,True,False,,,,product_anomaly
2016-12-05,3,10,63,S3_E01,Shift 1,31,65,94,-3.49593460327926,-2.6334758693639126,True,False,,,,product_anomaly
2016-12-05,3,10,63,S3_E02,Shift 2,32,65,94,-3.49593460327926,-2.870138019802202,True,False,,,,product_anomaly
2016-12-05,4,10,57,S4_E01,Full Day,57,65,85,-3.49593460327926,-2.803773742586649,True,False,,,,product_anomaly
2016-12-05,5,10,38,S5_E01,Full Day,38,65,60,-3.49593460327926,-2.639685670948698,True,False,,,,product_anomaly
2016-12-05,6,10,34,S6_E01,Shift 1,18,65,60,-3.49593460327926,-3.552929269017943,True,True,,,,product_and_employee_anomaly
2016-12-05,6,10,34,S6_E02,Shift 2,16,65,60,-3.49593460327926,-2.6336470607013553,True,False,,,,product_anomaly
2016-12-05,7,10,32,S7_E01,Full Day,32,65,57,-3.49593460327926,-3.1441222038535632,True,True,,,,product_and_employee_anomaly
2016-12-05,8,10,54,S8_E01,Shift 1,31,65,100,-3.49593460327926,-3.7685143438139015,True,True,,,,product_and_employee_anomaly
2016-12-05,8,10,54,S8_E02,Shift 2,23,65,100,-3.49593460327926,-3.111510025863777,True,True,,,,product_and_employee_anomaly
2016-12-05,9,10,51,S9_E01,Shift 1,21,65,86,-3.49593460327926,-2.9300684022247934,True,False,,,,product_anomaly
2016-12-05,9,10,51,S9_E02,Shift 2,30,65,86,-3.49593460327926,-3.3474208166871384,True,True,,,,product_and_employee_anomaly
2016-12-05,10,10,44,S10_E01,Full Day,44,65,92,-3.49593460327926,-3.2437638134469884,True,True,,,,product_and_employee_anomaly
2017-04-01,1,10,82,S1_E01,Shift 1,38,65,67,2.3436042040192695,3.05140781233218,False,True,,,,employee_anomaly
2017-12-04,1,10,35,S1_E01,Shift 1,19,65,80,-2.9922601358437504,-3.566924808659965,False,True,,,,employee_anomaly
2017-12-04,1,10,35,S1_E02,Shift 2,16,65,80,-2.9922601358437504,-3.439934189042974,False,True,,,,employee_anomaly
2017-12-04,2,10,65,S2_E01,Shift 1,33,65,108,-2.9922601358437504,-3.4289887985334744,False,True,,,,employee_anomaly
2017-12-04,2,10,65,S2_E02,Shift 2,32,65,108,-2.9922601358437504,-3.42560784986891,False,True,,,,employee_anomaly
2017-12-04,3,10,47,S3_E01,Shift 1,23,65,97,-2.9922601358437504,-4.010676658948157,False,True,,,,employee_anomaly
2017-12-04,3,10,47,S3_E02,Shift 2,24,65,97,-2.9922601358437504,-3.2163317411983594,False,True,,,,employee_anomaly
2017-12-04,4,10,49,S4_E01,Full Day,49,65,89,-2.9922601358437504,-3.284111898833113,False,True,,,,employee_anomaly
2017-12-04,5,10,33,S5_E01,Full Day,33,65,66,-2.9922601358437504,-3.2458225710762023,False,True,,,,employee_anomaly
2017-12-04,6,10,34,S6_E01,Shift 1,16,65,65,-2.9922601358437504,-3.2986405964081293,False,True,,,,employee_anomaly
2017-12-04,6,10,34,S6_E02,Shift 2,18,65,65,-2.9922601358437504,-3.3301889302159635,False,True,,,,employee_anomaly
2017-12-04,7,10,33,S7_E01,Full Day,33,65,59,-2.9922601358437504,-3.144474792045703,False,True,,,,employee_anomaly
2017-12-04,8,10,66,S8_E01,Shift 1,31,65,104,-2.9922601358437504,-3.5723822669368586,False,True,,,,employee_anomaly
2017-12-04,8,10,66,S8_E02,Shift 2,35,65,104,-2.9922601358437504,-3.58582252955439,False,True,,,,employee_anomaly
2017-12-04,9,10,68,S9_E01,Shift 1,28,65,89,-2.9922601358437504,-3.189292177224606,False,True,,,,employee_anomaly
2017-12-04,9,10,68,S9_E02,Shift 2,40,65,89,-2.9922601358437504,-3.1563508443071124,False,True,,,,employee_anomaly
2017-12-04,10,10,50,S10_E01,Full Day,50,65,94,-2.9922601358437504,-3.105707653984013,False,True,,,,employee_anomaly
2013-08-05,2,11,60,S2_E01,Shift 1,32,273,94,-1.7282504713596747,-3.037931708682254,False,True,,,,employee_anomaly
2013-08-05,2,11,60,S2_E02,Shift 2,28,273,94,-1.7282504713596747,-3.4857102754090485,False,True,,,,employee_anomaly
2013-12-02,1,11,33,S1_E01,Shift 1,14,273,53,-4.005114388712257,-3.1254292363912257,True,True,,,,product_and_employee_anomaly
2013-12-02,1,11,33,S1_E02,Shift 2,19,273,53,-4.005114388712257,-2.851006355389951,True,False,,,,product_anomaly
2013-12-02,2,11,48,S2_E01,Shift 1,25,273,78,-4.005114388712257,-3.412450649859274,True,True,,,,product_and_employee_anomaly
2013-12-02,2,11,48,S2_E02,Shift 2,23,273,78,-4.005114388712257,-3.2785932441135652,True,True,,,,product_and_employee_anomaly
2013-12-02,3,11,30,S3_E01,Shift 1,15,273,70,-4.005114388712257,-3.2501487509139597,True,True,,,,product_and_employee_anomaly
2013-12-02,3,11,30,S3_E02,Shift 2,15,273,70,-4.005114388712257,-3.4328063228458867,True,True,,,,product_and_employee_anomaly
2013-12-02,4,11,38,S4_E01,Full Day,38,273,66,-4.005114388712257,-3.448513956982832,True,True,,,,product_and_employee_anomaly
2013-12-02,5,11,30,S5_E01,Full Day,30,273,45,-4.005114388712257,-3.1959090536893515,True,True,,,,product_and_employee_anomaly
2013-12-02,6,11,28,S6_E01,Shift 1,12,273,47,-4.005114388712257,-2.8345600406685025,True,False,,,,product_anomaly
2013-12-02,6,11,28,S6_E02,Shift 2,16,273,47,-4.005114388712257,-3.0818675698167812,True,True,,,,product_and_employee_anomaly
2013-12-02,7,11,39,S7_E01,Full Day,39,273,42,-4.005114388712257,-2.9208666389824898,True,False,,,,product_anomaly
2013-12-02,8,11,44,S8_E01,Shift 1,22,273,74,-4.005114388712257,-3.3597203284094452,True,True,,,,product_and_employee_anomaly
2013-12-02,8,11,44,S8_E02,Shift 2,22,273,74,-4.005114388712257,-3.335819773959348,True,True,,,,product_and_employee_anomaly
2013-12-02,9,11,42,S9_E01,Shift 1,21,273,65,-4.005114388712257,-3.305771183792513,True,True,,,,product_and_employee_anomaly
2013-12-02,9,11,42,S9_E02,Shift 2,21,273,65,-4.005114388712257,-3.696275698428471,True,True,,,,product_and_employee_anomaly
2013-12-02,10,11,33,S10_E01,Full Day,33,273,70,-4.005114388712257,-3.0878038047354686,True,True,,,,product_and_employee_anomaly
2014-03-01,2,11,82,S2_E01,Shift 1,43,273,62,1.562193154325166,3.349005610782279,False,True,,,,employee_anomaly
2014-03-01,5,11,46,S5_E01,Full Day,46,273,37,1.562193154325166,3.306479451837381,False,True,,,,employee_anomaly
2014-08-04,1,11,61,S1_E01,Shift 1,33,273,77,-4.4610012710114555,-2.5453580386408605,True,False,,,,product_anomaly
2014-08-04,1,11,61,S1_E02,Shift 2,28,273,77,-4.4610012710114555,-2.806490994281361,True,False,,,,product_anomaly
2014-08-04,2,11,73,S2_E01,Shift 1,35,273,109,-4.4610012710114555,-3.2958565872574868,True,True,,,,product_and_employee_anomaly
2014-08-04,2,11,73,S2_E02,Shift 2,38,273,109,-4.4610012710114555,-2.3253581907705634,True,False,,,,product_anomaly
2014-08-04,3,11,61,S3_E01,Shift 1,30,273,94,-4.4610012710114555,-2.9193847507418793,True,False,,,,product_anomaly
2014-08-04,3,11,61,S3_E02,Shift 2,31,273,94,-4.4610012710114555,-2.9764440225122466,True,False,,,,product_anomaly
2014-08-04,4,11,60,S4_E01,Full Day,60,273,94,-4.4610012710114555,-3.1397631376093593,True,True,,,,product_and_employee_anomaly
2014-08-04,5,11,45,S5_E01,Full Day,45,273,64,-4.4610012710114555,-3.2173712129452325,True,True,,,,product_and_employee_anomaly
2014-08-04,6,11,34,S6_E01,Shift 1,20,273,65,-4.4610012710114555,-2.2070237185490025,True,False,,,,product_anomaly
2014-08-04,6,11,34,S6_E02,Shift 2,14,273,65,-4.4610012710114555,-3.5017544264003857,True,True,,,,product_and_employee_anomaly
2014-08-04,7,11,42,S7_E01,Full Day,42,273,58,-4.4610012710114555,-3.4459186430311015,True,True,,,,product_and_employee_anomaly
2014-08-04,8,11,81,S8_E01,Shift 1,38,273,104,-4.4610012710114555,-3.8062041584640642,True,True,,,,product_and_employee_anomaly
2014-08-04,8,11,81,S8_E02,Shift 2,43,273,104,-4.4610012710114555,-3.16064441974807,True,True,,,,product_and_employee_anomaly
2014-08-04,9,11,64,S9_E01,Shift 1,27,273,91,-4.4610012710114555,-2.838026611374916,True,False,,,,product_anomaly
2014-08-04,9,11,64,S9_E02,Shift 2,37,273,91,-4.4610012710114555,-2.777144381847396,True,False,,,,product_anomaly
2014-08-04,10,11,67,S10_E01,Full Day,67,273,97,-4.4610012710114555,-2.9356516212828705,True,False,,,,product_anomaly
2014-12-01,1,11,38,S1_E01,Shift 1,18,273,61,-3.3397063429351292,-3.1060032038113756,True,True,,,,product_and_employee_anomaly
2014-12-01,1,11,38,S1_E02,Shift 2,20,273,61,-3.3397063429351292,-3.2257952791105735,True,True,,,,product_and_employee_anomaly
2014-12-01,2,11,52,S2_E01,Shift 1,30,273,92,-3.3397063429351292,-3.2103767532981733,True,True,,,,product_and_employee_anomaly
2014-12-01,2,11,52,S2_E02,Shift 2,22,273,92,-3.3397063429351292,-2.9745651825749797,True,False,,,,product_anomaly
2014-12-01,3,11,38,S3_E01,Shift 1,16,273,80,-3.3397063429351292,-3.6842826003636517,True,True,,,,product_and_employee_anomaly
2014-12-01,3,11,38,S3_E02,Shift 2,22,273,80,-3.3397063429351292,-3.7643534802102665,True,True,,,,product_and_employee_anomaly
2014-12-01,4,11,47,S4_E01,Full Day,47,273,72,-3.3397063429351292,-3.5292108233300348,True,True,,,,product_and_employee_anomaly
2014-12-01,5,11,28,S5_E01,Full Day,28,273,55,-3.3397063429351292,-3.5544771735009846,True,True,,,,product_and_employee_anomaly
2014-12-01,6,11,35,S6_E01,Shift 1,17,273,52,-3.3397063429351292,-2.725413037949043,True,False,,,,product_anomaly
2014-12-01,6,11,35,S6_E02,Shift 2,18,273,52,-3.3397063429351292,-3.2677552992025225,True,True,,,,product_and_employee_anomaly
2014-12-01,7,11,25,S7_E01,Full Day,25,273,50,-3.3397063429351292,-3.4795612216587277,True,True,,,,product_and_employee_anomaly
2014-12-01,8,11,47,S8_E01,Shift 1,21,273,90,-3.3397063429351292,-2.754138713991254,True,False,,,,product_anomaly
2014-12-01,8,11,47,S8_E02,Shift 2,26,273,90,-3.3397063429351292,-3.156889714158979,True,True,,,,product_and_employee_anomaly
2014-12-01,9,11,43,S9_E01,Shift 1,21,273,76,-3.3397063429351292,-3.0877445136207187,True,True,,,,product_and_employee_anomaly
2014-12-01,9,11,43,S9_E02,Shift 2,22,273,76,-3.3397063429351292,-2.9294097184846226,True,False,,,,product_anomaly
2014-12-01,10,11,52,S10_E01,Full Day,52,273,76,-3.3397063429351292,-3.4995746414918427,True,True,,,,product_and_employee_anomaly
2015-02-01,1,11,61,S1_E01,Shift 1,30,273,43,2.3637445219063573,3.0557660597940646,False,True,,,,employee_anomaly
2015-03-01,1,11,68,S1_E01,Shift 1,35,273,47,3.283466402194387,3.2063842092808192,True,True,,,,product_and_employee_anomaly
2015-03-01,1,11,68,S1_E02,Shift 2,33,273,47,3.283466402194387,2.7011350015772067,True,False,,,,product_anomaly
2015-03-01,2,11,120,S2_E01,Shift 1,50,273,67,3.283466402194387,3.1204913155838128,True,True,,,,product_and_employee_anomaly
2015-03-01,2,11,120,S2_E02,Shift 2,70,273,67,3.283466402194387,2.9504051632544526,True,False,,,,product_anomaly
2015-03-01,3,11,79,S3_E01,Shift 1,45,273,59,3.283466402194387,2.94608151148025,True,False,,,,product_anomaly
2015-03-01,3,11,79,S3_E02,Shift 2,34,273,59,3.283466402194387,3.4103721242964737,True,True,,,,product_and_employee_anomaly
2015-03-01,4,11,79,S4_E01,Full Day,79,273,56,3.283466402194387,3.1596518128314997,True,True,,,,product_and_employee_anomaly
2015-03-01,5,11,52,S5_E01,Full Day,52,273,38,3.283466402194387,3.6387722164072245,True,True,,,,product_and_employee_anomaly
2015-03-01,6,11,67,S6_E01,Shift 1,28,273,40,3.283466402194387,3.2783227914473976,True,True,,,,product_and_employee_anomaly
2015-03-01,6,11,67,S6_E02,Shift 2,39,273,40,3.283466402194387,3.6075677552682435,True,True,,,,product_and_employee_anomaly
2015-03-01,7,11,49,S7_E01,Full Day,49,273,35,3.283466402194387,2.8190730739031222,True,False,,,,product_anomaly
2015-03-01,8,11,84,S8_E01,Shift 1,45,273,64,3.283466402194387,3.332540228908305,True,True,,,,product_and_employee_anomaly
2015-03-01,8,11,84,S8_E02,Shift 2,39,273,64,3.283466402194387,3.009029860439897,True,True,,,,product_and_employee_anomaly
2015-03-01,9,11,73,S9_E01,Shift 1,39,273,56,3.283466402194387,3.562831793884845,True,True,,,,product_and_employee_anomaly
2015-03-01,9,11,73,S9_E02,Shift 2,34,273,56,3.283466402194387,3.0689769065072365,True,True,,,,product_and_employee_anomaly
2015-03-01,10,11,89,S10_E01,Full Day,89,273,59,3.283466402194387,3.035766134572765,True,True,,,,product_and_employee_anomaly
2015-08-03,1,11,47,S1_E01,Shift 1,22,273,84,-3.0488798246080275,-2.431152188562419,True,False,,,,product_anomaly
2015-08-03,1,11,47,S1_E02,Shift 2,25,273,84,-3.0488798246080275,-2.6588983591723636,True,False,,,,product_anomaly
2015-08-03,2,11,80,S2_E01,Shift 1,39,273,113,-3.0488798246080275,-2.1714259053724394,True,False,,,,product_anomaly
2015-08-03,2,11,80,S2_E02,Shift 2,41,273,113,-3.0488798246080275,-2.5727933298725434,True,False,,,,product_anomaly
2015-08-03,3,11,68,S3_E01,Shift 1,37,273,104,-3.0488798246080275,-3.230471200097007,True,True,,,,product_and_employee_anomaly
2015-08-03,3,11,68,S3_E02,Shift 2,31,273,104,-3.0488798246080275,-3.0968220305556833,True,True,,,,product_and_employee_anomaly
2015-08-03,4,11,60,S4_E01,Full Day,60,273,97,-3.0488798246080275,-2.7376755606770606,True,False,,,,product_anomaly
2015-08-03,5,11,45,S5_E01,Full Day,45,273,66,-3.0488798246080275,-2.664634525264307,True,False,,,,product_anomaly
2015-08-03,6,11,63,S6_E01,Shift 1,35,273,69,-3.0488798246080275,-3.003013866777452,True,True,,,,product_and_employee_anomaly
2015-08-03,6,11,63,S6_E02,Shift 2,28,273,69,-3.0488798246080275,-2.5336785743591226,True,False,,,,product_anomaly
2015-08-03,7,11,38,S7_E01,Full Day,38,273,62,-3.0488798246080275,-2.3966524315397892,True,False,,,,product_anomaly
2015-08-03,8,11,77,S8_E01,Shift 1,41,273,114,-3.0488798246080275,-2.893402768817878,True,False,,,,product_anomaly
2015-08-03,8,11,77,S8_E02,Shift 2,36,273,114,-3.0488798246080275,-2.405130863769209,True,False,,,,product_anomaly
2015-08-03,9,11,57,S9_E01,Shift 1,24,273,95,-3.0488798246080275,-2.4640677522246373,True,False,,,,product_anomaly
2015-08-03,9,11,57,S9_E02,Shift 2,33,273,95,-3.0488798246080275,-3.2324063857303305,True,True,,,,product_and_employee_anomaly
2015-08-03,10,11,83,S10_E01,Full Day,83,273,97,-3.0488798246080275,-2.654029610435547,True,False,,,,product_anomaly
2016-12-05,1,11,34,S1_E01,Shift 1,19,273,71,-3.08847546494402,-2.4321396159735382,True,False,,,,product_anomaly
2016-12-05,1,11,34,S1_E02,Shift 2,15,273,71,-3.08847546494402,-2.580461211183038,True,False,,,,product_anomaly
2016-12-05,2,11,54,S2_E01,Shift 1,29,273,99,-3.08847546494402,-3.039797685865822,True,True,,,,product_and_employee_anomaly
2016-12-05,2,11,54,S2_E02,Shift 2,25,273,99,-3.08847546494402,-2.8411273492839912,True,False,,,,product_anomaly
2016-12-05,3,11,51,S3_E01,Shift 1,26,273,84,-3.08847546494402,-2.6334758693639126,True,False,,,,product_anomaly
2016-12-05,3,11,51,S3_E02,Shift 2,25,273,84,-3.08847546494402,-2.870138019802202,True,False,,,,product_anomaly
2016-12-05,4,11,46,S4_E01,Full Day,46,273,82,-3.08847546494402,-2.803773742586649,True,False,,,,product_anomaly
2016-12-05,5,11,41,S5_E01,Full Day,41,273,59,-3.08847546494402,-2.639685670948698,True,False,,,,product_anomaly
2016-12-05,6,11,27,S6_E01,Shift 1,13,273,58,-3.08847546494402,-3.552929269017943,True,True,,,,product_and_employee_anomaly
2016-12-05,6,11,27,S6_E02,Shift 2,14,273,58,-3.08847546494402,-2.6336470607013553,True,False,,,,product_anomaly
2016-12-05,7,11,27,S7_E01,Full Day,27,273,54,-3.08847546494402,-3.1441222038535632,True,True,,,,product_and_employee_anomaly
2016-12-05,8,11,44,S8_E01,Shift 1,22,273,93,-3.08847546494402,-3.7685143438139015,True,True,,,,product_and_employee_anomaly
2016-12-05,8,11,44,S8_E02,Shift 2,22,273,93,-3.08847546494402,-3.111510025863777,True,True,,,,product_and_employee_anomaly
2016-12-05,9,11,45,S9_E01,Shift 1,26,273,83,-3.08847546494402,-2.9300684022247934,True,False,,,,product_anomaly
2016-12-05,9,11,45,S9_E02,Shift 2,19,273,83,-3.08847546494402,-3.3474208166871384,True,True,,,,product_and_employee_anomaly
2016-12-05,10,11,56,S10_E01,Full Day,56,273,87,-3.08847546494402,-3.2437638134469884,True,True,,,,product_and_employee_anomaly
2017-04-01,1,11,83,S1_E01,Shift 1,49,273,63,2.283645760721297,3.05140781233218,False,True,,,,employee_anomaly
2017-12-04,1,11,39,S1_E01,Shift 1,21,273,75,-3.8456330597675437,-3.566924808659965,True,True,,,,product_and_employee_anomaly
2017-12-04,1,11,39,S1_E02,Shift 2,18,273,75,-3.8456330597675437,-3.439934189042974,True,True,,,,product_and_employee_anomaly
2017-12-04,2,11,52,S2_E01,Shift 1,26,273,106,-3.8456330597675437,-3.4289887985334744,True,True,,,,product_and_employee_anomaly
2017-12-04,2,11,52,S2_E02,Shift 2,26,273,106,-3.8456330597675437,-3.42560784986891,True,True,,,,product_and_employee_anomaly
2017-12-04,3,11,49,S3_E01,Shift 1,27,273,92,-3.8456330597675437,-4.010676658948157,True,True,,,,product_and_employee_anomaly
2017-12-04,3,11,49,S3_E02,Shift 2,22,273,92,-3.8456330597675437,-3.2163317411983594,True,True,,,,product_and_employee_anomaly
2017-12-04,4,11,55,S4_E01,Full Day,55,273,86,-3.8456330597675437,-3.284111898833113,True,True,,,,product_and_employee_anomaly
2017-12-04,5,11,22,S5_E01,Full Day,22,273,62,-3.8456330597675437,-3.2458225710762023,True,True,,,,product_and_employee_anomaly
2017-12-04,6,11,29,S6_E01,Shift 1,15,273,61,-3.8456330597675437,-3.2986405964081293,True,True,,,,product_and_employee_anomaly
2017-12-04,6,11,29,S6_E02,Shift 2,14,273,61,-3.8456330597675437,-3.3301889302159635,True,True,,,,product_and_employee_anomaly
2017-12-04,7,11,28,S7_E01,Full Day,28,273,56,-3.8456330597675437,-3.144474792045703,True,True,,,,product_and_employee_anomaly
2017-12-04,8,11,62,S8_E01,Shift 1,35,273,102,-3.8456330597675437,-3.5723822669368586,True,True,,,,product_and_employee_anomaly
2017-12-04,8,11,62,S8_E02,Shift 2,27,273,102,-3.8456330597675437,-3.58582252955439,True,True,,,,product_and_employee_anomaly
2017-12-04,9,11,44,S9_E01,Shift 1,23,273,86,-3.8456330597675437,-3.189292177224606,True,True,,,,product_and_employee_anomaly
2017-12-04,9,11,44,S9_E02,Shift 2,21,273,86,-3.8456330597675437,-3.1563508443071124,True,True,,,,product_and_employee_anomaly
2017-12-04,10,11,62,S10_E01,Full Day,62,273,95,-3.8456330597675437,-3.105707653984013,True,True,,,,product_and_employee_anomaly
2013-08-05,1,12,45,S1_E01,Shift 1,22,489,71,-4.416331716589936,-2.4156234667007204,True,False,,,,product_anomaly
2013-08-05,1,12,45,S1_E02,Shift 2,23,489,71,-4.416331716589936,-2.6106751492337086,True,False,,,,product_anomaly
2013-08-05,2,12,70,S2_E01,Shift 1,29,489,94,-4.416331716589936,-3.037931708682254,True,True,,,,product_and_employee_anomaly
2013-08-05,2,12,70,S2_E02,Shift 2,41,489,94,-4.416331716589936,-3.4857102754090485,True,True,,,,product_and_employee_anomaly
2013-08-05,3,12,51,S3_E01,Shift 1,21,489,88,-4.416331716589936,-2.471140170469033,True,False,,,,product_anomaly
2013-08-05,3,12,51,S3_E02,Shift 2,30,489,88,-4.416331716589936,-2.977763708215258,True,False,,,,product_anomaly
2013-08-05,4,12,43,S4_E01,Full Day,43,489,77,-4.416331716589936,-2.585399372448584,True,False,,,,product_anomaly
2013-08-05,5,12,39,S5_E01,Full Day,39,489,55,-4.416331716589936,-2.476026680116979,True,False,,,,product_anomaly
2013-08-05,6,12,42,S6_E01,Shift 1,22,489,58,-4.416331716589936,-2.480769642052181,True,False,,,,product_anomaly
2013-08-05,6,12,42,S6_E02,Shift 2,20,489,58,-4.416331716589936,-2.281964941758153,True,False,,,,product_anomaly
2013-08-05,7,12,36,S7_E01,Full Day,36,489,52,-4.416331716589936,-2.3775535177606595,True,False,,,,product_anomaly
2013-08-05,8,12,62,S8_E01,Shift 1,27,489,89,-4.416331716589936,-2.2496415033443022,True,False,,,,product_anomaly
2013-08-05,8,12,62,S8_E02,Shift 2,35,489,89,-4.416331716589936,-2.3907326904646378,True,False,,,,product_anomaly
2013-08-05,9,12,44,S9_E01,Shift 1,18,489,80,-4.416331716589936,-2.1535467339877448,True,False,,,,product_anomaly
2013-08-05,9,12,44,S9_E02,Shift 2,26,489,80,-4.416331716589936,-2.4560677337350354,True,False,,,,product_anomaly
2013-08-05,10,12,57,S10_E01,Full Day,57,489,82,-4.416331716589936,-2.25167679317855,True,False,,,,product_anomaly
2013-12-02,1,12,30,S1_E01,Shift 1,15,489,58,-3.7342079162953294,-3.1254292363912257,True,True,,,,product_and_employee_anomaly
2013-12-02,1,12,30,S1_E02,Shift 2,15,489,58,-3.7342079162953294,-2.851006355389951,True,False,,,,product_anomaly
2013-12-02,2,12,32,S2_E01,Shift 1,13,489,77,-3.7342079162953294,-3.412450649859274,True,True,,,,product_and_employee_anomaly
2013-12-02,2,12,32,S2_E02,Shift 2,19,489,77,-3.7342079162953294,-3.2785932441135652,True,True,,,,product_and_employee_anomaly
2013-12-02,3,12,37,S3_E01,Shift 1,21,489,69,-3.7342079162953294,-3.2501487509139597,True,True,,,,product_and_employee_anomaly
2013-12-02,3,12,37,S3_E02,Shift 2,16,489,69,-3.7342079162953294,-3.4328063228458867,True,True,,,,product_and_employee_anomaly
2013-12-02,4,12,38,S4_E01,Full Day,38,489,65,-3.7342079162953294,-3.448513956982832,True,True,,,,product_and_employee_anomaly
2013-12-02,5,12,30,S5_E01,Full Day,30,489,46,-3.7342079162953294,-3.1959090536893515,True,True,,,,product_and_employee_anomaly
2013-12-02,6,12,29,S6_E01,Shift 1,15,489,47,-3.7342079162953294,-2.8345600406685025,True,False,,,,product_anomaly
2013-12-02,6,12,29,S6_E02,Shift 2,14,489,47,-3.7342079162953294,-3.0818675698167812,True,True,,,,product_and_employee_anomaly
2013-12-02,7,12,24,S7_E01,Full Day,24,489,43,-3.7342079162953294,-2.9208666389824898,True,False,,,,product_anomaly
2013-12-02,8,12,39,S8_E01,Shift 1,18,489,76,-3.7342079162953294,-3.3597203284094452,True,True,,,,product_and_employee_anomaly
2013-12-02,8,12,39,S8_E02,Shift 2,21,489,76,-3.7342079162953294,-3.335819773959348,True,True,,,,product_and_employee_anomaly
2013-12-02,9,12,43,S9_E01,Shift 1,18,489,63,-3.7342079162953294,-3.305771183792513,True,True,,,,product_and_employee_anomaly
2013-12-02,9,12,43,S9_E02,Shift 2,25,489,63,-3.7342079162953294,-3.696275698428471,True,True,,,,product_and_employee_anomaly
2013-12-02,10,12,37,S10_E01,Full Day,37,489,68,-3.7342079162953294,-3.0878038047354686,True,True,,,,product_and_employee_anomaly
2014-03-01,2,12,101,S2_E01,Shift 1,46,489,65,2.1808103791184603,3.349005610782279,False,True,,,,employee_anomaly
2014-03-01,5,12,57,S5_E01,Full Day,57,489,38,2.1808103791184603,3.306479451837381,False,True,,,,employee_anomaly
2014-08-04,1,12,67,S1_E01,Shift 1,40,489,75,-3.180710248679153,-2.5453580386408605,True,False,,,,product_anomaly
2014-08-04,1,12,67,S1_E02,Shift 2,27,489,75,-3.180710248679153,-2.806490994281361,True,False,,,,product_anomaly
2014-08-04,2,12,69,S2_E01,Shift 1,30,489,109,-3.180710248679153,-3.2958565872574868,True,True,,,,product_and_employee_anomaly
2014-08-04,2,12,69,S2_E02,Shift 2,39,489,109,-3.180710248679153,-2.3253581907705634,True,False,,,,product_anomaly
2014-08-04,3,12,59,S3_E01,Shift 1,31,489,95,-3.180710248679153,-2.9193847507418793,True,False,,,,product_anomaly
2014-08-04,3,12,59,S3_E02,Shift 2,28,489,95,-3.180710248679153,-2.9764440225122466,True,False,,,,product_anomaly
2014-08-04,4,12,56,S4_E01,Full Day,56,489,91,-3.180710248679153,-3.1397631376093593,True,True,,,,product_and_employee_anomaly
2014-08-04,5,12,45,S5_E01,Full Day,45,489,64,-3.180710248679153,-3.2173712129452325,True,True,,,,product_and_employee_anomaly
2014-08-04,6,12,45,S6_E01,Shift 1,26,489,64,-3.180710248679153,-2.2070237185490025,True,False,,,,product_anomaly
2014-08-04,6,12,45,S6_E02,Shift 2,19,489,64,-3.180710248679153,-3.5017544264003857,True,True,,,,product_and_employee_anomaly
2014-08-04,7,12,42,S7_E01,Full Day,42,489,58,-3.180710248679153,-3.4459186430311015,True,True,,,,product_and_employee_anomaly
2014-08-04,8,12,76,S8_E01,Shift 1,32,489,105,-3.180710248679153,-3.8062041584640642,True,True,,,,product_and_employee_anomaly
2014-08-04,8,12,76,S8_E02,Shift 2,44,489,105,-3.180710248679153,-3.16064441974807,True,True,,,,product_and_employee_anomaly
2014-08-04,9,12,53,S9_E01,Shift 1,26,489,89,-3.180710248679153,-2.838026611374916,True,False,,,,product_anomaly
2014-08-04,9,12,53,S9_E02,Shift 2,27,489,89,-3.180710248679153,-2.777144381847396,True,False,,,,product_anomaly
2014-08-04,10,12,63,S10_E01,Full Day,63,489,96,-3.180710248679153,-2.9356516212828705,True,False,,,,product_anomaly
2014-12-01,1,12,30,S1_E01,Shift 1,15,489,66,-3.5070300285790887,-3.1060032038113756,True,True,,,,product_and_employee_anomaly
2014-12-01,1,12,30,S1_E02,Shift 2,15,489,66,-3.5070300285790887,-3.2257952791105735,True,True,,,,product_and_employee_anomaly
2014-12-01,2,12,49,S2_E01,Shift 1,21,489,94,-3.5070300285790887,-3.2103767532981733,True,True,,,,product_and_employee_anomaly
2014-12-01,2,12,49,S2_E02,Shift 2,28,489,94,-3.5070300285790887,-2.9745651825749797,True,False,,,,product_anomaly
2014-12-01,3,12,49,S3_E01,Shift 1,22,489,79,-3.5070300285790887,-3.6842826003636517,True,True,,,,product_and_employee_anomaly
2014-12-01,3,12,49,S3_E02,Shift 2,27,489,79,-3.5070300285790887,-3.7643534802102665,True,True,,,,product_and_employee_anomaly
2014-12-01,4,12,37,S4_E01,Full Day,37,489,74,-3.5070300285790887,-3.5292108233300348,True,True,,,,product_and_employee_anomaly
2014-12-01,5,12,27,S5_E01,Full Day,27,489,54,-3.5070300285790887,-3.5544771735009846,True,True,,,,product_and_employee_anomaly
2014-12-01,6,12,32,S6_E01,Shift 1,18,489,55,-3.5070300285790887,-2.725413037949043,True,False,,,,product_anomaly
2014-12-01,6,12,32,S6_E02,Shift 2,14,489,55,-3.5070300285790887,-3.2677552992025225,True,True,,,,product_and_employee_anomaly
2014-12-01,7,12,32,S7_E01,Full Day,32,489,51,-3.5070300285790887,-3.4795612216587277,True,True,,,,product_and_employee_anomaly
2014-12-01,8,12,48,S8_E01,Shift 1,28,489,89,-3.5070300285790887,-2.754138713991254,True,False,,,,product_anomaly
2014-12-01,8,12,48,S8_E02,Shift 2,20,489,89,-3.5070300285790887,-3.156889714158979,True,True,,,,product_and_employee_anomaly
2014-12-01,9,12,40,S9_E01,Shift 1,19,489,75,-3.5070300285790887,-3.0877445136207187,True,True,,,,product_and_employee_anomaly
2014-12-01,9,12,40,S9_E02,Shift 2,21,489,75,-3.5070300285790887,-2.9294097184846226,True,False,,,,product_anomaly
2014-12-01,10,12,34,S10_E01,Full Day,34,489,81,-3.5070300285790887,-3.4995746414918427,True,True,,,,product_and_employee_anomaly
2015-02-01,1,12,58,S1_E01,Shift 1,30,489,44,1.7580552874461621,3.0557660597940646,False,True,,,,employee_anomaly
2015-03-01,1,12,66,S1_E01,Shift 1,32,489,47,3.2329282188218156,3.2063842092808192,True,True,,,,product_and_employee_anomaly
2015-03-01,1,12,66,S1_E02,Shift 2,34,489,47,3.2329282188218156,2.7011350015772067,True,False,,,,product_anomaly
2015-03-01,2,12,82,S2_E01,Shift 1,40,489,66,3.2329282188218156,3.1204913155838128,True,True,,,,product_and_employee_anomaly
2015-03-01,2,12,82,S2_E02,Shift 2,42,489,66,3.2329282188218156,2.9504051632544526,True,False,,,,product_anomaly
2015-03-01,3,12,82,S3_E01,Shift 1,38,489,61,3.2329282188218156,2.94608151148025,True,False,,,,product_anomaly
2015-03-01,3,12,82,S3_E02,Shift 2,44,489,61,3.2329282188218156,3.4103721242964737,True,True,,,,product_and_employee_anomaly
2015-03-01,4,12,75,S4_E01,Full Day,75,489,56,3.2329282188218156,3.1596518128314997,True,True,,,,product_and_employee_anomaly
2015-03-01,5,12,52,S5_E01,Full Day,52,489,41,3.2329282188218156,3.6387722164072245,True,True,,,,product_and_employee_anomaly
2015-03-01,6,12,62,S6_E01,Shift 1,37,489,39,3.2329282188218156,3.2783227914473976,True,True,,,,product_and_employee_anomaly
2015-03-01,6,12,62,S6_E02,Shift 2,25,489,39,3.2329282188218156,3.6075677552682435,True,True,,,,product_and_employee_anomaly
2015-03-01,7,12,51,S7_E01,Full Day,51,489,36,3.2329282188218156,2.8190730739031222,True,False,,,,product_anomaly
2015-03-01,8,12,71,S8_E01,Shift 1,42,489,64,3.2329282188218156,3.332540228908305,True,True,,,,product_and_employee_anomaly
2015-03-01,8,12,71,S8_E02,Shift 2,29,489,64,3.2329282188218156,3.009029860439897,True,True,,,,product_and_employee_anomaly
2015-03-01,9,12,83,S9_E01,Shift 1,34,489,53,3.2329282188218156,3.562831793884845,True,True,,,,product_and_employee_anomaly
2015-03-01,9,12,83,S9_E02,Shift 2,49,489,53,3.2329282188218156,3.0689769065072365,True,True,,,,product_and_employee_anomaly
2015-03-01,10,12,80,S10_E01,Full Day,80,489,57,3.2329282188218156,3.035766134572765,True,True,,,,product_and_employee_anomaly
2015-08-03,3,12,68,S3_E01,Shift 1,38,489,104,-2.620226350025106,-3.230471200097007,False,True,,,,employee_anomaly
2015-08-03,3,12,68,S3_E02,Shift 2,30,489,104,-2.620226350025106,-3.0968220305556833,False,True,,,,employee_anomaly
2015-08-03,6,12,47,S6_E01,Shift 1,23,489,70,-2.620226350025106,-3.003013866777452,False,True,,,,employee_anomaly
2015-08-03,9,12,59,S9_E02,Shift 2,32,489,89,-2.620226350025106,-3.2324063857303305,False,True,,,,employee_anomaly
2015-12-01,1,12,36,S1_E01,Shift 1,18,489,68,-3.0007057214356494,-2.584623178884539,True,False,,,,product_anomaly
2015-12-01,1,12,36,S1_E02,Shift 2,18,489,68,-3.0007057214356494,-2.7661406637905475,True,False,,,,product_anomaly
2015-12-01,2,12,48,S2_E01,Shift 1,22,489,94,-3.0007057214356494,-2.6931839314420327,True,False,,,,product_anomaly
2015-12-01,2,12,48,S2_E02,Shift 2,26,489,94,-3.0007057214356494,-2.644584340674169,True,False,,,,product_anomaly
2015-12-01,3,12,52,S3_E01,Shift 1,30,489,84,-3.0007057214356494,-2.6297033063545867,True,False,,,,product_anomaly
2015-12-01,3,12,52,S3_E02,Shift 2,22,489,84,-3.0007057214356494,-2.367494236832392,True,False,,,,product_anomaly
2015-12-01,4,12,34,S4_E01,Full Day,34,489,78,-3.0007057214356494,-2.5908311630645997,True,False,,,,product_anomaly
2015-12-01,5,12,42,S5_E01,Full Day,42,489,54,-3.0007057214356494,-2.6110344096088554,True,False,,,,product_anomaly
2015-12-01,6,12,33,S6_E01,Shift 1,16,489,54,-3.0007057214356494,-2.6979872750225096,True,False,,,,product_anomaly
2015-12-01,6,12,33,S6_E02,Shift 2,17,489,54,-3.0007057214356494,-2.240655920396686,True,False,,,,product_anomaly
2015-12-01,7,12,34,S7_E01,Full Day,34,489,53,-3.0007057214356494,-2.4045995818718513,True,False,,,,product_anomaly
2015-12-01,8,12,52,S8_E01,Shift 1,31,489,92,-3.0007057214356494,-2.332411640702732,True,False,,,,product_anomaly
2015-12-01,8,12,52,S8_E02,Shift 2,21,489,92,-3.0007057214356494,-2.2633780838650237,True,False,,,,product_anomaly
2015-12-01,9,12,34,S9_E01,Shift 1,19,489,81,-3.0007057214356494,-2.549115151643684,True,False,,,,product_anomaly
2015-12-01,9,12,34,S9_E02,Shift 2,15,489,81,-3.0007057214356494,-2.5849653687892817,True,False,,,,product_anomaly
2015-12-01,10,12,59,S10_E01,Full Day,59,489,84,-3.0007057214356494,-2.5341460804226097,True,False,,,,product_anomaly
2016-12-05,1,12,43,S1_E01,Shift 1,25,489,68,-3.834004676985695,-2.4321396159735382,True,False,,,,product_anomaly
2016-12-05,1,12,43,S1_E02,Shift 2,18,489,68,-3.834004676985695,-2.580461211183038,True,False,,,,product_anomaly
2016-12-05,2,12,46,S2_E01,Shift 1,25,489,96,-3.834004676985695,-3.039797685865822,True,True,,,,product_and_employee_anomaly
2016-12-05,2,12,46,S2_E02,Shift 2,21,489,96,-3.834004676985695,-2.8411273492839912,True,False,,,,product_anomaly
2016-12-05,3,12,48,S3_E01,Shift 1,22,489,88,-3.834004676985695,-2.6334758693639126,True,False,,,,product_anomaly
2016-12-05,3,12,48,S3_E02,Shift 2,26,489,88,-3.834004676985695,-2.870138019802202,True,False,,,,product_anomaly
2016-12-05,4,12,51,S4_E01,Full Day,51,489,82,-3.834004676985695,-2.803773742586649,True,False,,,,product_anomaly
2016-12-05,5,12,31,S5_E01,Full Day,31,489,62,-3.834004676985695,-2.639685670948698,True,False,,,,product_anomaly
2016-12-05,6,12,30,S6_E01,Shift 1,13,489,59,-3.834004676985695,-3.552929269017943,True,True,,,,product_and_employee_anomaly
2016-12-05,6,12,30,S6_E02,Shift 2,17,489,59,-3.834004676985695,-2.6336470607013553,True,False,,,,product_anomaly
2016-12-05,7,12,27,S7_E01,Full Day,27,489,54,-3.834004676985695,-3.1441222038535632,True,True,,,,product_and_employee_anomaly
2016-12-05,8,12,58,S8_E01,Shift 1,32,489,93,-3.834004676985695,-3.7685143438139015,True,True,,,,product_and_employee_anomaly
2016-12-05,8,12,58,S8_E02,Shift 2,26,489,93,-3.834004676985695,-3.111510025863777,True,True,,,,product_and_employee_anomaly
2016-12-05,9,12,45,S9_E01,Shift 1,24,489,79,-3.834004676985695,-2.9300684022247934,True,False,,,,product_anomaly
2016-12-05,9,12,45,S9_E02,Shift 2,21,489,79,-3.834004676985695,-3.3474208166871384,True,True,,,,product_and_employee_anomaly
2016-12-05,10,12,53,S10_E01,Full Day,53,489,86,-3.834004676985695,-3.2437638134469884,True,True,,,,product_and_employee_anomaly
2017-04-01,1,12,78,S1_E01,Shift 1,43,489,64,2.1050373195133303,3.05140781233218,False,True,,,,employee_anomaly
2017-12-04,1,12,44,S1_E01,Shift 1,21,489,74,-2.286856217153007,-3.566924808659965,False,True,,,,employee_anomaly
2017-12-04,1,12,44,S1_E02,Shift 2,23,489,74,-2.286856217153007,-3.439934189042974,False,True,,,,employee_anomaly
2017-12-04,2,12,76,S2_E01,Shift 1,39,489,105,-2.286856217153007,-3.4289887985334744,False,True,,,,employee_anomaly
2017-12-04,2,12,76,S2_E02,Shift 2,37,489,105,-2.286856217153007,-3.42560784986891,False,True,,,,employee_anomaly
2017-12-04,3,12,40,S3_E01,Shift 1,17,489,92,-2.286856217153007,-4.010676658948157,False,True,,,,employee_anomaly
2017-12-04,3,12,40,S3_E02,Shift 2,23,489,92,-2.286856217153007,-3.2163317411983594,False,True,,,,employee_anomaly
2017-12-04,4,12,50,S4_E01,Full Day,50,489,87,-2.286856217153007,-3.284111898833113,False,True,,,,employee_anomaly
2017-12-04,5,12,36,S5_E01,Full Day,36,489,63,-2.286856217153007,-3.2458225710762023,False,True,,,,employee_anomaly
2017-12-04,6,12,39,S6_E01,Shift 1,21,489,60,-2.286856217153007,-3.2986405964081293,False,True,,,,employee_anomaly
2017-12-04,6,12,39,S6_E02,Shift 2,18,489,60,-2.286856217153007,-3.3301889302159635,False,True,,,,employee_anomaly
2017-12-04,7,12,34,S7_E01,Full Day,34,489,56,-2.286856217153007,-3.144474792045703,False,True,,,,employee_anomaly
2017-12-04,8,12,70,S8_E01,Shift 1,40,489,95,-2.286856217153007,-3.5723822669368586,False,True,,,,employee_anomaly
2017-12-04,8,12,70,S8_E02,Shift 2,30,489,95,-2.286856217153007,-3.58582252955439,False,True,,,,employee_anomaly
2017-12-04,9,12,49,S9_E01,Shift 1,27,489,83,-2.286856217153007,-3.189292177224606,False,True,,,,employee_anomaly
2017-12-04,9,12,49,S9_E02,Shift 2,22,489,83,-2.286856217153007,-3.1563508443071124,False,True,,,,employee_anomaly
2017-12-04,10,12,58,S10_E01,Full Day,58,489,90,-2.286856217153007,-3.105707653984013,False,True,,,,employee_anomaly
2013-08-05,2,13,75,S2_E01,Shift 1,39,373,113,-2.780680309251307,-3.037931708682254,False,True,,,,employee_anomaly
2013-08-05,2,13,75,S2_E02,Shift 2,36,373,113,-2.780680309251307,-3.4857102754090485,False,True,,,,employee_anomaly
2013-12-02,1,13,53,S1_E01,Shift 1,25,373,66,-2.9202759239864453,-3.1254292363912257,False,True,,,,employee_anomaly
2013-12-02,2,13,64,S2_E01,Shift 1,36,373,94,-2.9202759239864453,-3.412450649859274,False,True,,,,employee_anomaly
2013-12-02,2,13,64,S2_E02,Shift 2,28,373,94,-2.9202759239864453,-3.2785932441135652,False,True,,,,employee_anomaly
2013-12-02,3,13,34,S3_E01,Shift 1,19,373,85,-2.9202759239864453,-3.2501487509139597,False,True,,,,employee_anomaly
2013-12-02,3,13,34,S3_E02,Shift 2,15,373,85,-2.9202759239864453,-3.4328063228458867,False,True,,,,employee_anomaly
2013-12-02,4,13,52,S4_E01,Full Day,52,373,79,-2.9202759239864453,-3.448513956982832,False,True,,,,employee_anomaly
2013-12-02,5,13,31,S5_E01,Full Day,31,373,55,-2.9202759239864453,-3.1959090536893515,False,True,,,,employee_anomaly
2013-12-02,6,13,20,S6_E02,Shift 2,12,373,58,-2.9202759239864453,-3.0818675698167812,False,True,,,,employee_anomaly
2013-12-02,8,13,60,S8_E01,Shift 1,28,373,89,-2.9202759239864453,-3.3597203284094452,False,True,,,,employee_anomaly
2013-12-02,8,13,60,S8_E02,Shift 2,32,373,89,-2.9202759239864453,-3.335819773959348,False,True,,,,employee_anomaly
2013-12-02,9,13,52,S9_E01,Shift 1,27,373,78,-2.9202759239864453,-3.305771183792513,False,True,,,,employee_anomaly
2013-12-02,9,13,52,S9_E02,Shift 2,25,373,78,-2.9202759239864453,-3.696275698428471,False,True,,,,employee_anomaly
2013-12-02,10,13,45,S10_E01,Full Day,45,373,82,-2.9202759239864453,-3.0878038047354686,False,True,,,,employee_anomaly
2014-03-01,1,13,72,S1_E01,Shift 1,34,373,54,3.253930969240645,1.8242545275228967,True,False,,,,product_anomaly
2014-03-01,1,13,72,S1_E02,Shift 2,38,373,54,3.253930969240645,2.6015673164242665,True,False,,,,product_anomaly
2014-03-01,2,13,104,S2_E01,Shift 1,59,373,77,3.253930969240645,3.349005610782279,True,True,,,,product_and_employee_anomaly
2014-03-01,2,13,104,S2_E02,Shift 2,45,373,77,3.253930969240645,2.8461099331193718,True,False,,,,product_anomaly
2014-03-01,3,13,97,S3_E01,Shift 1,45,373,70,3.253930969240645,1.9584902781729174,True,False,,,,product_anomaly
2014-03-01,3,13,97,S3_E02,Shift 2,52,373,70,3.253930969240645,2.4343516400715948,True,False,,,,product_anomaly
2014-03-01,4,13,81,S4_E01,Full Day,81,373,64,3.253930969240645,2.5055749314209104,True,False,,,,product_anomaly
2014-03-01,5,13,70,S5_E01,Full Day,70,373,46,3.253930969240645,3.306479451837381,True,True,,,,product_and_employee_anomaly
2014-03-01,6,13,74,S6_E01,Shift 1,39,373,46,3.253930969240645,2.323386541300781,True,False,,,,product_anomaly
2014-03-01,6,13,74,S6_E02,Shift 2,35,373,46,3.253930969240645,2.9878245936140457,True,False,,,,product_anomaly
2014-03-01,7,13,58,S7_E01,Full Day,58,373,43,3.253930969240645,2.157297689436117,True,False,,,,product_anomaly
2014-03-01,8,13,106,S8_E01,Shift 1,52,373,74,3.253930969240645,2.488561115036944,True,False,,,,product_anomaly
2014-03-01,8,13,106,S8_E02,Shift 2,54,373,74,3.253930969240645,2.2777673761291855,True,False,,,,product_anomaly
2014-03-01,9,13,77,S9_E01,Shift 1,39,373,63,3.253930969240645,2.0575462095889767,True,False,,,,product_anomaly
2014-03-01,9,13,77,S9_E02,Shift 2,38,373,63,3.253930969240645,2.25800157879476,True,False,,,,product_anomaly
2014-03-01,10,13,80,S10_E01,Full Day,80,373,70,3.253930969240645,2.822284998497931,True,False,,,,product_anomaly
2014-08-04,2,13,89,S2_E01,Shift 1,49,373,133,-2.4568176546872627,-3.2958565872574868,False,True,,,,employee_anomaly
2014-08-04,4,13,77,S4_E01,Full Day,77,373,109,-2.4568176546872627,-3.1397631376093593,False,True,,,,employee_anomaly
2014-08-04,5,13,54,S5_E01,Full Day,54,373,79,-2.4568176546872627,-3.2173712129452325,False,True,,,,employee_anomaly
2014-08-04,6,13,53,S6_E02,Shift 2,22,373,76,-2.4568176546872627,-3.5017544264003857,False,True,,,,employee_anomaly
2014-08-04,7,13,49,S7_E01,Full Day,49,373,69,-2.4568176546872627,-3.4459186430311015,False,True,,,,employee_anomaly
2014-08-04,8,13,98,S8_E01,Shift 1,46,373,128,-2.4568176546872627,-3.8062041584640642,False,True,,,,employee_anomaly
2014-08-04,8,13,98,S8_E02,Shift 2,52,373,128,-2.4568176546872627,-3.16064441974807,False,True,,,,employee_anomaly
2014-12-01,1,13,48,S1_E01,Shift 1,20,373,81,-3.563059620234811,-3.1060032038113756,True,True,,,,product_and_employee_anomaly
2014-12-01,1,13,48,S1_E02,Shift 2,28,373,81,-3.563059620234811,-3.2257952791105735,True,True,,,,product_and_employee_anomaly
2014-12-01,2,13,48,S2_E01,Shift 1,21,373,110,-3.563059620234811,-3.2103767532981733,True,True,,,,product_and_employee_anomaly
2014-12-01,2,13,48,S2_E02,Shift 2,27,373,110,-3.563059620234811,-2.9745651825749797,True,False,,,,product_anomaly
2014-12-01,3,13,36,S3_E01,Shift 1,18,373,98,-3.563059620234811,-3.6842826003636517,True,True,,,,product_and_employee_anomaly
2014-12-01,3,13,36,S3_E02,Shift 2,18,373,98,-3.563059620234811,-3.7643534802102665,True,True,,,,product_and_employee_anomaly
2014-12-01,4,13,37,S4_E01,Full Day,37,373,89,-3.563059620234811,-3.5292108233300348,True,True,,,,product_and_employee_anomaly
2014-12-01,5,13,43,S5_E01,Full Day,43,373,65,-3.563059620234811,-3.5544771735009846,True,True,,,,product_and_employee_anomaly
2014-12-01,6,13,40,S6_E01,Shift 1,19,373,67,-3.563059620234811,-2.725413037949043,True,False,,,,product_anomaly
2014-12-01,6,13,40,S6_E02,Shift 2,21,373,67,-3.563059620234811,-3.2677552992025225,True,True,,,,product_and_employee_anomaly
2014-12-01,7,13,34,S7_E01,Full Day,34,373,63,-3.563059620234811,-3.4795612216587277,True,True,,,,product_and_employee_anomaly
2014-12-01,8,13,72,S8_E01,Shift 1,43,373,108,-3.563059620234811,-2.754138713991254,True,False,,,,product_anomaly
2014-12-01,8,13,72,S8_E02,Shift 2,29,373,108,-3.563059620234811,-3.156889714158979,True,True,,,,product_and_employee_anomaly
2014-12-01,9,13,58,S9_E01,Shift 1,32,373,90,-3.563059620234811,-3.0877445136207187,True,True,,,,product_and_employee_anomaly
2014-12-01,9,13,58,S9_E02,Shift 2,26,373,90,-3.563059620234811,-2.9294097184846226,True,False,,,,product_anomaly
2014-12-01,10,13,50,S10_E01,Full Day,50,373,98,-3.563059620234811,-3.4995746414918427,True,True,,,,product_and_employee_anomaly
2014-12-14,1,13,63,S1_E01,Shift 1,28,373,70,3.388383197236203,1.5689211415896047,True,False,,,,product_anomaly
2014-12-14,1,13,63,S1_E02,Shift 2,35,373,70,3.388383197236203,1.563574406034418,True,False,,,,product_anomaly
2014-12-14,2,13,112,S2_E01,Shift 1,53,373,98,3.388383197236203,2.005815786212634,True,False,,,,product_anomaly
2014-12-14,2,13,112,S2_E02,Shift 2,59,373,98,3.388383197236203,1.5756774361314492,True,False,,,,product_anomaly
2014-12-14,3,13,100,S3_E01,Shift 1,51,373,81,3.388383197236203,1.800938119324232,True,False,,,,product_anomaly
2014-12-14,3,13,100,S3_E02,Shift 2,49,373,81,3.388383197236203,1.573520085212368,True,False,,,,product_anomaly
2014-12-14,4,13,70,S4_E01,Full Day,70,373,77,3.388383197236203,1.4447826528491872,True,False,,,,product_anomaly
2014-12-14,5,13,74,S5_E01,Full Day,74,373,57,3.388383197236203,1.4331435921849118,True,False,,,,product_anomaly
2014-12-14,6,13,62,S6_E01,Shift 1,31,373,59,3.388383197236203,1.167081832906009,True,False,,,,product_anomaly
2014-12-14,6,13,62,S6_E02,Shift 2,31,373,59,3.388383197236203,1.3617810432886173,True,False,,,,product_anomaly
2014-12-14,7,13,55,S7_E01,Full Day,55,373,54,3.388383197236203,0.7449428457921917,True,False,,,,product_anomaly
2014-12-14,8,13,110,S8_E01,Shift 1,64,373,95,3.388383197236203,1.4858031441243864,True,False,,,,product_anomaly
2014-12-14,8,13,110,S8_E02,Shift 2,46,373,95,3.388383197236203,1.2592606121352927,True,False,,,,product_anomaly
2014-12-14,9,13,76,S9_E01,Shift 1,35,373,79,3.388383197236203,1.6698232690152222,True,False,,,,product_anomaly
2014-12-14,9,13,76,S9_E02,Shift 2,41,373,79,3.388383197236203,1.355999708434722,True,False,,,,product_anomaly
2014-12-14,10,13,75,S10_E01,Full Day,75,373,84,3.388383197236203,1.5702972647848359,True,False,,,,product_anomaly
2015-02-01,1,13,74,S1_E01,Shift 1,41,373,49,1.9867577993390986,3.0557660597940646,False,True,,,,employee_anomaly
2015-03-01,1,13,96,S1_E01,Shift 1,46,373,56,2.5702858053290076,3.2063842092808192,False,True,,,,employee_anomaly
2015-03-01,2,13,109,S2_E01,Shift 1,60,373,81,2.5702858053290076,3.1204913155838128,False,True,,,,employee_anomaly
2015-03-01,3,13,97,S3_E02,Shift 2,47,373,69,2.5702858053290076,3.4103721242964737,False,True,,,,employee_anomaly
2015-03-01,4,13,87,S4_E01,Full Day,87,373,67,2.5702858053290076,3.1596518128314997,False,True,,,,employee_anomaly
2015-03-01,5,13,68,S5_E01,Full Day,68,373,48,2.5702858053290076,3.6387722164072245,False,True,,,,employee_anomaly
2015-03-01,6,13,56,S6_E01,Shift 1,25,373,47,2.5702858053290076,3.2783227914473976,False,True,,,,employee_anomaly
2015-03-01,6,13,56,S6_E02,Shift 2,31,373,47,2.5702858053290076,3.6075677552682435,False,True,,,,employee_anomaly
2015-03-01,8,13,124,S8_E01,Shift 1,58,373,78,2.5702858053290076,3.332540228908305,False,True,,,,employee_anomaly
2015-03-01,8,13,124,S8_E02,Shift 2,66,373,78,2.5702858053290076,3.009029860439897,False,True,,,,employee_anomaly
2015-03-01,9,13,91,S9_E01,Shift 1,39,373,64,2.5702858053290076,3.562831793884845,False,True,,,,employee_anomaly
2015-03-01,9,13,91,S9_E02,Shift 2,52,373,64,2.5702858053290076,3.0689769065072365,False,True,,,,employee_anomaly
2015-03-01,10,13,104,S10_E01,Full Day,104,373,73,2.5702858053290076,3.035766134572765,False,True,,,,employee_anomaly
2015-08-03,3,13,83,S3_E01,Shift 1,34,373,122,-2.960678352508894,-3.230471200097007,False,True,,,,employee_anomaly
2015-08-03,3,13,83,S3_E02,Shift 2,49,373,122,-2.960678352508894,-3.0968220305556833,False,True,,,,employee_anomaly
2015-08-03,6,13,63,S6_E01,Shift 1,29,373,83,-2.960678352508894,-3.003013866777452,False,True,,,,employee_anomaly
2015-08-03,9,13,60,S9_E02,Shift 2,31,373,112,-2.960678352508894,-3.2324063857303305,False,True,,,,employee_anomaly
2016-12-05,1,13,50,S1_E01,Shift 1,21,373,86,-3.6989870761955608,-2.4321396159735382,True,False,,,,product_anomaly
2016-12-05,1,13,50,S1_E02,Shift 2,29,373,86,-3.6989870761955608,-2.580461211183038,True,False,,,,product_anomaly
2016-12-05,2,13,66,S2_E01,Shift 1,29,373,117,-3.6989870761955608,-3.039797685865822,True,True,,,,product_and_employee_anomaly
2016-12-05,2,13,66,S2_E02,Shift 2,37,373,117,-3.6989870761955608,-2.8411273492839912,True,False,,,,product_anomaly
2016-12-05,3,13,69,S3_E01,Shift 1,34,373,106,-3.6989870761955608,-2.6334758693639126,True,False,,,,product_anomaly
2016-12-05,3,13,69,S3_E02,Shift 2,35,373,106,-3.6989870761955608,-2.870138019802202,True,False,,,,product_anomaly
2016-12-05,4,13,70,S4_E01,Full Day,70,373,99,-3.6989870761955608,-2.803773742586649,True,False,,,,product_anomaly
2016-12-05,5,13,40,S5_E01,Full Day,40,373,73,-3.6989870761955608,-2.639685670948698,True,False,,,,product_anomaly
2016-12-05,6,13,39,S6_E01,Shift 1,18,373,71,-3.6989870761955608,-3.552929269017943,True,True,,,,product_and_employee_anomaly
2016-12-05,6,13,39,S6_E02,Shift 2,21,373,71,-3.6989870761955608,-2.6336470607013553,True,False,,,,product_anomaly
2016-12-05,7,13,37,S7_E01,Full Day,37,373,66,-3.6989870761955608,-3.1441222038535632,True,True,,,,product_and_employee_anomaly
2016-12-05,8,13,64,S8_E01,Shift 1,37,373,115,-3.6989870761955608,-3.7685143438139015,True,True,,,,product_and_employee_anomaly
2016-12-05,8,13,64,S8_E02,Shift 2,27,373,115,-3.6989870761955608,-3.111510025863777,True,True,,,,product_and_employee_anomaly
2016-12-05,9,13,47,S9_E01,Shift 1,19,373,97,-3.6989870761955608,-2.9300684022247934,True,False,,,,product_anomaly
2016-12-05,9,13,47,S9_E02,Shift 2,28,373,97,-3.6989870761955608,-3.3474208166871384,True,True,,,,product_and_employee_anomaly
2016-12-05,10,13,58,S10_E01,Full Day,58,373,106,-3.6989870761955608,-3.2437638134469884,True,True,,,,product_and_employee_anomaly
2017-04-01,1,13,105,S1_E01,Shift 1,57,373,78,2.189744859529984,3.05140781233218,False,True,,,,employee_anomaly
2017-12-04,1,13,46,S1_E01,Shift 1,25,373,87,-3.25885998491673,-3.566924808659965,True,True,,,,product_and_employee_anomaly
2017-12-04,1,13,46,S1_E02,Shift 2,21,373,87,-3.25885998491673,-3.439934189042974,True,True,,,,product_and_employee_anomaly
2017-12-04,2,13,66,S2_E01,Shift 1,28,373,123,-3.25885998491673,-3.4289887985334744,True,True,,,,product_and_employee_anomaly
2017-12-04,2,13,66,S2_E02,Shift 2,38,373,123,-3.25885998491673,-3.42560784986891,True,True,,,,product_and_employee_anomaly
2017-12-04,3,13,83,S3_E01,Shift 1,45,373,112,-3.25885998491673,-4.010676658948157,True,True,,,,product_and_employee_anomaly
2017-12-04,3,13,83,S3_E02,Shift 2,38,373,112,-3.25885998491673,-3.2163317411983594,True,True,,,,product_and_employee_anomaly
2017-12-04,4,13,59,S4_E01,Full Day,59,373,100,-3.25885998491673,-3.284111898833113,True,True,,,,product_and_employee_anomaly
2017-12-04,5,13,37,S5_E01,Full Day,37,373,75,-3.25885998491673,-3.2458225710762023,True,True,,,,product_and_employee_anomaly
2017-12-04,6,13,46,S6_E01,Shift 1,19,373,77,-3.25885998491673,-3.2986405964081293,True,True,,,,product_and_employee_anomaly
2017-12-04,6,13,46,S6_E02,Shift 2,27,373,77,-3.25885998491673,-3.3301889302159635,True,True,,,,product_and_employee_anomaly
2017-12-04,7,13,34,S7_E01,Full Day,34,373,66,-3.25885998491673,-3.144474792045703,True,True,,,,product_and_employee_anomaly
2017-12-04,8,13,52,S8_E01,Shift 1,30,373,121,-3.25885998491673,-3.5723822669368586,True,True,,,,product_and_employee_anomaly
2017-12-04,8,13,52,S8_E02,Shift 2,22,373,121,-3.25885998491673,-3.58582252955439,True,True,,,,product_and_employee_anomaly
2017-12-04,9,13,56,S9_E01,Shift 1,33,373,101,-3.25885998491673,-3.189292177224606,True,True,,,,product_and_employee_anomaly
2017-12-04,9,13,56,S9_E02,Shift 2,23,373,101,-3.25885998491673,-3.1563508443071124,True,True,,,,product_and_employee_anomaly
2017-12-04,10,13,64,S10_E01,Full Day,64,373,110,-3.25885998491673,-3.105707653984013,True,True,,,,product_and_employee_anomaly
2013-08-05,2,14,53,S2_E01,Shift 1,25,386,81,-2.4215254432966784,-3.037931708682254,False,True,,,,employee_anomaly
2013-08-05,2,14,53,S2_E02,Shift 2,28,386,81,-2.4215254432966784,-3.4857102754090485,False,True,,,,employee_anomaly
2013-12-02,1,14,28,S1_E01,Shift 1,15,386,44,-3.5291093443167023,-3.1254292363912257,True,True,,,,product_and_employee_anomaly
2013-12-02,1,14,28,S1_E02,Shift 2,13,386,44,-3.5291093443167023,-2.851006355389951,True,False,,,,product_anomaly
2013-12-02,2,14,50,S2_E01,Shift 1,25,386,67,-3.5291093443167023,-3.412450649859274,True,True,,,,product_and_employee_anomaly
2013-12-02,2,14,50,S2_E02,Shift 2,25,386,67,-3.5291093443167023,-3.2785932441135652,True,True,,,,product_and_employee_anomaly
2013-12-02,3,14,31,S3_E01,Shift 1,18,386,56,-3.5291093443167023,-3.2501487509139597,True,True,,,,product_and_employee_anomaly
2013-12-02,3,14,31,S3_E02,Shift 2,13,386,56,-3.5291093443167023,-3.4328063228458867,True,True,,,,product_and_employee_anomaly
2013-12-02,4,14,23,S4_E01,Full Day,23,386,52,-3.5291093443167023,-3.448513956982832,True,True,,,,product_and_employee_anomaly
2013-12-02,5,14,20,S5_E01,Full Day,20,386,40,-3.5291093443167023,-3.1959090536893515,True,True,,,,product_and_employee_anomaly
2013-12-02,6,14,33,S6_E01,Shift 1,16,386,39,-3.5291093443167023,-2.8345600406685025,True,False,,,,product_anomaly
2013-12-02,6,14,33,S6_E02,Shift 2,17,386,39,-3.5291093443167023,-3.0818675698167812,True,True,,,,product_and_employee_anomaly
2013-12-02,7,14,20,S7_E01,Full Day,20,386,35,-3.5291093443167023,-2.9208666389824898,True,False,,,,product_anomaly
2013-12-02,8,14,44,S8_E01,Shift 1,24,386,62,-3.5291093443167023,-3.3597203284094452,True,True,,,,product_and_employee_anomaly
2013-12-02,8,14,44,S8_E02,Shift 2,20,386,62,-3.5291093443167023,-3.335819773959348,True,True,,,,product_and_employee_anomaly
2013-12-02,9,14,37,S9_E01,Shift 1,20,386,54,-3.5291093443167023,-3.305771183792513,True,True,,,,product_and_employee_anomaly
2013-12-02,9,14,37,S9_E02,Shift 2,17,386,54,-3.5291093443167023,-3.696275698428471,True,True,,,,product_and_employee_anomaly
2013-12-02,10,14,30,S10_E01,Full Day,30,386,57,-3.5291093443167023,-3.0878038047354686,True,True,,,,product_and_employee_anomaly
2014-03-01,2,14,83,S2_E01,Shift 1,41,386,52,2.1974264410780338,3.349005610782279,False,True,,,,employee_anomaly
2014-03-01,5,14,51,S5_E01,Full Day,51,386,32,2.1974264410780338,3.306479451837381,False,True,,,,employee_anomaly
2014-08-04,1,14,50,S1_E01,Shift 1,27,386,63,-3.2345069115128577,-2.5453580386408605,True,False,,,,product_anomaly
2014-08-04,1,14,50,S1_E02,Shift 2,23,386,63,-3.2345069115128577,-2.806490994281361,True,False,,,,product_anomaly
2014-08-04,2,14,70,S2_E01,Shift 1,39,386,89,-3.2345069115128577,-3.2958565872574868,True,True,,,,product_and_employee_anomaly
2014-08-04,2,14,70,S2_E02,Shift 2,31,386,89,-3.2345069115128577,-2.3253581907705634,True,False,,,,product_anomaly
2014-08-04,3,14,53,S3_E01,Shift 1,29,386,83,-3.2345069115128577,-2.9193847507418793,True,False,,,,product_anomaly
2014-08-04,3,14,53,S3_E02,Shift 2,24,386,83,-3.2345069115128577,-2.9764440225122466,True,False,,,,product_anomaly
2014-08-04,4,14,56,S4_E01,Full Day,56,386,73,-3.2345069115128577,-3.1397631376093593,True,True,,,,product_and_employee_anomaly
2014-08-04,5,14,45,S5_E01,Full Day,45,386,55,-3.2345069115128577,-3.2173712129452325,True,True,,,,product_and_employee_anomaly
2014-08-04,6,14,35,S6_E01,Shift 1,18,386,53,-3.2345069115128577,-2.2070237185490025,True,False,,,,product_anomaly
2014-08-04,6,14,35,S6_E02,Shift 2,17,386,53,-3.2345069115128577,-3.5017544264003857,True,True,,,,product_and_employee_anomaly
2014-08-04,7,14,30,S7_E01,Full Day,30,386,49,-3.2345069115128577,-3.4459186430311015,True,True,,,,product_and_employee_anomaly
2014-08-04,8,14,65,S8_E01,Shift 1,31,386,88,-3.2345069115128577,-3.8062041584640642,True,True,,,,product_and_employee_anomaly
2014-08-04,8,14,65,S8_E02,Shift 2,34,386,88,-3.2345069115128577,-3.16064441974807,True,True,,,,product_and_employee_anomaly
2014-08-04,9,14,39,S9_E01,Shift 1,21,386,75,-3.2345069115128577,-2.838026611374916,True,False,,,,product_anomaly
2014-08-04,9,14,39,S9_E02,Shift 2,18,386,75,-3.2345069115128577,-2.777144381847396,True,False,,,,product_anomaly
2014-08-04,10,14,50,S10_E01,Full Day,50,386,81,-3.2345069115128577,-2.9356516212828705,True,False,,,,product_anomaly
2014-12-01,1,14,31,S1_E01,Shift 1,13,386,54,-2.0404254217069,-3.1060032038113756,False,True,,,,employee_anomaly
2014-12-01,1,14,31,S1_E02,Shift 2,18,386,54,-2.0404254217069,-3.2257952791105735,False,True,,,,employee_anomaly
2014-12-01,2,14,47,S2_E01,Shift 1,26,386,76,-2.0404254217069,-3.2103767532981733,False,True,,,,employee_anomaly
2014-12-01,3,14,43,S3_E01,Shift 1,25,386,69,-2.0404254217069,-3.6842826003636517,False,True,,,,employee_anomaly
2014-12-01,3,14,43,S3_E02,Shift 2,18,386,69,-2.0404254217069,-3.7643534802102665,False,True,,,,employee_anomaly
2014-12-01,4,14,33,S4_E01,Full Day,33,386,62,-2.0404254217069,-3.5292108233300348,False,True,,,,employee_anomaly
2014-12-01,5,14,35,S5_E01,Full Day,35,386,46,-2.0404254217069,-3.5544771735009846,False,True,,,,employee_anomaly
2014-12-01,6,14,30,S6_E02,Shift 2,15,386,45,-2.0404254217069,-3.2677552992025225,False,True,,,,employee_anomaly
2014-12-01,7,14,27,S7_E01,Full Day,27,386,41,-2.0404254217069,-3.4795612216587277,False,True,,,,employee_anomaly
2014-12-01,8,14,46,S8_E02,Shift 2,20,386,75,-2.0404254217069,-3.156889714158979,False,True,,,,employee_anomaly
2014-12-01,9,14,35,S9_E01,Shift 1,18,386,62,-2.0404254217069,-3.0877445136207187,False,True,,,,employee_anomaly
2014-12-01,10,14,38,S10_E01,Full Day,38,386,67,-2.0404254217069,-3.4995746414918427,False,True,,,,employee_anomaly
2015-02-01,1,14,45,S1_E01,Shift 1,20,386,36,2.6772979594005974,3.0557660597940646,False,True,,,,employee_anomaly
2015-03-01,1,14,61,S1_E01,Shift 1,31,386,40,2.3896142231460695,3.2063842092808192,False,True,,,,employee_anomaly
2015-03-01,2,14,79,S2_E01,Shift 1,34,386,61,2.3896142231460695,3.1204913155838128,False,True,,,,employee_anomaly
2015-03-01,3,14,68,S3_E02,Shift 2,36,386,50,2.3896142231460695,3.4103721242964737,False,True,,,,employee_anomaly
2015-03-01,4,14,55,S4_E01,Full Day,55,386,47,2.3896142231460695,3.1596518128314997,False,True,,,,employee_anomaly
2015-03-01,5,14,53,S5_E01,Full Day,53,386,36,2.3896142231460695,3.6387722164072245,False,True,,,,employee_anomaly
2015-03-01,6,14,46,S6_E01,Shift 1,19,386,34,2.3896142231460695,3.2783227914473976,False,True,,,,employee_anomaly
2015-03-01,6,14,46,S6_E02,Shift 2,27,386,34,2.3896142231460695,3.6075677552682435,False,True,,,,employee_anomaly
2015-03-01,8,14,74,S8_E01,Shift 1,40,386,53,2.3896142231460695,3.332540228908305,False,True,,,,employee_anomaly
2015-03-01,8,14,74,S8_E02,Shift 2,34,386,53,2.3896142231460695,3.009029860439897,False,True,,,,employee_anomaly
2015-03-01,9,14,78,S9_E01,Shift 1,42,386,46,2.3896142231460695,3.562831793884845,False,True,,,,employee_anomaly
2015-03-01,9,14,78,S9_E02,Shift 2,36,386,46,2.3896142231460695,3.0689769065072365,False,True,,,,employee_anomaly
2015-03-01,10,14,72,S10_E01,Full Day,72,386,50,2.3896142231460695,3.035766134572765,False,True,,,,employee_anomaly
2015-08-03,3,14,72,S3_E01,Shift 1,43,386,86,-2.03518347810302,-3.230471200097007,False,True,,,,employee_anomaly
2015-08-03,3,14,72,S3_E02,Shift 2,29,386,86,-2.03518347810302,-3.0968220305556833,False,True,,,,employee_anomaly
2015-08-03,6,14,51,S6_E01,Shift 1,28,386,56,-2.03518347810302,-3.003013866777452,False,True,,,,employee_anomaly
2015-08-03,9,14,42,S9_E02,Shift 2,20,386,79,-2.03518347810302,-3.2324063857303305,False,True,,,,employee_anomaly
2015-08-23,1,14,93,S1_E01,Shift 1,42,386,63,3.008562685701881,1.3906150926036809,True,False,,,,product_anomaly
2015-08-23,1,14,93,S1_E02,Shift 2,51,386,63,3.008562685701881,1.4332393836033752,True,False,,,,product_anomaly
2015-08-23,2,14,117,S2_E01,Shift 1,63,386,86,3.008562685701881,1.273213433474249,True,False,,,,product_anomaly
2015-08-23,2,14,117,S2_E02,Shift 2,54,386,86,3.008562685701881,1.3655844273003286,True,False,,,,product_anomaly
2015-08-23,3,14,94,S3_E01,Shift 1,44,386,80,3.008562685701881,1.400872729327664,True,False,,,,product_anomaly
2015-08-23,3,14,94,S3_E02,Shift 2,50,386,80,3.008562685701881,1.3341884077169783,True,False,,,,product_anomaly
2015-08-23,4,14,84,S4_E01,Full Day,84,386,73,3.008562685701881,1.5455452529480438,True,False,,,,product_anomaly
2015-08-23,5,14,57,S5_E01,Full Day,57,386,53,3.008562685701881,1.6241769171464011,True,False,,,,product_anomaly
2015-08-23,6,14,61,S6_E01,Shift 1,31,386,52,3.008562685701881,1.3325094446403962,True,False,,,,product_anomaly
2015-08-23,6,14,61,S6_E02,Shift 2,30,386,52,3.008562685701881,1.77660153292618,True,False,,,,product_anomaly
2015-08-23,7,14,68,S7_E01,Full Day,68,386,49,3.008562685701881,1.5458050951653013,True,False,,,,product_anomaly
2015-08-23,8,14,111,S8_E01,Shift 1,54,386,84,3.008562685701881,1.1036182752287185,True,False,,,,product_anomaly
2015-08-23,8,14,111,S8_E02,Shift 2,57,386,84,3.008562685701881,1.26913158888372,True,False,,,,product_anomaly
2015-08-23,9,14,95,S9_E01,Shift 1,51,386,72,3.008562685701881,1.2709307209719025,True,False,,,,product_anomaly
2015-08-23,9,14,95,S9_E02,Shift 2,44,386,72,3.008562685701881,1.3531914401599467,True,False,,,,product_anomaly
2015-08-23,10,14,90,S10_E01,Full Day,90,386,76,3.008562685701881,1.4319803713763664,True,False,,,,product_anomaly
2016-12-05,2,14,54,S2_E01,Shift 1,22,386,83,-2.9075314111368984,-3.039797685865822,False,True,,,,employee_anomaly
2016-12-05,6,14,25,S6_E01,Shift 1,13,386,50,-2.9075314111368984,-3.552929269017943,False,True,,,,employee_anomaly
2016-12-05,7,14,20,S7_E01,Full Day,20,386,46,-2.9075314111368984,-3.1441222038535632,False,True,,,,employee_anomaly
2016-12-05,8,14,42,S8_E01,Shift 1,22,386,78,-2.9075314111368984,-3.7685143438139015,False,True,,,,employee_anomaly
2016-12-05,8,14,42,S8_E02,Shift 2,20,386,78,-2.9075314111368984,-3.111510025863777,False,True,,,,employee_anomaly
2016-12-05,9,14,48,S9_E02,Shift 2,22,386,67,-2.9075314111368984,-3.3474208166871384,False,True,,,,employee_anomaly
2016-12-05,10,14,52,S10_E01,Full Day,52,386,72,-2.9075314111368984,-3.2437638134469884,False,True,,,,employee_anomaly
2017-04-01,1,14,70,S1_E01,Shift 1,39,386,52,2.4330383278862575,3.05140781233218,False,True,,,,employee_anomaly
2017-12-04,1,14,34,S1_E01,Shift 1,17,386,63,-3.7051032374715844,-3.566924808659965,True,True,,,,product_and_employee_anomaly
2017-12-04,1,14,34,S1_E02,Shift 2,17,386,63,-3.7051032374715844,-3.439934189042974,True,True,,,,product_and_employee_anomaly
2017-12-04,2,14,46,S2_E01,Shift 1,22,386,88,-3.7051032374715844,-3.4289887985334744,True,True,,,,product_and_employee_anomaly
2017-12-04,2,14,46,S2_E02,Shift 2,24,386,88,-3.7051032374715844,-3.42560784986891,True,True,,,,product_and_employee_anomaly
2017-12-04,3,14,50,S3_E01,Shift 1,29,386,79,-3.7051032374715844,-4.010676658948157,True,True,,,,product_and_employee_anomaly
2017-12-04,3,14,50,S3_E02,Shift 2,21,386,79,-3.7051032374715844,-3.2163317411983594,True,True,,,,product_and_employee_anomaly
2017-12-04,4,14,41,S4_E01,Full Day,41,386,73,-3.7051032374715844,-3.284111898833113,True,True,,,,product_and_employee_anomaly
2017-12-04,5,14,32,S5_E01,Full Day,32,386,53,-3.7051032374715844,-3.2458225710762023,True,True,,,,product_and_employee_anomaly
2017-12-04,6,14,30,S6_E01,Shift 1,14,386,53,-3.7051032374715844,-3.2986405964081293,True,True,,,,product_and_employee_anomaly
2017-12-04,6,14,30,S6_E02,Shift 2,16,386,53,-3.7051032374715844,-3.3301889302159635,True,True,,,,product_and_employee_anomaly
2017-12-04,7,14,31,S7_E01,Full Day,31,386,48,-3.7051032374715844,-3.144474792045703,True,True,,,,product_and_employee_anomaly
2017-12-04,8,14,52,S8_E01,Shift 1,26,386,85,-3.7051032374715844,-3.5723822669368586,True,True,,,,product_and_employee_anomaly
2017-12-04,8,14,52,S8_E02,Shift 2,26,386,85,-3.7051032374715844,-3.58582252955439,True,True,,,,product_and_employee_anomaly
2017-12-04,9,14,41,S9_E01,Shift 1,17,386,73,-3.7051032374715844,-3.189292177224606,True,True,,,,product_and_employee_anomaly
2017-12-04,9,14,41,S9_E02,Shift 2,24,386,73,-3.7051032374715844,-3.1563508443071124,True,True,,,,product_and_employee_anomaly
2017-12-04,10,14,55,S10_E01,Full Day,55,386,75,-3.7051032374715844,-3.105707653984013,True,True,,,,product_and_employee_anomaly
2013-08-05,2,15,86,S2_E01,Shift 1,41,365,118,-2.4802573353291724,-3.037931708682254,False,True,,,,employee_anomaly
2013-08-05,2,15,86,S2_E02,Shift 2,45,365,118,-2.4802573353291724,-3.4857102754090485,False,True,,,,employee_anomaly
2013-12-02,1,15,34,S1_E01,Shift 1,17,365,69,-3.9776761258558198,-3.1254292363912257,True,True,,,,product_and_employee_anomaly
2013-12-02,1,15,34,S1_E02,Shift 2,17,365,69,-3.9776761258558198,-2.851006355389951,True,False,,,,product_anomaly
2013-12-02,2,15,63,S2_E01,Shift 1,36,365,96,-3.9776761258558198,-3.412450649859274,True,True,,,,product_and_employee_anomaly
2013-12-02,2,15,63,S2_E02,Shift 2,27,365,96,-3.9776761258558198,-3.2785932441135652,True,True,,,,product_and_employee_anomaly
2013-12-02,3,15,50,S3_E01,Shift 1,20,365,87,-3.9776761258558198,-3.2501487509139597,True,True,,,,product_and_employee_anomaly
2013-12-02,3,15,50,S3_E02,Shift 2,30,365,87,-3.9776761258558198,-3.4328063228458867,True,True,,,,product_and_employee_anomaly
2013-12-02,4,15,57,S4_E01,Full Day,57,365,80,-3.9776761258558198,-3.448513956982832,True,True,,,,product_and_employee_anomaly
2013-12-02,5,15,45,S5_E01,Full Day,45,365,59,-3.9776761258558198,-3.1959090536893515,True,True,,,,product_and_employee_anomaly
2013-12-02,6,15,39,S6_E01,Shift 1,17,365,61,-3.9776761258558198,-2.8345600406685025,True,False,,,,product_anomaly
2013-12-02,6,15,39,S6_E02,Shift 2,22,365,61,-3.9776761258558198,-3.0818675698167812,True,True,,,,product_and_employee_anomaly
2013-12-02,7,15,25,S7_E01,Full Day,25,365,54,-3.9776761258558198,-2.9208666389824898,True,False,,,,product_anomaly
2013-12-02,8,15,58,S8_E01,Shift 1,31,365,95,-3.9776761258558198,-3.3597203284094452,True,True,,,,product_and_employee_anomaly
2013-12-02,8,15,58,S8_E02,Shift 2,27,365,95,-3.9776761258558198,-3.335819773959348,True,True,,,,product_and_employee_anomaly
2013-12-02,9,15,44,S9_E01,Shift 1,19,365,83,-3.9776761258558198,-3.305771183792513,True,True,,,,product_and_employee_anomaly
2013-12-02,9,15,44,S9_E02,Shift 2,25,365,83,-3.9776761258558198,-3.696275698428471,True,True,,,,product_and_employee_anomaly
2013-12-02,10,15,47,S10_E01,Full Day,47,365,86,-3.9776761258558198,-3.0878038047354686,True,True,,,,product_and_employee_anomaly
2014-02-02,1,15,77,S1_E01,Shift 1,44,365,51,3.0926460275145518,1.7301707409229723,True,False,,,,product_anomaly
2014-02-02,1,15,77,S1_E02,Shift 2,33,365,51,3.0926460275145518,1.8225038907227367,True,False,,,,product_anomaly
2014-02-02,2,15,108,S2_E01,Shift 1,59,365,72,3.0926460275145518,1.8991373023791251,True,False,,,,product_anomaly
2014-02-02,2,15,108,S2_E02,Shift 2,49,365,72,3.0926460275145518,2.1759926781691243,True,False,,,,product_anomaly
2014-02-02,3,15,93,S3_E01,Shift 1,53,365,64,3.0926460275145518,1.951397444908886,True,False,,,,product_anomaly
2014-02-02,3,15,93,S3_E02,Shift 2,40,365,64,3.0926460275145518,2.3111531193972077,True,False,,,,product_anomaly
2014-02-02,4,15,74,S4_E01,Full Day,74,365,61,3.0926460275145518,2.5314964026210562,True,False,,,,product_anomaly
2014-02-02,5,15,48,S5_E01,Full Day,48,365,46,3.0926460275145518,1.796587057319936,True,False,,,,product_anomaly
2014-02-02,6,15,63,S6_E01,Shift 1,35,365,44,3.0926460275145518,1.7800150206197523,True,False,,,,product_anomaly
2014-02-02,6,15,63,S6_E02,Shift 2,28,365,44,3.0926460275145518,2.042768858010893,True,False,,,,product_anomaly
2014-02-02,7,15,63,S7_E01,Full Day,63,365,41,3.0926460275145518,1.900141074693327,True,False,,,,product_anomaly
2014-02-02,8,15,92,S8_E01,Shift 1,38,365,69,3.0926460275145518,2.0283846258664506,True,False,,,,product_anomaly
2014-02-02,8,15,92,S8_E02,Shift 2,54,365,69,3.0926460275145518,1.5874099102804775,True,False,,,,product_anomaly
2014-02-02,9,15,84,S9_E01,Shift 1,43,365,61,3.0926460275145518,1.9557437198170857,True,False,,,,product_anomaly
2014-02-02,9,15,84,S9_E02,Shift 2,41,365,61,3.0926460275145518,1.6640941158325946,True,False,,,,product_anomaly
2014-02-02,10,15,117,S10_E01,Full Day,117,365,65,3.0926460275145518,2.137136069565836,True,False,,,,product_anomaly
2014-03-01,2,15,111,S2_E01,Shift 1,56,365,82,2.561857118832188,3.349005610782279,False,True,,,,employee_anomaly
2014-03-01,5,15,63,S5_E01,Full Day,63,365,48,2.561857118832188,3.306479451837381,False,True,,,,employee_anomaly
2014-06-01,1,15,130,S1_E01,Shift 1,58,365,89,3.0703879585847633,1.9346380848170557,True,False,,,,product_anomaly
2014-06-01,1,15,130,S1_E02,Shift 2,72,365,89,3.0703879585847633,2.135857660912571,True,False,,,,product_anomaly
2014-06-01,2,15,152,S2_E01,Shift 1,82,365,125,3.0703879585847633,1.9283564051648407,True,False,,,,product_anomaly
2014-06-01,2,15,152,S2_E02,Shift 2,70,365,125,3.0703879585847633,2.1677114598005374,True,False,,,,product_anomaly
2014-06-01,3,15,124,S3_E01,Shift 1,66,365,107,3.0703879585847633,1.9111228665410942,True,False,,,,product_anomaly
2014-06-01,3,15,124,S3_E02,Shift 2,58,365,107,3.0703879585847633,2.3702567917294317,True,False,,,,product_anomaly
2014-06-01,4,15,139,S4_E01,Full Day,139,365,102,3.0703879585847633,1.9682384915736053,True,False,,,,product_anomaly
2014-06-01,5,15,89,S5_E01,Full Day,89,365,76,3.0703879585847633,2.0023474226269964,True,False,,,,product_anomaly
2014-06-01,6,15,105,S6_E01,Shift 1,45,365,74,3.0703879585847633,1.8742246256233976,True,False,,,,product_anomaly
2014-06-01,6,15,105,S6_E02,Shift 2,60,365,74,3.0703879585847633,2.0754586494932474,True,False,,,,product_anomaly
2014-06-01,7,15,106,S7_E01,Full Day,106,365,66,3.0703879585847633,2.3400200664227087,True,False,,,,product_anomaly
2014-06-01,8,15,160,S8_E01,Shift 1,80,365,117,3.0703879585847633,1.4001902738180139,True,False,,,,product_anomaly
2014-06-01,8,15,160,S8_E02,Shift 2,80,365,117,3.0703879585847633,2.7691726144478763,True,False,,,,product_anomaly
2014-06-01,9,15,128,S9_E01,Shift 1,76,365,100,3.0703879585847633,1.8097540327479087,True,False,,,,product_anomaly
2014-06-01,9,15,128,S9_E02,Shift 2,52,365,100,3.0703879585847633,1.7444683302709494,True,False,,,,product_anomaly
2014-06-01,10,15,132,S10_E01,Full Day,132,365,107,3.0703879585847633,1.7449394853210838,True,False,,,,product_anomaly
2014-08-04,2,15,119,S2_E01,Shift 1,53,365,140,-2.7537697518253053,-3.2958565872574868,False,True,,,,employee_anomaly
2014-08-04,4,15,84,S4_E01,Full Day,84,365,115,-2.7537697518253053,-3.1397631376093593,False,True,,,,employee_anomaly
2014-08-04,5,15,45,S5_E01,Full Day,45,365,81,-2.7537697518253053,-3.2173712129452325,False,True,,,,employee_anomaly
2014-08-04,6,15,52,S6_E02,Shift 2,25,365,81,-2.7537697518253053,-3.5017544264003857,False,True,,,,employee_anomaly
2014-08-04,7,15,54,S7_E01,Full Day,54,365,72,-2.7537697518253053,-3.4459186430311015,False,True,,,,employee_anomaly
2014-08-04,8,15,92,S8_E01,Shift 1,48,365,134,-2.7537697518253053,-3.8062041584640642,False,True,,,,employee_anomaly
2014-08-04,8,15,92,S8_E02,Shift 2,44,365,134,-2.7537697518253053,-3.16064441974807,False,True,,,,employee_anomaly
2014-12-01,1,15,48,S1_E01,Shift 1,23,365,81,-2.4468812961527333,-3.1060032038113756,False,True,,,,employee_anomaly
2014-12-01,1,15,48,S1_E02,Shift 2,25,365,81,-2.4468812961527333,-3.2257952791105735,False,True,,,,employee_anomaly
2014-12-01,2,15,62,S2_E01,Shift 1,28,365,115,-2.4468812961527333,-3.2103767532981733,False,True,,,,employee_anomaly
2014-12-01,3,15,60,S3_E01,Shift 1,34,365,102,-2.4468812961527333,-3.6842826003636517,False,True,,,,employee_anomaly
2014-12-01,3,15,60,S3_E02,Shift 2,26,365,102,-2.4468812961527333,-3.7643534802102665,False,True,,,,employee_anomaly
2014-12-01,4,15,63,S4_E01,Full Day,63,365,94,-2.4468812961527333,-3.5292108233300348,False,True,,,,employee_anomaly
2014-12-01,5,15,33,S5_E01,Full Day,33,365,69,-2.4468812961527333,-3.5544771735009846,False,True,,,,employee_anomaly
2014-12-01,6,15,40,S6_E02,Shift 2,19,365,66,-2.4468812961527333,-3.2677552992025225,False,True,,,,employee_anomaly
2014-12-01,7,15,39,S7_E01,Full Day,39,365,60,-2.4468812961527333,-3.4795612216587277,False,True,,,,employee_anomaly
2014-12-01,8,15,49,S8_E02,Shift 2,28,365,108,-2.4468812961527333,-3.156889714158979,False,True,,,,employee_anomaly
2014-12-01,9,15,54,S9_E01,Shift 1,29,365,96,-2.4468812961527333,-3.0877445136207187,False,True,,,,employee_anomaly
2014-12-01,10,15,60,S10_E01,Full Day,60,365,104,-2.4468812961527333,-3.4995746414918427,False,True,,,,employee_anomaly
2015-02-01,1,15,86,S1_E01,Shift 1,42,365,54,2.826294668288002,3.0557660597940646,False,True,,,,employee_anomaly
2015-03-01,1,15,90,S1_E01,Shift 1,52,365,59,3.512616005475403,3.2063842092808192,True,True,,,,product_and_employee_anomaly
2015-03-01,1,15,90,S1_E02,Shift 2,38,365,59,3.512616005475403,2.7011350015772067,True,False,,,,product_anomaly
2015-03-01,2,15,133,S2_E01,Shift 1,63,365,87,3.512616005475403,3.1204913155838128,True,True,,,,product_and_employee_anomaly
2015-03-01,2,15,133,S2_E02,Shift 2,70,365,87,3.512616005475403,2.9504051632544526,True,False,,,,product_anomaly
2015-03-01,3,15,116,S3_E01,Shift 1,58,365,76,3.512616005475403,2.94608151148025,True,False,,,,product_anomaly
2015-03-01,3,15,116,S3_E02,Shift 2,58,365,76,3.512616005475403,3.4103721242964737,True,True,,,,product_and_employee_anomaly
2015-03-01,4,15,90,S4_E01,Full Day,90,365,69,3.512616005475403,3.1596518128314997,True,True,,,,product_and_employee_anomaly
2015-03-01,5,15,73,S5_E01,Full Day,73,365,49,3.512616005475403,3.6387722164072245,True,True,,,,product_and_employee_anomaly
2015-03-01,6,15,75,S6_E01,Shift 1,30,365,49,3.512616005475403,3.2783227914473976,True,True,,,,product_and_employee_anomaly
2015-03-01,6,15,75,S6_E02,Shift 2,45,365,49,3.512616005475403,3.6075677552682435,True,True,,,,product_and_employee_anomaly
2015-03-01,7,15,70,S7_E01,Full Day,70,365,45,3.512616005475403,2.8190730739031222,True,False,,,,product_anomaly
2015-03-01,8,15,115,S8_E01,Shift 1,58,365,79,3.512616005475403,3.332540228908305,True,True,,,,product_and_employee_anomaly
2015-03-01,8,15,115,S8_E02,Shift 2,57,365,79,3.512616005475403,3.009029860439897,True,True,,,,product_and_employee_anomaly
2015-03-01,9,15,97,S9_E01,Shift 1,52,365,70,3.512616005475403,3.562831793884845,True,True,,,,product_and_employee_anomaly
2015-03-01,9,15,97,S9_E02,Shift 2,45,365,70,3.512616005475403,3.0689769065072365,True,True,,,,product_and_employee_anomaly
2015-03-01,10,15,122,S10_E01,Full Day,122,365,72,3.512616005475403,3.035766134572765,True,True,,,,product_and_employee_anomaly
2015-08-03,3,15,78,S3_E01,Shift 1,43,365,131,-2.5385347590721037,-3.230471200097007,False,True,,,,employee_anomaly
2015-08-03,3,15,78,S3_E02,Shift 2,35,365,131,-2.5385347590721037,-3.0968220305556833,False,True,,,,employee_anomaly
2015-08-03,6,15,55,S6_E01,Shift 1,30,365,83,-2.5385347590721037,-3.003013866777452,False,True,,,,employee_anomaly
2015-08-03,9,15,84,S9_E02,Shift 2,46,365,120,-2.5385347590721037,-3.2324063857303305,False,True,,,,employee_anomaly
2016-12-05,2,15,74,S2_E01,Shift 1,42,365,125,-2.9569840431320276,-3.039797685865822,False,True,,,,employee_anomaly
2016-12-05,6,15,38,S6_E01,Shift 1,18,365,73,-2.9569840431320276,-3.552929269017943,False,True,,,,employee_anomaly
2016-12-05,7,15,49,S7_E01,Full Day,49,365,72,-2.9569840431320276,-3.1441222038535632,False,True,,,,employee_anomaly
2016-12-05,8,15,49,S8_E01,Shift 1,22,365,120,-2.9569840431320276,-3.7685143438139015,False,True,,,,employee_anomaly
2016-12-05,8,15,49,S8_E02,Shift 2,27,365,120,-2.9569840431320276,-3.111510025863777,False,True,,,,employee_anomaly
2016-12-05,9,15,62,S9_E02,Shift 2,27,365,103,-2.9569840431320276,-3.3474208166871384,False,True,,,,employee_anomaly
2016-12-05,10,15,70,S10_E01,Full Day,70,365,109,-2.9569840431320276,-3.2437638134469884,False,True,,,,employee_anomaly
2017-04-01,1,15,115,S1_E01,Shift 1,53,365,80,2.2283893575465354,3.05140781233218,False,True,,,,employee_anomaly
2017-12-04,1,15,65,S1_E01,Shift 1,38,365,93,-3.0813154007466403,-3.566924808659965,True,True,,,,product_and_employee_anomaly
2017-12-04,1,15,65,S1_E02,Shift 2,27,365,93,-3.0813154007466403,-3.439934189042974,True,True,,,,product_and_employee_anomaly
2017-12-04,2,15,74,S2_E01,Shift 1,43,365,130,-3.0813154007466403,-3.4289887985334744,True,True,,,,product_and_employee_anomaly
2017-12-04,2,15,74,S2_E02,Shift 2,31,365,130,-3.0813154007466403,-3.42560784986891,True,True,,,,product_and_employee_anomaly
2017-12-04,3,15,65,S3_E01,Shift 1,28,365,122,-3.0813154007466403,-4.010676658948157,True,True,,,,product_and_employee_anomaly
2017-12-04,3,15,65,S3_E02,Shift 2,37,365,122,-3.0813154007466403,-3.2163317411983594,True,True,,,,product_and_employee_anomaly
2017-12-04,4,15,59,S4_E01,Full Day,59,365,108,-3.0813154007466403,-3.284111898833113,True,True,,,,product_and_employee_anomaly
2017-12-04,5,15,50,S5_E01,Full Day,50,365,77,-3.0813154007466403,-3.2458225710762023,True,True,,,,product_and_employee_anomaly
2017-12-04,6,15,44,S6_E01,Shift 1,19,365,77,-3.0813154007466403,-3.2986405964081293,True,True,,,,product_and_employee_anomaly
2017-12-04,6,15,44,S6_E02,Shift 2,25,365,77,-3.0813154007466403,-3.3301889302159635,True,True,,,,product_and_employee_anomaly
2017-12-04,7,15,44,S7_E01,Full Day,44,365,70,-3.0813154007466403,-3.144474792045703,True,True,,,,product_and_employee_anomaly
2017-12-04,8,15,102,S8_E01,Shift 1,41,365,125,-3.0813154007466403,-3.5723822669368586,True,True,,,,product_and_employee_anomaly
2017-12-04,8,15,102,S8_E02,Shift 2,61,365,125,-3.0813154007466403,-3.58582252955439,True,True,,,,product_and_employee_anomaly
2017-12-04,9,15,66,S9_E01,Shift 1,29,365,110,-3.0813154007466403,-3.189292177224606,True,True,,,,product_and_employee_anomaly
2017-12-04,9,15,66,S9_E02,Shift 2,37,365,110,-3.0813154007466403,-3.1563508443071124,True,True,,,,product_and_employee_anomaly
2017-12-04,10,15,63,S10_E01,Full Day,63,365,116,-3.0813154007466403,-3.105707653984013,True,True,,,,product_and_employee_anomaly
2013-08-05,2,16,30,S2_E01,Shift 1,16,398,33,-1.8881061294018835,-3.037931708682254,False,True,,,,employee_anomaly
2013-08-05,2,16,30,S2_E02,Shift 2,14,398,33,-1.8881061294018835,-3.4857102754090485,False,True,,,,employee_anomaly
2013-12-02,1,16,9,S1_E01,Shift 1,4,398,21,-3.90906196082653,-3.1254292363912257,True,True,,,,product_and_employee_anomaly
2013-12-02,1,16,9,S1_E02,Shift 2,5,398,21,-3.90906196082653,-2.851006355389951,True,False,,,,product_anomaly
2013-12-02,2,16,14,S2_E01,Shift 1,8,398,27,-3.90906196082653,-3.412450649859274,True,True,,,,product_and_employee_anomaly
2013-12-02,2,16,14,S2_E02,Shift 2,6,398,27,-3.90906196082653,-3.2785932441135652,True,True,,,,product_and_employee_anomaly
2013-12-02,3,16,17,S3_E01,Shift 1,9,398,25,-3.90906196082653,-3.2501487509139597,True,True,,,,product_and_employee_anomaly
2013-12-02,3,16,17,S3_E02,Shift 2,8,398,25,-3.90906196082653,-3.4328063228458867,True,True,,,,product_and_employee_anomaly
2013-12-02,4,16,11,S4_E01,Full Day,11,398,24,-3.90906196082653,-3.448513956982832,True,True,,,,product_and_employee_anomaly
2013-12-02,5,16,11,S5_E01,Full Day,11,398,17,-3.90906196082653,-3.1959090536893515,True,True,,,,product_and_employee_anomaly
2013-12-02,6,16,6,S6_E01,Shift 1,3,398,17,-3.90906196082653,-2.8345600406685025,True,False,,,,product_anomaly
2013-12-02,6,16,6,S6_E02,Shift 2,3,398,17,-3.90906196082653,-3.0818675698167812,True,True,,,,product_and_employee_anomaly
2013-12-02,7,16,7,S7_E01,Full Day,7,398,15,-3.90906196082653,-2.9208666389824898,True,False,,,,product_anomaly
2013-12-02,8,16,21,S8_E01,Shift 1,11,398,25,-3.90906196082653,-3.3597203284094452,True,True,,,,product_and_employee_anomaly
2013-12-02,8,16,21,S8_E02,Shift 2,10,398,25,-3.90906196082653,-3.335819773959348,True,True,,,,product_and_employee_anomaly
2013-12-02,9,16,14,S9_E01,Shift 1,6,398,24,-3.90906196082653,-3.305771183792513,True,True,,,,product_and_employee_anomaly
2013-12-02,9,16,14,S9_E02,Shift 2,8,398,24,-3.90906196082653,-3.696275698428471,True,True,,,,product_and_employee_anomaly
2013-12-02,10,16,8,S10_E01,Full Day,8,398,26,-3.90906196082653,-3.0878038047354686,True,True,,,,product_and_employee_anomaly
2014-03-01,2,16,39,S2_E01,Shift 1,17,398,25,2.6472486024108015,3.349005610782279,False,True,,,,employee_anomaly
2014-03-01,5,16,19,S5_E01,Full Day,19,398,15,2.6472486024108015,3.306479451837381,False,True,,,,employee_anomaly
2014-08-04,2,16,33,S2_E01,Shift 1,19,398,42,-2.1526450812154008,-3.2958565872574868,False,True,,,,employee_anomaly
2014-08-04,4,16,23,S4_E01,Full Day,23,398,30,-2.1526450812154008,-3.1397631376093593,False,True,,,,employee_anomaly
2014-08-04,5,16,17,S5_E01,Full Day,17,398,23,-2.1526450812154008,-3.2173712129452325,False,True,,,,employee_anomaly
2014-08-04,6,16,15,S6_E02,Shift 2,9,398,25,-2.1526450812154008,-3.5017544264003857,False,True,,,,employee_anomaly
2014-08-04,7,16,13,S7_E01,Full Day,13,398,20,-2.1526450812154008,-3.4459186430311015,False,True,,,,employee_anomaly
2014-08-04,8,16,31,S8_E01,Shift 1,14,398,38,-2.1526450812154008,-3.8062041584640642,False,True,,,,employee_anomaly
2014-08-04,8,16,31,S8_E02,Shift 2,17,398,38,-2.1526450812154008,-3.16064441974807,False,True,,,,employee_anomaly
2014-12-01,1,16,11,S1_E01,Shift 1,5,398,24,-3.8196792082118876,-3.1060032038113756,True,True,,,,product_and_employee_anomaly
2014-12-01,1,16,11,S1_E02,Shift 2,6,398,24,-3.8196792082118876,-3.2257952791105735,True,True,,,,product_and_employee_anomaly
2014-12-01,2,16,27,S2_E01,Shift 1,13,398,35,-3.8196792082118876,-3.2103767532981733,True,True,,,,product_and_employee_anomaly
2014-12-01,2,16,27,S2_E02,Shift 2,14,398,35,-3.8196792082118876,-2.9745651825749797,True,False,,,,product_anomaly
2014-12-01,3,16,16,S3_E01,Shift 1,8,398,31,-3.8196792082118876,-3.6842826003636517,True,True,,,,product_and_employee_anomaly
2014-12-01,3,16,16,S3_E02,Shift 2,8,398,31,-3.8196792082118876,-3.7643534802102665,True,True,,,,product_and_employee_anomaly
2014-12-01,4,16,12,S4_E01,Full Day,12,398,30,-3.8196792082118876,-3.5292108233300348,True,True,,,,product_and_employee_anomaly
2014-12-01,5,16,17,S5_E01,Full Day,17,398,19,-3.8196792082118876,-3.5544771735009846,True,True,,,,product_and_employee_anomaly
2014-12-01,6,16,10,S6_E01,Shift 1,4,398,19,-3.8196792082118876,-2.725413037949043,True,False,,,,product_anomaly
2014-12-01,6,16,10,S6_E02,Shift 2,6,398,19,-3.8196792082118876,-3.2677552992025225,True,True,,,,product_and_employee_anomaly
2014-12-01,7,16,10,S7_E01,Full Day,10,398,17,-3.8196792082118876,-3.4795612216587277,True,True,,,,product_and_employee_anomaly
2014-12-01,8,16,17,S8_E01,Shift 1,9,398,30,-3.8196792082118876,-2.754138713991254,True,False,,,,product_anomaly
2014-12-01,8,16,17,S8_E02,Shift 2,8,398,30,-3.8196792082118876,-3.156889714158979,True,True,,,,product_and_employee_anomaly
2014-12-01,9,16,13,S9_E01,Shift 1,7,398,28,-3.8196792082118876,-3.0877445136207187,True,True,,,,product_and_employee_anomaly
2014-12-01,9,16,13,S9_E02,Shift 2,6,398,28,-3.8196792082118876,-2.9294097184846226,True,False,,,,product_anomaly
2014-12-01,10,16,16,S10_E01,Full Day,16,398,30,-3.8196792082118876,-3.4995746414918427,True,True,,,,product_and_employee_anomaly
2015-02-01,1,16,27,S1_E01,Shift 1,13,398,15,1.2815523938215507,3.0557660597940646,False,True,,,,employee_anomaly
2015-02-08,1,16,33,S1_E01,Shift 1,16,398,16,3.4461857587624753,1.5453428037077628,True,False,,,,product_anomaly
2015-02-08,1,16,33,S1_E02,Shift 2,17,398,16,3.4461857587624753,2.084866183924159,True,False,,,,product_anomaly
2015-02-08,2,16,32,S2_E01,Shift 1,16,398,25,3.4461857587624753,1.0500828120379335,True,False,,,,product_anomaly
2015-02-08,2,16,32,S2_E02,Shift 2,16,398,25,3.4461857587624753,1.5926345071424102,True,False,,,,product_anomaly
2015-02-08,3,16,32,S3_E01,Shift 1,17,398,20,3.4461857587624753,1.364045152954271,True,False,,,,product_anomaly
2015-02-08,3,16,32,S3_E02,Shift 2,15,398,20,3.4461857587624753,1.3013127449262742,True,False,,,,product_anomaly
2015-02-08,4,16,37,S4_E01,Full Day,37,398,19,3.4461857587624753,1.425524766773531,True,False,,,,product_anomaly
2015-02-08,5,16,16,S5_E01,Full Day,16,398,14,3.4461857587624753,1.6281070374284161,True,False,,,,product_anomaly
2015-02-08,6,16,26,S6_E01,Shift 1,11,398,14,3.4461857587624753,1.4034606445511675,True,False,,,,product_anomaly
2015-02-08,6,16,26,S6_E02,Shift 2,15,398,14,3.4461857587624753,1.6978010030811428,True,False,,,,product_anomaly
2015-02-08,7,16,21,S7_E01,Full Day,21,398,13,3.4461857587624753,1.8814908756956326,True,False,,,,product_anomaly
2015-02-08,8,16,31,S8_E01,Shift 1,17,398,21,3.4461857587624753,1.2046842694063562,True,False,,,,product_anomaly
2015-02-08,8,16,31,S8_E02,Shift 2,14,398,21,3.4461857587624753,1.6996856285830042,True,False,,,,product_anomaly
2015-02-08,9,16,29,S9_E01,Shift 1,12,398,19,3.4461857587624753,1.8353589529451209,True,False,,,,product_anomaly
2015-02-08,9,16,29,S9_E02,Shift 2,17,398,19,3.4461857587624753,0.9124186403572093,True,False,,,,product_anomaly
2015-02-08,10,16,28,S10_E01,Full Day,28,398,21,3.4461857587624753,1.098349237458212,True,False,,,,product_anomaly
2015-03-01,1,16,26,S1_E01,Shift 1,15,398,18,0.7597112503504853,3.2063842092808192,False,True,,,,employee_anomaly
2015-03-01,2,16,27,S2_E01,Shift 1,12,398,25,0.7597112503504853,3.1204913155838128,False,True,,,,employee_anomaly
2015-03-01,3,16,25,S3_E02,Shift 2,13,398,23,0.7597112503504853,3.4103721242964737,False,True,,,,employee_anomaly
2015-03-01,4,16,28,S4_E01,Full Day,28,398,20,0.7597112503504853,3.1596518128314997,False,True,,,,employee_anomaly
2015-03-01,5,16,19,S5_E01,Full Day,19,398,14,0.7597112503504853,3.6387722164072245,False,True,,,,employee_anomaly
2015-03-01,6,16,16,S6_E01,Shift 1,8,398,15,0.7597112503504853,3.2783227914473976,False,True,,,,employee_anomaly
2015-03-01,6,16,16,S6_E02,Shift 2,8,398,15,0.7597112503504853,3.6075677552682435,False,True,,,,employee_anomaly
2015-03-01,8,16,20,S8_E01,Shift 1,10,398,24,0.7597112503504853,3.332540228908305,False,True,,,,employee_anomaly
2015-03-01,8,16,20,S8_E02,Shift 2,10,398,24,0.7597112503504853,3.009029860439897,False,True,,,,employee_anomaly
2015-03-01,9,16,25,S9_E01,Shift 1,15,398,21,0.7597112503504853,3.562831793884845,False,True,,,,employee_anomaly
2015-03-01,9,16,25,S9_E02,Shift 2,10,398,21,0.7597112503504853,3.0689769065072365,False,True,,,,employee_anomaly
2015-03-01,10,16,27,S10_E01,Full Day,27,398,22,0.7597112503504853,3.035766134572765,False,True,,,,employee_anomaly
2015-08-03,3,16,27,S3_E01,Shift 1,12,398,36,-2.2316525623885806,-3.230471200097007,False,True,,,,employee_anomaly
2015-08-03,3,16,27,S3_E02,Shift 2,15,398,36,-2.2316525623885806,-3.0968220305556833,False,True,,,,employee_anomaly
2015-08-03,6,16,16,S6_E01,Shift 1,8,398,26,-2.2316525623885806,-3.003013866777452,False,True,,,,employee_anomaly
2015-08-03,9,16,21,S9_E02,Shift 2,10,398,36,-2.2316525623885806,-3.2324063857303305,False,True,,,,employee_anomaly
2015-12-07,1,16,18,S1_E01,Shift 1,9,398,24,-3.382923467938914,-2.137467822138631,True,False,,,,product_anomaly
2015-12-07,1,16,18,S1_E02,Shift 2,9,398,24,-3.382923467938914,-2.3163145218669032,True,False,,,,product_anomaly
2015-12-07,2,16,24,S2_E01,Shift 1,14,398,32,-3.382923467938914,-2.2622746111084022,True,False,,,,product_anomaly
2015-12-07,2,16,24,S2_E02,Shift 2,10,398,32,-3.382923467938914,-2.734706195869,True,False,,,,product_anomaly
2015-12-07,3,16,19,S3_E01,Shift 1,10,398,27,-3.382923467938914,-2.5814790260412823,True,False,,,,product_anomaly
2015-12-07,3,16,19,S3_E02,Shift 2,9,398,27,-3.382923467938914,-2.518162476199348,True,False,,,,product_anomaly
2015-12-07,4,16,14,S4_E01,Full Day,14,398,28,-3.382923467938914,-2.1817952782493784,True,False,,,,product_anomaly
2015-12-07,5,16,17,S5_E01,Full Day,17,398,20,-3.382923467938914,-1.7914761105903116,True,False,,,,product_anomaly
2015-12-07,6,16,7,S6_E01,Shift 1,3,398,19,-3.382923467938914,-2.177570422889973,True,False,,,,product_anomaly
2015-12-07,6,16,7,S6_E02,Shift 2,4,398,19,-3.382923467938914,-1.9810837763297446,True,False,,,,product_anomaly
2015-12-07,7,16,10,S7_E01,Full Day,10,398,18,-3.382923467938914,-2.327809067862889,True,False,,,,product_anomaly
2015-12-07,8,16,19,S8_E01,Shift 1,8,398,31,-3.382923467938914,-2.46070045964776,True,False,,,,product_anomaly
2015-12-07,8,16,19,S8_E02,Shift 2,11,398,31,-3.382923467938914,-2.443928253346677,True,False,,,,product_anomaly
2015-12-07,9,16,14,S9_E01,Shift 1,6,398,26,-3.382923467938914,-2.613927269474191,True,False,,,,product_anomaly
2015-12-07,9,16,14,S9_E02,Shift 2,8,398,26,-3.382923467938914,-2.3250075736587585,True,False,,,,product_anomaly
2015-12-07,10,16,12,S10_E01,Full Day,12,398,28,-3.382923467938914,-2.4039808735535884,True,False,,,,product_anomaly
2016-12-05,2,16,25,S2_E01,Shift 1,12,398,37,-2.4094742043144373,-3.039797685865822,False,True,,,,employee_anomaly
2016-12-05,6,16,6,S6_E01,Shift 1,3,398,22,-2.4094742043144373,-3.552929269017943,False,True,,,,employee_anomaly
2016-12-05,7,16,14,S7_E01,Full Day,14,398,19,-2.4094742043144373,-3.1441222038535632,False,True,,,,employee_anomaly
2016-12-05,8,16,19,S8_E01,Shift 1,8,398,35,-2.4094742043144373,-3.7685143438139015,False,True,,,,employee_anomaly
2016-12-05,8,16,19,S8_E02,Shift 2,11,398,35,-2.4094742043144373,-3.111510025863777,False,True,,,,employee_anomaly
2016-12-05,9,16,10,S9_E02,Shift 2,6,398,30,-2.4094742043144373,-3.3474208166871384,False,True,,,,employee_anomaly
2016-12-05,10,16,20,S10_E01,Full Day,20,398,31,-2.4094742043144373,-3.2437638134469884,False,True,,,,employee_anomaly
2017-04-01,1,16,36,S1_E01,Shift 1,15,398,24,2.056490106735472,3.05140781233218,False,True,,,,employee_anomaly
2017-12-04,1,16,16,S1_E01,Shift 1,7,398,27,-2.5715808558340583,-3.566924808659965,False,True,,,,employee_anomaly
2017-12-04,1,16,16,S1_E02,Shift 2,9,398,27,-2.5715808558340583,-3.439934189042974,False,True,,,,employee_anomaly
2017-12-04,2,16,24,S2_E01,Shift 1,13,398,40,-2.5715808558340583,-3.4289887985334744,False,True,,,,employee_anomaly
2017-12-04,2,16,24,S2_E02,Shift 2,11,398,40,-2.5715808558340583,-3.42560784986891,False,True,,,,employee_anomaly
2017-12-04,3,16,18,S3_E01,Shift 1,7,398,33,-2.5715808558340583,-4.010676658948157,False,True,,,,employee_anomaly
2017-12-04,3,16,18,S3_E02,Shift 2,11,398,33,-2.5715808558340583,-3.2163317411983594,False,True,,,,employee_anomaly
2017-12-04,4,16,18,S4_E01,Full Day,18,398,31,-2.5715808558340583,-3.284111898833113,False,True,,,,employee_anomaly
2017-12-04,5,16,12,S5_E01,Full Day,12,398,23,-2.5715808558340583,-3.2458225710762023,False,True,,,,employee_anomaly
2017-12-04,6,16,14,S6_E01,Shift 1,6,398,23,-2.5715808558340583,-3.2986405964081293,False,True,,,,employee_anomaly
2017-12-04,6,16,14,S6_E02,Shift 2,8,398,23,-2.5715808558340583,-3.3301889302159635,False,True,,,,employee_anomaly
2017-12-04,7,16,15,S7_E01,Full Day,15,398,20,-2.5715808558340583,-3.144474792045703,False,True,,,,employee_anomaly
2017-12-04,8,16,24,S8_E01,Shift 1,13,398,39,-2.5715808558340583,-3.5723822669368586,False,True,,,,employee_anomaly
2017-12-04,8,16,24,S8_E02,Shift 2,11,398,39,-2.5715808558340583,-3.58582252955439,False,True,,,,employee_anomaly
2017-12-04,9,16,17,S9_E01,Shift 1,7,398,30,-2.5715808558340583,-3.189292177224606,False,True,,,,employee_anomaly
2017-12-04,9,16,17,S9_E02,Shift 2,10,398,30,-2.5715808558340583,-3.1563508443071124,False,True,,,,employee_anomaly
2017-12-04,10,16,18,S10_E01,Full Day,18,398,34,-2.5715808558340583,-3.105707653984013,False,True,,,,employee_anomaly
2013-04-06,1,17,27,S1_E01,Shift 1,11,266,23,3.3691741630155394,2.839559852551617,True,False,,,,product_anomaly
2013-04-06,1,17,27,S1_E02,Shift 2,16,266,23,3.3691741630155394,2.465481209192916,True,False,,,,product_anomaly
2013-04-06,2,17,51,S2_E01,Shift 1,25,266,33,3.3691741630155394,2.1281607617112295,True,False,,,,product_anomaly
2013-04-06,2,17,51,S2_E02,Shift 2,26,266,33,3.3691741630155394,2.1840082511797245,True,False,,,,product_anomaly
2013-04-06,3,17,52,S3_E01,Shift 1,22,266,30,3.3691741630155394,1.053706115973092,True,False,,,,product_anomaly
2013-04-06,3,17,52,S3_E02,Shift 2,30,266,30,3.3691741630155394,1.6602571908912562,True,False,,,,product_anomaly
2013-04-06,4,17,39,S4_E01,Full Day,39,266,27,3.3691741630155394,1.6247707042454427,True,False,,,,product_anomaly
2013-04-06,5,17,26,S5_E01,Full Day,26,266,19,3.3691741630155394,1.9491259248178963,True,False,,,,product_anomaly
2013-04-06,6,17,23,S6_E01,Shift 1,12,266,20,3.3691741630155394,1.842812980823236,True,False,,,,product_anomaly
2013-04-06,6,17,23,S6_E02,Shift 2,11,266,20,3.3691741630155394,1.5007315172957991,True,False,,,,product_anomaly
2013-04-06,7,17,18,S7_E01,Full Day,18,266,18,3.3691741630155394,1.7545287168379493,True,False,,,,product_anomaly
2013-04-06,8,17,49,S8_E01,Shift 1,25,266,32,3.3691741630155394,2.2225036307509787,True,False,,,,product_anomaly
2013-04-06,8,17,49,S8_E02,Shift 2,24,266,32,3.3691741630155394,1.9123206661130763,True,False,,,,product_anomaly
2013-04-06,9,17,38,S9_E01,Shift 1,19,266,28,3.3691741630155394,2.3473117945259925,True,False,,,,product_anomaly
2013-04-06,9,17,38,S9_E02,Shift 2,19,266,28,3.3691741630155394,1.8988536798688116,True,False,,,,product_anomaly
2013-04-06,10,17,41,S10_E01,Full Day,41,266,28,3.3691741630155394,1.8219577200655632,True,False,,,,product_anomaly
2013-08-05,2,17,32,S2_E01,Shift 1,14,266,45,-2.8579003840142985,-3.037931708682254,False,True,,,,employee_anomaly
2013-08-05,2,17,32,S2_E02,Shift 2,18,266,45,-2.8579003840142985,-3.4857102754090485,False,True,,,,employee_anomaly
2013-12-02,1,17,16,S1_E01,Shift 1,6,266,26,-2.881619470984565,-3.1254292363912257,False,True,,,,employee_anomaly
2013-12-02,2,17,22,S2_E01,Shift 1,13,266,37,-2.881619470984565,-3.412450649859274,False,True,,,,employee_anomaly
2013-12-02,2,17,22,S2_E02,Shift 2,9,266,37,-2.881619470984565,-3.2785932441135652,False,True,,,,employee_anomaly
2013-12-02,3,17,13,S3_E01,Shift 1,6,266,33,-2.881619470984565,-3.2501487509139597,False,True,,,,employee_anomaly
2013-12-02,3,17,13,S3_E02,Shift 2,7,266,33,-2.881619470984565,-3.4328063228458867,False,True,,,,employee_anomaly
2013-12-02,4,17,17,S4_E01,Full Day,17,266,29,-2.881619470984565,-3.448513956982832,False,True,,,,employee_anomaly
2013-12-02,5,17,15,S5_E01,Full Day,15,266,24,-2.881619470984565,-3.1959090536893515,False,True,,,,employee_anomaly
2013-12-02,6,17,8,S6_E02,Shift 2,4,266,21,-2.881619470984565,-3.0818675698167812,False,True,,,,employee_anomaly
2013-12-02,8,17,25,S8_E01,Shift 1,14,266,35,-2.881619470984565,-3.3597203284094452,False,True,,,,employee_anomaly
2013-12-02,8,17,25,S8_E02,Shift 2,11,266,35,-2.881619470984565,-3.335819773959348,False,True,,,,employee_anomaly
2013-12-02,9,17,22,S9_E01,Shift 1,9,266,28,-2.881619470984565,-3.305771183792513,False,True,,,,employee_anomaly
2013-12-02,9,17,22,S9_E02,Shift 2,13,266,28,-2.881619470984565,-3.696275698428471,False,True,,,,employee_anomaly
2013-12-02,10,17,12,S10_E01,Full Day,12,266,32,-2.881619470984565,-3.0878038047354686,False,True,,,,employee_anomaly
2014-03-01,2,17,37,S2_E01,Shift 1,15,266,29,1.8414276896200126,3.349005610782279,False,True,,,,employee_anomaly
2014-03-01,5,17,31,S5_E01,Full Day,31,266,16,1.8414276896200126,3.306479451837381,False,True,,,,employee_anomaly
2014-08-04,2,17,39,S2_E01,Shift 1,21,266,53,-1.6572703572446505,-3.2958565872574868,False,True,,,,employee_anomaly
2014-08-04,4,17,26,S4_E01,Full Day,26,266,43,-1.6572703572446505,-3.1397631376093593,False,True,,,,employee_anomaly
2014-08-04,5,17,23,S5_E01,Full Day,23,266,29,-1.6572703572446505,-3.2173712129452325,False,True,,,,employee_anomaly
2014-08-04,6,17,19,S6_E02,Shift 2,8,266,30,-1.6572703572446505,-3.5017544264003857,False,True,,,,employee_anomaly
2014-08-04,7,17,26,S7_E01,Full Day,26,266,28,-1.6572703572446505,-3.4459186430311015,False,True,,,,employee_anomaly
2014-08-04,8,17,35,S8_E01,Shift 1,17,266,50,-1.6572703572446505,-3.8062041584640642,False,True,,,,employee_anomaly
2014-08-04,8,17,35,S8_E02,Shift 2,18,266,50,-1.6572703572446505,-3.16064441974807,False,True,,,,employee_anomaly
2014-11-16,1,17,45,S1_E01,Shift 1,24,266,28,3.1927615165207377,1.0255642323344232,True,False,,,,product_anomaly
2014-11-16,1,17,45,S1_E02,Shift 2,21,266,28,3.1927615165207377,1.8075342996797163,True,False,,,,product_anomaly
2014-11-16,2,17,79,S2_E01,Shift 1,40,266,42,3.1927615165207377,1.6530948470821194,True,False,,,,product_anomaly
2014-11-16,2,17,79,S2_E02,Shift 2,39,266,42,3.1927615165207377,1.442498617173501,True,False,,,,product_anomaly
2014-11-16,3,17,57,S3_E01,Shift 1,24,266,35,3.1927615165207377,1.1827500473470591,True,False,,,,product_anomaly
2014-11-16,3,17,57,S3_E02,Shift 2,33,266,35,3.1927615165207377,1.261317360942476,True,False,,,,product_anomaly
2014-11-16,4,17,38,S4_E01,Full Day,38,266,32,3.1927615165207377,1.3342775354585654,True,False,,,,product_anomaly
2014-11-16,5,17,35,S5_E01,Full Day,35,266,24,3.1927615165207377,1.1750988773392588,True,False,,,,product_anomaly
2014-11-16,6,17,34,S6_E01,Shift 1,16,266,23,3.1927615165207377,1.2647923381594446,True,False,,,,product_anomaly
2014-11-16,6,17,34,S6_E02,Shift 2,18,266,23,3.1927615165207377,1.133814686618515,True,False,,,,product_anomaly
2014-11-16,7,17,32,S7_E01,Full Day,32,266,22,3.1927615165207377,1.4464930244667351,True,False,,,,product_anomaly
2014-11-16,8,17,51,S8_E01,Shift 1,30,266,41,3.1927615165207377,1.6729319560124225,True,False,,,,product_anomaly
2014-11-16,8,17,51,S8_E02,Shift 2,21,266,41,3.1927615165207377,1.704585012390777,True,False,,,,product_anomaly
2014-11-16,9,17,41,S9_E01,Shift 1,24,266,35,3.1927615165207377,1.0740083015846014,True,False,,,,product_anomaly
2014-11-16,9,17,41,S9_E02,Shift 2,17,266,35,3.1927615165207377,1.544245034301006,True,False,,,,product_anomaly
2014-11-16,10,17,45,S10_E01,Full Day,45,266,36,3.1927615165207377,1.3005541788145292,True,False,,,,product_anomaly
2014-12-01,1,17,13,S1_E01,Shift 1,6,266,30,-3.647576881949781,-3.1060032038113756,True,True,,,,product_and_employee_anomaly
2014-12-01,1,17,13,S1_E02,Shift 2,7,266,30,-3.647576881949781,-3.2257952791105735,True,True,,,,product_and_employee_anomaly
2014-12-01,2,17,23,S2_E01,Shift 1,12,266,45,-3.647576881949781,-3.2103767532981733,True,True,,,,product_and_employee_anomaly
2014-12-01,2,17,23,S2_E02,Shift 2,11,266,45,-3.647576881949781,-2.9745651825749797,True,False,,,,product_anomaly
2014-12-01,3,17,14,S3_E01,Shift 1,7,266,39,-3.647576881949781,-3.6842826003636517,True,True,,,,product_and_employee_anomaly
2014-12-01,3,17,14,S3_E02,Shift 2,7,266,39,-3.647576881949781,-3.7643534802102665,True,True,,,,product_and_employee_anomaly
2014-12-01,4,17,23,S4_E01,Full Day,23,266,34,-3.647576881949781,-3.5292108233300348,True,True,,,,product_and_employee_anomaly
2014-12-01,5,17,18,S5_E01,Full Day,18,266,25,-3.647576881949781,-3.5544771735009846,True,True,,,,product_and_employee_anomaly
2014-12-01,6,17,11,S6_E01,Shift 1,6,266,26,-3.647576881949781,-2.725413037949043,True,False,,,,product_anomaly
2014-12-01,6,17,11,S6_E02,Shift 2,5,266,26,-3.647576881949781,-3.2677552992025225,True,True,,,,product_and_employee_anomaly
2014-12-01,7,17,11,S7_E01,Full Day,11,266,24,-3.647576881949781,-3.4795612216587277,True,True,,,,product_and_employee_anomaly
2014-12-01,8,17,26,S8_E01,Shift 1,11,266,40,-3.647576881949781,-2.754138713991254,True,False,,,,product_anomaly
2014-12-01,8,17,26,S8_E02,Shift 2,15,266,40,-3.647576881949781,-3.156889714158979,True,True,,,,product_and_employee_anomaly
2014-12-01,9,17,20,S9_E01,Shift 1,11,266,35,-3.647576881949781,-3.0877445136207187,True,True,,,,product_and_employee_anomaly
2014-12-01,9,17,20,S9_E02,Shift 2,9,266,35,-3.647576881949781,-2.9294097184846226,True,False,,,,product_anomaly
2014-12-01,10,17,22,S10_E01,Full Day,22,266,35,-3.647576881949781,-3.4995746414918427,True,True,,,,product_and_employee_anomaly
2015-02-01,1,17,27,S1_E01,Shift 1,14,266,20,1.628547435812115,3.0557660597940646,False,True,,,,employee_anomaly
2015-03-01,1,17,36,S1_E01,Shift 1,18,266,23,4.1781352845398105,3.2063842092808192,True,True,,,,product_and_employee_anomaly
2015-03-01,1,17,36,S1_E02,Shift 2,18,266,23,4.1781352845398105,2.7011350015772067,True,False,,,,product_anomaly
2015-03-01,2,17,47,S2_E01,Shift 1,26,266,34,4.1781352845398105,3.1204913155838128,True,True,,,,product_and_employee_anomaly
2015-03-01,2,17,47,S2_E02,Shift 2,21,266,34,4.1781352845398105,2.9504051632544526,True,False,,,,product_anomaly
2015-03-01,3,17,41,S3_E01,Shift 1,18,266,29,4.1781352845398105,2.94608151148025,True,False,,,,product_anomaly
2015-03-01,3,17,41,S3_E02,Shift 2,23,266,29,4.1781352845398105,3.4103721242964737,True,True,,,,product_and_employee_anomaly
2015-03-01,4,17,35,S4_E01,Full Day,35,266,26,4.1781352845398105,3.1596518128314997,True,True,,,,product_and_employee_anomaly
2015-03-01,5,17,37,S5_E01,Full Day,37,266,19,4.1781352845398105,3.6387722164072245,True,True,,,,product_and_employee_anomaly
2015-03-01,6,17,34,S6_E01,Shift 1,14,266,19,4.1781352845398105,3.2783227914473976,True,True,,,,product_and_employee_anomaly
2015-03-01,6,17,34,S6_E02,Shift 2,20,266,19,4.1781352845398105,3.6075677552682435,True,True,,,,product_and_employee_anomaly
2015-03-01,7,17,20,S7_E01,Full Day,20,266,18,4.1781352845398105,2.8190730739031222,True,False,,,,product_anomaly
2015-03-01,8,17,50,S8_E01,Shift 1,22,266,32,4.1781352845398105,3.332540228908305,True,True,,,,product_and_employee_anomaly
2015-03-01,8,17,50,S8_E02,Shift 2,28,266,32,4.1781352845398105,3.009029860439897,True,True,,,,product_and_employee_anomaly
2015-03-01,9,17,40,S9_E01,Shift 1,17,266,27,4.1781352845398105,3.562831793884845,True,True,,,,product_and_employee_anomaly
2015-03-01,9,17,40,S9_E02,Shift 2,23,266,27,4.1781352845398105,3.0689769065072365,True,True,,,,product_and_employee_anomaly
2015-03-01,10,17,45,S10_E01,Full Day,45,266,28,4.1781352845398105,3.035766134572765,True,True,,,,product_and_employee_anomaly
2015-08-03,3,17,37,S3_E01,Shift 1,22,266,47,-2.8419743171708056,-3.230471200097007,False,True,,,,employee_anomaly
2015-08-03,3,17,37,S3_E02,Shift 2,15,266,47,-2.8419743171708056,-3.0968220305556833,False,True,,,,employee_anomaly
2015-08-03,6,17,26,S6_E01,Shift 1,10,266,33,-2.8419743171708056,-3.003013866777452,False,True,,,,employee_anomaly
2015-08-03,9,17,36,S9_E02,Shift 2,18,266,45,-2.8419743171708056,-3.2324063857303305,False,True,,,,employee_anomaly
2015-12-13,1,17,36,S1_E01,Shift 1,20,266,27,3.0129683731780252,1.3423070375329045,True,False,,,,product_anomaly
2015-12-13,1,17,36,S1_E02,Shift 2,16,266,27,3.0129683731780252,1.267462041267682,True,False,,,,product_anomaly
2015-12-13,2,17,48,S2_E01,Shift 1,20,266,39,3.0129683731780252,1.5432591856860804,True,False,,,,product_anomaly
2015-12-13,2,17,48,S2_E02,Shift 2,28,266,39,3.0129683731780252,0.9907395296792528,True,False,,,,product_anomaly
2015-12-13,3,17,41,S3_E01,Shift 1,24,266,36,3.0129683731780252,1.383672508783579,True,False,,,,product_anomaly
2015-12-13,3,17,41,S3_E02,Shift 2,17,266,36,3.0129683731780252,1.194431208678718,True,False,,,,product_anomaly
2015-12-13,4,17,31,S4_E01,Full Day,31,266,32,3.0129683731780252,1.3485271362068847,True,False,,,,product_anomaly
2015-12-13,5,17,30,S5_E01,Full Day,30,266,23,3.0129683731780252,1.1357142139233507,True,False,,,,product_anomaly
2015-12-13,6,17,26,S6_E01,Shift 1,15,266,23,3.0129683731780252,1.1137819372258109,True,False,,,,product_anomaly
2015-12-13,6,17,26,S6_E02,Shift 2,11,266,23,3.0129683731780252,1.1292670762826251,True,False,,,,product_anomaly
2015-12-13,7,17,32,S7_E01,Full Day,32,266,20,3.0129683731780252,1.56722725207539,True,False,,,,product_anomaly
2015-12-13,8,17,38,S8_E01,Shift 1,22,266,39,3.0129683731780252,1.278706816369648,True,False,,,,product_anomaly
2015-12-13,8,17,38,S8_E02,Shift 2,16,266,39,3.0129683731780252,1.6245283102003418,True,False,,,,product_anomaly
2015-12-13,9,17,39,S9_E01,Shift 1,17,266,34,3.0129683731780252,1.1343753629548943,True,False,,,,product_anomaly
2015-12-13,9,17,39,S9_E02,Shift 2,22,266,34,3.0129683731780252,1.3733186888800617,True,False,,,,product_anomaly
2015-12-13,10,17,40,S10_E01,Full Day,40,266,36,3.0129683731780252,1.1978312746942712,True,False,,,,product_anomaly
2016-12-05,2,17,42,S2_E01,Shift 1,21,266,47,-1.6923459048533576,-3.039797685865822,False,True,,,,employee_anomaly
2016-12-05,6,17,14,S6_E01,Shift 1,6,266,27,-1.6923459048533576,-3.552929269017943,False,True,,,,employee_anomaly
2016-12-05,7,17,16,S7_E01,Full Day,16,266,24,-1.6923459048533576,-3.1441222038535632,False,True,,,,employee_anomaly
2016-12-05,8,17,25,S8_E01,Shift 1,14,266,44,-1.6923459048533576,-3.7685143438139015,False,True,,,,employee_anomaly
2016-12-05,8,17,25,S8_E02,Shift 2,11,266,44,-1.6923459048533576,-3.111510025863777,False,True,,,,employee_anomaly
2016-12-05,9,17,15,S9_E02,Shift 2,7,266,40,-1.6923459048533576,-3.3474208166871384,False,True,,,,employee_anomaly
2016-12-05,10,17,24,S10_E01,Full Day,24,266,40,-1.6923459048533576,-3.2437638134469884,False,True,,,,employee_anomaly
2017-04-01,1,17,41,S1_E01,Shift 1,24,266,30,1.94359832446105,3.05140781233218,False,True,,,,employee_anomaly
2017-12-04,1,17,19,S1_E01,Shift 1,10,266,33,-2.744600066388218,-3.566924808659965,False,True,,,,employee_anomaly
2017-12-04,1,17,19,S1_E02,Shift 2,9,266,33,-2.744600066388218,-3.439934189042974,False,True,,,,employee_anomaly
2017-12-04,2,17,21,S2_E01,Shift 1,11,266,50,-2.744600066388218,-3.4289887985334744,False,True,,,,employee_anomaly
2017-12-04,2,17,21,S2_E02,Shift 2,10,266,50,-2.744600066388218,-3.42560784986891,False,True,,,,employee_anomaly
2017-12-04,3,17,25,S3_E01,Shift 1,11,266,45,-2.744600066388218,-4.010676658948157,False,True,,,,employee_anomaly
2017-12-04,3,17,25,S3_E02,Shift 2,14,266,45,-2.744600066388218,-3.2163317411983594,False,True,,,,employee_anomaly
2017-12-04,4,17,27,S4_E01,Full Day,27,266,38,-2.744600066388218,-3.284111898833113,False,True,,,,employee_anomaly
2017-12-04,5,17,18,S5_E01,Full Day,18,266,29,-2.744600066388218,-3.2458225710762023,False,True,,,,employee_anomaly
2017-12-04,6,17,24,S6_E01,Shift 1,12,266,30,-2.744600066388218,-3.2986405964081293,False,True,,,,employee_anomaly
2017-12-04,6,17,24,S6_E02,Shift 2,12,266,30,-2.744600066388218,-3.3301889302159635,False,True,,,,employee_anomaly
2017-12-04,7,17,15,S7_E01,Full Day,15,266,27,-2.744600066388218,-3.144474792045703,False,True,,,,employee_anomaly
2017-12-04,8,17,28,S8_E01,Shift 1,14,266,45,-2.744600066388218,-3.5723822669368586,False,True,,,,employee_anomaly
2017-12-04,8,17,28,S8_E02,Shift 2,14,266,45,-2.744600066388218,-3.58582252955439,False,True,,,,employee_anomaly
2017-12-04,9,17,29,S9_E01,Shift 1,14,266,38,-2.744600066388218,-3.189292177224606,False,True,,,,employee_anomaly
2017-12-04,9,17,29,S9_E02,Shift 2,15,266,38,-2.744600066388218,-3.1563508443071124,False,True,,,,employee_anomaly
2017-12-04,10,17,27,S10_E01,Full Day,27,266,42,-2.744600066388218,-3.105707653984013,False,True,,,,employee_anomaly
2013-04-05,1,18,82,S1_E01,Shift 1,33,81,57,3.311643012053737,1.2822528462902483,True,False,,,,product_anomaly
2013-04-05,1,18,82,S1_E02,Shift 2,49,81,57,3.311643012053737,1.6655619266937327,True,False,,,,product_anomaly
2013-04-05,2,18,111,S2_E01,Shift 1,58,81,85,3.311643012053737,0.9804176870554613,True,False,,,,product_anomaly
2013-04-05,2,18,111,S2_E02,Shift 2,53,81,85,3.311643012053737,2.438100946981826,True,False,,,,product_anomaly
2013-04-05,3,18,109,S3_E01,Shift 1,57,81,74,3.311643012053737,1.8101722821995672,True,False,,,,product_anomaly
2013-04-05,3,18,109,S3_E02,Shift 2,52,81,74,3.311643012053737,1.4399181602622055,True,False,,,,product_anomaly
2013-04-05,4,18,85,S4_E01,Full Day,85,81,68,3.311643012053737,1.1825672925043849,True,False,,,,product_anomaly
2013-04-05,5,18,55,S5_E01,Full Day,55,81,50,3.311643012053737,2.048892366688974,True,False,,,,product_anomaly
2013-04-05,6,18,56,S6_E01,Shift 1,28,81,48,3.311643012053737,1.319972694811743,True,False,,,,product_anomaly
2013-04-05,6,18,56,S6_E02,Shift 2,28,81,48,3.311643012053737,1.8273867066949074,True,False,,,,product_anomaly
2013-04-05,7,18,62,S7_E01,Full Day,62,81,46,3.311643012053737,0.9124884963071148,True,False,,,,product_anomaly
2013-04-05,8,18,105,S8_E01,Shift 1,45,81,79,3.311643012053737,1.590855669592269,True,False,,,,product_anomaly
2013-04-05,8,18,105,S8_E02,Shift 2,60,81,79,3.311643012053737,0.9761755471914035,True,False,,,,product_anomaly
2013-04-05,9,18,81,S9_E01,Shift 1,38,81,68,3.311643012053737,2.1143570493109327,True,False,,,,product_anomaly
2013-04-05,9,18,81,S9_E02,Shift 2,43,81,68,3.311643012053737,2.246937231895041,True,False,,,,product_anomaly
2013-04-05,10,18,94,S10_E01,Full Day,94,81,72,3.311643012053737,1.6592784885404035,True,False,,,,product_anomaly
2013-08-05,2,18,71,S2_E01,Shift 1,40,81,114,-2.664137907133303,-3.037931708682254,False,True,,,,employee_anomaly
2013-08-05,2,18,71,S2_E02,Shift 2,31,81,114,-2.664137907133303,-3.4857102754090485,False,True,,,,employee_anomaly
2013-12-02,1,18,35,S1_E01,Shift 1,18,81,66,-3.4176491893782437,-3.1254292363912257,True,True,,,,product_and_employee_anomaly
2013-12-02,1,18,35,S1_E02,Shift 2,17,81,66,-3.4176491893782437,-2.851006355389951,True,False,,,,product_anomaly
2013-12-02,2,18,58,S2_E01,Shift 1,30,81,94,-3.4176491893782437,-3.412450649859274,True,True,,,,product_and_employee_anomaly
2013-12-02,2,18,58,S2_E02,Shift 2,28,81,94,-3.4176491893782437,-3.2785932441135652,True,True,,,,product_and_employee_anomaly
2013-12-02,3,18,58,S3_E01,Shift 1,35,81,83,-3.4176491893782437,-3.2501487509139597,True,True,,,,product_and_employee_anomaly
2013-12-02,3,18,58,S3_E02,Shift 2,23,81,83,-3.4176491893782437,-3.4328063228458867,True,True,,,,product_and_employee_anomaly
2013-12-02,4,18,53,S4_E01,Full Day,53,81,75,-3.4176491893782437,-3.448513956982832,True,True,,,,product_and_employee_anomaly
2013-12-02,5,18,41,S5_E01,Full Day,41,81,60,-3.4176491893782437,-3.1959090536893515,True,True,,,,product_and_employee_anomaly
2013-12-02,6,18,23,S6_E01,Shift 1,10,81,53,-3.4176491893782437,-2.8345600406685025,True,False,,,,product_anomaly
2013-12-02,6,18,23,S6_E02,Shift 2,13,81,53,-3.4176491893782437,-3.0818675698167812,True,True,,,,product_and_employee_anomaly
2013-12-02,7,18,24,S7_E01,Full Day,24,81,52,-3.4176491893782437,-2.9208666389824898,True,False,,,,product_anomaly
2013-12-02,8,18,47,S8_E01,Shift 1,21,81,92,-3.4176491893782437,-3.3597203284094452,True,True,,,,product_and_employee_anomaly
2013-12-02,8,18,47,S8_E02,Shift 2,26,81,92,-3.4176491893782437,-3.335819773959348,True,True,,,,product_and_employee_anomaly
2013-12-02,9,18,36,S9_E01,Shift 1,15,81,78,-3.4176491893782437,-3.305771183792513,True,True,,,,product_and_employee_anomaly
2013-12-02,9,18,36,S9_E02,Shift 2,21,81,78,-3.4176491893782437,-3.696275698428471,True,True,,,,product_and_employee_anomaly
2013-12-02,10,18,40,S10_E01,Full Day,40,81,83,-3.4176491893782437,-3.0878038047354686,True,True,,,,product_and_employee_anomaly
2014-03-01,2,18,101,S2_E01,Shift 1,52,81,80,1.648775312813309,3.349005610782279,False,True,,,,employee_anomaly
2014-03-01,5,18,60,S5_E01,Full Day,60,81,47,1.648775312813309,3.306479451837381,False,True,,,,employee_anomaly
2014-08-04,1,18,66,S1_E01,Shift 1,30,81,92,-3.205967245840585,-2.5453580386408605,True,False,,,,product_anomaly
2014-08-04,1,18,66,S1_E02,Shift 2,36,81,92,-3.205967245840585,-2.806490994281361,True,False,,,,product_anomaly
2014-08-04,2,18,101,S2_E01,Shift 1,55,81,132,-3.205967245840585,-3.2958565872574868,True,True,,,,product_and_employee_anomaly
2014-08-04,2,18,101,S2_E02,Shift 2,46,81,132,-3.205967245840585,-2.3253581907705634,True,False,,,,product_anomaly
2014-08-04,3,18,85,S3_E01,Shift 1,35,81,118,-3.205967245840585,-2.9193847507418793,True,False,,,,product_anomaly
2014-08-04,3,18,85,S3_E02,Shift 2,50,81,118,-3.205967245840585,-2.9764440225122466,True,False,,,,product_anomaly
2014-08-04,4,18,82,S4_E01,Full Day,82,81,110,-3.205967245840585,-3.1397631376093593,True,True,,,,product_and_employee_anomaly
2014-08-04,5,18,40,S5_E01,Full Day,40,81,78,-3.205967245840585,-3.2173712129452325,True,True,,,,product_and_employee_anomaly
2014-08-04,6,18,52,S6_E01,Shift 1,26,81,79,-3.205967245840585,-2.2070237185490025,True,False,,,,product_anomaly
2014-08-04,6,18,52,S6_E02,Shift 2,26,81,79,-3.205967245840585,-3.5017544264003857,True,True,,,,product_and_employee_anomaly
2014-08-04,7,18,48,S7_E01,Full Day,48,81,70,-3.205967245840585,-3.4459186430311015,True,True,,,,product_and_employee_anomaly
2014-08-04,8,18,73,S8_E01,Shift 1,43,81,126,-3.205967245840585,-3.8062041584640642,True,True,,,,product_and_employee_anomaly
2014-08-04,8,18,73,S8_E02,Shift 2,30,81,126,-3.205967245840585,-3.16064441974807,True,True,,,,product_and_employee_anomaly
2014-08-04,9,18,74,S9_E01,Shift 1,41,81,105,-3.205967245840585,-2.838026611374916,True,False,,,,product_anomaly
2014-08-04,9,18,74,S9_E02,Shift 2,33,81,105,-3.205967245840585,-2.777144381847396,True,False,,,,product_anomaly
2014-08-04,10,18,72,S10_E01,Full Day,72,81,114,-3.205967245840585,-2.9356516212828705,True,False,,,,product_anomaly
2014-12-01,1,18,34,S1_E01,Shift 1,20,81,77,-3.087657979744789,-3.1060032038113756,True,True,,,,product_and_employee_anomaly
2014-12-01,1,18,34,S1_E02,Shift 2,14,81,77,-3.087657979744789,-3.2257952791105735,True,True,,,,product_and_employee_anomaly
2014-12-01,2,18,74,S2_E01,Shift 1,40,81,108,-3.087657979744789,-3.2103767532981733,True,True,,,,product_and_employee_anomaly
2014-12-01,2,18,74,S2_E02,Shift 2,34,81,108,-3.087657979744789,-2.9745651825749797,True,False,,,,product_anomaly
2014-12-01,3,18,44,S3_E01,Shift 1,20,81,97,-3.087657979744789,-3.6842826003636517,True,True,,,,product_and_employee_anomaly
2014-12-01,3,18,44,S3_E02,Shift 2,24,81,97,-3.087657979744789,-3.7643534802102665,True,True,,,,product_and_employee_anomaly
2014-12-01,4,18,45,S4_E01,Full Day,45,81,91,-3.087657979744789,-3.5292108233300348,True,True,,,,product_and_employee_anomaly
2014-12-01,5,18,47,S5_E01,Full Day,47,81,64,-3.087657979744789,-3.5544771735009846,True,True,,,,product_and_employee_anomaly
2014-12-01,6,18,34,S6_E01,Shift 1,20,81,66,-3.087657979744789,-2.725413037949043,True,False,,,,product_anomaly
2014-12-01,6,18,34,S6_E02,Shift 2,14,81,66,-3.087657979744789,-3.2677552992025225,True,True,,,,product_and_employee_anomaly
2014-12-01,7,18,32,S7_E01,Full Day,32,81,59,-3.087657979744789,-3.4795612216587277,True,True,,,,product_and_employee_anomaly
2014-12-01,8,18,66,S8_E01,Shift 1,33,81,106,-3.087657979744789,-2.754138713991254,True,False,,,,product_anomaly
2014-12-01,8,18,66,S8_E02,Shift 2,33,81,106,-3.087657979744789,-3.156889714158979,True,True,,,,product_and_employee_anomaly
2014-12-01,9,18,60,S9_E01,Shift 1,25,81,90,-3.087657979744789,-3.0877445136207187,True,True,,,,product_and_employee_anomaly
2014-12-01,9,18,60,S9_E02,Shift 2,35,81,90,-3.087657979744789,-2.9294097184846226,True,False,,,,product_anomaly
2014-12-01,10,18,49,S10_E01,Full Day,49,81,97,-3.087657979744789,-3.4995746414918427,True,True,,,,product_and_employee_anomaly
2015-02-01,1,18,61,S1_E01,Shift 1,28,81,53,2.733548821514754,3.0557660597940646,False,True,,,,employee_anomaly
2015-03-01,1,18,88,S1_E01,Shift 1,51,81,59,3.072854215496567,3.2063842092808192,True,True,,,,product_and_employee_anomaly
2015-03-01,1,18,88,S1_E02,Shift 2,37,81,59,3.072854215496567,2.7011350015772067,True,False,,,,product_anomaly
2015-03-01,2,18,109,S2_E01,Shift 1,48,81,84,3.072854215496567,3.1204913155838128,True,True,,,,product_and_employee_anomaly
2015-03-01,2,18,109,S2_E02,Shift 2,61,81,84,3.072854215496567,2.9504051632544526,True,False,,,,product_anomaly
2015-03-01,3,18,132,S3_E01,Shift 1,77,81,73,3.072854215496567,2.94608151148025,True,False,,,,product_anomaly
2015-03-01,3,18,132,S3_E02,Shift 2,55,81,73,3.072854215496567,3.4103721242964737,True,True,,,,product_and_employee_anomaly
2015-03-01,4,18,92,S4_E01,Full Day,92,81,70,3.072854215496567,3.1596518128314997,True,True,,,,product_and_employee_anomaly
2015-03-01,5,18,72,S5_E01,Full Day,72,81,49,3.072854215496567,3.6387722164072245,True,True,,,,product_and_employee_anomaly
2015-03-01,6,18,63,S6_E01,Shift 1,26,81,49,3.072854215496567,3.2783227914473976,True,True,,,,product_and_employee_anomaly
2015-03-01,6,18,63,S6_E02,Shift 2,37,81,49,3.072854215496567,3.6075677552682435,True,True,,,,product_and_employee_anomaly
2015-03-01,7,18,58,S7_E01,Full Day,58,81,43,3.072854215496567,2.8190730739031222,True,False,,,,product_anomaly
2015-03-01,8,18,106,S8_E01,Shift 1,47,81,78,3.072854215496567,3.332540228908305,True,True,,,,product_and_employee_anomaly
2015-03-01,8,18,106,S8_E02,Shift 2,59,81,78,3.072854215496567,3.009029860439897,True,True,,,,product_and_employee_anomaly
2015-03-01,9,18,100,S9_E01,Shift 1,43,81,66,3.072854215496567,3.562831793884845,True,True,,,,product_and_employee_anomaly
2015-03-01,9,18,100,S9_E02,Shift 2,57,81,66,3.072854215496567,3.0689769065072365,True,True,,,,product_and_employee_anomaly
2015-03-01,10,18,104,S10_E01,Full Day,104,81,73,3.072854215496567,3.035766134572765,True,True,,,,product_and_employee_anomaly
2015-08-03,3,18,83,S3_E01,Shift 1,49,81,122,-2.7898306135479984,-3.230471200097007,False,True,,,,employee_anomaly
2015-08-03,3,18,83,S3_E02,Shift 2,34,81,122,-2.7898306135479984,-3.0968220305556833,False,True,,,,employee_anomaly
2015-08-03,6,18,43,S6_E01,Shift 1,23,81,84,-2.7898306135479984,-3.003013866777452,False,True,,,,employee_anomaly
2015-08-03,9,18,104,S9_E02,Shift 2,50,81,114,-2.7898306135479984,-3.2324063857303305,False,True,,,,employee_anomaly
2015-12-07,1,18,43,S1_E01,Shift 1,18,81,77,-3.1561776888769715,-2.137467822138631,True,False,,,,product_anomaly
2015-12-07,1,18,43,S1_E02,Shift 2,25,81,77,-3.1561776888769715,-2.3163145218669032,True,False,,,,product_anomaly
2015-12-07,2,18,47,S2_E01,Shift 1,25,81,106,-3.1561776888769715,-2.2622746111084022,True,False,,,,product_anomaly
2015-12-07,2,18,47,S2_E02,Shift 2,22,81,106,-3.1561776888769715,-2.734706195869,True,False,,,,product_anomaly
2015-12-07,3,18,45,S3_E01,Shift 1,24,81,96,-3.1561776888769715,-2.5814790260412823,True,False,,,,product_anomaly
2015-12-07,3,18,45,S3_E02,Shift 2,21,81,96,-3.1561776888769715,-2.518162476199348,True,False,,,,product_anomaly
2015-12-07,4,18,48,S4_E01,Full Day,48,81,91,-3.1561776888769715,-2.1817952782493784,True,False,,,,product_anomaly
2015-12-07,5,18,33,S5_E01,Full Day,33,81,63,-3.1561776888769715,-1.7914761105903116,True,False,,,,product_anomaly
2015-12-07,6,18,33,S6_E01,Shift 1,16,81,65,-3.1561776888769715,-2.177570422889973,True,False,,,,product_anomaly
2015-12-07,6,18,33,S6_E02,Shift 2,17,81,65,-3.1561776888769715,-1.9810837763297446,True,False,,,,product_anomaly
2015-12-07,7,18,35,S7_E01,Full Day,35,81,60,-3.1561776888769715,-2.327809067862889,True,False,,,,product_anomaly
2015-12-07,8,18,64,S8_E01,Shift 1,36,81,106,-3.1561776888769715,-2.46070045964776,True,False,,,,product_anomaly
2015-12-07,8,18,64,S8_E02,Shift 2,28,81,106,-3.1561776888769715,-2.443928253346677,True,False,,,,product_anomaly
2015-12-07,9,18,51,S9_E01,Shift 1,23,81,90,-3.1561776888769715,-2.613927269474191,True,False,,,,product_anomaly
2015-12-07,9,18,51,S9_E02,Shift 2,28,81,90,-3.1561776888769715,-2.3250075736587585,True,False,,,,product_anomaly
2015-12-07,10,18,49,S10_E01,Full Day,49,81,96,-3.1561776888769715,-2.4039808735535884,True,False,,,,product_anomaly
2016-12-05,1,18,40,S1_E01,Shift 1,18,81,84,-3.2497129643002034,-2.4321396159735382,True,False,,,,product_anomaly
2016-12-05,1,18,40,S1_E02,Shift 2,22,81,84,-3.2497129643002034,-2.580461211183038,True,False,,,,product_anomaly
2016-12-05,2,18,77,S2_E01,Shift 1,31,81,119,-3.2497129643002034,-3.039797685865822,True,True,,,,product_and_employee_anomaly
2016-12-05,2,18,77,S2_E02,Shift 2,46,81,119,-3.2497129643002034,-2.8411273492839912,True,False,,,,product_anomaly
2016-12-05,3,18,61,S3_E01,Shift 1,35,81,106,-3.2497129643002034,-2.6334758693639126,True,False,,,,product_anomaly
2016-12-05,3,18,61,S3_E02,Shift 2,26,81,106,-3.2497129643002034,-2.870138019802202,True,False,,,,product_anomaly
2016-12-05,4,18,74,S4_E01,Full Day,74,81,99,-3.2497129643002034,-2.803773742586649,True,False,,,,product_anomaly
2016-12-05,5,18,36,S5_E01,Full Day,36,81,70,-3.2497129643002034,-2.639685670948698,True,False,,,,product_anomaly
2016-12-05,6,18,33,S6_E01,Shift 1,17,81,70,-3.2497129643002034,-3.552929269017943,True,True,,,,product_and_employee_anomaly
2016-12-05,6,18,33,S6_E02,Shift 2,16,81,70,-3.2497129643002034,-2.6336470607013553,True,False,,,,product_anomaly
2016-12-05,7,18,29,S7_E01,Full Day,29,81,65,-3.2497129643002034,-3.1441222038535632,True,True,,,,product_and_employee_anomaly
2016-12-05,8,18,56,S8_E01,Shift 1,26,81,114,-3.2497129643002034,-3.7685143438139015,True,True,,,,product_and_employee_anomaly
2016-12-05,8,18,56,S8_E02,Shift 2,30,81,114,-3.2497129643002034,-3.111510025863777,True,True,,,,product_and_employee_anomaly
2016-12-05,9,18,58,S9_E01,Shift 1,30,81,96,-3.2497129643002034,-2.9300684022247934,True,False,,,,product_anomaly
2016-12-05,9,18,58,S9_E02,Shift 2,28,81,96,-3.2497129643002034,-3.3474208166871384,True,True,,,,product_and_employee_anomaly
2016-12-05,10,18,60,S10_E01,Full Day,60,81,106,-3.2497129643002034,-3.2437638134469884,True,True,,,,product_and_employee_anomaly
2017-04-01,1,18,108,S1_E01,Shift 1,60,81,76,2.125508212804863,3.05140781233218,False,True,,,,employee_anomaly
2017-12-04,1,18,50,S1_E01,Shift 1,27,81,88,-3.6038924800782888,-3.566924808659965,True,True,,,,product_and_employee_anomaly
2017-12-04,1,18,50,S1_E02,Shift 2,23,81,88,-3.6038924800782888,-3.439934189042974,True,True,,,,product_and_employee_anomaly
2017-12-04,2,18,72,S2_E01,Shift 1,33,81,127,-3.6038924800782888,-3.4289887985334744,True,True,,,,product_and_employee_anomaly
2017-12-04,2,18,72,S2_E02,Shift 2,39,81,127,-3.6038924800782888,-3.42560784986891,True,True,,,,product_and_employee_anomaly
2017-12-04,3,18,70,S3_E01,Shift 1,40,81,114,-3.6038924800782888,-4.010676658948157,True,True,,,,product_and_employee_anomaly
2017-12-04,3,18,70,S3_E02,Shift 2,30,81,114,-3.6038924800782888,-3.2163317411983594,True,True,,,,product_and_employee_anomaly
2017-12-04,4,18,57,S4_E01,Full Day,57,81,103,-3.6038924800782888,-3.284111898833113,True,True,,,,product_and_employee_anomaly
2017-12-04,5,18,48,S5_E01,Full Day,48,81,73,-3.6038924800782888,-3.2458225710762023,True,True,,,,product_and_employee_anomaly
2017-12-04,6,18,41,S6_E01,Shift 1,20,81,72,-3.6038924800782888,-3.2986405964081293,True,True,,,,product_and_employee_anomaly
2017-12-04,6,18,41,S6_E02,Shift 2,21,81,72,-3.6038924800782888,-3.3301889302159635,True,True,,,,product_and_employee_anomaly
2017-12-04,7,18,37,S7_E01,Full Day,37,81,68,-3.6038924800782888,-3.144474792045703,True,True,,,,product_and_employee_anomaly
2017-12-04,8,18,68,S8_E01,Shift 1,40,81,121,-3.6038924800782888,-3.5723822669368586,True,True,,,,product_and_employee_anomaly
2017-12-04,8,18,68,S8_E02,Shift 2,28,81,121,-3.6038924800782888,-3.58582252955439,True,True,,,,product_and_employee_anomaly
2017-12-04,9,18,47,S9_E01,Shift 1,27,81,106,-3.6038924800782888,-3.189292177224606,True,True,,,,product_and_employee_anomaly
2017-12-04,9,18,47,S9_E02,Shift 2,20,81,106,-3.6038924800782888,-3.1563508443071124,True,True,,,,product_and_employee_anomaly
2017-12-04,10,18,60,S10_E01,Full Day,60,81,108,-3.6038924800782888,-3.105707653984013,True,True,,,,product_and_employee_anomaly
2013-03-31,1,19,30,S1_E01,Shift 1,14,423,27,3.0199552761803794,1.3019874350106673,True,False,,,,product_anomaly
2013-03-31,1,19,30,S1_E02,Shift 2,16,423,27,3.0199552761803794,1.6345445961041443,True,False,,,,product_anomaly
2013-03-31,2,19,49,S2_E01,Shift 1,25,423,41,3.0199552761803794,1.581064729832005,True,False,,,,product_anomaly
2013-03-31,2,19,49,S2_E02,Shift 2,24,423,41,3.0199552761803794,1.1137584404597425,True,False,,,,product_anomaly
2013-03-31,3,19,52,S3_E01,Shift 1,21,423,34,3.0199552761803794,2.0717735066206697,True,False,,,,product_anomaly
2013-03-31,3,19,52,S3_E02,Shift 2,31,423,34,3.0199552761803794,1.3675963371423971,True,False,,,,product_anomaly
2013-03-31,4,19,34,S4_E01,Full Day,34,423,31,3.0199552761803794,1.365013310976244,True,False,,,,product_anomaly
2013-03-31,5,19,29,S5_E01,Full Day,29,423,22,3.0199552761803794,1.4862847135013166,True,False,,,,product_anomaly
2013-03-31,6,19,28,S6_E01,Shift 1,15,423,24,3.0199552761803794,1.1551570856469942,True,False,,,,product_anomaly
2013-03-31,6,19,28,S6_E02,Shift 2,13,423,24,3.0199552761803794,1.7129637069430428,True,False,,,,product_anomaly
2013-03-31,7,19,25,S7_E01,Full Day,25,423,21,3.0199552761803794,1.6412046470424053,True,False,,,,product_anomaly
2013-03-31,8,19,45,S8_E01,Shift 1,18,423,36,3.0199552761803794,1.469658225342539,True,False,,,,product_anomaly
2013-03-31,8,19,45,S8_E02,Shift 2,27,423,36,3.0199552761803794,1.7129961295463225,True,False,,,,product_anomaly
2013-03-31,9,19,37,S9_E01,Shift 1,15,423,34,3.0199552761803794,1.1804226042566814,True,False,,,,product_anomaly
2013-03-31,9,19,37,S9_E02,Shift 2,22,423,34,3.0199552761803794,1.2968252533201192,True,False,,,,product_anomaly
2013-03-31,10,19,32,S10_E01,Full Day,32,423,35,3.0199552761803794,1.1184947279301891,True,False,,,,product_anomaly
2013-08-05,2,19,34,S2_E01,Shift 1,17,423,57,-2.118612818018904,-3.037931708682254,False,True,,,,employee_anomaly
2013-08-05,2,19,34,S2_E02,Shift 2,17,423,57,-2.118612818018904,-3.4857102754090485,False,True,,,,employee_anomaly
2013-10-13,1,19,35,S1_E01,Shift 1,19,423,32,3.285731617472736,1.1034090488242654,True,False,,,,product_anomaly
2013-10-13,1,19,35,S1_E02,Shift 2,16,423,32,3.285731617472736,1.0364967280746469,True,False,,,,product_anomaly
2013-10-13,2,19,56,S2_E01,Shift 1,26,423,44,3.285731617472736,1.6723814967388169,True,False,,,,product_anomaly
2013-10-13,2,19,56,S2_E02,Shift 2,30,423,44,3.285731617472736,0.9335205667007231,True,False,,,,product_anomaly
2013-10-13,3,19,45,S3_E01,Shift 1,20,423,38,3.285731617472736,1.1309795435553145,True,False,,,,product_anomaly
2013-10-13,3,19,45,S3_E02,Shift 2,25,423,38,3.285731617472736,1.515250043828879,True,False,,,,product_anomaly
2013-10-13,4,19,41,S4_E01,Full Day,41,423,36,3.285731617472736,1.601331615065985,True,False,,,,product_anomaly
2013-10-13,5,19,32,S5_E01,Full Day,32,423,28,3.285731617472736,1.6020946683546216,True,False,,,,product_anomaly
2013-10-13,6,19,41,S6_E01,Shift 1,17,423,26,3.285731617472736,1.9845616845844305,True,False,,,,product_anomaly
2013-10-13,6,19,41,S6_E02,Shift 2,24,423,26,3.285731617472736,2.2177956825455496,True,False,,,,product_anomaly
2013-10-13,7,19,30,S7_E01,Full Day,30,423,25,3.285731617472736,1.3049345626825457,True,False,,,,product_anomaly
2013-10-13,8,19,50,S8_E01,Shift 1,20,423,44,3.285731617472736,1.5534635145354614,True,False,,,,product_anomaly
2013-10-13,8,19,50,S8_E02,Shift 2,30,423,44,3.285731617472736,1.5636899911555928,True,False,,,,product_anomaly
2013-10-13,9,19,43,S9_E01,Shift 1,18,423,37,3.285731617472736,1.1968197858115723,True,False,,,,product_anomaly
2013-10-13,9,19,43,S9_E02,Shift 2,25,423,37,3.285731617472736,1.5366825957523853,True,False,,,,product_anomaly
2013-10-13,10,19,53,S10_E01,Full Day,53,423,39,3.285731617472736,1.3755342257664505,True,False,,,,product_anomaly
2013-12-02,1,19,21,S1_E01,Shift 1,12,423,33,-2.8726800681105056,-3.1254292363912257,False,True,,,,employee_anomaly
2013-12-02,2,19,29,S2_E01,Shift 1,15,423,46,-2.8726800681105056,-3.412450649859274,False,True,,,,employee_anomaly
2013-12-02,2,19,29,S2_E02,Shift 2,14,423,46,-2.8726800681105056,-3.2785932441135652,False,True,,,,employee_anomaly
2013-12-02,3,19,15,S3_E01,Shift 1,9,423,42,-2.8726800681105056,-3.2501487509139597,False,True,,,,employee_anomaly
2013-12-02,3,19,15,S3_E02,Shift 2,6,423,42,-2.8726800681105056,-3.4328063228458867,False,True,,,,employee_anomaly
2013-12-02,4,19,26,S4_E01,Full Day,26,423,37,-2.8726800681105056,-3.448513956982832,False,True,,,,employee_anomaly
2013-12-02,5,19,19,S5_E01,Full Day,19,423,27,-2.8726800681105056,-3.1959090536893515,False,True,,,,employee_anomaly
2013-12-02,6,19,14,S6_E02,Shift 2,8,423,27,-2.8726800681105056,-3.0818675698167812,False,True,,,,employee_anomaly
2013-12-02,8,19,25,S8_E01,Shift 1,14,423,44,-2.8726800681105056,-3.3597203284094452,False,True,,,,employee_anomaly
2013-12-02,8,19,25,S8_E02,Shift 2,11,423,44,-2.8726800681105056,-3.335819773959348,False,True,,,,employee_anomaly
2013-12-02,9,19,23,S9_E01,Shift 1,13,423,39,-2.8726800681105056,-3.305771183792513,False,True,,,,employee_anomaly
2013-12-02,9,19,23,S9_E02,Shift 2,10,423,39,-2.8726800681105056,-3.696275698428471,False,True,,,,employee_anomaly
2013-12-02,10,19,26,S10_E01,Full Day,26,423,40,-2.8726800681105056,-3.0878038047354686,False,True,,,,employee_anomaly
2014-02-02,1,19,36,S1_E01,Shift 1,18,423,24,3.0881640462470408,1.7301707409229723,True,False,,,,product_anomaly
2014-02-02,1,19,36,S1_E02,Shift 2,18,423,24,3.0881640462470408,1.8225038907227367,True,False,,,,product_anomaly
2014-02-02,2,19,49,S2_E01,Shift 1,25,423,35,3.0881640462470408,1.8991373023791251,True,False,,,,product_anomaly
2014-02-02,2,19,49,S2_E02,Shift 2,24,423,35,3.0881640462470408,2.1759926781691243,True,False,,,,product_anomaly
2014-02-02,3,19,35,S3_E01,Shift 1,17,423,31,3.0881640462470408,1.951397444908886,True,False,,,,product_anomaly
2014-02-02,3,19,35,S3_E02,Shift 2,18,423,31,3.0881640462470408,2.3111531193972077,True,False,,,,product_anomaly
2014-02-02,4,19,36,S4_E01,Full Day,36,423,28,3.0881640462470408,2.5314964026210562,True,False,,,,product_anomaly
2014-02-02,5,19,24,S5_E01,Full Day,24,423,20,3.0881640462470408,1.796587057319936,True,False,,,,product_anomaly
2014-02-02,6,19,27,S6_E01,Shift 1,13,423,19,3.0881640462470408,1.7800150206197523,True,False,,,,product_anomaly
2014-02-02,6,19,27,S6_E02,Shift 2,14,423,19,3.0881640462470408,2.042768858010893,True,False,,,,product_anomaly
2014-02-02,7,19,25,S7_E01,Full Day,25,423,18,3.0881640462470408,1.900141074693327,True,False,,,,product_anomaly
2014-02-02,8,19,46,S8_E01,Shift 1,21,423,33,3.0881640462470408,2.0283846258664506,True,False,,,,product_anomaly
2014-02-02,8,19,46,S8_E02,Shift 2,25,423,33,3.0881640462470408,1.5874099102804775,True,False,,,,product_anomaly
2014-02-02,9,19,44,S9_E01,Shift 1,20,423,27,3.0881640462470408,1.9557437198170857,True,False,,,,product_anomaly
2014-02-02,9,19,44,S9_E02,Shift 2,24,423,27,3.0881640462470408,1.6640941158325946,True,False,,,,product_anomaly
2014-02-02,10,19,37,S10_E01,Full Day,37,423,31,3.0881640462470408,2.137136069565836,True,False,,,,product_anomaly
2014-03-01,2,19,50,S2_E01,Shift 1,24,423,38,1.7311026218036771,3.349005610782279,False,True,,,,employee_anomaly
2014-03-01,5,19,20,S5_E01,Full Day,20,423,23,1.7311026218036771,3.306479451837381,False,True,,,,employee_anomaly
2014-06-01,1,19,64,S1_E01,Shift 1,33,423,42,3.1140948721236974,1.9346380848170557,True,False,,,,product_anomaly
2014-06-01,1,19,64,S1_E02,Shift 2,31,423,42,3.1140948721236974,2.135857660912571,True,False,,,,product_anomaly
2014-06-01,2,19,81,S2_E01,Shift 1,46,423,58,3.1140948721236974,1.9283564051648407,True,False,,,,product_anomaly
2014-06-01,2,19,81,S2_E02,Shift 2,35,423,58,3.1140948721236974,2.1677114598005374,True,False,,,,product_anomaly
2014-06-01,3,19,65,S3_E01,Shift 1,28,423,50,3.1140948721236974,1.9111228665410942,True,False,,,,product_anomaly
2014-06-01,3,19,65,S3_E02,Shift 2,37,423,50,3.1140948721236974,2.3702567917294317,True,False,,,,product_anomaly
2014-06-01,4,19,60,S4_E01,Full Day,60,423,47,3.1140948721236974,1.9682384915736053,True,False,,,,product_anomaly
2014-06-01,5,19,32,S5_E01,Full Day,32,423,35,3.1140948721236974,2.0023474226269964,True,False,,,,product_anomaly
2014-06-01,6,19,44,S6_E01,Shift 1,22,423,33,3.1140948721236974,1.8742246256233976,True,False,,,,product_anomaly
2014-06-01,6,19,44,S6_E02,Shift 2,22,423,33,3.1140948721236974,2.0754586494932474,True,False,,,,product_anomaly
2014-06-01,7,19,59,S7_E01,Full Day,59,423,31,3.1140948721236974,2.3400200664227087,True,False,,,,product_anomaly
2014-06-01,8,19,67,S8_E01,Shift 1,33,423,52,3.1140948721236974,1.4001902738180139,True,False,,,,product_anomaly
2014-06-01,8,19,67,S8_E02,Shift 2,34,423,52,3.1140948721236974,2.7691726144478763,True,False,,,,product_anomaly
2014-06-01,9,19,52,S9_E01,Shift 1,30,423,44,3.1140948721236974,1.8097540327479087,True,False,,,,product_anomaly
2014-06-01,9,19,52,S9_E02,Shift 2,22,423,44,3.1140948721236974,1.7444683302709494,True,False,,,,product_anomaly
2014-06-01,10,19,61,S10_E01,Full Day,61,423,52,3.1140948721236974,1.7449394853210838,True,False,,,,product_anomaly
2014-08-04,2,19,43,S2_E01,Shift 1,20,423,62,-2.091065363782383,-3.2958565872574868,False,True,,,,employee_anomaly
2014-08-04,4,19,38,S4_E01,Full Day,38,423,52,-2.091065363782383,-3.1397631376093593,False,True,,,,employee_anomaly
2014-08-04,5,19,30,S5_E01,Full Day,30,423,38,-2.091065363782383,-3.2173712129452325,False,True,,,,employee_anomaly
2014-08-04,6,19,26,S6_E02,Shift 2,11,423,37,-2.091065363782383,-3.5017544264003857,False,True,,,,employee_anomaly
2014-08-04,7,19,17,S7_E01,Full Day,17,423,36,-2.091065363782383,-3.4459186430311015,False,True,,,,employee_anomaly
2014-08-04,8,19,58,S8_E01,Shift 1,24,423,61,-2.091065363782383,-3.8062041584640642,False,True,,,,employee_anomaly
2014-08-04,8,19,58,S8_E02,Shift 2,34,423,61,-2.091065363782383,-3.16064441974807,False,True,,,,employee_anomaly
2014-12-01,1,19,21,S1_E01,Shift 1,8,423,38,-3.462549982462199,-3.1060032038113756,True,True,,,,product_and_employee_anomaly
2014-12-01,1,19,21,S1_E02,Shift 2,13,423,38,-3.462549982462199,-3.2257952791105735,True,True,,,,product_and_employee_anomaly
2014-12-01,2,19,24,S2_E01,Shift 1,11,423,52,-3.462549982462199,-3.2103767532981733,True,True,,,,product_and_employee_anomaly
2014-12-01,2,19,24,S2_E02,Shift 2,13,423,52,-3.462549982462199,-2.9745651825749797,True,False,,,,product_anomaly
2014-12-01,3,19,26,S3_E01,Shift 1,15,423,49,-3.462549982462199,-3.6842826003636517,True,True,,,,product_and_employee_anomaly
2014-12-01,3,19,26,S3_E02,Shift 2,11,423,49,-3.462549982462199,-3.7643534802102665,True,True,,,,product_and_employee_anomaly
2014-12-01,4,19,24,S4_E01,Full Day,24,423,43,-3.462549982462199,-3.5292108233300348,True,True,,,,product_and_employee_anomaly
2014-12-01,5,19,20,S5_E01,Full Day,20,423,31,-3.462549982462199,-3.5544771735009846,True,True,,,,product_and_employee_anomaly
2014-12-01,6,19,21,S6_E01,Shift 1,9,423,31,-3.462549982462199,-2.725413037949043,True,False,,,,product_anomaly
2014-12-01,6,19,21,S6_E02,Shift 2,12,423,31,-3.462549982462199,-3.2677552992025225,True,True,,,,product_and_employee_anomaly
2014-12-01,7,19,19,S7_E01,Full Day,19,423,28,-3.462549982462199,-3.4795612216587277,True,True,,,,product_and_employee_anomaly
2014-12-01,8,19,29,S8_E01,Shift 1,13,423,50,-3.462549982462199,-2.754138713991254,True,False,,,,product_anomaly
2014-12-01,8,19,29,S8_E02,Shift 2,16,423,50,-3.462549982462199,-3.156889714158979,True,True,,,,product_and_employee_anomaly
2014-12-01,9,19,25,S9_E01,Shift 1,13,423,43,-3.462549982462199,-3.0877445136207187,True,True,,,,product_and_employee_anomaly
2014-12-01,9,19,25,S9_E02,Shift 2,12,423,43,-3.462549982462199,-2.9294097184846226,True,False,,,,product_anomaly
2014-12-01,10,19,29,S10_E01,Full Day,29,423,46,-3.462549982462199,-3.4995746414918427,True,True,,,,product_and_employee_anomaly
2015-01-05,1,19,19,S1_E01,Shift 1,10,423,26,-3.3219611973776257,-1.4835906244792765,True,False,,,,product_anomaly
2015-01-05,1,19,19,S1_E02,Shift 2,9,423,26,-3.3219611973776257,-1.1639803604057948,True,False,,,,product_anomaly
2015-01-05,2,19,26,S2_E01,Shift 1,14,423,37,-3.3219611973776257,-1.9437363935652736,True,False,,,,product_anomaly
2015-01-05,2,19,26,S2_E02,Shift 2,12,423,37,-3.3219611973776257,-1.9009768090784414,True,False,,,,product_anomaly
2015-01-05,3,19,23,S3_E01,Shift 1,11,423,34,-3.3219611973776257,-1.8885764265578073,True,False,,,,product_anomaly
2015-01-05,3,19,23,S3_E02,Shift 2,12,423,34,-3.3219611973776257,-1.5186262316826724,True,False,,,,product_anomaly
2015-01-05,4,19,21,S4_E01,Full Day,21,423,30,-3.3219611973776257,-2.0220291817373988,True,False,,,,product_anomaly
2015-01-05,5,19,18,S5_E01,Full Day,18,423,22,-3.3219611973776257,-1.7115102381724294,True,False,,,,product_anomaly
2015-01-05,6,19,18,S6_E01,Shift 1,8,423,22,-3.3219611973776257,-1.9801877138143489,True,False,,,,product_anomaly
2015-01-05,6,19,18,S6_E02,Shift 2,10,423,22,-3.3219611973776257,-1.727721776308998,True,False,,,,product_anomaly
2015-01-05,7,19,15,S7_E01,Full Day,15,423,20,-3.3219611973776257,-1.8199857794448582,True,False,,,,product_anomaly
2015-01-05,8,19,21,S8_E01,Shift 1,11,423,37,-3.3219611973776257,-2.1173237340974658,True,False,,,,product_anomaly
2015-01-05,8,19,21,S8_E02,Shift 2,10,423,37,-3.3219611973776257,-2.2014018119728718,True,False,,,,product_anomaly
2015-01-05,9,19,14,S9_E01,Shift 1,8,423,32,-3.3219611973776257,-1.8909171253695907,True,False,,,,product_anomaly
2015-01-05,9,19,14,S9_E02,Shift 2,6,423,32,-3.3219611973776257,-1.7775556106061097,True,False,,,,product_anomaly
2015-01-05,10,19,28,S10_E01,Full Day,28,423,32,-3.3219611973776257,-1.8817758359021932,True,False,,,,product_anomaly
2015-02-01,1,19,30,S1_E01,Shift 1,13,423,23,3.085004304247129,3.0557660597940646,True,True,,,,product_and_employee_anomaly
2015-02-01,1,19,30,S1_E02,Shift 2,17,423,23,3.085004304247129,2.1453661731308964,True,False,,,,product_anomaly
2015-02-01,2,19,39,S2_E01,Shift 1,19,423,36,3.085004304247129,1.953656430143817,True,False,,,,product_anomaly
2015-02-01,2,19,39,S2_E02,Shift 2,20,423,36,3.085004304247129,2.3500220695901306,True,False,,,,product_anomaly
2015-02-01,3,19,41,S3_E01,Shift 1,19,423,31,3.085004304247129,2.506888576749633,True,False,,,,product_anomaly
2015-02-01,3,19,41,S3_E02,Shift 2,22,423,31,3.085004304247129,2.1659096796444564,True,False,,,,product_anomaly
2015-02-01,4,19,51,S4_E01,Full Day,51,423,29,3.085004304247129,2.8748724820194456,True,False,,,,product_anomaly
2015-02-01,5,19,25,S5_E01,Full Day,25,423,22,3.085004304247129,2.0848475539632427,True,False,,,,product_anomaly
2015-02-01,6,19,26,S6_E01,Shift 1,14,423,21,3.085004304247129,2.221679149858128,True,False,,,,product_anomaly
2015-02-01,6,19,26,S6_E02,Shift 2,12,423,21,3.085004304247129,1.958256602356688,True,False,,,,product_anomaly
2015-02-01,7,19,31,S7_E01,Full Day,31,423,19,3.085004304247129,2.4352661753448244,True,False,,,,product_anomaly
2015-02-01,8,19,42,S8_E01,Shift 1,21,423,33,3.085004304247129,2.6942065018192625,True,False,,,,product_anomaly
2015-02-01,8,19,42,S8_E02,Shift 2,21,423,33,3.085004304247129,2.426072134137516,True,False,,,,product_anomaly
2015-02-01,9,19,42,S9_E01,Shift 1,24,423,29,3.085004304247129,1.9180924008698985,True,False,,,,product_anomaly
2015-02-01,9,19,42,S9_E02,Shift 2,18,423,29,3.085004304247129,2.3242398732184264,True,False,,,,product_anomaly
2015-02-01,10,19,35,S10_E01,Full Day,35,423,30,3.085004304247129,2.0848738868918257,True,False,,,,product_anomaly
2015-03-01,1,19,37,S1_E01,Shift 1,16,423,28,3.525162371167615,3.2063842092808192,True,True,,,,product_and_employee_anomaly
2015-03-01,1,19,37,S1_E02,Shift 2,21,423,28,3.525162371167615,2.7011350015772067,True,False,,,,product_anomaly
2015-03-01,2,19,52,S2_E01,Shift 1,21,423,40,3.525162371167615,3.1204913155838128,True,True,,,,product_and_employee_anomaly
2015-03-01,2,19,52,S2_E02,Shift 2,31,423,40,3.525162371167615,2.9504051632544526,True,False,,,,product_anomaly
2015-03-01,3,19,49,S3_E01,Shift 1,24,423,34,3.525162371167615,2.94608151148025,True,False,,,,product_anomaly
2015-03-01,3,19,49,S3_E02,Shift 2,25,423,34,3.525162371167615,3.4103721242964737,True,True,,,,product_and_employee_anomaly
2015-03-01,4,19,54,S4_E01,Full Day,54,423,33,3.525162371167615,3.1596518128314997,True,True,,,,product_and_employee_anomaly
2015-03-01,5,19,31,S5_E01,Full Day,31,423,22,3.525162371167615,3.6387722164072245,True,True,,,,product_and_employee_anomaly
2015-03-01,6,19,33,S6_E01,Shift 1,19,423,22,3.525162371167615,3.2783227914473976,True,True,,,,product_and_employee_anomaly
2015-03-01,6,19,33,S6_E02,Shift 2,14,423,22,3.525162371167615,3.6075677552682435,True,True,,,,product_and_employee_anomaly
2015-03-01,7,19,35,S7_E01,Full Day,35,423,22,3.525162371167615,2.8190730739031222,True,False,,,,product_anomaly
2015-03-01,8,19,68,S8_E01,Shift 1,39,423,38,3.525162371167615,3.332540228908305,True,True,,,,product_and_employee_anomaly
2015-03-01,8,19,68,S8_E02,Shift 2,29,423,38,3.525162371167615,3.009029860439897,True,True,,,,product_and_employee_anomaly
2015-03-01,9,19,45,S9_E01,Shift 1,26,423,31,3.525162371167615,3.562831793884845,True,True,,,,product_and_employee_anomaly
2015-03-01,9,19,45,S9_E02,Shift 2,19,423,31,3.525162371167615,3.0689769065072365,True,True,,,,product_and_employee_anomaly
2015-03-01,10,19,49,S10_E01,Full Day,49,423,33,3.525162371167615,3.035766134572765,True,True,,,,product_and_employee_anomaly
2015-08-03,1,19,33,S1_E01,Shift 1,20,423,48,-3.0167097468037567,-2.431152188562419,True,False,,,,product_anomaly
2015-08-03,1,19,33,S1_E02,Shift 2,13,423,48,-3.0167097468037567,-2.6588983591723636,True,False,,,,product_anomaly
2015-08-03,2,19,47,S2_E01,Shift 1,23,423,67,-3.0167097468037567,-2.1714259053724394,True,False,,,,product_anomaly
2015-08-03,2,19,47,S2_E02,Shift 2,24,423,67,-3.0167097468037567,-2.5727933298725434,True,False,,,,product_anomaly
2015-08-03,3,19,45,S3_E01,Shift 1,19,423,61,-3.0167097468037567,-3.230471200097007,True,True,,,,product_and_employee_anomaly
2015-08-03,3,19,45,S3_E02,Shift 2,26,423,61,-3.0167097468037567,-3.0968220305556833,True,True,,,,product_and_employee_anomaly
2015-08-03,4,19,37,S4_E01,Full Day,37,423,56,-3.0167097468037567,-2.7376755606770606,True,False,,,,product_anomaly
2015-08-03,5,19,36,S5_E01,Full Day,36,423,40,-3.0167097468037567,-2.664634525264307,True,False,,,,product_anomaly
2015-08-03,6,19,26,S6_E01,Shift 1,14,423,38,-3.0167097468037567,-3.003013866777452,True,True,,,,product_and_employee_anomaly
2015-08-03,6,19,26,S6_E02,Shift 2,12,423,38,-3.0167097468037567,-2.5336785743591226,True,False,,,,product_anomaly
2015-08-03,7,19,23,S7_E01,Full Day,23,423,35,-3.0167097468037567,-2.3966524315397892,True,False,,,,product_anomaly
2015-08-03,8,19,42,S8_E01,Shift 1,17,423,62,-3.0167097468037567,-2.893402768817878,True,False,,,,product_anomaly
2015-08-03,8,19,42,S8_E02,Shift 2,25,423,62,-3.0167097468037567,-2.405130863769209,True,False,,,,product_anomaly
2015-08-03,9,19,43,S9_E01,Shift 1,25,423,52,-3.0167097468037567,-2.4640677522246373,True,False,,,,product_anomaly
2015-08-03,9,19,43,S9_E02,Shift 2,18,423,52,-3.0167097468037567,-3.2324063857303305,True,True,,,,product_and_employee_anomaly
2015-08-03,10,19,32,S10_E01,Full Day,32,423,57,-3.0167097468037567,-2.654029610435547,True,False,,,,product_anomaly
2015-12-27,1,19,33,S1_E01,Shift 1,17,423,29,3.314211562053301,1.3369463521421616,True,False,,,,product_anomaly
2015-12-27,1,19,33,S1_E02,Shift 2,16,423,29,3.314211562053301,1.2392878328913894,True,False,,,,product_anomaly
2015-12-27,2,19,56,S2_E01,Shift 1,32,423,41,3.314211562053301,1.1847990291704888,True,False,,,,product_anomaly
2015-12-27,2,19,56,S2_E02,Shift 2,24,423,41,3.314211562053301,1.5393959523631684,True,False,,,,product_anomaly
2015-12-27,3,19,36,S3_E01,Shift 1,16,423,35,3.314211562053301,0.7720954929474174,True,False,,,,product_anomaly
2015-12-27,3,19,36,S3_E02,Shift 2,20,423,35,3.314211562053301,1.0400758609556546,True,False,,,,product_anomaly
2015-12-27,4,19,48,S4_E01,Full Day,48,423,35,3.314211562053301,1.1772798225054413,True,False,,,,product_anomaly
2015-12-27,5,19,39,S5_E01,Full Day,39,423,22,3.314211562053301,1.2495323449314502,True,False,,,,product_anomaly
2015-12-27,6,19,31,S6_E01,Shift 1,15,423,25,3.314211562053301,2.0022995393798158,True,False,,,,product_anomaly
2015-12-27,6,19,31,S6_E02,Shift 2,16,423,25,3.314211562053301,1.2987443869277686,True,False,,,,product_anomaly
2015-12-27,7,19,24,S7_E01,Full Day,24,423,23,3.314211562053301,1.3718846295170077,True,False,,,,product_anomaly
2015-12-27,8,19,42,S8_E01,Shift 1,23,423,38,3.314211562053301,1.568594626360021,True,False,,,,product_anomaly
2015-12-27,8,19,42,S8_E02,Shift 2,19,423,38,3.314211562053301,1.6461534779742526,True,False,,,,product_anomaly
2015-12-27,9,19,44,S9_E01,Shift 1,19,423,33,3.314211562053301,1.1848536637147298,True,False,,,,product_anomaly
2015-12-27,9,19,44,S9_E02,Shift 2,25,423,33,3.314211562053301,0.8960016581170797,True,False,,,,product_anomaly
2015-12-27,10,19,56,S10_E01,Full Day,56,423,36,3.314211562053301,1.39777290054475,True,False,,,,product_anomaly
2016-02-06,1,19,37,S1_E01,Shift 1,16,423,29,3.0828079569521165,1.4644967576155692,True,False,,,,product_anomaly
2016-02-06,1,19,37,S1_E02,Shift 2,21,423,29,3.0828079569521165,2.2643194343560906,True,False,,,,product_anomaly
2016-02-06,2,19,54,S2_E01,Shift 1,31,423,39,3.0828079569521165,1.1712102471163668,True,False,,,,product_anomaly
2016-02-06,2,19,54,S2_E02,Shift 2,23,423,39,3.0828079569521165,1.598644637802642,True,False,,,,product_anomaly
2016-02-06,3,19,43,S3_E01,Shift 1,22,423,34,3.0828079569521165,1.7531938048353515,True,False,,,,product_anomaly
2016-02-06,3,19,43,S3_E02,Shift 2,21,423,34,3.0828079569521165,2.088446401876736,True,False,,,,product_anomaly
2016-02-06,4,19,43,S4_E01,Full Day,43,423,31,3.0828079569521165,1.4917055040907194,True,False,,,,product_anomaly
2016-02-06,5,19,36,S5_E01,Full Day,36,423,23,3.0828079569521165,1.6282382952693906,True,False,,,,product_anomaly
2016-02-06,6,19,26,S6_E01,Shift 1,13,423,23,3.0828079569521165,1.9025429647610512,True,False,,,,product_anomaly
2016-02-06,6,19,26,S6_E02,Shift 2,13,423,23,3.0828079569521165,2.297840879636711,True,False,,,,product_anomaly
2016-02-06,7,19,24,S7_E01,Full Day,24,423,21,3.0828079569521165,1.5327593354431113,True,False,,,,product_anomaly
2016-02-06,8,19,50,S8_E01,Shift 1,28,423,37,3.0828079569521165,1.1367218471486908,True,False,,,,product_anomaly
2016-02-06,8,19,50,S8_E02,Shift 2,22,423,37,3.0828079569521165,1.7282220010082867,True,False,,,,product_anomaly
2016-02-06,9,19,39,S9_E01,Shift 1,23,423,31,3.0828079569521165,1.5619705719907206,True,False,,,,product_anomaly
2016-02-06,9,19,39,S9_E02,Shift 2,16,423,31,3.0828079569521165,2.0048319026635903,True,False,,,,product_anomaly
2016-02-06,10,19,37,S10_E01,Full Day,37,423,35,3.0828079569521165,1.7537369698291052,True,False,,,,product_anomaly
2016-08-27,1,19,61,S1_E01,Shift 1,28,423,46,3.2678509305407326,1.0959789397408415,True,False,,,,product_anomaly
2016-08-27,1,19,61,S1_E02,Shift 2,33,423,46,3.2678509305407326,0.8926377881849468,True,False,,,,product_anomaly
2016-08-27,2,19,74,S2_E01,Shift 1,40,423,63,3.2678509305407326,0.9599221799600509,True,False,,,,product_anomaly
2016-08-27,2,19,74,S2_E02,Shift 2,34,423,63,3.2678509305407326,0.8578412465427813,True,False,,,,product_anomaly
2016-08-27,3,19,82,S3_E01,Shift 1,48,423,56,3.2678509305407326,0.7720310401946068,True,False,,,,product_anomaly
2016-08-27,3,19,82,S3_E02,Shift 2,34,423,56,3.2678509305407326,1.0696547965678582,True,False,,,,product_anomaly
2016-08-27,4,19,56,S4_E01,Full Day,56,423,53,3.2678509305407326,0.9585329354761497,True,False,,,,product_anomaly
2016-08-27,5,19,41,S5_E01,Full Day,41,423,37,3.2678509305407326,0.7977630378210009,True,False,,,,product_anomaly
2016-08-27,6,19,39,S6_E01,Shift 1,23,423,38,3.2678509305407326,0.5051773306662439,True,False,,,,product_anomaly
2016-08-27,6,19,39,S6_E02,Shift 2,16,423,38,3.2678509305407326,0.9676981970161953,True,False,,,,product_anomaly
2016-08-27,7,19,37,S7_E01,Full Day,37,423,36,3.2678509305407326,1.089528784529244,True,False,,,,product_anomaly
2016-08-27,8,19,83,S8_E01,Shift 1,37,423,61,3.2678509305407326,0.8176820381871921,True,False,,,,product_anomaly
2016-08-27,8,19,83,S8_E02,Shift 2,46,423,61,3.2678509305407326,1.0436056375726648,True,False,,,,product_anomaly
2016-08-27,9,19,63,S9_E01,Shift 1,37,423,51,3.2678509305407326,0.9040436311519137,True,False,,,,product_anomaly
2016-08-27,9,19,63,S9_E02,Shift 2,26,423,51,3.2678509305407326,0.7364014020948743,True,False,,,,product_anomaly
2016-08-27,10,19,58,S10_E01,Full Day,58,423,58,3.2678509305407326,0.9940280303536958,True,False,,,,product_anomaly
2016-12-05,1,19,21,S1_E01,Shift 1,12,423,40,-3.7151181398329802,-2.4321396159735382,True,False,,,,product_anomaly
2016-12-05,1,19,21,S1_E02,Shift 2,9,423,40,-3.7151181398329802,-2.580461211183038,True,False,,,,product_anomaly
2016-12-05,2,19,29,S2_E01,Shift 1,12,423,57,-3.7151181398329802,-3.039797685865822,True,True,,,,product_and_employee_anomaly
2016-12-05,2,19,29,S2_E02,Shift 2,17,423,57,-3.7151181398329802,-2.8411273492839912,True,False,,,,product_anomaly
2016-12-05,3,19,37,S3_E01,Shift 1,21,423,50,-3.7151181398329802,-2.6334758693639126,True,False,,,,product_anomaly
2016-12-05,3,19,37,S3_E02,Shift 2,16,423,50,-3.7151181398329802,-2.870138019802202,True,False,,,,product_anomaly
2016-12-05,4,19,25,S4_E01,Full Day,25,423,49,-3.7151181398329802,-2.803773742586649,True,False,,,,product_anomaly
2016-12-05,5,19,17,S5_E01,Full Day,17,423,35,-3.7151181398329802,-2.639685670948698,True,False,,,,product_anomaly
2016-12-05,6,19,22,S6_E01,Shift 1,10,423,34,-3.7151181398329802,-3.552929269017943,True,True,,,,product_and_employee_anomaly
2016-12-05,6,19,22,S6_E02,Shift 2,12,423,34,-3.7151181398329802,-2.6336470607013553,True,False,,,,product_anomaly
2016-12-05,7,19,13,S7_E01,Full Day,13,423,33,-3.7151181398329802,-3.1441222038535632,True,True,,,,product_and_employee_anomaly
2016-12-05,8,19,25,S8_E01,Shift 1,13,423,54,-3.7151181398329802,-3.7685143438139015,True,True,,,,product_and_employee_anomaly
2016-12-05,8,19,25,S8_E02,Shift 2,12,423,54,-3.7151181398329802,-3.111510025863777,True,True,,,,product_and_employee_anomaly
2016-12-05,9,19,23,S9_E01,Shift 1,10,423,46,-3.7151181398329802,-2.9300684022247934,True,False,,,,product_anomaly
2016-12-05,9,19,23,S9_E02,Shift 2,13,423,46,-3.7151181398329802,-3.3474208166871384,True,True,,,,product_and_employee_anomaly
2016-12-05,10,19,28,S10_E01,Full Day,28,423,50,-3.7151181398329802,-3.2437638134469884,True,True,,,,product_and_employee_anomaly
2017-04-01,1,19,50,S1_E01,Shift 1,27,423,36,2.4052008779894183,3.05140781233218,False,True,,,,employee_anomaly
2017-12-04,1,19,23,S1_E01,Shift 1,10,423,44,-3.635864616216884,-3.566924808659965,True,True,,,,product_and_employee_anomaly
2017-12-04,1,19,23,S1_E02,Shift 2,13,423,44,-3.635864616216884,-3.439934189042974,True,True,,,,product_and_employee_anomaly
2017-12-04,2,19,38,S2_E01,Shift 1,23,423,58,-3.635864616216884,-3.4289887985334744,True,True,,,,product_and_employee_anomaly
2017-12-04,2,19,38,S2_E02,Shift 2,15,423,58,-3.635864616216884,-3.42560784986891,True,True,,,,product_and_employee_anomaly
2017-12-04,3,19,25,S3_E01,Shift 1,11,423,53,-3.635864616216884,-4.010676658948157,True,True,,,,product_and_employee_anomaly
2017-12-04,3,19,25,S3_E02,Shift 2,14,423,53,-3.635864616216884,-3.2163317411983594,True,True,,,,product_and_employee_anomaly
2017-12-04,4,19,24,S4_E01,Full Day,24,423,50,-3.635864616216884,-3.284111898833113,True,True,,,,product_and_employee_anomaly
2017-12-04,5,19,25,S5_E01,Full Day,25,423,35,-3.635864616216884,-3.2458225710762023,True,True,,,,product_and_employee_anomaly
2017-12-04,6,19,15,S6_E01,Shift 1,6,423,34,-3.635864616216884,-3.2986405964081293,True,True,,,,product_and_employee_anomaly
2017-12-04,6,19,15,S6_E02,Shift 2,9,423,34,-3.635864616216884,-3.3301889302159635,True,True,,,,product_and_employee_anomaly
2017-12-04,7,19,18,S7_E01,Full Day,18,423,35,-3.635864616216884,-3.144474792045703,True,True,,,,product_and_employee_anomaly
2017-12-04,8,19,36,S8_E01,Shift 1,20,423,60,-3.635864616216884,-3.5723822669368586,True,True,,,,product_and_employee_anomaly
2017-12-04,8,19,36,S8_E02,Shift 2,16,423,60,-3.635864616216884,-3.58582252955439,True,True,,,,product_and_employee_anomaly
2017-12-04,9,19,29,S9_E01,Shift 1,12,423,46,-3.635864616216884,-3.189292177224606,True,True,,,,product_and_employee_anomaly
2017-12-04,9,19,29,S9_E02,Shift 2,17,423,46,-3.635864616216884,-3.1563508443071124,True,True,,,,product_and_employee_anomaly
2017-12-04,10,19,30,S10_E01,Full Day,30,423,52,-3.635864616216884,-3.105707653984013,True,True,,,,product_and_employee_anomaly
2013-04-08,1,20,29,S1_E01,Shift 1,16,236,35,-4.127139377176936,-1.7632364809402934,True,False,,,,product_anomaly
2013-04-08,1,20,29,S1_E02,Shift 2,13,236,35,-4.127139377176936,-1.7684654870224445,True,False,,,,product_anomaly
2013-04-08,2,20,46,S2_E01,Shift 1,19,236,48,-4.127139377176936,-1.9425006191080438,True,False,,,,product_anomaly
2013-04-08,2,20,46,S2_E02,Shift 2,27,236,48,-4.127139377176936,-1.6480471619765642,True,False,,,,product_anomaly
2013-04-08,3,20,30,S3_E01,Shift 1,13,236,42,-4.127139377176936,-1.8022055124971665,True,False,,,,product_anomaly
2013-04-08,3,20,30,S3_E02,Shift 2,17,236,42,-4.127139377176936,-1.6677189282635034,True,False,,,,product_anomaly
2013-04-08,4,20,28,S4_E01,Full Day,28,236,40,-4.127139377176936,-1.4943101527812412,True,False,,,,product_anomaly
2013-04-08,5,20,25,S5_E01,Full Day,25,236,28,-4.127139377176936,-1.6282612189071615,True,False,,,,product_anomaly
2013-04-08,6,20,23,S6_E01,Shift 1,10,236,28,-4.127139377176936,-1.5874980342810303,True,False,,,,product_anomaly
2013-04-08,6,20,23,S6_E02,Shift 2,13,236,28,-4.127139377176936,-1.5065844378297901,True,False,,,,product_anomaly
2013-04-08,7,20,24,S7_E01,Full Day,24,236,28,-4.127139377176936,-1.3210641854173082,True,False,,,,product_anomaly
2013-04-08,8,20,38,S8_E01,Shift 1,22,236,46,-4.127139377176936,-1.226444447304785,True,False,,,,product_anomaly
2013-04-08,8,20,38,S8_E02,Shift 2,16,236,46,-4.127139377176936,-1.147161154125207,True,False,,,,product_anomaly
2013-04-08,9,20,27,S9_E01,Shift 1,14,236,42,-4.127139377176936,-1.925879237662118,True,False,,,,product_anomaly
2013-04-08,9,20,27,S9_E02,Shift 2,13,236,42,-4.127139377176936,-1.4865673002010245,True,False,,,,product_anomaly
2013-04-08,10,20,38,S10_E01,Full Day,38,236,43,-4.127139377176936,-1.6802106539345616,True,False,,,,product_anomaly
2013-08-05,2,20,46,S2_E01,Shift 1,26,236,65,-1.7116771030377838,-3.037931708682254,False,True,,,,employee_anomaly
2013-08-05,2,20,46,S2_E02,Shift 2,20,236,65,-1.7116771030377838,-3.4857102754090485,False,True,,,,employee_anomaly
2013-12-02,1,20,24,S1_E01,Shift 1,10,236,39,-4.405583517146481,-3.1254292363912257,True,True,,,,product_and_employee_anomaly
2013-12-02,1,20,24,S1_E02,Shift 2,14,236,39,-4.405583517146481,-2.851006355389951,True,False,,,,product_anomaly
2013-12-02,2,20,26,S2_E01,Shift 1,14,236,52,-4.405583517146481,-3.412450649859274,True,True,,,,product_and_employee_anomaly
2013-12-02,2,20,26,S2_E02,Shift 2,12,236,52,-4.405583517146481,-3.2785932441135652,True,True,,,,product_and_employee_anomaly
2013-12-02,3,20,21,S3_E01,Shift 1,9,236,46,-4.405583517146481,-3.2501487509139597,True,True,,,,product_and_employee_anomaly
2013-12-02,3,20,21,S3_E02,Shift 2,12,236,46,-4.405583517146481,-3.4328063228458867,True,True,,,,product_and_employee_anomaly
2013-12-02,4,20,22,S4_E01,Full Day,22,236,44,-4.405583517146481,-3.448513956982832,True,True,,,,product_and_employee_anomaly
2013-12-02,5,20,14,S5_E01,Full Day,14,236,32,-4.405583517146481,-3.1959090536893515,True,True,,,,product_and_employee_anomaly
2013-12-02,6,20,27,S6_E01,Shift 1,12,236,33,-4.405583517146481,-2.8345600406685025,True,False,,,,product_anomaly
2013-12-02,6,20,27,S6_E02,Shift 2,15,236,33,-4.405583517146481,-3.0818675698167812,True,True,,,,product_and_employee_anomaly
2013-12-02,7,20,21,S7_E01,Full Day,21,236,30,-4.405583517146481,-2.9208666389824898,True,False,,,,product_anomaly
2013-12-02,8,20,29,S8_E01,Shift 1,16,236,51,-4.405583517146481,-3.3597203284094452,True,True,,,,product_and_employee_anomaly
2013-12-02,8,20,29,S8_E02,Shift 2,13,236,51,-4.405583517146481,-3.335819773959348,True,True,,,,product_and_employee_anomaly
2013-12-02,9,20,21,S9_E01,Shift 1,11,236,44,-4.405583517146481,-3.305771183792513,True,True,,,,product_and_employee_anomaly
2013-12-02,9,20,21,S9_E02,Shift 2,10,236,44,-4.405583517146481,-3.696275698428471,True,True,,,,product_and_employee_anomaly
2013-12-02,10,20,30,S10_E01,Full Day,30,236,45,-4.405583517146481,-3.0878038047354686,True,True,,,,product_and_employee_anomaly
2014-03-01,2,20,53,S2_E01,Shift 1,30,236,44,2.374855669812354,3.349005610782279,False,True,,,,employee_anomaly
2014-03-01,5,20,44,S5_E01,Full Day,44,236,27,2.374855669812354,3.306479451837381,False,True,,,,employee_anomaly
2014-08-04,1,20,41,S1_E01,Shift 1,21,236,51,-4.087725276235401,-2.5453580386408605,True,False,,,,product_anomaly
2014-08-04,1,20,41,S1_E02,Shift 2,20,236,51,-4.087725276235401,-2.806490994281361,True,False,,,,product_anomaly
2014-08-04,2,20,60,S2_E01,Shift 1,29,236,75,-4.087725276235401,-3.2958565872574868,True,True,,,,product_and_employee_anomaly
2014-08-04,2,20,60,S2_E02,Shift 2,31,236,75,-4.087725276235401,-2.3253581907705634,True,False,,,,product_anomaly
2014-08-04,3,20,50,S3_E01,Shift 1,23,236,63,-4.087725276235401,-2.9193847507418793,True,False,,,,product_anomaly
2014-08-04,3,20,50,S3_E02,Shift 2,27,236,63,-4.087725276235401,-2.9764440225122466,True,False,,,,product_anomaly
2014-08-04,4,20,43,S4_E01,Full Day,43,236,59,-4.087725276235401,-3.1397631376093593,True,True,,,,product_and_employee_anomaly
2014-08-04,5,20,34,S5_E01,Full Day,34,236,47,-4.087725276235401,-3.2173712129452325,True,True,,,,product_and_employee_anomaly
2014-08-04,6,20,34,S6_E01,Shift 1,18,236,45,-4.087725276235401,-2.2070237185490025,True,False,,,,product_anomaly
2014-08-04,6,20,34,S6_E02,Shift 2,16,236,45,-4.087725276235401,-3.5017544264003857,True,True,,,,product_and_employee_anomaly
2014-08-04,7,20,39,S7_E01,Full Day,39,236,39,-4.087725276235401,-3.4459186430311015,True,True,,,,product_and_employee_anomaly
2014-08-04,8,20,55,S8_E01,Shift 1,26,236,71,-4.087725276235401,-3.8062041584640642,True,True,,,,product_and_employee_anomaly
2014-08-04,8,20,55,S8_E02,Shift 2,29,236,71,-4.087725276235401,-3.16064441974807,True,True,,,,product_and_employee_anomaly
2014-08-04,9,20,32,S9_E01,Shift 1,15,236,64,-4.087725276235401,-2.838026611374916,True,False,,,,product_anomaly
2014-08-04,9,20,32,S9_E02,Shift 2,17,236,64,-4.087725276235401,-2.777144381847396,True,False,,,,product_anomaly
2014-08-04,10,20,35,S10_E01,Full Day,35,236,65,-4.087725276235401,-2.9356516212828705,True,False,,,,product_anomaly
2014-12-01,1,20,26,S1_E01,Shift 1,15,236,43,-2.5475234833276996,-3.1060032038113756,False,True,,,,employee_anomaly
2014-12-01,1,20,26,S1_E02,Shift 2,11,236,43,-2.5475234833276996,-3.2257952791105735,False,True,,,,employee_anomaly
2014-12-01,2,20,28,S2_E01,Shift 1,12,236,62,-2.5475234833276996,-3.2103767532981733,False,True,,,,employee_anomaly
2014-12-01,3,20,34,S3_E01,Shift 1,15,236,56,-2.5475234833276996,-3.6842826003636517,False,True,,,,employee_anomaly
2014-12-01,3,20,34,S3_E02,Shift 2,19,236,56,-2.5475234833276996,-3.7643534802102665,False,True,,,,employee_anomaly
2014-12-01,4,20,35,S4_E01,Full Day,35,236,51,-2.5475234833276996,-3.5292108233300348,False,True,,,,employee_anomaly
2014-12-01,5,20,21,S5_E01,Full Day,21,236,37,-2.5475234833276996,-3.5544771735009846,False,True,,,,employee_anomaly
2014-12-01,6,20,28,S6_E02,Shift 2,13,236,36,-2.5475234833276996,-3.2677552992025225,False,True,,,,employee_anomaly
2014-12-01,7,20,17,S7_E01,Full Day,17,236,34,-2.5475234833276996,-3.4795612216587277,False,True,,,,employee_anomaly
2014-12-01,8,20,36,S8_E02,Shift 2,20,236,59,-2.5475234833276996,-3.156889714158979,False,True,,,,employee_anomaly
2014-12-01,9,20,43,S9_E01,Shift 1,24,236,52,-2.5475234833276996,-3.0877445136207187,False,True,,,,employee_anomaly
2014-12-01,10,20,30,S10_E01,Full Day,30,236,54,-2.5475234833276996,-3.4995746414918427,False,True,,,,employee_anomaly
2015-02-01,1,20,41,S1_E01,Shift 1,23,236,28,1.5649943217593427,3.0557660597940646,False,True,,,,employee_anomaly
2015-03-01,1,20,48,S1_E01,Shift 1,26,236,33,3.3595030688431877,3.2063842092808192,True,True,,,,product_and_employee_anomaly
2015-03-01,1,20,48,S1_E02,Shift 2,22,236,33,3.3595030688431877,2.7011350015772067,True,False,,,,product_anomaly
2015-03-01,2,20,63,S2_E01,Shift 1,30,236,47,3.3595030688431877,3.1204913155838128,True,True,,,,product_and_employee_anomaly
2015-03-01,2,20,63,S2_E02,Shift 2,33,236,47,3.3595030688431877,2.9504051632544526,True,False,,,,product_anomaly
2015-03-01,3,20,74,S3_E01,Shift 1,33,236,41,3.3595030688431877,2.94608151148025,True,False,,,,product_anomaly
2015-03-01,3,20,74,S3_E02,Shift 2,41,236,41,3.3595030688431877,3.4103721242964737,True,True,,,,product_and_employee_anomaly
2015-03-01,4,20,75,S4_E01,Full Day,75,236,38,3.3595030688431877,3.1596518128314997,True,True,,,,product_and_employee_anomaly
2015-03-01,5,20,41,S5_E01,Full Day,41,236,26,3.3595030688431877,3.6387722164072245,True,True,,,,product_and_employee_anomaly
2015-03-01,6,20,42,S6_E01,Shift 1,25,236,27,3.3595030688431877,3.2783227914473976,True,True,,,,product_and_employee_anomaly
2015-03-01,6,20,42,S6_E02,Shift 2,17,236,27,3.3595030688431877,3.6075677552682435,True,True,,,,product_and_employee_anomaly
2015-03-01,7,20,35,S7_E01,Full Day,35,236,24,3.3595030688431877,2.8190730739031222,True,False,,,,product_anomaly
2015-03-01,8,20,62,S8_E01,Shift 1,27,236,44,3.3595030688431877,3.332540228908305,True,True,,,,product_and_employee_anomaly
2015-03-01,8,20,62,S8_E02,Shift 2,35,236,44,3.3595030688431877,3.009029860439897,True,True,,,,product_and_employee_anomaly
2015-03-01,9,20,47,S9_E01,Shift 1,23,236,37,3.3595030688431877,3.562831793884845,True,True,,,,product_and_employee_anomaly
2015-03-01,9,20,47,S9_E02,Shift 2,24,236,37,3.3595030688431877,3.0689769065072365,True,True,,,,product_and_employee_anomaly
2015-03-01,10,20,78,S10_E01,Full Day,78,236,41,3.3595030688431877,3.035766134572765,True,True,,,,product_and_employee_anomaly
2015-08-03,3,20,65,S3_E01,Shift 1,36,236,71,-1.2403407430842757,-3.230471200097007,False,True,,,,employee_anomaly
2015-08-03,3,20,65,S3_E02,Shift 2,29,236,71,-1.2403407430842757,-3.0968220305556833,False,True,,,,employee_anomaly
2015-08-03,6,20,37,S6_E01,Shift 1,21,236,47,-1.2403407430842757,-3.003013866777452,False,True,,,,employee_anomaly
2015-08-03,9,20,54,S9_E02,Shift 2,22,236,64,-1.2403407430842757,-3.2324063857303305,False,True,,,,employee_anomaly
2016-12-05,1,20,28,S1_E01,Shift 1,16,236,47,-3.2196942418096524,-2.4321396159735382,True,False,,,,product_anomaly
2016-12-05,1,20,28,S1_E02,Shift 2,12,236,47,-3.2196942418096524,-2.580461211183038,True,False,,,,product_anomaly
2016-12-05,2,20,32,S2_E01,Shift 1,13,236,69,-3.2196942418096524,-3.039797685865822,True,True,,,,product_and_employee_anomaly
2016-12-05,2,20,32,S2_E02,Shift 2,19,236,69,-3.2196942418096524,-2.8411273492839912,True,False,,,,product_anomaly
2016-12-05,3,20,38,S3_E01,Shift 1,19,236,58,-3.2196942418096524,-2.6334758693639126,True,False,,,,product_anomaly
2016-12-05,3,20,38,S3_E02,Shift 2,19,236,58,-3.2196942418096524,-2.870138019802202,True,False,,,,product_anomaly
2016-12-05,4,20,28,S4_E01,Full Day,28,236,55,-3.2196942418096524,-2.803773742586649,True,False,,,,product_anomaly
2016-12-05,5,20,20,S5_E01,Full Day,20,236,38,-3.2196942418096524,-2.639685670948698,True,False,,,,product_anomaly
2016-12-05,6,20,18,S6_E01,Shift 1,10,236,40,-3.2196942418096524,-3.552929269017943,True,True,,,,product_and_employee_anomaly
2016-12-05,6,20,18,S6_E02,Shift 2,8,236,40,-3.2196942418096524,-2.6336470607013553,True,False,,,,product_anomaly
2016-12-05,7,20,18,S7_E01,Full Day,18,236,38,-3.2196942418096524,-3.1441222038535632,True,True,,,,product_and_employee_anomaly
2016-12-05,8,20,35,S8_E01,Shift 1,19,236,68,-3.2196942418096524,-3.7685143438139015,True,True,,,,product_and_employee_anomaly
2016-12-05,8,20,35,S8_E02,Shift 2,16,236,68,-3.2196942418096524,-3.111510025863777,True,True,,,,product_and_employee_anomaly
2016-12-05,9,20,31,S9_E01,Shift 1,17,236,54,-3.2196942418096524,-2.9300684022247934,True,False,,,,product_anomaly
2016-12-05,9,20,31,S9_E02,Shift 2,14,236,54,-3.2196942418096524,-3.3474208166871384,True,True,,,,product_and_employee_anomaly
2016-12-05,10,20,30,S10_E01,Full Day,30,236,59,-3.2196942418096524,-3.2437638134469884,True,True,,,,product_and_employee_anomaly
2017-04-01,1,20,60,S1_E01,Shift 1,31,236,46,2.1883238308335105,3.05140781233218,False,True,,,,employee_anomaly
2017-12-04,1,20,19,S1_E01,Shift 1,9,236,50,-2.989541438736852,-3.566924808659965,False,True,,,,employee_anomaly
2017-12-04,1,20,19,S1_E02,Shift 2,10,236,50,-2.989541438736852,-3.439934189042974,False,True,,,,employee_anomaly
2017-12-04,2,20,33,S2_E01,Shift 1,15,236,71,-2.989541438736852,-3.4289887985334744,False,True,,,,employee_anomaly
2017-12-04,2,20,33,S2_E02,Shift 2,18,236,71,-2.989541438736852,-3.42560784986891,False,True,,,,employee_anomaly
2017-12-04,3,20,37,S3_E01,Shift 1,17,236,64,-2.989541438736852,-4.010676658948157,False,True,,,,employee_anomaly
2017-12-04,3,20,37,S3_E02,Shift 2,20,236,64,-2.989541438736852,-3.2163317411983594,False,True,,,,employee_anomaly
2017-12-04,4,20,39,S4_E01,Full Day,39,236,59,-2.989541438736852,-3.284111898833113,False,True,,,,employee_anomaly
2017-12-04,5,20,28,S5_E01,Full Day,28,236,41,-2.989541438736852,-3.2458225710762023,False,True,,,,employee_anomaly
2017-12-04,6,20,23,S6_E01,Shift 1,12,236,45,-2.989541438736852,-3.2986405964081293,False,True,,,,employee_anomaly
2017-12-04,6,20,23,S6_E02,Shift 2,11,236,45,-2.989541438736852,-3.3301889302159635,False,True,,,,employee_anomaly
2017-12-04,7,20,16,S7_E01,Full Day,16,236,39,-2.989541438736852,-3.144474792045703,False,True,,,,employee_anomaly
2017-12-04,8,20,45,S8_E01,Shift 1,23,236,64,-2.989541438736852,-3.5723822669368586,False,True,,,,employee_anomaly
2017-12-04,8,20,45,S8_E02,Shift 2,22,236,64,-2.989541438736852,-3.58582252955439,False,True,,,,employee_anomaly
2017-12-04,9,20,36,S9_E01,Shift 1,17,236,59,-2.989541438736852,-3.189292177224606,False,True,,,,employee_anomaly
2017-12-04,9,20,36,S9_E02,Shift 2,19,236,59,-2.989541438736852,-3.1563508443071124,False,True,,,,employee_anomaly
2017-12-04,10,20,30,S10_E01,Full Day,30,236,61,-2.989541438736852,-3.105707653984013,False,True,,,,employee_anomaly
2013-03-01,1,21,30,S1_E01,Shift 1,14,260,24,3.0169120358516306,2.074690228680253,True,False,,,,product_anomaly
2013-03-01,1,21,30,S1_E02,Shift 2,16,260,24,3.0169120358516306,2.331068838866847,True,False,,,,product_anomaly
2013-03-01,2,21,38,S2_E01,Shift 1,22,260,32,3.0169120358516306,2.1822720795452852,True,False,,,,product_anomaly
2013-03-01,2,21,38,S2_E02,Shift 2,16,260,32,3.0169120358516306,1.975851852342069,True,False,,,,product_anomaly
2013-03-01,3,21,40,S3_E01,Shift 1,22,260,28,3.0169120358516306,2.0066794363270857,True,False,,,,product_anomaly
2013-03-01,3,21,40,S3_E02,Shift 2,18,260,28,3.0169120358516306,1.3514044443112787,True,False,,,,product_anomaly
2013-03-01,4,21,42,S4_E01,Full Day,42,260,28,3.0169120358516306,1.8722367085890967,True,False,,,,product_anomaly
2013-03-01,5,21,16,S5_E01,Full Day,16,260,20,3.0169120358516306,2.2739000103022433,True,False,,,,product_anomaly
2013-03-01,6,21,43,S6_E01,Shift 1,18,260,18,3.0169120358516306,2.719586971233084,True,False,,,,product_anomaly
2013-03-01,6,21,43,S6_E02,Shift 2,25,260,18,3.0169120358516306,2.23076261156696,True,False,,,,product_anomaly
2013-03-01,7,21,13,S7_E01,Full Day,13,260,18,3.0169120358516306,1.920861026702784,True,False,,,,product_anomaly
2013-03-01,8,21,49,S8_E01,Shift 1,26,260,31,3.0169120358516306,2.9115199622816244,True,False,,,,product_anomaly
2013-03-01,8,21,49,S8_E02,Shift 2,23,260,31,3.0169120358516306,2.036067587360512,True,False,,,,product_anomaly
2013-03-01,9,21,46,S9_E01,Shift 1,22,260,24,3.0169120358516306,2.0430723613628916,True,False,,,,product_anomaly
2013-03-01,9,21,46,S9_E02,Shift 2,24,260,24,3.0169120358516306,2.0340936824617377,True,False,,,,product_anomaly
2013-03-01,10,21,30,S10_E01,Full Day,30,260,29,3.0169120358516306,1.7306432800325182,True,False,,,,product_anomaly
2013-08-05,2,21,31,S2_E01,Shift 1,18,260,57,-2.2354851156671582,-3.037931708682254,False,True,,,,employee_anomaly
2013-08-05,2,21,31,S2_E02,Shift 2,13,260,57,-2.2354851156671582,-3.4857102754090485,False,True,,,,employee_anomaly
2013-12-02,1,21,20,S1_E01,Shift 1,10,260,32,-2.7666026268709922,-3.1254292363912257,False,True,,,,employee_anomaly
2013-12-02,2,21,28,S2_E01,Shift 1,12,260,45,-2.7666026268709922,-3.412450649859274,False,True,,,,employee_anomaly
2013-12-02,2,21,28,S2_E02,Shift 2,16,260,45,-2.7666026268709922,-3.2785932441135652,False,True,,,,employee_anomaly
2013-12-02,3,21,24,S3_E01,Shift 1,13,260,42,-2.7666026268709922,-3.2501487509139597,False,True,,,,employee_anomaly
2013-12-02,3,21,24,S3_E02,Shift 2,11,260,42,-2.7666026268709922,-3.4328063228458867,False,True,,,,employee_anomaly
2013-12-02,4,21,26,S4_E01,Full Day,26,260,35,-2.7666026268709922,-3.448513956982832,False,True,,,,employee_anomaly
2013-12-02,5,21,21,S5_E01,Full Day,21,260,27,-2.7666026268709922,-3.1959090536893515,False,True,,,,employee_anomaly
2013-12-02,6,21,18,S6_E02,Shift 2,9,260,27,-2.7666026268709922,-3.0818675698167812,False,True,,,,employee_anomaly
2013-12-02,8,21,24,S8_E01,Shift 1,12,260,45,-2.7666026268709922,-3.3597203284094452,False,True,,,,employee_anomaly
2013-12-02,8,21,24,S8_E02,Shift 2,12,260,45,-2.7666026268709922,-3.335819773959348,False,True,,,,employee_anomaly
2013-12-02,9,21,23,S9_E01,Shift 1,12,260,38,-2.7666026268709922,-3.305771183792513,False,True,,,,employee_anomaly
2013-12-02,9,21,23,S9_E02,Shift 2,11,260,38,-2.7666026268709922,-3.696275698428471,False,True,,,,employee_anomaly
2013-12-02,10,21,24,S10_E01,Full Day,24,260,40,-2.7666026268709922,-3.0878038047354686,False,True,,,,employee_anomaly
2014-03-01,2,21,60,S2_E01,Shift 1,34,260,39,2.23007549379903,3.349005610782279,False,True,,,,employee_anomaly
2014-03-01,5,21,25,S5_E01,Full Day,25,260,22,2.23007549379903,3.306479451837381,False,True,,,,employee_anomaly
2014-08-04,1,21,31,S1_E01,Shift 1,18,260,46,-3.929276238296978,-2.5453580386408605,True,False,,,,product_anomaly
2014-08-04,1,21,31,S1_E02,Shift 2,13,260,46,-3.929276238296978,-2.806490994281361,True,False,,,,product_anomaly
2014-08-04,2,21,44,S2_E01,Shift 1,26,260,65,-3.929276238296978,-3.2958565872574868,True,True,,,,product_and_employee_anomaly
2014-08-04,2,21,44,S2_E02,Shift 2,18,260,65,-3.929276238296978,-2.3253581907705634,True,False,,,,product_anomaly
2014-08-04,3,21,32,S3_E01,Shift 1,16,260,55,-3.929276238296978,-2.9193847507418793,True,False,,,,product_anomaly
2014-08-04,3,21,32,S3_E02,Shift 2,16,260,55,-3.929276238296978,-2.9764440225122466,True,False,,,,product_anomaly
2014-08-04,4,21,28,S4_E01,Full Day,28,260,55,-3.929276238296978,-3.1397631376093593,True,True,,,,product_and_employee_anomaly
2014-08-04,5,21,31,S5_E01,Full Day,31,260,38,-3.929276238296978,-3.2173712129452325,True,True,,,,product_and_employee_anomaly
2014-08-04,6,21,26,S6_E01,Shift 1,14,260,37,-3.929276238296978,-2.2070237185490025,True,False,,,,product_anomaly
2014-08-04,6,21,26,S6_E02,Shift 2,12,260,37,-3.929276238296978,-3.5017544264003857,True,True,,,,product_and_employee_anomaly
2014-08-04,7,21,25,S7_E01,Full Day,25,260,33,-3.929276238296978,-3.4459186430311015,True,True,,,,product_and_employee_anomaly
2014-08-04,8,21,53,S8_E01,Shift 1,31,260,61,-3.929276238296978,-3.8062041584640642,True,True,,,,product_and_employee_anomaly
2014-08-04,8,21,53,S8_E02,Shift 2,22,260,61,-3.929276238296978,-3.16064441974807,True,True,,,,product_and_employee_anomaly
2014-08-04,9,21,32,S9_E01,Shift 1,13,260,51,-3.929276238296978,-2.838026611374916,True,False,,,,product_anomaly
2014-08-04,9,21,32,S9_E02,Shift 2,19,260,51,-3.929276238296978,-2.777144381847396,True,False,,,,product_anomaly
2014-08-04,10,21,40,S10_E01,Full Day,40,260,54,-3.929276238296978,-2.9356516212828705,True,False,,,,product_anomaly
2014-09-01,1,21,27,S1_E01,Shift 1,16,260,40,-3.279616052804392,-1.891205769442246,True,False,,,,product_anomaly
2014-09-01,1,21,27,S1_E02,Shift 2,11,260,40,-3.279616052804392,-1.969842981839144,True,False,,,,product_anomaly
2014-09-01,2,21,41,S2_E01,Shift 1,18,260,56,-3.279616052804392,-2.0453969707925466,True,False,,,,product_anomaly
2014-09-01,2,21,41,S2_E02,Shift 2,23,260,56,-3.279616052804392,-1.6827329353076417,True,False,,,,product_anomaly
2014-09-01,3,21,32,S3_E01,Shift 1,13,260,50,-3.279616052804392,-2.2913757622072564,True,False,,,,product_anomaly
2014-09-01,3,21,32,S3_E02,Shift 2,19,260,50,-3.279616052804392,-2.18442368852688,True,False,,,,product_anomaly
2014-09-01,4,21,28,S4_E01,Full Day,28,260,45,-3.279616052804392,-1.8687436775638042,True,False,,,,product_anomaly
2014-09-01,5,21,28,S5_E01,Full Day,28,260,32,-3.279616052804392,-2.222194616670216,True,False,,,,product_anomaly
2014-09-01,6,21,22,S6_E01,Shift 1,13,260,36,-3.279616052804392,-2.106108542708131,True,False,,,,product_anomaly
2014-09-01,6,21,22,S6_E02,Shift 2,9,260,36,-3.279616052804392,-2.101781178396426,True,False,,,,product_anomaly
2014-09-01,7,21,20,S7_E01,Full Day,20,260,33,-3.279616052804392,-1.7705245174736752,True,False,,,,product_anomaly
2014-09-01,8,21,39,S8_E01,Shift 1,18,260,53,-3.279616052804392,-1.666790541583957,True,False,,,,product_anomaly
2014-09-01,8,21,39,S8_E02,Shift 2,21,260,53,-3.279616052804392,-2.151142926684295,True,False,,,,product_anomaly
2014-09-01,9,21,38,S9_E01,Shift 1,18,260,46,-3.279616052804392,-2.008915639118341,True,False,,,,product_anomaly
2014-09-01,9,21,38,S9_E02,Shift 2,20,260,46,-3.279616052804392,-1.7849694300456085,True,False,,,,product_anomaly
2014-09-01,10,21,37,S10_E01,Full Day,37,260,50,-3.279616052804392,-1.7544514029459,True,False,,,,product_anomaly
2014-10-12,1,21,60,S1_E01,Shift 1,28,260,36,3.266851926306416,1.16119559415049,True,False,,,,product_anomaly
2014-10-12,1,21,60,S1_E02,Shift 2,32,260,36,3.266851926306416,1.8735026210392238,True,False,,,,product_anomaly
2014-10-12,2,21,58,S2_E01,Shift 1,27,260,51,3.266851926306416,1.199641352884337,True,False,,,,product_anomaly
2014-10-12,2,21,58,S2_E02,Shift 2,31,260,51,3.266851926306416,1.7733400093131368,True,False,,,,product_anomaly
2014-10-12,3,21,55,S3_E01,Shift 1,32,260,46,3.266851926306416,1.46519848900155,True,False,,,,product_anomaly
2014-10-12,3,21,55,S3_E02,Shift 2,23,260,46,3.266851926306416,2.0237422597208754,True,False,,,,product_anomaly
2014-10-12,4,21,44,S4_E01,Full Day,44,260,44,3.266851926306416,1.5385314492232374,True,False,,,,product_anomaly
2014-10-12,5,21,25,S5_E01,Full Day,25,260,30,3.266851926306416,1.413293470223025,True,False,,,,product_anomaly
2014-10-12,6,21,40,S6_E01,Shift 1,21,260,30,3.266851926306416,1.1257698196075703,True,False,,,,product_anomaly
2014-10-12,6,21,40,S6_E02,Shift 2,19,260,30,3.266851926306416,1.339342955488132,True,False,,,,product_anomaly
2014-10-12,7,21,31,S7_E01,Full Day,31,260,26,3.266851926306416,1.044400403487485,True,False,,,,product_anomaly
2014-10-12,8,21,54,S8_E01,Shift 1,27,260,49,3.266851926306416,1.161338827253393,True,False,,,,product_anomaly
2014-10-12,8,21,54,S8_E02,Shift 2,27,260,49,3.266851926306416,1.4223417861110472,True,False,,,,product_anomaly
2014-10-12,9,21,46,S9_E01,Shift 1,24,260,42,3.266851926306416,1.8101364124494357,True,False,,,,product_anomaly
2014-10-12,9,21,46,S9_E02,Shift 2,22,260,42,3.266851926306416,1.3081805962070514,True,False,,,,product_anomaly
2014-10-12,10,21,41,S10_E01,Full Day,41,260,46,3.266851926306416,1.3456026256379632,True,False,,,,product_anomaly
2014-12-01,1,21,21,S1_E01,Shift 1,10,260,36,-2.750542509212403,-3.1060032038113756,False,True,,,,employee_anomaly
2014-12-01,1,21,21,S1_E02,Shift 2,11,260,36,-2.750542509212403,-3.2257952791105735,False,True,,,,employee_anomaly
2014-12-01,2,21,33,S2_E01,Shift 1,14,260,54,-2.750542509212403,-3.2103767532981733,False,True,,,,employee_anomaly
2014-12-01,3,21,34,S3_E01,Shift 1,14,260,47,-2.750542509212403,-3.6842826003636517,False,True,,,,employee_anomaly
2014-12-01,3,21,34,S3_E02,Shift 2,20,260,47,-2.750542509212403,-3.7643534802102665,False,True,,,,employee_anomaly
2014-12-01,4,21,21,S4_E01,Full Day,21,260,42,-2.750542509212403,-3.5292108233300348,False,True,,,,employee_anomaly
2014-12-01,5,21,24,S5_E01,Full Day,24,260,32,-2.750542509212403,-3.5544771735009846,False,True,,,,employee_anomaly
2014-12-01,6,21,15,S6_E02,Shift 2,8,260,32,-2.750542509212403,-3.2677552992025225,False,True,,,,employee_anomaly
2014-12-01,7,21,14,S7_E01,Full Day,14,260,29,-2.750542509212403,-3.4795612216587277,False,True,,,,employee_anomaly
2014-12-01,8,21,32,S8_E02,Shift 2,19,260,48,-2.750542509212403,-3.156889714158979,False,True,,,,employee_anomaly
2014-12-01,9,21,27,S9_E01,Shift 1,12,260,45,-2.750542509212403,-3.0877445136207187,False,True,,,,employee_anomaly
2014-12-01,10,21,29,S10_E01,Full Day,29,260,46,-2.750542509212403,-3.4995746414918427,False,True,,,,employee_anomaly
2015-02-01,1,21,34,S1_E01,Shift 1,20,260,26,2.0229685376659563,3.0557660597940646,False,True,,,,employee_anomaly
2015-03-01,1,21,29,S1_E01,Shift 1,15,260,29,2.969584474156766,3.2063842092808192,False,True,,,,employee_anomaly
2015-03-01,2,21,57,S2_E01,Shift 1,31,260,40,2.969584474156766,3.1204913155838128,False,True,,,,employee_anomaly
2015-03-01,3,21,52,S3_E02,Shift 2,27,260,34,2.969584474156766,3.4103721242964737,False,True,,,,employee_anomaly
2015-03-01,4,21,57,S4_E01,Full Day,57,260,31,2.969584474156766,3.1596518128314997,False,True,,,,employee_anomaly
2015-03-01,5,21,35,S5_E01,Full Day,35,260,23,2.969584474156766,3.6387722164072245,False,True,,,,employee_anomaly
2015-03-01,6,21,37,S6_E01,Shift 1,20,260,22,2.969584474156766,3.2783227914473976,False,True,,,,employee_anomaly
2015-03-01,6,21,37,S6_E02,Shift 2,17,260,22,2.969584474156766,3.6075677552682435,False,True,,,,employee_anomaly
2015-03-01,8,21,51,S8_E01,Shift 1,30,260,37,2.969584474156766,3.332540228908305,False,True,,,,employee_anomaly
2015-03-01,8,21,51,S8_E02,Shift 2,21,260,37,2.969584474156766,3.009029860439897,False,True,,,,employee_anomaly
2015-03-01,9,21,35,S9_E01,Shift 1,20,260,31,2.969584474156766,3.562831793884845,False,True,,,,employee_anomaly
2015-03-01,9,21,35,S9_E02,Shift 2,15,260,31,2.969584474156766,3.0689769065072365,False,True,,,,employee_anomaly
2015-03-01,10,21,49,S10_E01,Full Day,49,260,34,2.969584474156766,3.035766134572765,False,True,,,,employee_anomaly
2015-08-03,3,21,41,S3_E01,Shift 1,18,260,60,-1.902654170995893,-3.230471200097007,False,True,,,,employee_anomaly
2015-08-03,3,21,41,S3_E02,Shift 2,23,260,60,-1.902654170995893,-3.0968220305556833,False,True,,,,employee_anomaly
2015-08-03,6,21,23,S6_E01,Shift 1,11,260,41,-1.902654170995893,-3.003013866777452,False,True,,,,employee_anomaly
2015-08-03,9,21,52,S9_E02,Shift 2,28,260,55,-1.902654170995893,-3.2324063857303305,False,True,,,,employee_anomaly
2016-12-05,2,21,25,S2_E01,Shift 1,11,260,59,-2.5991517926953285,-3.039797685865822,False,True,,,,employee_anomaly
2016-12-05,6,21,18,S6_E01,Shift 1,11,260,34,-2.5991517926953285,-3.552929269017943,False,True,,,,employee_anomaly
2016-12-05,7,21,18,S7_E01,Full Day,18,260,34,-2.5991517926953285,-3.1441222038535632,False,True,,,,employee_anomaly
2016-12-05,8,21,35,S8_E01,Shift 1,20,260,56,-2.5991517926953285,-3.7685143438139015,False,True,,,,employee_anomaly
2016-12-05,8,21,35,S8_E02,Shift 2,15,260,56,-2.5991517926953285,-3.111510025863777,False,True,,,,employee_anomaly
2016-12-05,9,21,22,S9_E02,Shift 2,13,260,49,-2.5991517926953285,-3.3474208166871384,False,True,,,,employee_anomaly
2016-12-05,10,21,32,S10_E01,Full Day,32,260,48,-2.5991517926953285,-3.2437638134469884,False,True,,,,employee_anomaly
2017-04-01,1,21,47,S1_E01,Shift 1,26,260,36,2.366994860133529,3.05140781233218,False,True,,,,employee_anomaly
2017-12-04,1,21,16,S1_E01,Shift 1,7,260,43,-3.862835476635751,-3.566924808659965,True,True,,,,product_and_employee_anomaly
2017-12-04,1,21,16,S1_E02,Shift 2,9,260,43,-3.862835476635751,-3.439934189042974,True,True,,,,product_and_employee_anomaly
2017-12-04,2,21,38,S2_E01,Shift 1,17,260,62,-3.862835476635751,-3.4289887985334744,True,True,,,,product_and_employee_anomaly
2017-12-04,2,21,38,S2_E02,Shift 2,21,260,62,-3.862835476635751,-3.42560784986891,True,True,,,,product_and_employee_anomaly
2017-12-04,3,21,28,S3_E01,Shift 1,15,260,52,-3.862835476635751,-4.010676658948157,True,True,,,,product_and_employee_anomaly
2017-12-04,3,21,28,S3_E02,Shift 2,13,260,52,-3.862835476635751,-3.2163317411983594,True,True,,,,product_and_employee_anomaly
2017-12-04,4,21,23,S4_E01,Full Day,23,260,47,-3.862835476635751,-3.284111898833113,True,True,,,,product_and_employee_anomaly
2017-12-04,5,21,13,S5_E01,Full Day,13,260,36,-3.862835476635751,-3.2458225710762023,True,True,,,,product_and_employee_anomaly
2017-12-04,6,21,25,S6_E01,Shift 1,11,260,35,-3.862835476635751,-3.2986405964081293,True,True,,,,product_and_employee_anomaly
2017-12-04,6,21,25,S6_E02,Shift 2,14,260,35,-3.862835476635751,-3.3301889302159635,True,True,,,,product_and_employee_anomaly
2017-12-04,7,21,10,S7_E01,Full Day,10,260,34,-3.862835476635751,-3.144474792045703,True,True,,,,product_and_employee_anomaly
2017-12-04,8,21,33,S8_E01,Shift 1,14,260,57,-3.862835476635751,-3.5723822669368586,True,True,,,,product_and_employee_anomaly
2017-12-04,8,21,33,S8_E02,Shift 2,19,260,57,-3.862835476635751,-3.58582252955439,True,True,,,,product_and_employee_anomaly
2017-12-04,9,21,24,S9_E01,Shift 1,12,260,50,-3.862835476635751,-3.189292177224606,True,True,,,,product_and_employee_anomaly
2017-12-04,9,21,24,S9_E02,Shift 2,12,260,50,-3.862835476635751,-3.1563508443071124,True,True,,,,product_and_employee_anomaly
2017-12-04,10,21,39,S10_E01,Full Day,39,260,53,-3.862835476635751,-3.105707653984013,True,True,,,,product_and_employee_anomaly
2013-08-05,2,22,81,S2_E01,Shift 1,43,198,112,-2.540256661311163,-3.037931708682254,False,True,,,,employee_anomaly
2013-08-05,2,22,81,S2_E02,Shift 2,38,198,112,-2.540256661311163,-3.4857102754090485,False,True,,,,employee_anomaly
2013-12-02,1,22,41,S1_E01,Shift 1,22,198,63,-3.533752095417743,-3.1254292363912257,True,True,,,,product_and_employee_anomaly
2013-12-02,1,22,41,S1_E02,Shift 2,19,198,63,-3.533752095417743,-2.851006355389951,True,False,,,,product_anomaly
2013-12-02,2,22,58,S2_E01,Shift 1,25,198,92,-3.533752095417743,-3.412450649859274,True,True,,,,product_and_employee_anomaly
2013-12-02,2,22,58,S2_E02,Shift 2,33,198,92,-3.533752095417743,-3.2785932441135652,True,True,,,,product_and_employee_anomaly
2013-12-02,3,22,37,S3_E01,Shift 1,16,198,81,-3.533752095417743,-3.2501487509139597,True,True,,,,product_and_employee_anomaly
2013-12-02,3,22,37,S3_E02,Shift 2,21,198,81,-3.533752095417743,-3.4328063228458867,True,True,,,,product_and_employee_anomaly
2013-12-02,4,22,42,S4_E01,Full Day,42,198,72,-3.533752095417743,-3.448513956982832,True,True,,,,product_and_employee_anomaly
2013-12-02,5,22,44,S5_E01,Full Day,44,198,54,-3.533752095417743,-3.1959090536893515,True,True,,,,product_and_employee_anomaly
2013-12-02,6,22,37,S6_E01,Shift 1,18,198,57,-3.533752095417743,-2.8345600406685025,True,False,,,,product_anomaly
2013-12-02,6,22,37,S6_E02,Shift 2,19,198,57,-3.533752095417743,-3.0818675698167812,True,True,,,,product_and_employee_anomaly
2013-12-02,7,22,34,S7_E01,Full Day,34,198,51,-3.533752095417743,-2.9208666389824898,True,False,,,,product_anomaly
2013-12-02,8,22,46,S8_E01,Shift 1,26,198,86,-3.533752095417743,-3.3597203284094452,True,True,,,,product_and_employee_anomaly
2013-12-02,8,22,46,S8_E02,Shift 2,20,198,86,-3.533752095417743,-3.335819773959348,True,True,,,,product_and_employee_anomaly
2013-12-02,9,22,33,S9_E01,Shift 1,18,198,72,-3.533752095417743,-3.305771183792513,True,True,,,,product_and_employee_anomaly
2013-12-02,9,22,33,S9_E02,Shift 2,15,198,72,-3.533752095417743,-3.696275698428471,True,True,,,,product_and_employee_anomaly
2013-12-02,10,22,42,S10_E01,Full Day,42,198,77,-3.533752095417743,-3.0878038047354686,True,True,,,,product_and_employee_anomaly
2014-03-01,2,22,101,S2_E01,Shift 1,46,198,72,2.0066534823117714,3.349005610782279,False,True,,,,employee_anomaly
2014-03-01,5,22,43,S5_E01,Full Day,43,198,47,2.0066534823117714,3.306479451837381,False,True,,,,employee_anomaly
2014-08-04,1,22,59,S1_E01,Shift 1,33,198,89,-3.3032993658956142,-2.5453580386408605,True,False,,,,product_anomaly
2014-08-04,1,22,59,S1_E02,Shift 2,26,198,89,-3.3032993658956142,-2.806490994281361,True,False,,,,product_anomaly
2014-08-04,2,22,93,S2_E01,Shift 1,46,198,125,-3.3032993658956142,-3.2958565872574868,True,True,,,,product_and_employee_anomaly
2014-08-04,2,22,93,S2_E02,Shift 2,47,198,125,-3.3032993658956142,-2.3253581907705634,True,False,,,,product_anomaly
2014-08-04,3,22,74,S3_E01,Shift 1,31,198,112,-3.3032993658956142,-2.9193847507418793,True,False,,,,product_anomaly
2014-08-04,3,22,74,S3_E02,Shift 2,43,198,112,-3.3032993658956142,-2.9764440225122466,True,False,,,,product_anomaly
2014-08-04,4,22,58,S4_E01,Full Day,58,198,105,-3.3032993658956142,-3.1397631376093593,True,True,,,,product_and_employee_anomaly
2014-08-04,5,22,57,S5_E01,Full Day,57,198,74,-3.3032993658956142,-3.2173712129452325,True,True,,,,product_and_employee_anomaly
2014-08-04,6,22,62,S6_E01,Shift 1,36,198,72,-3.3032993658956142,-2.2070237185490025,True,False,,,,product_anomaly
2014-08-04,6,22,62,S6_E02,Shift 2,26,198,72,-3.3032993658956142,-3.5017544264003857,True,True,,,,product_and_employee_anomaly
2014-08-04,7,22,39,S7_E01,Full Day,39,198,69,-3.3032993658956142,-3.4459186430311015,True,True,,,,product_and_employee_anomaly
2014-08-04,8,22,102,S8_E01,Shift 1,53,198,118,-3.3032993658956142,-3.8062041584640642,True,True,,,,product_and_employee_anomaly
2014-08-04,8,22,102,S8_E02,Shift 2,49,198,118,-3.3032993658956142,-3.16064441974807,True,True,,,,product_and_employee_anomaly
2014-08-04,9,22,64,S9_E01,Shift 1,32,198,102,-3.3032993658956142,-2.838026611374916,True,False,,,,product_anomaly
2014-08-04,9,22,64,S9_E02,Shift 2,32,198,102,-3.3032993658956142,-2.777144381847396,True,False,,,,product_anomaly
2014-08-04,10,22,71,S10_E01,Full Day,71,198,115,-3.3032993658956142,-2.9356516212828705,True,False,,,,product_anomaly
2014-12-01,1,22,44,S1_E01,Shift 1,20,198,73,-2.9391701272078885,-3.1060032038113756,False,True,,,,employee_anomaly
2014-12-01,1,22,44,S1_E02,Shift 2,24,198,73,-2.9391701272078885,-3.2257952791105735,False,True,,,,employee_anomaly
2014-12-01,2,22,63,S2_E01,Shift 1,31,198,106,-2.9391701272078885,-3.2103767532981733,False,True,,,,employee_anomaly
2014-12-01,3,22,56,S3_E01,Shift 1,31,198,92,-2.9391701272078885,-3.6842826003636517,False,True,,,,employee_anomaly
2014-12-01,3,22,56,S3_E02,Shift 2,25,198,92,-2.9391701272078885,-3.7643534802102665,False,True,,,,employee_anomaly
2014-12-01,4,22,47,S4_E01,Full Day,47,198,85,-2.9391701272078885,-3.5292108233300348,False,True,,,,employee_anomaly
2014-12-01,5,22,37,S5_E01,Full Day,37,198,63,-2.9391701272078885,-3.5544771735009846,False,True,,,,employee_anomaly
2014-12-01,6,22,32,S6_E02,Shift 2,16,198,63,-2.9391701272078885,-3.2677552992025225,False,True,,,,employee_anomaly
2014-12-01,7,22,24,S7_E01,Full Day,24,198,56,-2.9391701272078885,-3.4795612216587277,False,True,,,,employee_anomaly
2014-12-01,8,22,70,S8_E02,Shift 2,39,198,100,-2.9391701272078885,-3.156889714158979,False,True,,,,employee_anomaly
2014-12-01,9,22,49,S9_E01,Shift 1,21,198,85,-2.9391701272078885,-3.0877445136207187,False,True,,,,employee_anomaly
2014-12-01,10,22,51,S10_E01,Full Day,51,198,92,-2.9391701272078885,-3.4995746414918427,False,True,,,,employee_anomaly
2015-02-01,1,22,69,S1_E01,Shift 1,33,198,50,2.4852948385037683,3.0557660597940646,False,True,,,,employee_anomaly
2015-03-01,1,22,79,S1_E01,Shift 1,43,198,55,3.8515858593636936,3.2063842092808192,True,True,,,,product_and_employee_anomaly
2015-03-01,1,22,79,S1_E02,Shift 2,36,198,55,3.8515858593636936,2.7011350015772067,True,False,,,,product_anomaly
2015-03-01,2,22,114,S2_E01,Shift 1,54,198,79,3.8515858593636936,3.1204913155838128,True,True,,,,product_and_employee_anomaly
2015-03-01,2,22,114,S2_E02,Shift 2,60,198,79,3.8515858593636936,2.9504051632544526,True,False,,,,product_anomaly
2015-03-01,3,22,119,S3_E01,Shift 1,64,198,70,3.8515858593636936,2.94608151148025,True,False,,,,product_anomaly
2015-03-01,3,22,119,S3_E02,Shift 2,55,198,70,3.8515858593636936,3.4103721242964737,True,True,,,,product_and_employee_anomaly
2015-03-01,4,22,92,S4_E01,Full Day,92,198,63,3.8515858593636936,3.1596518128314997,True,True,,,,product_and_employee_anomaly
2015-03-01,5,22,72,S5_E01,Full Day,72,198,43,3.8515858593636936,3.6387722164072245,True,True,,,,product_and_employee_anomaly
2015-03-01,6,22,66,S6_E01,Shift 1,39,198,47,3.8515858593636936,3.2783227914473976,True,True,,,,product_and_employee_anomaly
2015-03-01,6,22,66,S6_E02,Shift 2,27,198,47,3.8515858593636936,3.6075677552682435,True,True,,,,product_and_employee_anomaly
2015-03-01,7,22,60,S7_E01,Full Day,60,198,41,3.8515858593636936,2.8190730739031222,True,False,,,,product_anomaly
2015-03-01,8,22,102,S8_E01,Shift 1,48,198,76,3.8515858593636936,3.332540228908305,True,True,,,,product_and_employee_anomaly
2015-03-01,8,22,102,S8_E02,Shift 2,54,198,76,3.8515858593636936,3.009029860439897,True,True,,,,product_and_employee_anomaly
2015-03-01,9,22,101,S9_E01,Shift 1,51,198,66,3.8515858593636936,3.562831793884845,True,True,,,,product_and_employee_anomaly
2015-03-01,9,22,101,S9_E02,Shift 2,50,198,66,3.8515858593636936,3.0689769065072365,True,True,,,,product_and_employee_anomaly
2015-03-01,10,22,78,S10_E01,Full Day,78,198,67,3.8515858593636936,3.035766134572765,True,True,,,,product_and_employee_anomaly
2015-08-03,3,22,83,S3_E01,Shift 1,34,198,115,-2.1781581664269574,-3.230471200097007,False,True,,,,employee_anomaly
2015-08-03,3,22,83,S3_E02,Shift 2,49,198,115,-2.1781581664269574,-3.0968220305556833,False,True,,,,employee_anomaly
2015-08-03,6,22,65,S6_E01,Shift 1,31,198,75,-2.1781581664269574,-3.003013866777452,False,True,,,,employee_anomaly
2015-08-03,9,22,96,S9_E02,Shift 2,44,198,110,-2.1781581664269574,-3.2324063857303305,False,True,,,,employee_anomaly
2016-12-05,1,22,56,S1_E01,Shift 1,31,198,85,-4.266387803573912,-2.4321396159735382,True,False,,,,product_anomaly
2016-12-05,1,22,56,S1_E02,Shift 2,25,198,85,-4.266387803573912,-2.580461211183038,True,False,,,,product_anomaly
2016-12-05,2,22,68,S2_E01,Shift 1,36,198,113,-4.266387803573912,-3.039797685865822,True,True,,,,product_and_employee_anomaly
2016-12-05,2,22,68,S2_E02,Shift 2,32,198,113,-4.266387803573912,-2.8411273492839912,True,False,,,,product_anomaly
2016-12-05,3,22,63,S3_E01,Shift 1,29,198,100,-4.266387803573912,-2.6334758693639126,True,False,,,,product_anomaly
2016-12-05,3,22,63,S3_E02,Shift 2,34,198,100,-4.266387803573912,-2.870138019802202,True,False,,,,product_anomaly
2016-12-05,4,22,58,S4_E01,Full Day,58,198,96,-4.266387803573912,-2.803773742586649,True,False,,,,product_anomaly
2016-12-05,5,22,36,S5_E01,Full Day,36,198,70,-4.266387803573912,-2.639685670948698,True,False,,,,product_anomaly
2016-12-05,6,22,49,S6_E01,Shift 1,27,198,68,-4.266387803573912,-3.552929269017943,True,True,,,,product_and_employee_anomaly
2016-12-05,6,22,49,S6_E02,Shift 2,22,198,68,-4.266387803573912,-2.6336470607013553,True,False,,,,product_anomaly
2016-12-05,7,22,41,S7_E01,Full Day,41,198,63,-4.266387803573912,-3.1441222038535632,True,True,,,,product_and_employee_anomaly
2016-12-05,8,22,52,S8_E01,Shift 1,23,198,111,-4.266387803573912,-3.7685143438139015,True,True,,,,product_and_employee_anomaly
2016-12-05,8,22,52,S8_E02,Shift 2,29,198,111,-4.266387803573912,-3.111510025863777,True,True,,,,product_and_employee_anomaly
2016-12-05,9,22,46,S9_E01,Shift 1,20,198,93,-4.266387803573912,-2.9300684022247934,True,False,,,,product_anomaly
2016-12-05,9,22,46,S9_E02,Shift 2,26,198,93,-4.266387803573912,-3.3474208166871384,True,True,,,,product_and_employee_anomaly
2016-12-05,10,22,69,S10_E01,Full Day,69,198,104,-4.266387803573912,-3.2437638134469884,True,True,,,,product_and_employee_anomaly
2017-04-01,1,22,125,S1_E01,Shift 1,72,198,74,2.2014079979582193,3.05140781233218,False,True,,,,employee_anomaly
2017-12-04,1,22,46,S1_E01,Shift 1,18,198,83,-3.7044006281649473,-3.566924808659965,True,True,,,,product_and_employee_anomaly
2017-12-04,1,22,46,S1_E02,Shift 2,28,198,83,-3.7044006281649473,-3.439934189042974,True,True,,,,product_and_employee_anomaly
2017-12-04,2,22,76,S2_E01,Shift 1,36,198,120,-3.7044006281649473,-3.4289887985334744,True,True,,,,product_and_employee_anomaly
2017-12-04,2,22,76,S2_E02,Shift 2,40,198,120,-3.7044006281649473,-3.42560784986891,True,True,,,,product_and_employee_anomaly
2017-12-04,3,22,56,S3_E01,Shift 1,33,198,107,-3.7044006281649473,-4.010676658948157,True,True,,,,product_and_employee_anomaly
2017-12-04,3,22,56,S3_E02,Shift 2,23,198,107,-3.7044006281649473,-3.2163317411983594,True,True,,,,product_and_employee_anomaly
2017-12-04,4,22,39,S4_E01,Full Day,39,198,96,-3.7044006281649473,-3.284111898833113,True,True,,,,product_and_employee_anomaly
2017-12-04,5,22,45,S5_E01,Full Day,45,198,72,-3.7044006281649473,-3.2458225710762023,True,True,,,,product_and_employee_anomaly
2017-12-04,6,22,31,S6_E01,Shift 1,13,198,71,-3.7044006281649473,-3.2986405964081293,True,True,,,,product_and_employee_anomaly
2017-12-04,6,22,31,S6_E02,Shift 2,18,198,71,-3.7044006281649473,-3.3301889302159635,True,True,,,,product_and_employee_anomaly
2017-12-04,7,22,51,S7_E01,Full Day,51,198,62,-3.7044006281649473,-3.144474792045703,True,True,,,,product_and_employee_anomaly
2017-12-04,8,22,70,S8_E01,Shift 1,32,198,116,-3.7044006281649473,-3.5723822669368586,True,True,,,,product_and_employee_anomaly
2017-12-04,8,22,70,S8_E02,Shift 2,38,198,116,-3.7044006281649473,-3.58582252955439,True,True,,,,product_and_employee_anomaly
2017-12-04,9,22,49,S9_E01,Shift 1,29,198,99,-3.7044006281649473,-3.189292177224606,True,True,,,,product_and_employee_anomaly
2017-12-04,9,22,49,S9_E02,Shift 2,20,198,99,-3.7044006281649473,-3.1563508443071124,True,True,,,,product_and_employee_anomaly
2017-12-04,10,22,61,S10_E01,Full Day,61,198,105,-3.7044006281649473,-3.105707653984013,True,True,,,,product_and_employee_anomaly
2013-08-05,1,23,15,S1_E01,Shift 1,6,107,28,-7.174074800432686,-2.4156234667007204,True,False,,,,product_anomaly
2013-08-05,1,23,15,S1_E02,Shift 2,9,107,28,-7.174074800432686,-2.6106751492337086,True,False,,,,product_anomaly
2013-08-05,2,23,31,S2_E01,Shift 1,14,107,42,-7.174074800432686,-3.037931708682254,True,True,,,,product_and_employee_anomaly
2013-08-05,2,23,31,S2_E02,Shift 2,17,107,42,-7.174074800432686,-3.4857102754090485,True,True,,,,product_and_employee_anomaly
2013-08-05,3,23,20,S3_E01,Shift 1,9,107,36,-7.174074800432686,-2.471140170469033,True,False,,,,product_anomaly
2013-08-05,3,23,20,S3_E02,Shift 2,11,107,36,-7.174074800432686,-2.977763708215258,True,False,,,,product_anomaly
2013-08-05,4,23,21,S4_E01,Full Day,21,107,31,-7.174074800432686,-2.585399372448584,True,False,,,,product_anomaly
2013-08-05,5,23,16,S5_E01,Full Day,16,107,25,-7.174074800432686,-2.476026680116979,True,False,,,,product_anomaly
2013-08-05,6,23,13,S6_E01,Shift 1,7,107,24,-7.174074800432686,-2.480769642052181,True,False,,,,product_anomaly
2013-08-05,6,23,13,S6_E02,Shift 2,6,107,24,-7.174074800432686,-2.281964941758153,True,False,,,,product_anomaly
2013-08-05,7,23,18,S7_E01,Full Day,18,107,22,-7.174074800432686,-2.3775535177606595,True,False,,,,product_anomaly
2013-08-05,8,23,27,S8_E01,Shift 1,15,107,35,-7.174074800432686,-2.2496415033443022,True,False,,,,product_anomaly
2013-08-05,8,23,27,S8_E02,Shift 2,12,107,35,-7.174074800432686,-2.3907326904646378,True,False,,,,product_anomaly
2013-08-05,9,23,31,S9_E01,Shift 1,18,107,31,-7.174074800432686,-2.1535467339877448,True,False,,,,product_anomaly
2013-08-05,9,23,31,S9_E02,Shift 2,13,107,31,-7.174074800432686,-2.4560677337350354,True,False,,,,product_anomaly
2013-08-05,10,23,24,S10_E01,Full Day,24,107,36,-7.174074800432686,-2.25167679317855,True,False,,,,product_anomaly
2013-11-24,1,23,37,S1_E01,Shift 1,20,107,24,3.4753729623660523,1.2902548794402575,True,False,,,,product_anomaly
2013-11-24,1,23,37,S1_E02,Shift 2,17,107,24,3.4753729623660523,1.449491513120598,True,False,,,,product_anomaly
2013-11-24,2,23,39,S2_E01,Shift 1,23,107,33,3.4753729623660523,0.9952017817259545,True,False,,,,product_anomaly
2013-11-24,2,23,39,S2_E02,Shift 2,16,107,33,3.4753729623660523,1.462740145041048,True,False,,,,product_anomaly
2013-11-24,3,23,40,S3_E01,Shift 1,18,107,29,3.4753729623660523,1.6985426293928274,True,False,,,,product_anomaly
2013-11-24,3,23,40,S3_E02,Shift 2,22,107,29,3.4753729623660523,1.359852853826482,True,False,,,,product_anomaly
2013-11-24,4,23,46,S4_E01,Full Day,46,107,25,3.4753729623660523,1.3581993576588582,True,False,,,,product_anomaly
2013-11-24,5,23,20,S5_E01,Full Day,20,107,20,3.4753729623660523,1.7757131034614673,True,False,,,,product_anomaly
2013-11-24,6,23,25,S6_E01,Shift 1,12,107,20,3.4753729623660523,1.031769960050216,True,False,,,,product_anomaly
2013-11-24,6,23,25,S6_E02,Shift 2,13,107,20,3.4753729623660523,1.415664145008148,True,False,,,,product_anomaly
2013-11-24,7,23,18,S7_E01,Full Day,18,107,18,3.4753729623660523,0.9331885373602111,True,False,,,,product_anomaly
2013-11-24,8,23,36,S8_E01,Shift 1,21,107,32,3.4753729623660523,1.7884120235410557,True,False,,,,product_anomaly
2013-11-24,8,23,36,S8_E02,Shift 2,15,107,32,3.4753729623660523,1.2630364625070662,True,False,,,,product_anomaly
2013-11-24,9,23,36,S9_E01,Shift 1,20,107,26,3.4753729623660523,1.8323887380607844,True,False,,,,product_anomaly
2013-11-24,9,23,36,S9_E02,Shift 2,16,107,26,3.4753729623660523,1.3131315358298286,True,False,,,,product_anomaly
2013-11-24,10,23,42,S10_E01,Full Day,42,107,30,3.4753729623660523,1.3238618369985313,True,False,,,,product_anomaly
2013-12-02,1,23,20,S1_E01,Shift 1,9,107,24,-2.740452294174321,-3.1254292363912257,False,True,,,,employee_anomaly
2013-12-02,2,23,28,S2_E01,Shift 1,13,107,32,-2.740452294174321,-3.412450649859274,False,True,,,,employee_anomaly
2013-12-02,2,23,28,S2_E02,Shift 2,15,107,32,-2.740452294174321,-3.2785932441135652,False,True,,,,employee_anomaly
2013-12-02,3,23,11,S3_E01,Shift 1,5,107,29,-2.740452294174321,-3.2501487509139597,False,True,,,,employee_anomaly
2013-12-02,3,23,11,S3_E02,Shift 2,6,107,29,-2.740452294174321,-3.4328063228458867,False,True,,,,employee_anomaly
2013-12-02,4,23,11,S4_E01,Full Day,11,107,26,-2.740452294174321,-3.448513956982832,False,True,,,,employee_anomaly
2013-12-02,5,23,12,S5_E01,Full Day,12,107,20,-2.740452294174321,-3.1959090536893515,False,True,,,,employee_anomaly
2013-12-02,6,23,7,S6_E02,Shift 2,4,107,20,-2.740452294174321,-3.0818675698167812,False,True,,,,employee_anomaly
2013-12-02,8,23,20,S8_E01,Shift 1,10,107,32,-2.740452294174321,-3.3597203284094452,False,True,,,,employee_anomaly
2013-12-02,8,23,20,S8_E02,Shift 2,10,107,32,-2.740452294174321,-3.335819773959348,False,True,,,,employee_anomaly
2013-12-02,9,23,15,S9_E01,Shift 1,9,107,28,-2.740452294174321,-3.305771183792513,False,True,,,,employee_anomaly
2013-12-02,9,23,15,S9_E02,Shift 2,6,107,28,-2.740452294174321,-3.696275698428471,False,True,,,,employee_anomaly
2013-12-02,10,23,15,S10_E01,Full Day,15,107,29,-2.740452294174321,-3.0878038047354686,False,True,,,,employee_anomaly
2014-03-01,2,23,35,S2_E01,Shift 1,19,107,28,2.1883645711078903,3.349005610782279,False,True,,,,employee_anomaly
2014-03-01,5,23,19,S5_E01,Full Day,19,107,16,2.1883645711078903,3.306479451837381,False,True,,,,employee_anomaly
2014-04-20,1,23,33,S1_E01,Shift 1,14,107,26,3.145039551955688,1.610612038675803,True,False,,,,product_anomaly
2014-04-20,1,23,33,S1_E02,Shift 2,19,107,26,3.145039551955688,1.4169240949882416,True,False,,,,product_anomaly
2014-04-20,2,23,54,S2_E01,Shift 1,27,107,34,3.145039551955688,0.9633871827270998,True,False,,,,product_anomaly
2014-04-20,2,23,54,S2_E02,Shift 2,27,107,34,3.145039551955688,1.070390865636349,True,False,,,,product_anomaly
2014-04-20,3,23,38,S3_E01,Shift 1,16,107,32,3.145039551955688,1.3935233263976037,True,False,,,,product_anomaly
2014-04-20,3,23,38,S3_E02,Shift 2,22,107,32,3.145039551955688,1.4697508974629427,True,False,,,,product_anomaly
2014-04-20,4,23,48,S4_E01,Full Day,48,107,28,3.145039551955688,1.3647756948454364,True,False,,,,product_anomaly
2014-04-20,5,23,35,S5_E01,Full Day,35,107,22,3.145039551955688,1.7684502593682143,True,False,,,,product_anomaly
2014-04-20,6,23,25,S6_E01,Shift 1,14,107,22,3.145039551955688,1.8051750968734044,True,False,,,,product_anomaly
2014-04-20,6,23,25,S6_E02,Shift 2,11,107,22,3.145039551955688,1.0348089937268379,True,False,,,,product_anomaly
2014-04-20,7,23,30,S7_E01,Full Day,30,107,21,3.145039551955688,1.6107359373620047,True,False,,,,product_anomaly
2014-04-20,8,23,58,S8_E01,Shift 1,32,107,34,3.145039551955688,1.5973291055296275,True,False,,,,product_anomaly
2014-04-20,8,23,58,S8_E02,Shift 2,26,107,34,3.145039551955688,1.7338100339468197,True,False,,,,product_anomaly
2014-04-20,9,23,31,S9_E01,Shift 1,16,107,27,3.145039551955688,1.3264633951813136,True,False,,,,product_anomaly
2014-04-20,9,23,31,S9_E02,Shift 2,15,107,27,3.145039551955688,1.505032732111561,True,False,,,,product_anomaly
2014-04-20,10,23,42,S10_E01,Full Day,42,107,32,3.145039551955688,1.0844492006959634,True,False,,,,product_anomaly
2014-08-04,1,23,24,S1_E01,Shift 1,13,107,32,-3.8248239963474524,-2.5453580386408605,True,False,,,,product_anomaly
2014-08-04,1,23,24,S1_E02,Shift 2,11,107,32,-3.8248239963474524,-2.806490994281361,True,False,,,,product_anomaly
2014-08-04,2,23,28,S2_E01,Shift 1,16,107,45,-3.8248239963474524,-3.2958565872574868,True,True,,,,product_and_employee_anomaly
2014-08-04,2,23,28,S2_E02,Shift 2,12,107,45,-3.8248239963474524,-2.3253581907705634,True,False,,,,product_anomaly
2014-08-04,3,23,19,S3_E01,Shift 1,10,107,40,-3.8248239963474524,-2.9193847507418793,True,False,,,,product_anomaly
2014-08-04,3,23,19,S3_E02,Shift 2,9,107,40,-3.8248239963474524,-2.9764440225122466,True,False,,,,product_anomaly
2014-08-04,4,23,24,S4_E01,Full Day,24,107,37,-3.8248239963474524,-3.1397631376093593,True,True,,,,product_and_employee_anomaly
2014-08-04,5,23,24,S5_E01,Full Day,24,107,27,-3.8248239963474524,-3.2173712129452325,True,True,,,,product_and_employee_anomaly
2014-08-04,6,23,21,S6_E01,Shift 1,9,107,28,-3.8248239963474524,-2.2070237185490025,True,False,,,,product_anomaly
2014-08-04,6,23,21,S6_E02,Shift 2,12,107,28,-3.8248239963474524,-3.5017544264003857,True,True,,,,product_and_employee_anomaly
2014-08-04,7,23,18,S7_E01,Full Day,18,107,25,-3.8248239963474524,-3.4459186430311015,True,True,,,,product_and_employee_anomaly
2014-08-04,8,23,28,S8_E01,Shift 1,16,107,43,-3.8248239963474524,-3.8062041584640642,True,True,,,,product_and_employee_anomaly
2014-08-04,8,23,28,S8_E02,Shift 2,12,107,43,-3.8248239963474524,-3.16064441974807,True,True,,,,product_and_employee_anomaly
2014-08-04,9,23,23,S9_E01,Shift 1,9,107,37,-3.8248239963474524,-2.838026611374916,True,False,,,,product_anomaly
2014-08-04,9,23,23,S9_E02,Shift 2,14,107,37,-3.8248239963474524,-2.777144381847396,True,False,,,,product_anomaly
2014-08-04,10,23,28,S10_E01,Full Day,28,107,41,-3.8248239963474524,-2.9356516212828705,True,False,,,,product_anomaly
2014-12-01,1,23,5,S1_E01,Shift 1,3,107,27,-2.830705259482062,-3.1060032038113756,False,True,,,,employee_anomaly
2014-12-01,1,23,5,S1_E02,Shift 2,2,107,27,-2.830705259482062,-3.2257952791105735,False,True,,,,employee_anomaly
2014-12-01,2,23,27,S2_E01,Shift 1,13,107,38,-2.830705259482062,-3.2103767532981733,False,True,,,,employee_anomaly
2014-12-01,3,23,20,S3_E01,Shift 1,8,107,34,-2.830705259482062,-3.6842826003636517,False,True,,,,employee_anomaly
2014-12-01,3,23,20,S3_E02,Shift 2,12,107,34,-2.830705259482062,-3.7643534802102665,False,True,,,,employee_anomaly
2014-12-01,4,23,18,S4_E01,Full Day,18,107,30,-2.830705259482062,-3.5292108233300348,False,True,,,,employee_anomaly
2014-12-01,5,23,7,S5_E01,Full Day,7,107,22,-2.830705259482062,-3.5544771735009846,False,True,,,,employee_anomaly
2014-12-01,6,23,8,S6_E02,Shift 2,4,107,21,-2.830705259482062,-3.2677552992025225,False,True,,,,employee_anomaly
2014-12-01,7,23,13,S7_E01,Full Day,13,107,21,-2.830705259482062,-3.4795612216587277,False,True,,,,employee_anomaly
2014-12-01,8,23,17,S8_E02,Shift 2,7,107,36,-2.830705259482062,-3.156889714158979,False,True,,,,employee_anomaly
2014-12-01,9,23,16,S9_E01,Shift 1,9,107,32,-2.830705259482062,-3.0877445136207187,False,True,,,,employee_anomaly
2014-12-01,10,23,27,S10_E01,Full Day,27,107,35,-2.830705259482062,-3.4995746414918427,False,True,,,,employee_anomaly
2015-02-01,1,23,32,S1_E01,Shift 1,18,107,19,1.5373020555389947,3.0557660597940646,False,True,,,,employee_anomaly
2015-03-01,1,23,41,S1_E01,Shift 1,23,107,20,3.5589545251317705,3.2063842092808192,True,True,,,,product_and_employee_anomaly
2015-03-01,1,23,41,S1_E02,Shift 2,18,107,20,3.5589545251317705,2.7011350015772067,True,False,,,,product_anomaly
2015-03-01,2,23,46,S2_E01,Shift 1,20,107,29,3.5589545251317705,3.1204913155838128,True,True,,,,product_and_employee_anomaly
2015-03-01,2,23,46,S2_E02,Shift 2,26,107,29,3.5589545251317705,2.9504051632544526,True,False,,,,product_anomaly
2015-03-01,3,23,39,S3_E01,Shift 1,20,107,25,3.5589545251317705,2.94608151148025,True,False,,,,product_anomaly
2015-03-01,3,23,39,S3_E02,Shift 2,19,107,25,3.5589545251317705,3.4103721242964737,True,True,,,,product_and_employee_anomaly
2015-03-01,4,23,33,S4_E01,Full Day,33,107,24,3.5589545251317705,3.1596518128314997,True,True,,,,product_and_employee_anomaly
2015-03-01,5,23,26,S5_E01,Full Day,26,107,16,3.5589545251317705,3.6387722164072245,True,True,,,,product_and_employee_anomaly
2015-03-01,6,23,20,S6_E01,Shift 1,11,107,17,3.5589545251317705,3.2783227914473976,True,True,,,,product_and_employee_anomaly
2015-03-01,6,23,20,S6_E02,Shift 2,9,107,17,3.5589545251317705,3.6075677552682435,True,True,,,,product_and_employee_anomaly
2015-03-01,7,23,12,S7_E01,Full Day,12,107,15,3.5589545251317705,2.8190730739031222,True,False,,,,product_anomaly
2015-03-01,8,23,35,S8_E01,Shift 1,17,107,28,3.5589545251317705,3.332540228908305,True,True,,,,product_and_employee_anomaly
2015-03-01,8,23,35,S8_E02,Shift 2,18,107,28,3.5589545251317705,3.009029860439897,True,True,,,,product_and_employee_anomaly
2015-03-01,9,23,33,S9_E01,Shift 1,18,107,22,3.5589545251317705,3.562831793884845,True,True,,,,product_and_employee_anomaly
2015-03-01,9,23,33,S9_E02,Shift 2,15,107,22,3.5589545251317705,3.0689769065072365,True,True,,,,product_and_employee_anomaly
2015-03-01,10,23,30,S10_E01,Full Day,30,107,25,3.5589545251317705,3.035766134572765,True,True,,,,product_and_employee_anomaly
2015-08-03,3,23,27,S3_E01,Shift 1,15,107,43,-2.1786330507611216,-3.230471200097007,False,True,,,,employee_anomaly
2015-08-03,3,23,27,S3_E02,Shift 2,12,107,43,-2.1786330507611216,-3.0968220305556833,False,True,,,,employee_anomaly
2015-08-03,6,23,13,S6_E01,Shift 1,7,107,28,-2.1786330507611216,-3.003013866777452,False,True,,,,employee_anomaly
2015-08-03,9,23,34,S9_E02,Shift 2,18,107,40,-2.1786330507611216,-3.2324063857303305,False,True,,,,employee_anomaly
2015-12-07,1,23,20,S1_E01,Shift 1,10,107,28,-3.760568017376166,-2.137467822138631,True,False,,,,product_anomaly
2015-12-07,1,23,20,S1_E02,Shift 2,10,107,28,-3.760568017376166,-2.3163145218669032,True,False,,,,product_anomaly
2015-12-07,2,23,25,S2_E01,Shift 1,13,107,38,-3.760568017376166,-2.2622746111084022,True,False,,,,product_anomaly
2015-12-07,2,23,25,S2_E02,Shift 2,12,107,38,-3.760568017376166,-2.734706195869,True,False,,,,product_anomaly
2015-12-07,3,23,18,S3_E01,Shift 1,8,107,33,-3.760568017376166,-2.5814790260412823,True,False,,,,product_anomaly
2015-12-07,3,23,18,S3_E02,Shift 2,10,107,33,-3.760568017376166,-2.518162476199348,True,False,,,,product_anomaly
2015-12-07,4,23,19,S4_E01,Full Day,19,107,30,-3.760568017376166,-2.1817952782493784,True,False,,,,product_anomaly
2015-12-07,5,23,19,S5_E01,Full Day,19,107,22,-3.760568017376166,-1.7914761105903116,True,False,,,,product_anomaly
2015-12-07,6,23,17,S6_E01,Shift 1,10,107,23,-3.760568017376166,-2.177570422889973,True,False,,,,product_anomaly
2015-12-07,6,23,17,S6_E02,Shift 2,7,107,23,-3.760568017376166,-1.9810837763297446,True,False,,,,product_anomaly
2015-12-07,7,23,11,S7_E01,Full Day,11,107,20,-3.760568017376166,-2.327809067862889,True,False,,,,product_anomaly
2015-12-07,8,23,21,S8_E01,Shift 1,11,107,37,-3.760568017376166,-2.46070045964776,True,False,,,,product_anomaly
2015-12-07,8,23,21,S8_E02,Shift 2,10,107,37,-3.760568017376166,-2.443928253346677,True,False,,,,product_anomaly
2015-12-07,9,23,11,S9_E01,Shift 1,6,107,32,-3.760568017376166,-2.613927269474191,True,False,,,,product_anomaly
2015-12-07,9,23,11,S9_E02,Shift 2,5,107,32,-3.760568017376166,-2.3250075736587585,True,False,,,,product_anomaly
2015-12-07,10,23,22,S10_E01,Full Day,22,107,33,-3.760568017376166,-2.4039808735535884,True,False,,,,product_anomaly
2016-06-26,1,23,55,S1_E01,Shift 1,32,107,34,3.2540024311505356,1.1208402796937087,True,False,,,,product_anomaly
2016-06-26,1,23,55,S1_E02,Shift 2,23,107,34,3.2540024311505356,1.6361926763288768,True,False,,,,product_anomaly
2016-06-26,2,23,78,S2_E01,Shift 1,39,107,49,3.2540024311505356,1.3809148331821657,True,False,,,,product_anomaly
2016-06-26,2,23,78,S2_E02,Shift 2,39,107,49,3.2540024311505356,1.9267537082177002,True,False,,,,product_anomaly
2016-06-26,3,23,58,S3_E01,Shift 1,26,107,44,3.2540024311505356,1.186135135558637,True,False,,,,product_anomaly
2016-06-26,3,23,58,S3_E02,Shift 2,32,107,44,3.2540024311505356,1.6853945733424494,True,False,,,,product_anomaly
2016-06-26,4,23,49,S4_E01,Full Day,49,107,42,3.2540024311505356,1.3685578607483695,True,False,,,,product_anomaly
2016-06-26,5,23,33,S5_E01,Full Day,33,107,29,3.2540024311505356,1.432016543062818,True,False,,,,product_anomaly
2016-06-26,6,23,34,S6_E01,Shift 1,17,107,28,3.2540024311505356,1.4844559575815515,True,False,,,,product_anomaly
2016-06-26,6,23,34,S6_E02,Shift 2,17,107,28,3.2540024311505356,1.7244192422688622,True,False,,,,product_anomaly
2016-06-26,7,23,31,S7_E01,Full Day,31,107,26,3.2540024311505356,1.5783077004177668,True,False,,,,product_anomaly
2016-06-26,8,23,75,S8_E01,Shift 1,44,107,48,3.2540024311505356,1.561809186665717,True,False,,,,product_anomaly
2016-06-26,8,23,75,S8_E02,Shift 2,31,107,48,3.2540024311505356,1.6275393371707603,True,False,,,,product_anomaly
2016-06-26,9,23,42,S9_E01,Shift 1,19,107,42,3.2540024311505356,1.363819847134864,True,False,,,,product_anomaly
2016-06-26,9,23,42,S9_E02,Shift 2,23,107,42,3.2540024311505356,1.5367508242867833,True,False,,,,product_anomaly
2016-06-26,10,23,49,S10_E01,Full Day,49,107,43,3.2540024311505356,1.1825276512417353,True,False,,,,product_anomaly
2016-12-05,1,23,21,S1_E01,Shift 1,9,107,29,-3.0865969938257924,-2.4321396159735382,True,False,,,,product_anomaly
2016-12-05,1,23,21,S1_E02,Shift 2,12,107,29,-3.0865969938257924,-2.580461211183038,True,False,,,,product_anomaly
2016-12-05,2,23,18,S2_E01,Shift 1,8,107,43,-3.0865969938257924,-3.039797685865822,True,True,,,,product_and_employee_anomaly
2016-12-05,2,23,18,S2_E02,Shift 2,10,107,43,-3.0865969938257924,-2.8411273492839912,True,False,,,,product_anomaly
2016-12-05,3,23,15,S3_E01,Shift 1,8,107,37,-3.0865969938257924,-2.6334758693639126,True,False,,,,product_anomaly
2016-12-05,3,23,15,S3_E02,Shift 2,7,107,37,-3.0865969938257924,-2.870138019802202,True,False,,,,product_anomaly
2016-12-05,4,23,19,S4_E01,Full Day,19,107,35,-3.0865969938257924,-2.803773742586649,True,False,,,,product_anomaly
2016-12-05,5,23,18,S5_E01,Full Day,18,107,24,-3.0865969938257924,-2.639685670948698,True,False,,,,product_anomaly
2016-12-05,6,23,8,S6_E01,Shift 1,4,107,25,-3.0865969938257924,-3.552929269017943,True,True,,,,product_and_employee_anomaly
2016-12-05,6,23,8,S6_E02,Shift 2,4,107,25,-3.0865969938257924,-2.6336470607013553,True,False,,,,product_anomaly
2016-12-05,7,23,9,S7_E01,Full Day,9,107,23,-3.0865969938257924,-3.1441222038535632,True,True,,,,product_and_employee_anomaly
2016-12-05,8,23,31,S8_E01,Shift 1,18,107,37,-3.0865969938257924,-3.7685143438139015,True,True,,,,product_and_employee_anomaly
2016-12-05,8,23,31,S8_E02,Shift 2,13,107,37,-3.0865969938257924,-3.111510025863777,True,True,,,,product_and_employee_anomaly
2016-12-05,9,23,20,S9_E01,Shift 1,10,107,34,-3.0865969938257924,-2.9300684022247934,True,False,,,,product_anomaly
2016-12-05,9,23,20,S9_E02,Shift 2,10,107,34,-3.0865969938257924,-3.3474208166871384,True,True,,,,product_and_employee_anomaly
2016-12-05,10,23,26,S10_E01,Full Day,26,107,37,-3.0865969938257924,-3.2437638134469884,True,True,,,,product_and_employee_anomaly
2017-01-29,1,23,32,S1_E01,Shift 1,14,107,22,3.267444236899497,1.194926234117002,True,False,,,,product_anomaly
2017-01-29,1,23,32,S1_E02,Shift 2,18,107,22,3.267444236899497,1.4767380739110285,True,False,,,,product_anomaly
2017-01-29,2,23,39,S2_E01,Shift 1,21,107,28,3.267444236899497,1.5071175708822935,True,False,,,,product_anomaly
2017-01-29,2,23,39,S2_E02,Shift 2,18,107,28,3.267444236899497,1.032651991965886,True,False,,,,product_anomaly
2017-01-29,3,23,33,S3_E01,Shift 1,17,107,25,3.267444236899497,1.2444410999092819,True,False,,,,product_anomaly
2017-01-29,3,23,33,S3_E02,Shift 2,16,107,25,3.267444236899497,1.40133031556269,True,False,,,,product_anomaly
2017-01-29,4,23,28,S4_E01,Full Day,28,107,25,3.267444236899497,1.6420667640258313,True,False,,,,product_anomaly
2017-01-29,5,23,30,S5_E01,Full Day,30,107,18,3.267444236899497,1.6798092170583887,True,False,,,,product_anomaly
2017-01-29,6,23,27,S6_E01,Shift 1,13,107,16,3.267444236899497,1.565264007076054,True,False,,,,product_anomaly
2017-01-29,6,23,27,S6_E02,Shift 2,14,107,16,3.267444236899497,1.3255290789860783,True,False,,,,product_anomaly
2017-01-29,7,23,22,S7_E01,Full Day,22,107,16,3.267444236899497,1.656145476800275,True,False,,,,product_anomaly
2017-01-29,8,23,32,S8_E01,Shift 1,17,107,29,3.267444236899497,1.6242211021434514,True,False,,,,product_anomaly
2017-01-29,8,23,32,S8_E02,Shift 2,15,107,29,3.267444236899497,0.9768638048970165,True,False,,,,product_anomaly
2017-01-29,9,23,36,S9_E01,Shift 1,15,107,24,3.267444236899497,1.4235080619221325,True,False,,,,product_anomaly
2017-01-29,9,23,36,S9_E02,Shift 2,21,107,24,3.267444236899497,0.9861789029678472,True,False,,,,product_anomaly
2017-01-29,10,23,37,S10_E01,Full Day,37,107,26,3.267444236899497,1.5336054281075784,True,False,,,,product_anomaly
2017-04-01,1,23,38,S1_E01,Shift 1,22,107,28,2.9839081691731844,3.05140781233218,False,True,,,,employee_anomaly
2017-09-25,1,23,18,S1_E01,Shift 1,11,107,32,-3.2926594871312873,-1.3021960018446397,True,False,,,,product_anomaly
2017-09-25,1,23,18,S1_E02,Shift 2,7,107,32,-3.2926594871312873,-1.4045307287405255,True,False,,,,product_anomaly
2017-09-25,2,23,37,S2_E01,Shift 1,20,107,45,-3.2926594871312873,-1.4303874319527372,True,False,,,,product_anomaly
2017-09-25,2,23,37,S2_E02,Shift 2,17,107,45,-3.2926594871312873,-1.2729967198403644,True,False,,,,product_anomaly
2017-09-25,3,23,26,S3_E01,Shift 1,12,107,41,-3.2926594871312873,-1.4786936521488299,True,False,,,,product_anomaly
2017-09-25,3,23,26,S3_E02,Shift 2,14,107,41,-3.2926594871312873,-1.746685734390275,True,False,,,,product_anomaly
2017-09-25,4,23,27,S4_E01,Full Day,27,107,37,-3.2926594871312873,-1.5198748142865213,True,False,,,,product_anomaly
2017-09-25,5,23,31,S5_E01,Full Day,31,107,26,-3.2926594871312873,-1.6798684852045926,True,False,,,,product_anomaly
2017-09-25,6,23,24,S6_E01,Shift 1,12,107,28,-3.2926594871312873,-1.7139735301939405,True,False,,,,product_anomaly
2017-09-25,6,23,24,S6_E02,Shift 2,12,107,28,-3.2926594871312873,-1.6150647132035787,True,False,,,,product_anomaly
2017-09-25,7,23,16,S7_E01,Full Day,16,107,25,-3.2926594871312873,-1.6191772810841425,True,False,,,,product_anomaly
2017-09-25,8,23,31,S8_E01,Shift 1,18,107,43,-3.2926594871312873,-1.5579610598997802,True,False,,,,product_anomaly
2017-09-25,8,23,31,S8_E02,Shift 2,13,107,43,-3.2926594871312873,-1.3724166728492408,True,False,,,,product_anomaly
2017-09-25,9,23,19,S9_E01,Shift 1,9,107,38,-3.2926594871312873,-1.6212838079300007,True,False,,,,product_anomaly
2017-09-25,9,23,19,S9_E02,Shift 2,10,107,38,-3.2926594871312873,-1.284452901775358,True,False,,,,product_anomaly
2017-09-25,10,23,36,S10_E01,Full Day,36,107,40,-3.2926594871312873,-1.5104828054649355,True,False,,,,product_anomaly
2017-12-04,1,23,18,S1_E01,Shift 1,8,107,32,-2.9495634577912657,-3.566924808659965,False,True,,,,employee_anomaly
2017-12-04,1,23,18,S1_E02,Shift 2,10,107,32,-2.9495634577912657,-3.439934189042974,False,True,,,,employee_anomaly
2017-12-04,2,23,20,S2_E01,Shift 1,11,107,45,-2.9495634577912657,-3.4289887985334744,False,True,,,,employee_anomaly
2017-12-04,2,23,20,S2_E02,Shift 2,9,107,45,-2.9495634577912657,-3.42560784986891,False,True,,,,employee_anomaly
2017-12-04,3,23,23,S3_E01,Shift 1,11,107,39,-2.9495634577912657,-4.010676658948157,False,True,,,,employee_anomaly
2017-12-04,3,23,23,S3_E02,Shift 2,12,107,39,-2.9495634577912657,-3.2163317411983594,False,True,,,,employee_anomaly
2017-12-04,4,23,15,S4_E01,Full Day,15,107,35,-2.9495634577912657,-3.284111898833113,False,True,,,,employee_anomaly
2017-12-04,5,23,19,S5_E01,Full Day,19,107,25,-2.9495634577912657,-3.2458225710762023,False,True,,,,employee_anomaly
2017-12-04,6,23,18,S6_E01,Shift 1,8,107,25,-2.9495634577912657,-3.2986405964081293,False,True,,,,employee_anomaly
2017-12-04,6,23,18,S6_E02,Shift 2,10,107,25,-2.9495634577912657,-3.3301889302159635,False,True,,,,employee_anomaly
2017-12-04,7,23,11,S7_E01,Full Day,11,107,24,-2.9495634577912657,-3.144474792045703,False,True,,,,employee_anomaly
2017-12-04,8,23,23,S8_E01,Shift 1,11,107,40,-2.9495634577912657,-3.5723822669368586,False,True,,,,employee_anomaly
2017-12-04,8,23,23,S8_E02,Shift 2,12,107,40,-2.9495634577912657,-3.58582252955439,False,True,,,,employee_anomaly
2017-12-04,9,23,16,S9_E01,Shift 1,8,107,36,-2.9495634577912657,-3.189292177224606,False,True,,,,employee_anomaly
2017-12-04,9,23,16,S9_E02,Shift 2,8,107,36,-2.9495634577912657,-3.1563508443071124,False,True,,,,employee_anomaly
2017-12-04,10,23,22,S10_E01,Full Day,22,107,39,-2.9495634577912657,-3.105707653984013,False,True,,,,employee_anomaly
2013-08-05,2,24,79,S2_E01,Shift 1,32,465,90,-2.054639449030813,-3.037931708682254,False,True,,,,employee_anomaly
2013-08-05,2,24,79,S2_E02,Shift 2,47,465,90,-2.054639449030813,-3.4857102754090485,False,True,,,,employee_anomaly
2013-12-02,1,24,24,S1_E01,Shift 1,10,465,53,-2.347571728674129,-3.1254292363912257,False,True,,,,employee_anomaly
2013-12-02,2,24,56,S2_E01,Shift 1,31,465,73,-2.347571728674129,-3.412450649859274,False,True,,,,employee_anomaly
2013-12-02,2,24,56,S2_E02,Shift 2,25,465,73,-2.347571728674129,-3.2785932441135652,False,True,,,,employee_anomaly
2013-12-02,3,24,39,S3_E01,Shift 1,19,465,66,-2.347571728674129,-3.2501487509139597,False,True,,,,employee_anomaly
2013-12-02,3,24,39,S3_E02,Shift 2,20,465,66,-2.347571728674129,-3.4328063228458867,False,True,,,,employee_anomaly
2013-12-02,4,24,30,S4_E01,Full Day,30,465,61,-2.347571728674129,-3.448513956982832,False,True,,,,employee_anomaly
2013-12-02,5,24,22,S5_E01,Full Day,22,465,43,-2.347571728674129,-3.1959090536893515,False,True,,,,employee_anomaly
2013-12-02,6,24,16,S6_E02,Shift 2,7,465,43,-2.347571728674129,-3.0818675698167812,False,True,,,,employee_anomaly
2013-12-02,8,24,47,S8_E01,Shift 1,24,465,71,-2.347571728674129,-3.3597203284094452,False,True,,,,employee_anomaly
2013-12-02,8,24,47,S8_E02,Shift 2,23,465,71,-2.347571728674129,-3.335819773959348,False,True,,,,employee_anomaly
2013-12-02,9,24,28,S9_E01,Shift 1,13,465,60,-2.347571728674129,-3.305771183792513,False,True,,,,employee_anomaly
2013-12-02,9,24,28,S9_E02,Shift 2,15,465,60,-2.347571728674129,-3.696275698428471,False,True,,,,employee_anomaly
2013-12-02,10,24,47,S10_E01,Full Day,47,465,64,-2.347571728674129,-3.0878038047354686,False,True,,,,employee_anomaly
2014-02-02,1,24,51,S1_E01,Shift 1,24,465,40,3.295393674744289,1.7301707409229723,True,False,,,,product_anomaly
2014-02-02,1,24,51,S1_E02,Shift 2,27,465,40,3.295393674744289,1.8225038907227367,True,False,,,,product_anomaly
2014-02-02,2,24,91,S2_E01,Shift 1,37,465,56,3.295393674744289,1.8991373023791251,True,False,,,,product_anomaly
2014-02-02,2,24,91,S2_E02,Shift 2,54,465,56,3.295393674744289,2.1759926781691243,True,False,,,,product_anomaly
2014-02-02,3,24,74,S3_E01,Shift 1,35,465,48,3.295393674744289,1.951397444908886,True,False,,,,product_anomaly
2014-02-02,3,24,74,S3_E02,Shift 2,39,465,48,3.295393674744289,2.3111531193972077,True,False,,,,product_anomaly
2014-02-02,4,24,66,S4_E01,Full Day,66,465,46,3.295393674744289,2.5314964026210562,True,False,,,,product_anomaly
2014-02-02,5,24,49,S5_E01,Full Day,49,465,32,3.295393674744289,1.796587057319936,True,False,,,,product_anomaly
2014-02-02,6,24,47,S6_E01,Shift 1,27,465,31,3.295393674744289,1.7800150206197523,True,False,,,,product_anomaly
2014-02-02,6,24,47,S6_E02,Shift 2,20,465,31,3.295393674744289,2.042768858010893,True,False,,,,product_anomaly
2014-02-02,7,24,41,S7_E01,Full Day,41,465,30,3.295393674744289,1.900141074693327,True,False,,,,product_anomaly
2014-02-02,8,24,64,S8_E01,Shift 1,29,465,54,3.295393674744289,2.0283846258664506,True,False,,,,product_anomaly
2014-02-02,8,24,64,S8_E02,Shift 2,35,465,54,3.295393674744289,1.5874099102804775,True,False,,,,product_anomaly
2014-02-02,9,24,57,S9_E01,Shift 1,27,465,45,3.295393674744289,1.9557437198170857,True,False,,,,product_anomaly
2014-02-02,9,24,57,S9_E02,Shift 2,30,465,45,3.295393674744289,1.6640941158325946,True,False,,,,product_anomaly
2014-02-02,10,24,63,S10_E01,Full Day,63,465,50,3.295393674744289,2.137136069565836,True,False,,,,product_anomaly
2014-03-01,2,24,86,S2_E01,Shift 1,35,465,60,2.944714997905559,3.349005610782279,False,True,,,,employee_anomaly
2014-03-01,5,24,57,S5_E01,Full Day,57,465,37,2.944714997905559,3.306479451837381,False,True,,,,employee_anomaly
2014-08-04,2,24,84,S2_E01,Shift 1,43,465,102,-2.120504882495641,-3.2958565872574868,False,True,,,,employee_anomaly
2014-08-04,4,24,55,S4_E01,Full Day,55,465,87,-2.120504882495641,-3.1397631376093593,False,True,,,,employee_anomaly
2014-08-04,5,24,41,S5_E01,Full Day,41,465,60,-2.120504882495641,-3.2173712129452325,False,True,,,,employee_anomaly
2014-08-04,6,24,44,S6_E02,Shift 2,25,465,63,-2.120504882495641,-3.5017544264003857,False,True,,,,employee_anomaly
2014-08-04,7,24,47,S7_E01,Full Day,47,465,56,-2.120504882495641,-3.4459186430311015,False,True,,,,employee_anomaly
2014-08-04,8,24,80,S8_E01,Shift 1,36,465,101,-2.120504882495641,-3.8062041584640642,False,True,,,,employee_anomaly
2014-08-04,8,24,80,S8_E02,Shift 2,44,465,101,-2.120504882495641,-3.16064441974807,False,True,,,,employee_anomaly
2014-12-01,1,24,24,S1_E01,Shift 1,13,465,61,-2.9792820407728366,-3.1060032038113756,False,True,,,,employee_anomaly
2014-12-01,1,24,24,S1_E02,Shift 2,11,465,61,-2.9792820407728366,-3.2257952791105735,False,True,,,,employee_anomaly
2014-12-01,2,24,52,S2_E01,Shift 1,31,465,88,-2.9792820407728366,-3.2103767532981733,False,True,,,,employee_anomaly
2014-12-01,3,24,41,S3_E01,Shift 1,16,465,75,-2.9792820407728366,-3.6842826003636517,False,True,,,,employee_anomaly
2014-12-01,3,24,41,S3_E02,Shift 2,25,465,75,-2.9792820407728366,-3.7643534802102665,False,True,,,,employee_anomaly
2014-12-01,4,24,44,S4_E01,Full Day,44,465,70,-2.9792820407728366,-3.5292108233300348,False,True,,,,employee_anomaly
2014-12-01,5,24,28,S5_E01,Full Day,28,465,52,-2.9792820407728366,-3.5544771735009846,False,True,,,,employee_anomaly
2014-12-01,6,24,26,S6_E02,Shift 2,11,465,52,-2.9792820407728366,-3.2677552992025225,False,True,,,,employee_anomaly
2014-12-01,7,24,26,S7_E01,Full Day,26,465,47,-2.9792820407728366,-3.4795612216587277,False,True,,,,employee_anomaly
2014-12-01,8,24,39,S8_E02,Shift 2,20,465,82,-2.9792820407728366,-3.156889714158979,False,True,,,,employee_anomaly
2014-12-01,9,24,33,S9_E01,Shift 1,16,465,70,-2.9792820407728366,-3.0877445136207187,False,True,,,,employee_anomaly
2014-12-01,10,24,42,S10_E01,Full Day,42,465,72,-2.9792820407728366,-3.4995746414918427,False,True,,,,employee_anomaly
2015-02-01,1,24,50,S1_E01,Shift 1,23,465,41,1.2784228022663542,3.0557660597940646,False,True,,,,employee_anomaly
2015-03-01,1,24,68,S1_E01,Shift 1,32,465,44,2.852704720966488,3.2063842092808192,False,True,,,,employee_anomaly
2015-03-01,2,24,83,S2_E01,Shift 1,40,465,63,2.852704720966488,3.1204913155838128,False,True,,,,employee_anomaly
2015-03-01,3,24,78,S3_E02,Shift 2,40,465,59,2.852704720966488,3.4103721242964737,False,True,,,,employee_anomaly
2015-03-01,4,24,67,S4_E01,Full Day,67,465,54,2.852704720966488,3.1596518128314997,False,True,,,,employee_anomaly
2015-03-01,5,24,75,S5_E01,Full Day,75,465,35,2.852704720966488,3.6387722164072245,False,True,,,,employee_anomaly
2015-03-01,6,24,68,S6_E01,Shift 1,29,465,37,2.852704720966488,3.2783227914473976,False,True,,,,employee_anomaly
2015-03-01,6,24,68,S6_E02,Shift 2,39,465,37,2.852704720966488,3.6075677552682435,False,True,,,,employee_anomaly
2015-03-01,8,24,90,S8_E01,Shift 1,37,465,62,2.852704720966488,3.332540228908305,False,True,,,,employee_anomaly
2015-03-01,8,24,90,S8_E02,Shift 2,53,465,62,2.852704720966488,3.009029860439897,False,True,,,,employee_anomaly
2015-03-01,9,24,67,S9_E01,Shift 1,39,465,54,2.852704720966488,3.562831793884845,False,True,,,,employee_anomaly
2015-03-01,9,24,67,S9_E02,Shift 2,28,465,54,2.852704720966488,3.0689769065072365,False,True,,,,employee_anomaly
2015-03-01,10,24,77,S10_E01,Full Day,77,465,57,2.852704720966488,3.035766134572765,False,True,,,,employee_anomaly
2015-08-03,1,24,44,S1_E01,Shift 1,20,465,77,-3.313301372234552,-2.431152188562419,True,False,,,,product_anomaly
2015-08-03,1,24,44,S1_E02,Shift 2,24,465,77,-3.313301372234552,-2.6588983591723636,True,False,,,,product_anomaly
2015-08-03,2,24,82,S2_E01,Shift 1,41,465,109,-3.313301372234552,-2.1714259053724394,True,False,,,,product_anomaly
2015-08-03,2,24,82,S2_E02,Shift 2,41,465,109,-3.313301372234552,-2.5727933298725434,True,False,,,,product_anomaly
2015-08-03,3,24,55,S3_E01,Shift 1,24,465,98,-3.313301372234552,-3.230471200097007,True,True,,,,product_and_employee_anomaly
2015-08-03,3,24,55,S3_E02,Shift 2,31,465,98,-3.313301372234552,-3.0968220305556833,True,True,,,,product_and_employee_anomaly
2015-08-03,4,24,59,S4_E01,Full Day,59,465,91,-3.313301372234552,-2.7376755606770606,True,False,,,,product_anomaly
2015-08-03,5,24,56,S5_E01,Full Day,56,465,62,-3.313301372234552,-2.664634525264307,True,False,,,,product_anomaly
2015-08-03,6,24,41,S6_E01,Shift 1,19,465,64,-3.313301372234552,-3.003013866777452,True,True,,,,product_and_employee_anomaly
2015-08-03,6,24,41,S6_E02,Shift 2,22,465,64,-3.313301372234552,-2.5336785743591226,True,False,,,,product_anomaly
2015-08-03,7,24,39,S7_E01,Full Day,39,465,59,-3.313301372234552,-2.3966524315397892,True,False,,,,product_anomaly
2015-08-03,8,24,91,S8_E01,Shift 1,46,465,102,-3.313301372234552,-2.893402768817878,True,False,,,,product_anomaly
2015-08-03,8,24,91,S8_E02,Shift 2,45,465,102,-3.313301372234552,-2.405130863769209,True,False,,,,product_anomaly
2015-08-03,9,24,50,S9_E01,Shift 1,27,465,88,-3.313301372234552,-2.4640677522246373,True,False,,,,product_anomaly
2015-08-03,9,24,50,S9_E02,Shift 2,23,465,88,-3.313301372234552,-3.2324063857303305,True,True,,,,product_and_employee_anomaly
2015-08-03,10,24,65,S10_E01,Full Day,65,465,96,-3.313301372234552,-2.654029610435547,True,False,,,,product_anomaly
2016-12-05,2,24,67,S2_E01,Shift 1,31,465,92,-2.546755517685458,-3.039797685865822,False,True,,,,employee_anomaly
2016-12-05,6,24,34,S6_E01,Shift 1,16,465,58,-2.546755517685458,-3.552929269017943,False,True,,,,employee_anomaly
2016-12-05,7,24,32,S7_E01,Full Day,32,465,52,-2.546755517685458,-3.1441222038535632,False,True,,,,employee_anomaly
2016-12-05,8,24,57,S8_E01,Shift 1,28,465,89,-2.546755517685458,-3.7685143438139015,False,True,,,,employee_anomaly
2016-12-05,8,24,57,S8_E02,Shift 2,29,465,89,-2.546755517685458,-3.111510025863777,False,True,,,,employee_anomaly
2016-12-05,9,24,50,S9_E02,Shift 2,23,465,76,-2.546755517685458,-3.3474208166871384,False,True,,,,employee_anomaly
2016-12-05,10,24,40,S10_E01,Full Day,40,465,83,-2.546755517685458,-3.2437638134469884,False,True,,,,employee_anomaly
2017-04-01,1,24,85,S1_E01,Shift 1,45,465,61,3.60668841879511,3.05140781233218,True,True,,,,product_and_employee_anomaly
2017-04-01,1,24,85,S1_E02,Shift 2,40,465,61,3.60668841879511,1.8889707199416608,True,False,,,,product_anomaly
2017-04-01,2,24,123,S2_E01,Shift 1,64,465,86,3.60668841879511,2.580825384206757,True,False,,,,product_anomaly
2017-04-01,2,24,123,S2_E02,Shift 2,59,465,86,3.60668841879511,1.8902291251894983,True,False,,,,product_anomaly
2017-04-01,3,24,114,S3_E01,Shift 1,55,465,77,3.60668841879511,2.146311496476392,True,False,,,,product_anomaly
2017-04-01,3,24,114,S3_E02,Shift 2,59,465,77,3.60668841879511,2.6475539335490783,True,False,,,,product_anomaly
2017-04-01,4,24,103,S4_E01,Full Day,103,465,72,3.60668841879511,2.604125050604662,True,False,,,,product_anomaly
2017-04-01,5,24,73,S5_E01,Full Day,73,465,49,3.60668841879511,2.0946405205673497,True,False,,,,product_anomaly
2017-04-01,6,24,88,S6_E01,Shift 1,37,465,53,3.60668841879511,1.9955300762401422,True,False,,,,product_anomaly
2017-04-01,6,24,88,S6_E02,Shift 2,51,465,53,3.60668841879511,2.0319107529869678,True,False,,,,product_anomaly
2017-04-01,7,24,42,S7_E01,Full Day,42,465,47,3.60668841879511,2.0463149682118975,True,False,,,,product_anomaly
2017-04-01,8,24,109,S8_E01,Shift 1,50,465,81,3.60668841879511,1.669396621291034,True,False,,,,product_anomaly
2017-04-01,8,24,109,S8_E02,Shift 2,59,465,81,3.60668841879511,1.9060750667749524,True,False,,,,product_anomaly
2017-04-01,9,24,91,S9_E01,Shift 1,51,465,68,3.60668841879511,2.2000613125488666,True,False,,,,product_anomaly
2017-04-01,9,24,91,S9_E02,Shift 2,40,465,68,3.60668841879511,2.391187027547361,True,False,,,,product_anomaly
2017-04-01,10,24,95,S10_E01,Full Day,95,465,75,3.60668841879511,2.4102948199436187,True,False,,,,product_anomaly
2017-12-04,1,24,33,S1_E01,Shift 1,20,465,69,-3.237392741756051,-3.566924808659965,True,True,,,,product_and_employee_anomaly
2017-12-04,1,24,33,S1_E02,Shift 2,13,465,69,-3.237392741756051,-3.439934189042974,True,True,,,,product_and_employee_anomaly
2017-12-04,2,24,64,S2_E01,Shift 1,31,465,100,-3.237392741756051,-3.4289887985334744,True,True,,,,product_and_employee_anomaly
2017-12-04,2,24,64,S2_E02,Shift 2,33,465,100,-3.237392741756051,-3.42560784986891,True,True,,,,product_and_employee_anomaly
2017-12-04,3,24,39,S3_E01,Shift 1,21,465,87,-3.237392741756051,-4.010676658948157,True,True,,,,product_and_employee_anomaly
2017-12-04,3,24,39,S3_E02,Shift 2,18,465,87,-3.237392741756051,-3.2163317411983594,True,True,,,,product_and_employee_anomaly
2017-12-04,4,24,62,S4_E01,Full Day,62,465,81,-3.237392741756051,-3.284111898833113,True,True,,,,product_and_employee_anomaly
2017-12-04,5,24,40,S5_E01,Full Day,40,465,58,-3.237392741756051,-3.2458225710762023,True,True,,,,product_and_employee_anomaly
2017-12-04,6,24,29,S6_E01,Shift 1,14,465,58,-3.237392741756051,-3.2986405964081293,True,True,,,,product_and_employee_anomaly
2017-12-04,6,24,29,S6_E02,Shift 2,15,465,58,-3.237392741756051,-3.3301889302159635,True,True,,,,product_and_employee_anomaly
2017-12-04,7,24,24,S7_E01,Full Day,24,465,52,-3.237392741756051,-3.144474792045703,True,True,,,,product_and_employee_anomaly
2017-12-04,8,24,60,S8_E01,Shift 1,31,465,93,-3.237392741756051,-3.5723822669368586,True,True,,,,product_and_employee_anomaly
2017-12-04,8,24,60,S8_E02,Shift 2,29,465,93,-3.237392741756051,-3.58582252955439,True,True,,,,product_and_employee_anomaly
2017-12-04,9,24,43,S9_E01,Shift 1,21,465,80,-3.237392741756051,-3.189292177224606,True,True,,,,product_and_employee_anomaly
2017-12-04,9,24,43,S9_E02,Shift 2,22,465,80,-3.237392741756051,-3.1563508443071124,True,True,,,,product_and_employee_anomaly
2017-12-04,10,24,55,S10_E01,Full Day,55,465,86,-3.237392741756051,-3.105707653984013,True,True,,,,product_and_employee_anomaly
2013-08-05,2,25,71,S2_E01,Shift 1,36,395,109,-2.945664864992912,-3.037931708682254,False,True,,,,employee_anomaly
2013-08-05,2,25,71,S2_E02,Shift 2,35,395,109,-2.945664864992912,-3.4857102754090485,False,True,,,,employee_anomaly
2013-12-02,1,25,37,S1_E01,Shift 1,17,395,64,-3.2137709051148415,-3.1254292363912257,True,True,,,,product_and_employee_anomaly
2013-12-02,1,25,37,S1_E02,Shift 2,20,395,64,-3.2137709051148415,-2.851006355389951,True,False,,,,product_anomaly
2013-12-02,2,25,52,S2_E01,Shift 1,28,395,89,-3.2137709051148415,-3.412450649859274,True,True,,,,product_and_employee_anomaly
2013-12-02,2,25,52,S2_E02,Shift 2,24,395,89,-3.2137709051148415,-3.2785932441135652,True,True,,,,product_and_employee_anomaly
2013-12-02,3,25,51,S3_E01,Shift 1,30,395,77,-3.2137709051148415,-3.2501487509139597,True,True,,,,product_and_employee_anomaly
2013-12-02,3,25,51,S3_E02,Shift 2,21,395,77,-3.2137709051148415,-3.4328063228458867,True,True,,,,product_and_employee_anomaly
2013-12-02,4,25,42,S4_E01,Full Day,42,395,74,-3.2137709051148415,-3.448513956982832,True,True,,,,product_and_employee_anomaly
2013-12-02,5,25,26,S5_E01,Full Day,26,395,53,-3.2137709051148415,-3.1959090536893515,True,True,,,,product_and_employee_anomaly
2013-12-02,6,25,27,S6_E01,Shift 1,14,395,55,-3.2137709051148415,-2.8345600406685025,True,False,,,,product_anomaly
2013-12-02,6,25,27,S6_E02,Shift 2,13,395,55,-3.2137709051148415,-3.0818675698167812,True,True,,,,product_and_employee_anomaly
2013-12-02,7,25,34,S7_E01,Full Day,34,395,51,-3.2137709051148415,-2.9208666389824898,True,False,,,,product_anomaly
2013-12-02,8,25,37,S8_E01,Shift 1,20,395,86,-3.2137709051148415,-3.3597203284094452,True,True,,,,product_and_employee_anomaly
2013-12-02,8,25,37,S8_E02,Shift 2,17,395,86,-3.2137709051148415,-3.335819773959348,True,True,,,,product_and_employee_anomaly
2013-12-02,9,25,40,S9_E01,Shift 1,20,395,75,-3.2137709051148415,-3.305771183792513,True,True,,,,product_and_employee_anomaly
2013-12-02,9,25,40,S9_E02,Shift 2,20,395,75,-3.2137709051148415,-3.696275698428471,True,True,,,,product_and_employee_anomaly
2013-12-02,10,25,48,S10_E01,Full Day,48,395,79,-3.2137709051148415,-3.0878038047354686,True,True,,,,product_and_employee_anomaly
2014-03-01,2,25,116,S2_E01,Shift 1,68,395,74,2.8367656439166553,3.349005610782279,False,True,,,,employee_anomaly
2014-03-01,5,25,61,S5_E01,Full Day,61,395,44,2.8367656439166553,3.306479451837381,False,True,,,,employee_anomaly
2014-08-04,1,25,68,S1_E01,Shift 1,28,395,88,-3.307647116896449,-2.5453580386408605,True,False,,,,product_anomaly
2014-08-04,1,25,68,S1_E02,Shift 2,40,395,88,-3.307647116896449,-2.806490994281361,True,False,,,,product_anomaly
2014-08-04,2,25,86,S2_E01,Shift 1,35,395,131,-3.307647116896449,-3.2958565872574868,True,True,,,,product_and_employee_anomaly
2014-08-04,2,25,86,S2_E02,Shift 2,51,395,131,-3.307647116896449,-2.3253581907705634,True,False,,,,product_anomaly
2014-08-04,3,25,82,S3_E01,Shift 1,42,395,112,-3.307647116896449,-2.9193847507418793,True,False,,,,product_anomaly
2014-08-04,3,25,82,S3_E02,Shift 2,40,395,112,-3.307647116896449,-2.9764440225122466,True,False,,,,product_anomaly
2014-08-04,4,25,74,S4_E01,Full Day,74,395,102,-3.307647116896449,-3.1397631376093593,True,True,,,,product_and_employee_anomaly
2014-08-04,5,25,51,S5_E01,Full Day,51,395,74,-3.307647116896449,-3.2173712129452325,True,True,,,,product_and_employee_anomaly
2014-08-04,6,25,53,S6_E01,Shift 1,23,395,75,-3.307647116896449,-2.2070237185490025,True,False,,,,product_anomaly
2014-08-04,6,25,53,S6_E02,Shift 2,30,395,75,-3.307647116896449,-3.5017544264003857,True,True,,,,product_and_employee_anomaly
2014-08-04,7,25,29,S7_E01,Full Day,29,395,68,-3.307647116896449,-3.4459186430311015,True,True,,,,product_and_employee_anomaly
2014-08-04,8,25,78,S8_E01,Shift 1,35,395,122,-3.307647116896449,-3.8062041584640642,True,True,,,,product_and_employee_anomaly
2014-08-04,8,25,78,S8_E02,Shift 2,43,395,122,-3.307647116896449,-3.16064441974807,True,True,,,,product_and_employee_anomaly
2014-08-04,9,25,68,S9_E01,Shift 1,33,395,104,-3.307647116896449,-2.838026611374916,True,False,,,,product_anomaly
2014-08-04,9,25,68,S9_E02,Shift 2,35,395,104,-3.307647116896449,-2.777144381847396,True,False,,,,product_anomaly
2014-08-04,10,25,69,S10_E01,Full Day,69,395,112,-3.307647116896449,-2.9356516212828705,True,False,,,,product_anomaly
2014-12-01,1,25,26,S1_E01,Shift 1,15,395,78,-3.160875142761926,-3.1060032038113756,True,True,,,,product_and_employee_anomaly
2014-12-01,1,25,26,S1_E02,Shift 2,11,395,78,-3.160875142761926,-3.2257952791105735,True,True,,,,product_and_employee_anomaly
2014-12-01,2,25,60,S2_E01,Shift 1,30,395,103,-3.160875142761926,-3.2103767532981733,True,True,,,,product_and_employee_anomaly
2014-12-01,2,25,60,S2_E02,Shift 2,30,395,103,-3.160875142761926,-2.9745651825749797,True,False,,,,product_anomaly
2014-12-01,3,25,55,S3_E01,Shift 1,31,395,96,-3.160875142761926,-3.6842826003636517,True,True,,,,product_and_employee_anomaly
2014-12-01,3,25,55,S3_E02,Shift 2,24,395,96,-3.160875142761926,-3.7643534802102665,True,True,,,,product_and_employee_anomaly
2014-12-01,4,25,52,S4_E01,Full Day,52,395,87,-3.160875142761926,-3.5292108233300348,True,True,,,,product_and_employee_anomaly
2014-12-01,5,25,31,S5_E01,Full Day,31,395,64,-3.160875142761926,-3.5544771735009846,True,True,,,,product_and_employee_anomaly
2014-12-01,6,25,45,S6_E01,Shift 1,21,395,64,-3.160875142761926,-2.725413037949043,True,False,,,,product_anomaly
2014-12-01,6,25,45,S6_E02,Shift 2,24,395,64,-3.160875142761926,-3.2677552992025225,True,True,,,,product_and_employee_anomaly
2014-12-01,7,25,23,S7_E01,Full Day,23,395,60,-3.160875142761926,-3.4795612216587277,True,True,,,,product_and_employee_anomaly
2014-12-01,8,25,56,S8_E01,Shift 1,29,395,106,-3.160875142761926,-2.754138713991254,True,False,,,,product_anomaly
2014-12-01,8,25,56,S8_E02,Shift 2,27,395,106,-3.160875142761926,-3.156889714158979,True,True,,,,product_and_employee_anomaly
2014-12-01,9,25,55,S9_E01,Shift 1,28,395,91,-3.160875142761926,-3.0877445136207187,True,True,,,,product_and_employee_anomaly
2014-12-01,9,25,55,S9_E02,Shift 2,27,395,91,-3.160875142761926,-2.9294097184846226,True,False,,,,product_anomaly
2014-12-01,10,25,48,S10_E01,Full Day,48,395,95,-3.160875142761926,-3.4995746414918427,True,True,,,,product_and_employee_anomaly
2015-02-01,1,25,66,S1_E01,Shift 1,29,395,47,2.6689463010760495,3.0557660597940646,False,True,,,,employee_anomaly
2015-03-01,1,25,66,S1_E01,Shift 1,27,395,53,2.1464636308294622,3.2063842092808192,False,True,,,,employee_anomaly
2015-03-01,2,25,98,S2_E01,Shift 1,53,395,78,2.1464636308294622,3.1204913155838128,False,True,,,,employee_anomaly
2015-03-01,3,25,91,S3_E02,Shift 2,51,395,71,2.1464636308294622,3.4103721242964737,False,True,,,,employee_anomaly
2015-03-01,4,25,81,S4_E01,Full Day,81,395,65,2.1464636308294622,3.1596518128314997,False,True,,,,employee_anomaly
2015-03-01,5,25,58,S5_E01,Full Day,58,395,47,2.1464636308294622,3.6387722164072245,False,True,,,,employee_anomaly
2015-03-01,6,25,66,S6_E01,Shift 1,35,395,46,2.1464636308294622,3.2783227914473976,False,True,,,,employee_anomaly
2015-03-01,6,25,66,S6_E02,Shift 2,31,395,46,2.1464636308294622,3.6075677552682435,False,True,,,,employee_anomaly
2015-03-01,8,25,110,S8_E01,Shift 1,63,395,76,2.1464636308294622,3.332540228908305,False,True,,,,employee_anomaly
2015-03-01,8,25,110,S8_E02,Shift 2,47,395,76,2.1464636308294622,3.009029860439897,False,True,,,,employee_anomaly
2015-03-01,9,25,88,S9_E01,Shift 1,39,395,65,2.1464636308294622,3.562831793884845,False,True,,,,employee_anomaly
2015-03-01,9,25,88,S9_E02,Shift 2,49,395,65,2.1464636308294622,3.0689769065072365,False,True,,,,employee_anomaly
2015-03-01,10,25,101,S10_E01,Full Day,101,395,69,2.1464636308294622,3.035766134572765,False,True,,,,employee_anomaly
2015-08-03,3,25,88,S3_E01,Shift 1,42,395,113,-2.4406892037699905,-3.230471200097007,False,True,,,,employee_anomaly
2015-08-03,3,25,88,S3_E02,Shift 2,46,395,113,-2.4406892037699905,-3.0968220305556833,False,True,,,,employee_anomaly
2015-08-03,6,25,63,S6_E01,Shift 1,35,395,80,-2.4406892037699905,-3.003013866777452,False,True,,,,employee_anomaly
2015-08-03,9,25,81,S9_E02,Shift 2,37,395,109,-2.4406892037699905,-3.2324063857303305,False,True,,,,employee_anomaly
2016-12-05,1,25,64,S1_E01,Shift 1,26,395,82,-3.2042264646695537,-2.4321396159735382,True,False,,,,product_anomaly
2016-12-05,1,25,64,S1_E02,Shift 2,38,395,82,-3.2042264646695537,-2.580461211183038,True,False,,,,product_anomaly
2016-12-05,2,25,76,S2_E01,Shift 1,39,395,114,-3.2042264646695537,-3.039797685865822,True,True,,,,product_and_employee_anomaly
2016-12-05,2,25,76,S2_E02,Shift 2,37,395,114,-3.2042264646695537,-2.8411273492839912,True,False,,,,product_anomaly
2016-12-05,3,25,58,S3_E01,Shift 1,30,395,97,-3.2042264646695537,-2.6334758693639126,True,False,,,,product_anomaly
2016-12-05,3,25,58,S3_E02,Shift 2,28,395,97,-3.2042264646695537,-2.870138019802202,True,False,,,,product_anomaly
2016-12-05,4,25,53,S4_E01,Full Day,53,395,96,-3.2042264646695537,-2.803773742586649,True,False,,,,product_anomaly
2016-12-05,5,25,36,S5_E01,Full Day,36,395,69,-3.2042264646695537,-2.639685670948698,True,False,,,,product_anomaly
2016-12-05,6,25,48,S6_E01,Shift 1,29,395,68,-3.2042264646695537,-3.552929269017943,True,True,,,,product_and_employee_anomaly
2016-12-05,6,25,48,S6_E02,Shift 2,19,395,68,-3.2042264646695537,-2.6336470607013553,True,False,,,,product_anomaly
2016-12-05,7,25,47,S7_E01,Full Day,47,395,62,-3.2042264646695537,-3.1441222038535632,True,True,,,,product_and_employee_anomaly
2016-12-05,8,25,58,S8_E01,Shift 1,32,395,106,-3.2042264646695537,-3.7685143438139015,True,True,,,,product_and_employee_anomaly
2016-12-05,8,25,58,S8_E02,Shift 2,26,395,106,-3.2042264646695537,-3.111510025863777,True,True,,,,product_and_employee_anomaly
2016-12-05,9,25,54,S9_E01,Shift 1,28,395,94,-3.2042264646695537,-2.9300684022247934,True,False,,,,product_anomaly
2016-12-05,9,25,54,S9_E02,Shift 2,26,395,94,-3.2042264646695537,-3.3474208166871384,True,True,,,,product_and_employee_anomaly
2016-12-05,10,25,55,S10_E01,Full Day,55,395,99,-3.2042264646695537,-3.2437638134469884,True,True,,,,product_and_employee_anomaly
2017-04-01,1,25,106,S1_E01,Shift 1,51,395,73,1.9148959374935755,3.05140781233218,False,True,,,,employee_anomaly
2017-12-04,1,25,43,S1_E01,Shift 1,24,395,84,-3.7441576972584847,-3.566924808659965,True,True,,,,product_and_employee_anomaly
2017-12-04,1,25,43,S1_E02,Shift 2,19,395,84,-3.7441576972584847,-3.439934189042974,True,True,,,,product_and_employee_anomaly
2017-12-04,2,25,61,S2_E01,Shift 1,27,395,120,-3.7441576972584847,-3.4289887985334744,True,True,,,,product_and_employee_anomaly
2017-12-04,2,25,61,S2_E02,Shift 2,34,395,120,-3.7441576972584847,-3.42560784986891,True,True,,,,product_and_employee_anomaly
2017-12-04,3,25,65,S3_E01,Shift 1,33,395,107,-3.7441576972584847,-4.010676658948157,True,True,,,,product_and_employee_anomaly
2017-12-04,3,25,65,S3_E02,Shift 2,32,395,107,-3.7441576972584847,-3.2163317411983594,True,True,,,,product_and_employee_anomaly
2017-12-04,4,25,44,S4_E01,Full Day,44,395,97,-3.7441576972584847,-3.284111898833113,True,True,,,,product_and_employee_anomaly
2017-12-04,5,25,35,S5_E01,Full Day,35,395,70,-3.7441576972584847,-3.2458225710762023,True,True,,,,product_and_employee_anomaly
2017-12-04,6,25,41,S6_E01,Shift 1,19,395,72,-3.7441576972584847,-3.2986405964081293,True,True,,,,product_and_employee_anomaly
2017-12-04,6,25,41,S6_E02,Shift 2,22,395,72,-3.7441576972584847,-3.3301889302159635,True,True,,,,product_and_employee_anomaly
2017-12-04,7,25,39,S7_E01,Full Day,39,395,66,-3.7441576972584847,-3.144474792045703,True,True,,,,product_and_employee_anomaly
2017-12-04,8,25,63,S8_E01,Shift 1,34,395,117,-3.7441576972584847,-3.5723822669368586,True,True,,,,product_and_employee_anomaly
2017-12-04,8,25,63,S8_E02,Shift 2,29,395,117,-3.7441576972584847,-3.58582252955439,True,True,,,,product_and_employee_anomaly
2017-12-04,9,25,60,S9_E01,Shift 1,30,395,101,-3.7441576972584847,-3.189292177224606,True,True,,,,product_and_employee_anomaly
2017-12-04,9,25,60,S9_E02,Shift 2,30,395,101,-3.7441576972584847,-3.1563508443071124,True,True,,,,product_and_employee_anomaly
2017-12-04,10,25,46,S10_E01,Full Day,46,395,105,-3.7441576972584847,-3.105707653984013,True,True,,,,product_and_employee_anomaly
2013-02-03,1,26,39,S1_E01,Shift 1,19,329,23,3.2198679366535825,1.3861739158274642,True,False,,,,product_anomaly
2013-02-03,1,26,39,S1_E02,Shift 2,20,329,23,3.2198679366535825,1.2014649818739083,True,False,,,,product_anomaly
2013-02-03,2,26,52,S2_E01,Shift 1,21,329,36,3.2198679366535825,1.5564792281365063,True,False,,,,product_anomaly
2013-02-03,2,26,52,S2_E02,Shift 2,31,329,36,3.2198679366535825,1.6950611031885698,True,False,,,,product_anomaly
2013-02-03,3,26,48,S3_E01,Shift 1,23,329,30,3.2198679366535825,1.2980482294979563,True,False,,,,product_anomaly
2013-02-03,3,26,48,S3_E02,Shift 2,25,329,30,3.2198679366535825,1.8967318320261308,True,False,,,,product_anomaly
2013-02-03,4,26,45,S4_E01,Full Day,45,329,28,3.2198679366535825,1.8464637810756168,True,False,,,,product_anomaly
2013-02-03,5,26,28,S5_E01,Full Day,28,329,20,3.2198679366535825,1.7756728935827266,True,False,,,,product_anomaly
2013-02-03,6,26,38,S6_E01,Shift 1,17,329,22,3.2198679366535825,1.887040434735957,True,False,,,,product_anomaly
2013-02-03,6,26,38,S6_E02,Shift 2,21,329,22,3.2198679366535825,1.9276968394075247,True,False,,,,product_anomaly
2013-02-03,7,26,25,S7_E01,Full Day,25,329,17,3.2198679366535825,1.4232712090741666,True,False,,,,product_anomaly
2013-02-03,8,26,49,S8_E01,Shift 1,23,329,33,3.2198679366535825,1.3855204707890951,True,False,,,,product_anomaly
2013-02-03,8,26,49,S8_E02,Shift 2,26,329,33,3.2198679366535825,1.5812103070284094,True,False,,,,product_anomaly
2013-02-03,9,26,51,S9_E01,Shift 1,23,329,28,3.2198679366535825,2.105184759203714,True,False,,,,product_anomaly
2013-02-03,9,26,51,S9_E02,Shift 2,28,329,28,3.2198679366535825,2.413298617476434,True,False,,,,product_anomaly
2013-02-03,10,26,37,S10_E01,Full Day,37,329,33,3.2198679366535825,1.5539324807154178,True,False,,,,product_anomaly
2013-08-05,2,26,47,S2_E01,Shift 1,27,329,63,-2.481898873613944,-3.037931708682254,False,True,,,,employee_anomaly
2013-08-05,2,26,47,S2_E02,Shift 2,20,329,63,-2.481898873613944,-3.4857102754090485,False,True,,,,employee_anomaly
2013-10-28,1,26,19,S1_E01,Shift 1,9,329,35,-3.203076236454288,-1.721585754763801,True,False,,,,product_anomaly
2013-10-28,1,26,19,S1_E02,Shift 2,10,329,35,-3.203076236454288,-1.8575047772472393,True,False,,,,product_anomaly
2013-10-28,2,26,36,S2_E01,Shift 1,20,329,50,-3.203076236454288,-1.7381816786212712,True,False,,,,product_anomaly
2013-10-28,2,26,36,S2_E02,Shift 2,16,329,50,-3.203076236454288,-1.8351806210775479,True,False,,,,product_anomaly
2013-10-28,3,26,36,S3_E01,Shift 1,19,329,44,-3.203076236454288,-1.6998545204472049,True,False,,,,product_anomaly
2013-10-28,3,26,36,S3_E02,Shift 2,17,329,44,-3.203076236454288,-1.6190606286450584,True,False,,,,product_anomaly
2013-10-28,4,26,22,S4_E01,Full Day,22,329,41,-3.203076236454288,-1.6603676396071039,True,False,,,,product_anomaly
2013-10-28,5,26,28,S5_E01,Full Day,28,329,29,-3.203076236454288,-1.4582629238303395,True,False,,,,product_anomaly
2013-10-28,6,26,22,S6_E01,Shift 1,12,329,29,-3.203076236454288,-1.6847596688782798,True,False,,,,product_anomaly
2013-10-28,6,26,22,S6_E02,Shift 2,10,329,29,-3.203076236454288,-1.5164292277841718,True,False,,,,product_anomaly
2013-10-28,7,26,23,S7_E01,Full Day,23,329,28,-3.203076236454288,-1.1314384455836664,True,False,,,,product_anomaly
2013-10-28,8,26,36,S8_E01,Shift 1,20,329,50,-3.203076236454288,-1.5039314859311577,True,False,,,,product_anomaly
2013-10-28,8,26,36,S8_E02,Shift 2,16,329,50,-3.203076236454288,-1.2952076103537327,True,False,,,,product_anomaly
2013-10-28,9,26,28,S9_E01,Shift 1,14,329,41,-3.203076236454288,-1.708581369952755,True,False,,,,product_anomaly
2013-10-28,9,26,28,S9_E02,Shift 2,14,329,41,-3.203076236454288,-1.3995167428728466,True,False,,,,product_anomaly
2013-10-28,10,26,25,S10_E01,Full Day,25,329,44,-3.203076236454288,-1.3783477034121865,True,False,,,,product_anomaly
2013-12-02,1,26,27,S1_E01,Shift 1,13,329,38,-2.248893789088125,-3.1254292363912257,False,True,,,,employee_anomaly
2013-12-02,2,26,35,S2_E01,Shift 1,18,329,53,-2.248893789088125,-3.412450649859274,False,True,,,,employee_anomaly
2013-12-02,2,26,35,S2_E02,Shift 2,17,329,53,-2.248893789088125,-3.2785932441135652,False,True,,,,employee_anomaly
2013-12-02,3,26,30,S3_E01,Shift 1,13,329,46,-2.248893789088125,-3.2501487509139597,False,True,,,,employee_anomaly
2013-12-02,3,26,30,S3_E02,Shift 2,17,329,46,-2.248893789088125,-3.4328063228458867,False,True,,,,employee_anomaly
2013-12-02,4,26,19,S4_E01,Full Day,19,329,42,-2.248893789088125,-3.448513956982832,False,True,,,,employee_anomaly
2013-12-02,5,26,18,S5_E01,Full Day,18,329,31,-2.248893789088125,-3.1959090536893515,False,True,,,,employee_anomaly
2013-12-02,6,26,18,S6_E02,Shift 2,9,329,31,-2.248893789088125,-3.0818675698167812,False,True,,,,employee_anomaly
2013-12-02,8,26,29,S8_E01,Shift 1,17,329,51,-2.248893789088125,-3.3597203284094452,False,True,,,,employee_anomaly
2013-12-02,8,26,29,S8_E02,Shift 2,12,329,51,-2.248893789088125,-3.335819773959348,False,True,,,,employee_anomaly
2013-12-02,9,26,30,S9_E01,Shift 1,14,329,47,-2.248893789088125,-3.305771183792513,False,True,,,,employee_anomaly
2013-12-02,9,26,30,S9_E02,Shift 2,16,329,47,-2.248893789088125,-3.696275698428471,False,True,,,,employee_anomaly
2013-12-02,10,26,30,S10_E01,Full Day,30,329,48,-2.248893789088125,-3.0878038047354686,False,True,,,,employee_anomaly
2013-12-30,1,26,18,S1_E01,Shift 1,8,329,26,-3.341503112950971,-1.7055702089184461,True,False,,,,product_anomaly
2013-12-30,1,26,18,S1_E02,Shift 2,10,329,26,-3.341503112950971,-1.3472082182713447,True,False,,,,product_anomaly
2013-12-30,2,26,25,S2_E01,Shift 1,10,329,39,-3.341503112950971,-1.8749011263773145,True,False,,,,product_anomaly
2013-12-30,2,26,25,S2_E02,Shift 2,15,329,39,-3.341503112950971,-1.6061112218613423,True,False,,,,product_anomaly
2013-12-30,3,26,19,S3_E01,Shift 1,11,329,34,-3.341503112950971,-1.4873898173455153,True,False,,,,product_anomaly
2013-12-30,3,26,19,S3_E02,Shift 2,8,329,34,-3.341503112950971,-1.5662441020002988,True,False,,,,product_anomaly
2013-12-30,4,26,23,S4_E01,Full Day,23,329,33,-3.341503112950971,-1.7501061182420115,True,False,,,,product_anomaly
2013-12-30,5,26,23,S5_E01,Full Day,23,329,23,-3.341503112950971,-1.3460313906795978,True,False,,,,product_anomaly
2013-12-30,6,26,20,S6_E01,Shift 1,8,329,23,-3.341503112950971,-1.6444588814287182,True,False,,,,product_anomaly
2013-12-30,6,26,20,S6_E02,Shift 2,12,329,23,-3.341503112950971,-1.4100776152898467,True,False,,,,product_anomaly
2013-12-30,7,26,14,S7_E01,Full Day,14,329,21,-3.341503112950971,-1.1033777813207786,True,False,,,,product_anomaly
2013-12-30,8,26,30,S8_E01,Shift 1,18,329,37,-3.341503112950971,-1.7329623326950536,True,False,,,,product_anomaly
2013-12-30,8,26,30,S8_E02,Shift 2,12,329,37,-3.341503112950971,-1.640577582106157,True,False,,,,product_anomaly
2013-12-30,9,26,17,S9_E01,Shift 1,7,329,33,-3.341503112950971,-1.663610774640384,True,False,,,,product_anomaly
2013-12-30,9,26,17,S9_E02,Shift 2,10,329,33,-3.341503112950971,-1.8723155352569678,True,False,,,,product_anomaly
2013-12-30,10,26,25,S10_E01,Full Day,25,329,35,-3.341503112950971,-1.6831599077871786,True,False,,,,product_anomaly
2014-03-01,1,26,58,S1_E01,Shift 1,33,329,31,3.266606669254058,1.8242545275228967,True,False,,,,product_anomaly
2014-03-01,1,26,58,S1_E02,Shift 2,25,329,31,3.266606669254058,2.6015673164242665,True,False,,,,product_anomaly
2014-03-01,2,26,63,S2_E01,Shift 1,33,329,44,3.266606669254058,3.349005610782279,True,True,,,,product_and_employee_anomaly
2014-03-01,2,26,63,S2_E02,Shift 2,30,329,44,3.266606669254058,2.8461099331193718,True,False,,,,product_anomaly
2014-03-01,3,26,49,S3_E01,Shift 1,21,329,38,3.266606669254058,1.9584902781729174,True,False,,,,product_anomaly
2014-03-01,3,26,49,S3_E02,Shift 2,28,329,38,3.266606669254058,2.4343516400715948,True,False,,,,product_anomaly
2014-03-01,4,26,49,S4_E01,Full Day,49,329,37,3.266606669254058,2.5055749314209104,True,False,,,,product_anomaly
2014-03-01,5,26,38,S5_E01,Full Day,38,329,26,3.266606669254058,3.306479451837381,True,True,,,,product_and_employee_anomaly
2014-03-01,6,26,47,S6_E01,Shift 1,20,329,25,3.266606669254058,2.323386541300781,True,False,,,,product_anomaly
2014-03-01,6,26,47,S6_E02,Shift 2,27,329,25,3.266606669254058,2.9878245936140457,True,False,,,,product_anomaly
2014-03-01,7,26,25,S7_E01,Full Day,25,329,24,3.266606669254058,2.157297689436117,True,False,,,,product_anomaly
2014-03-01,8,26,62,S8_E01,Shift 1,37,329,42,3.266606669254058,2.488561115036944,True,False,,,,product_anomaly
2014-03-01,8,26,62,S8_E02,Shift 2,25,329,42,3.266606669254058,2.2777673761291855,True,False,,,,product_anomaly
2014-03-01,9,26,52,S9_E01,Shift 1,22,329,37,3.266606669254058,2.0575462095889767,True,False,,,,product_anomaly
2014-03-01,9,26,52,S9_E02,Shift 2,30,329,37,3.266606669254058,2.25800157879476,True,False,,,,product_anomaly
2014-03-01,10,26,46,S10_E01,Full Day,46,329,41,3.266606669254058,2.822284998497931,True,False,,,,product_anomaly
2014-08-04,1,26,33,S1_E01,Shift 1,17,329,53,-3.859541136546186,-2.5453580386408605,True,False,,,,product_anomaly
2014-08-04,1,26,33,S1_E02,Shift 2,16,329,53,-3.859541136546186,-2.806490994281361,True,False,,,,product_anomaly
2014-08-04,2,26,51,S2_E01,Shift 1,22,329,76,-3.859541136546186,-3.2958565872574868,True,True,,,,product_and_employee_anomaly
2014-08-04,2,26,51,S2_E02,Shift 2,29,329,76,-3.859541136546186,-2.3253581907705634,True,False,,,,product_anomaly
2014-08-04,3,26,34,S3_E01,Shift 1,16,329,68,-3.859541136546186,-2.9193847507418793,True,False,,,,product_anomaly
2014-08-04,3,26,34,S3_E02,Shift 2,18,329,68,-3.859541136546186,-2.9764440225122466,True,False,,,,product_anomaly
2014-08-04,4,26,31,S4_E01,Full Day,31,329,60,-3.859541136546186,-3.1397631376093593,True,True,,,,product_and_employee_anomaly
2014-08-04,5,26,24,S5_E01,Full Day,24,329,42,-3.859541136546186,-3.2173712129452325,True,True,,,,product_and_employee_anomaly
2014-08-04,6,26,32,S6_E01,Shift 1,16,329,43,-3.859541136546186,-2.2070237185490025,True,False,,,,product_anomaly
2014-08-04,6,26,32,S6_E02,Shift 2,16,329,43,-3.859541136546186,-3.5017544264003857,True,True,,,,product_and_employee_anomaly
2014-08-04,7,26,31,S7_E01,Full Day,31,329,41,-3.859541136546186,-3.4459186430311015,True,True,,,,product_and_employee_anomaly
2014-08-04,8,26,57,S8_E01,Shift 1,27,329,73,-3.859541136546186,-3.8062041584640642,True,True,,,,product_and_employee_anomaly
2014-08-04,8,26,57,S8_E02,Shift 2,30,329,73,-3.859541136546186,-3.16064441974807,True,True,,,,product_and_employee_anomaly
2014-08-04,9,26,38,S9_E01,Shift 1,18,329,62,-3.859541136546186,-2.838026611374916,True,False,,,,product_anomaly
2014-08-04,9,26,38,S9_E02,Shift 2,20,329,62,-3.859541136546186,-2.777144381847396,True,False,,,,product_anomaly
2014-08-04,10,26,45,S10_E01,Full Day,45,329,68,-3.859541136546186,-2.9356516212828705,True,False,,,,product_anomaly
2014-12-01,1,26,28,S1_E01,Shift 1,15,329,45,-2.974634823011379,-3.1060032038113756,False,True,,,,employee_anomaly
2014-12-01,1,26,28,S1_E02,Shift 2,13,329,45,-2.974634823011379,-3.2257952791105735,False,True,,,,employee_anomaly
2014-12-01,2,26,39,S2_E01,Shift 1,19,329,63,-2.974634823011379,-3.2103767532981733,False,True,,,,employee_anomaly
2014-12-01,3,26,32,S3_E01,Shift 1,18,329,57,-2.974634823011379,-3.6842826003636517,False,True,,,,employee_anomaly
2014-12-01,3,26,32,S3_E02,Shift 2,14,329,57,-2.974634823011379,-3.7643534802102665,False,True,,,,employee_anomaly
2014-12-01,4,26,28,S4_E01,Full Day,28,329,50,-2.974634823011379,-3.5292108233300348,False,True,,,,employee_anomaly
2014-12-01,5,26,28,S5_E01,Full Day,28,329,39,-2.974634823011379,-3.5544771735009846,False,True,,,,employee_anomaly
2014-12-01,6,26,20,S6_E02,Shift 2,11,329,39,-2.974634823011379,-3.2677552992025225,False,True,,,,employee_anomaly
2014-12-01,7,26,32,S7_E01,Full Day,32,329,34,-2.974634823011379,-3.4795612216587277,False,True,,,,employee_anomaly
2014-12-01,8,26,30,S8_E02,Shift 2,12,329,60,-2.974634823011379,-3.156889714158979,False,True,,,,employee_anomaly
2014-12-01,9,26,28,S9_E01,Shift 1,12,329,54,-2.974634823011379,-3.0877445136207187,False,True,,,,employee_anomaly
2014-12-01,10,26,35,S10_E01,Full Day,35,329,53,-2.974634823011379,-3.4995746414918427,False,True,,,,employee_anomaly
2015-02-01,1,26,35,S1_E01,Shift 1,17,329,28,2.3729243098767303,3.0557660597940646,False,True,,,,employee_anomaly
2015-03-01,1,26,58,S1_E01,Shift 1,28,329,31,2.7650641486697323,3.2063842092808192,False,True,,,,employee_anomaly
2015-03-01,2,26,50,S2_E01,Shift 1,21,329,45,2.7650641486697323,3.1204913155838128,False,True,,,,employee_anomaly
2015-03-01,3,26,61,S3_E02,Shift 2,28,329,41,2.7650641486697323,3.4103721242964737,False,True,,,,employee_anomaly
2015-03-01,4,26,73,S4_E01,Full Day,73,329,39,2.7650641486697323,3.1596518128314997,False,True,,,,employee_anomaly
2015-03-01,5,26,37,S5_E01,Full Day,37,329,29,2.7650641486697323,3.6387722164072245,False,True,,,,employee_anomaly
2015-03-01,6,26,46,S6_E01,Shift 1,26,329,28,2.7650641486697323,3.2783227914473976,False,True,,,,employee_anomaly
2015-03-01,6,26,46,S6_E02,Shift 2,20,329,28,2.7650641486697323,3.6075677552682435,False,True,,,,employee_anomaly
2015-03-01,8,26,55,S8_E01,Shift 1,32,329,43,2.7650641486697323,3.332540228908305,False,True,,,,employee_anomaly
2015-03-01,8,26,55,S8_E02,Shift 2,23,329,43,2.7650641486697323,3.009029860439897,False,True,,,,employee_anomaly
2015-03-01,9,26,53,S9_E01,Shift 1,27,329,37,2.7650641486697323,3.562831793884845,False,True,,,,employee_anomaly
2015-03-01,9,26,53,S9_E02,Shift 2,26,329,37,2.7650641486697323,3.0689769065072365,False,True,,,,employee_anomaly
2015-03-01,10,26,64,S10_E01,Full Day,64,329,40,2.7650641486697323,3.035766134572765,False,True,,,,employee_anomaly
2015-08-03,1,26,34,S1_E01,Shift 1,20,329,54,-3.9599799039505963,-2.431152188562419,True,False,,,,product_anomaly
2015-08-03,1,26,34,S1_E02,Shift 2,14,329,54,-3.9599799039505963,-2.6588983591723636,True,False,,,,product_anomaly
2015-08-03,2,26,60,S2_E01,Shift 1,33,329,79,-3.9599799039505963,-2.1714259053724394,True,False,,,,product_anomaly
2015-08-03,2,26,60,S2_E02,Shift 2,27,329,79,-3.9599799039505963,-2.5727933298725434,True,False,,,,product_anomaly
2015-08-03,3,26,40,S3_E01,Shift 1,20,329,70,-3.9599799039505963,-3.230471200097007,True,True,,,,product_and_employee_anomaly
2015-08-03,3,26,40,S3_E02,Shift 2,20,329,70,-3.9599799039505963,-3.0968220305556833,True,True,,,,product_and_employee_anomaly
2015-08-03,4,26,39,S4_E01,Full Day,39,329,64,-3.9599799039505963,-2.7376755606770606,True,False,,,,product_anomaly
2015-08-03,5,26,29,S5_E01,Full Day,29,329,48,-3.9599799039505963,-2.664634525264307,True,False,,,,product_anomaly
2015-08-03,6,26,33,S6_E01,Shift 1,19,329,46,-3.9599799039505963,-3.003013866777452,True,True,,,,product_and_employee_anomaly
2015-08-03,6,26,33,S6_E02,Shift 2,14,329,46,-3.9599799039505963,-2.5336785743591226,True,False,,,,product_anomaly
2015-08-03,7,26,33,S7_E01,Full Day,33,329,43,-3.9599799039505963,-2.3966524315397892,True,False,,,,product_anomaly
2015-08-03,8,26,39,S8_E01,Shift 1,23,329,75,-3.9599799039505963,-2.893402768817878,True,False,,,,product_anomaly
2015-08-03,8,26,39,S8_E02,Shift 2,16,329,75,-3.9599799039505963,-2.405130863769209,True,False,,,,product_anomaly
2015-08-03,9,26,33,S9_E01,Shift 1,19,329,67,-3.9599799039505963,-2.4640677522246373,True,False,,,,product_anomaly
2015-08-03,9,26,33,S9_E02,Shift 2,14,329,67,-3.9599799039505963,-3.2324063857303305,True,True,,,,product_and_employee_anomaly
2015-08-03,10,26,48,S10_E01,Full Day,48,329,67,-3.9599799039505963,-2.654029610435547,True,False,,,,product_anomaly
2016-09-05,1,26,31,S1_E01,Shift 1,13,329,54,-3.1448102237993862,-2.2447801157470564,True,False,,,,product_anomaly
2016-09-05,1,26,31,S1_E02,Shift 2,18,329,54,-3.1448102237993862,-2.2643630866454534,True,False,,,,product_anomaly
2016-09-05,2,26,55,S2_E01,Shift 1,24,329,75,-3.1448102237993862,-2.3874722226970597,True,False,,,,product_anomaly
2016-09-05,2,26,55,S2_E02,Shift 2,31,329,75,-3.1448102237993862,-2.173922726179428,True,False,,,,product_anomaly
2016-09-05,3,26,46,S3_E01,Shift 1,24,329,66,-3.1448102237993862,-2.4149442259824543,True,False,,,,product_anomaly
2016-09-05,3,26,46,S3_E02,Shift 2,22,329,66,-3.1448102237993862,-2.0603730290043227,True,False,,,,product_anomaly
2016-09-05,4,26,43,S4_E01,Full Day,43,329,61,-3.1448102237993862,-2.1427033991179787,True,False,,,,product_anomaly
2016-09-05,5,26,29,S5_E01,Full Day,29,329,44,-3.1448102237993862,-2.3336583485967575,True,False,,,,product_anomaly
2016-09-05,6,26,26,S6_E01,Shift 1,13,329,43,-3.1448102237993862,-2.4830607876300252,True,False,,,,product_anomaly
2016-09-05,6,26,26,S6_E02,Shift 2,13,329,43,-3.1448102237993862,-1.7767439852171454,True,False,,,,product_anomaly
2016-09-05,7,26,23,S7_E01,Full Day,23,329,42,-3.1448102237993862,-2.192425131602225,True,False,,,,product_anomaly
2016-09-05,8,26,69,S8_E01,Shift 1,30,329,75,-3.1448102237993862,-1.9242459187059742,True,False,,,,product_anomaly
2016-09-05,8,26,69,S8_E02,Shift 2,39,329,75,-3.1448102237993862,-2.681510536311463,True,False,,,,product_anomaly
2016-09-05,9,26,40,S9_E01,Shift 1,19,329,63,-3.1448102237993862,-2.18874109000746,True,False,,,,product_anomaly
2016-09-05,9,26,40,S9_E02,Shift 2,21,329,63,-3.1448102237993862,-1.8799294270754472,True,False,,,,product_anomaly
2016-09-05,10,26,41,S10_E01,Full Day,41,329,67,-3.1448102237993862,-2.096233548955174,True,False,,,,product_anomaly
2016-12-05,2,26,51,S2_E01,Shift 1,28,329,72,-2.6228599420071355,-3.039797685865822,False,True,,,,employee_anomaly
2016-12-05,6,26,29,S6_E01,Shift 1,13,329,38,-2.6228599420071355,-3.552929269017943,False,True,,,,employee_anomaly
2016-12-05,7,26,19,S7_E01,Full Day,19,329,35,-2.6228599420071355,-3.1441222038535632,False,True,,,,employee_anomaly
2016-12-05,8,26,28,S8_E01,Shift 1,12,329,67,-2.6228599420071355,-3.7685143438139015,False,True,,,,employee_anomaly
2016-12-05,8,26,28,S8_E02,Shift 2,16,329,67,-2.6228599420071355,-3.111510025863777,False,True,,,,employee_anomaly
2016-12-05,9,26,39,S9_E02,Shift 2,19,329,57,-2.6228599420071355,-3.3474208166871384,False,True,,,,employee_anomaly
2016-12-05,10,26,36,S10_E01,Full Day,36,329,60,-2.6228599420071355,-3.2437638134469884,False,True,,,,employee_anomaly
2017-04-01,1,26,59,S1_E01,Shift 1,32,329,45,2.9667378443863233,3.05140781233218,False,True,,,,employee_anomaly
2017-12-04,1,26,20,S1_E01,Shift 1,11,329,51,-2.66781604141225,-3.566924808659965,False,True,,,,employee_anomaly
2017-12-04,1,26,20,S1_E02,Shift 2,9,329,51,-2.66781604141225,-3.439934189042974,False,True,,,,employee_anomaly
2017-12-04,2,26,51,S2_E01,Shift 1,29,329,72,-2.66781604141225,-3.4289887985334744,False,True,,,,employee_anomaly
2017-12-04,2,26,51,S2_E02,Shift 2,22,329,72,-2.66781604141225,-3.42560784986891,False,True,,,,employee_anomaly
2017-12-04,3,26,39,S3_E01,Shift 1,21,329,60,-2.66781604141225,-4.010676658948157,False,True,,,,employee_anomaly
2017-12-04,3,26,39,S3_E02,Shift 2,18,329,60,-2.66781604141225,-3.2163317411983594,False,True,,,,employee_anomaly
2017-12-04,4,26,25,S4_E01,Full Day,25,329,58,-2.66781604141225,-3.284111898833113,False,True,,,,employee_anomaly
2017-12-04,5,26,29,S5_E01,Full Day,29,329,43,-2.66781604141225,-3.2458225710762023,False,True,,,,employee_anomaly
2017-12-04,6,26,34,S6_E01,Shift 1,19,329,44,-2.66781604141225,-3.2986405964081293,False,True,,,,employee_anomaly
2017-12-04,6,26,34,S6_E02,Shift 2,15,329,44,-2.66781604141225,-3.3301889302159635,False,True,,,,employee_anomaly
2017-12-04,7,26,23,S7_E01,Full Day,23,329,39,-2.66781604141225,-3.144474792045703,False,True,,,,employee_anomaly
2017-12-04,8,26,52,S8_E01,Shift 1,24,329,68,-2.66781604141225,-3.5723822669368586,False,True,,,,employee_anomaly
2017-12-04,8,26,52,S8_E02,Shift 2,28,329,68,-2.66781604141225,-3.58582252955439,False,True,,,,employee_anomaly
2017-12-04,9,26,33,S9_E01,Shift 1,17,329,59,-2.66781604141225,-3.189292177224606,False,True,,,,employee_anomaly
2017-12-04,9,26,33,S9_E02,Shift 2,16,329,59,-2.66781604141225,-3.1563508443071124,False,True,,,,employee_anomaly
2017-12-04,10,26,28,S10_E01,Full Day,28,329,61,-2.66781604141225,-3.105707653984013,False,True,,,,employee_anomaly
2013-03-31,1,27,24,S1_E01,Shift 1,14,213,15,3.6677950687614196,1.3019874350106673,True,False,,,,product_anomaly
2013-03-31,1,27,24,S1_E02,Shift 2,10,213,15,3.6677950687614196,1.6345445961041443,True,False,,,,product_anomaly
2013-03-31,2,27,22,S2_E01,Shift 1,11,213,22,3.6677950687614196,1.581064729832005,True,False,,,,product_anomaly
2013-03-31,2,27,22,S2_E02,Shift 2,11,213,22,3.6677950687614196,1.1137584404597425,True,False,,,,product_anomaly
2013-03-31,3,27,27,S3_E01,Shift 1,14,213,19,3.6677950687614196,2.0717735066206697,True,False,,,,product_anomaly
2013-03-31,3,27,27,S3_E02,Shift 2,13,213,19,3.6677950687614196,1.3675963371423971,True,False,,,,product_anomaly
2013-03-31,4,27,25,S4_E01,Full Day,25,213,17,3.6677950687614196,1.365013310976244,True,False,,,,product_anomaly
2013-03-31,5,27,21,S5_E01,Full Day,21,213,12,3.6677950687614196,1.4862847135013166,True,False,,,,product_anomaly
2013-03-31,6,27,15,S6_E01,Shift 1,8,213,13,3.6677950687614196,1.1551570856469942,True,False,,,,product_anomaly
2013-03-31,6,27,15,S6_E02,Shift 2,7,213,13,3.6677950687614196,1.7129637069430428,True,False,,,,product_anomaly
2013-03-31,7,27,15,S7_E01,Full Day,15,213,12,3.6677950687614196,1.6412046470424053,True,False,,,,product_anomaly
2013-03-31,8,27,24,S8_E01,Shift 1,14,213,20,3.6677950687614196,1.469658225342539,True,False,,,,product_anomaly
2013-03-31,8,27,24,S8_E02,Shift 2,10,213,20,3.6677950687614196,1.7129961295463225,True,False,,,,product_anomaly
2013-03-31,9,27,17,S9_E01,Shift 1,9,213,19,3.6677950687614196,1.1804226042566814,True,False,,,,product_anomaly
2013-03-31,9,27,17,S9_E02,Shift 2,8,213,19,3.6677950687614196,1.2968252533201192,True,False,,,,product_anomaly
2013-03-31,10,27,28,S10_E01,Full Day,28,213,18,3.6677950687614196,1.1184947279301891,True,False,,,,product_anomaly
2013-04-15,1,27,18,S1_E01,Shift 1,8,213,16,-3.111545115065046,-1.2267839069918953,True,False,,,,product_anomaly
2013-04-15,1,27,18,S1_E02,Shift 2,10,213,16,-3.111545115065046,-1.3342213582732578,True,False,,,,product_anomaly
2013-04-15,2,27,15,S2_E01,Shift 1,7,213,23,-3.111545115065046,-1.6389923579882637,True,False,,,,product_anomaly
2013-04-15,2,27,15,S2_E02,Shift 2,8,213,23,-3.111545115065046,-1.6065003206967958,True,False,,,,product_anomaly
2013-04-15,3,27,12,S3_E01,Shift 1,7,213,21,-3.111545115065046,-1.5670397893827586,True,False,,,,product_anomaly
2013-04-15,3,27,12,S3_E02,Shift 2,5,213,21,-3.111545115065046,-1.484304096334319,True,False,,,,product_anomaly
2013-04-15,4,27,24,S4_E01,Full Day,24,213,18,-3.111545115065046,-1.3754587477466436,True,False,,,,product_anomaly
2013-04-15,5,27,15,S5_E01,Full Day,15,213,14,-3.111545115065046,-1.746781674476667,True,False,,,,product_anomaly
2013-04-15,6,27,10,S6_E01,Shift 1,4,213,15,-3.111545115065046,-1.9743806041875902,True,False,,,,product_anomaly
2013-04-15,6,27,10,S6_E02,Shift 2,6,213,15,-3.111545115065046,-1.5331335486031952,True,False,,,,product_anomaly
2013-04-15,7,27,7,S7_E01,Full Day,7,213,12,-3.111545115065046,-1.6134531034838695,True,False,,,,product_anomaly
2013-04-15,8,27,15,S8_E01,Shift 1,9,213,21,-3.111545115065046,-1.7526905093644034,True,False,,,,product_anomaly
2013-04-15,8,27,15,S8_E02,Shift 2,6,213,21,-3.111545115065046,-1.5823859336609187,True,False,,,,product_anomaly
2013-04-15,9,27,9,S9_E01,Shift 1,4,213,20,-3.111545115065046,-1.3121391769830775,True,False,,,,product_anomaly
2013-04-15,9,27,9,S9_E02,Shift 2,5,213,20,-3.111545115065046,-1.4999808522881692,True,False,,,,product_anomaly
2013-04-15,10,27,16,S10_E01,Full Day,16,213,21,-3.111545115065046,-1.3852829228928123,True,False,,,,product_anomaly
2013-06-02,1,27,29,S1_E01,Shift 1,14,213,19,4.0439186421762185,1.3580598741372234,True,False,,,,product_anomaly
2013-06-02,1,27,29,S1_E02,Shift 2,15,213,19,4.0439186421762185,1.31858337098593,True,False,,,,product_anomaly
2013-06-02,2,27,34,S2_E01,Shift 1,19,213,28,4.0439186421762185,2.270700792925948,True,False,,,,product_anomaly
2013-06-02,2,27,34,S2_E02,Shift 2,15,213,28,4.0439186421762185,2.0663813760624405,True,False,,,,product_anomaly
2013-06-02,3,27,34,S3_E01,Shift 1,15,213,24,4.0439186421762185,1.9989082633969735,True,False,,,,product_anomaly
2013-06-02,3,27,34,S3_E02,Shift 2,19,213,24,4.0439186421762185,1.5639828178963227,True,False,,,,product_anomaly
2013-06-02,4,27,28,S4_E01,Full Day,28,213,21,4.0439186421762185,2.0913776837430866,True,False,,,,product_anomaly
2013-06-02,5,27,25,S5_E01,Full Day,25,213,17,4.0439186421762185,1.651998292853868,True,False,,,,product_anomaly
2013-06-02,6,27,30,S6_E01,Shift 1,15,213,15,4.0439186421762185,1.314988581006973,True,False,,,,product_anomaly
2013-06-02,6,27,30,S6_E02,Shift 2,15,213,15,4.0439186421762185,1.3234416443053705,True,False,,,,product_anomaly
2013-06-02,7,27,15,S7_E01,Full Day,15,213,13,4.0439186421762185,1.5537837378300159,True,False,,,,product_anomaly
2013-06-02,8,27,37,S8_E01,Shift 1,19,213,25,4.0439186421762185,2.1430870270642774,True,False,,,,product_anomaly
2013-06-02,8,27,37,S8_E02,Shift 2,18,213,25,4.0439186421762185,1.70024388222258,True,False,,,,product_anomaly
2013-06-02,9,27,27,S9_E01,Shift 1,14,213,22,4.0439186421762185,1.6333304541768332,True,False,,,,product_anomaly
2013-06-02,9,27,27,S9_E02,Shift 2,13,213,22,4.0439186421762185,1.3711833295765827,True,False,,,,product_anomaly
2013-06-02,10,27,36,S10_E01,Full Day,36,213,25,4.0439186421762185,1.6539694103334959,True,False,,,,product_anomaly
2013-08-05,2,27,23,S2_E01,Shift 1,11,213,30,-0.8600933817476094,-3.037931708682254,False,True,,,,employee_anomaly
2013-08-05,2,27,23,S2_E02,Shift 2,12,213,30,-0.8600933817476094,-3.4857102754090485,False,True,,,,employee_anomaly
2013-12-02,1,27,12,S1_E01,Shift 1,6,213,18,-4.2255990746084295,-3.1254292363912257,True,True,,,,product_and_employee_anomaly
2013-12-02,1,27,12,S1_E02,Shift 2,6,213,18,-4.2255990746084295,-2.851006355389951,True,False,,,,product_anomaly
2013-12-02,2,27,16,S2_E01,Shift 1,10,213,25,-4.2255990746084295,-3.412450649859274,True,True,,,,product_and_employee_anomaly
2013-12-02,2,27,16,S2_E02,Shift 2,6,213,25,-4.2255990746084295,-3.2785932441135652,True,True,,,,product_and_employee_anomaly
2013-12-02,3,27,9,S3_E01,Shift 1,5,213,22,-4.2255990746084295,-3.2501487509139597,True,True,,,,product_and_employee_anomaly
2013-12-02,3,27,9,S3_E02,Shift 2,4,213,22,-4.2255990746084295,-3.4328063228458867,True,True,,,,product_and_employee_anomaly
2013-12-02,4,27,9,S4_E01,Full Day,9,213,21,-4.2255990746084295,-3.448513956982832,True,True,,,,product_and_employee_anomaly
2013-12-02,5,27,6,S5_E01,Full Day,6,213,14,-4.2255990746084295,-3.1959090536893515,True,True,,,,product_and_employee_anomaly
2013-12-02,6,27,8,S6_E01,Shift 1,4,213,14,-4.2255990746084295,-2.8345600406685025,True,False,,,,product_anomaly
2013-12-02,6,27,8,S6_E02,Shift 2,4,213,14,-4.2255990746084295,-3.0818675698167812,True,True,,,,product_and_employee_anomaly
2013-12-02,7,27,4,S7_E01,Full Day,4,213,13,-4.2255990746084295,-2.9208666389824898,True,False,,,,product_anomaly
2013-12-02,8,27,14,S8_E01,Shift 1,7,213,23,-4.2255990746084295,-3.3597203284094452,True,True,,,,product_and_employee_anomaly
2013-12-02,8,27,14,S8_E02,Shift 2,7,213,23,-4.2255990746084295,-3.335819773959348,True,True,,,,product_and_employee_anomaly
2013-12-02,9,27,10,S9_E01,Shift 1,4,213,19,-4.2255990746084295,-3.305771183792513,True,True,,,,product_and_employee_anomaly
2013-12-02,9,27,10,S9_E02,Shift 2,6,213,19,-4.2255990746084295,-3.696275698428471,True,True,,,,product_and_employee_anomaly
2013-12-02,10,27,13,S10_E01,Full Day,13,213,21,-4.2255990746084295,-3.0878038047354686,True,True,,,,product_and_employee_anomaly
2014-03-01,2,27,28,S2_E01,Shift 1,14,213,19,2.7784311438594993,3.349005610782279,False,True,,,,employee_anomaly
2014-03-01,5,27,18,S5_E01,Full Day,18,213,12,2.7784311438594993,3.306479451837381,False,True,,,,employee_anomaly
2014-06-30,1,27,15,S1_E01,Shift 1,6,213,25,-3.0571428571429626,-1.4819812498388927,True,False,,,,product_anomaly
2014-06-30,1,27,15,S1_E02,Shift 2,9,213,25,-3.0571428571429626,-1.432961086471809,True,False,,,,product_anomaly
2014-06-30,2,27,27,S2_E01,Shift 1,15,213,33,-3.0571428571429626,-1.5410363458422114,True,False,,,,product_anomaly
2014-06-30,2,27,27,S2_E02,Shift 2,12,213,33,-3.0571428571429626,-1.6695122720087505,True,False,,,,product_anomaly
2014-06-30,3,27,26,S3_E01,Shift 1,15,213,30,-3.0571428571429626,-1.4693365761336963,True,False,,,,product_anomaly
2014-06-30,3,27,26,S3_E02,Shift 2,11,213,30,-3.0571428571429626,-1.707863920190395,True,False,,,,product_anomaly
2014-06-30,4,27,21,S4_E01,Full Day,21,213,27,-3.0571428571429626,-1.5546676746310386,True,False,,,,product_anomaly
2014-06-30,5,27,21,S5_E01,Full Day,21,213,19,-3.0571428571429626,-1.5467875549424697,True,False,,,,product_anomaly
2014-06-30,6,27,17,S6_E01,Shift 1,7,213,19,-3.0571428571429626,-1.9155330252101677,True,False,,,,product_anomaly
2014-06-30,6,27,17,S6_E02,Shift 2,10,213,19,-3.0571428571429626,-1.5164028673100711,True,False,,,,product_anomaly
2014-06-30,7,27,16,S7_E01,Full Day,16,213,18,-3.0571428571429626,-1.8110190506573207,True,False,,,,product_anomaly
2014-06-30,8,27,27,S8_E01,Shift 1,13,213,33,-3.0571428571429626,-1.590945351589378,True,False,,,,product_anomaly
2014-06-30,8,27,27,S8_E02,Shift 2,14,213,33,-3.0571428571429626,-1.6893185986194725,True,False,,,,product_anomaly
2014-06-30,9,27,15,S9_E01,Shift 1,7,213,28,-3.0571428571429626,-1.4998560159123202,True,False,,,,product_anomaly
2014-06-30,9,27,15,S9_E02,Shift 2,8,213,28,-3.0571428571429626,-1.4430269864276444,True,False,,,,product_anomaly
2014-06-30,10,27,19,S10_E01,Full Day,19,213,31,-3.0571428571429626,-1.6451768727893892,True,False,,,,product_anomaly
2014-08-04,2,27,25,S2_E01,Shift 1,13,213,34,-2.191281099798112,-3.2958565872574868,False,True,,,,employee_anomaly
2014-08-04,4,27,22,S4_E01,Full Day,22,213,27,-2.191281099798112,-3.1397631376093593,False,True,,,,employee_anomaly
2014-08-04,5,27,9,S5_E01,Full Day,9,213,21,-2.191281099798112,-3.2173712129452325,False,True,,,,employee_anomaly
2014-08-04,6,27,20,S6_E02,Shift 2,11,213,20,-2.191281099798112,-3.5017544264003857,False,True,,,,employee_anomaly
2014-08-04,7,27,15,S7_E01,Full Day,15,213,19,-2.191281099798112,-3.4459186430311015,False,True,,,,employee_anomaly
2014-08-04,8,27,18,S8_E01,Shift 1,9,213,34,-2.191281099798112,-3.8062041584640642,False,True,,,,employee_anomaly
2014-08-04,8,27,18,S8_E02,Shift 2,9,213,34,-2.191281099798112,-3.16064441974807,False,True,,,,employee_anomaly
2014-10-06,1,27,10,S1_E01,Shift 1,5,213,21,-3.8892493711061555,-2.2228764660712295,True,False,,,,product_anomaly
2014-10-06,1,27,10,S1_E02,Shift 2,5,213,21,-3.8892493711061555,-1.6808046049291825,True,False,,,,product_anomaly
2014-10-06,2,27,14,S2_E01,Shift 1,6,213,28,-3.8892493711061555,-1.9142965608082247,True,False,,,,product_anomaly
2014-10-06,2,27,14,S2_E02,Shift 2,8,213,28,-3.8892493711061555,-1.8264071342396082,True,False,,,,product_anomaly
2014-10-06,3,27,15,S3_E01,Shift 1,6,213,26,-3.8892493711061555,-2.02832080852151,True,False,,,,product_anomaly
2014-10-06,3,27,15,S3_E02,Shift 2,9,213,26,-3.8892493711061555,-1.5738160630677633,True,False,,,,product_anomaly
2014-10-06,4,27,16,S4_E01,Full Day,16,213,25,-3.8892493711061555,-1.836485645979541,True,False,,,,product_anomaly
2014-10-06,5,27,15,S5_E01,Full Day,15,213,16,-3.8892493711061555,-2.097160274662088,True,False,,,,product_anomaly
2014-10-06,6,27,13,S6_E01,Shift 1,6,213,17,-3.8892493711061555,-2.459771316057352,True,False,,,,product_anomaly
2014-10-06,6,27,13,S6_E02,Shift 2,7,213,17,-3.8892493711061555,-1.7950879112619633,True,False,,,,product_anomaly
2014-10-06,7,27,13,S7_E01,Full Day,13,213,18,-3.8892493711061555,-1.5443203165170951,True,False,,,,product_anomaly
2014-10-06,8,27,12,S8_E01,Shift 1,6,213,28,-3.8892493711061555,-2.1038830585132384,True,False,,,,product_anomaly
2014-10-06,8,27,12,S8_E02,Shift 2,6,213,28,-3.8892493711061555,-2.4145026640921277,True,False,,,,product_anomaly
2014-10-06,9,27,18,S9_E01,Shift 1,10,213,23,-3.8892493711061555,-1.8968922635330927,True,False,,,,product_anomaly
2014-10-06,9,27,18,S9_E02,Shift 2,8,213,23,-3.8892493711061555,-2.0663410186959315,True,False,,,,product_anomaly
2014-10-06,10,27,15,S10_E01,Full Day,15,213,24,-3.8892493711061555,-1.9070970103709992,True,False,,,,product_anomaly
2014-12-01,1,27,10,S1_E01,Shift 1,4,213,21,-2.685551499650994,-3.1060032038113756,False,True,,,,employee_anomaly
2014-12-01,1,27,10,S1_E02,Shift 2,6,213,21,-2.685551499650994,-3.2257952791105735,False,True,,,,employee_anomaly
2014-12-01,2,27,21,S2_E01,Shift 1,9,213,27,-2.685551499650994,-3.2103767532981733,False,True,,,,employee_anomaly
2014-12-01,3,27,11,S3_E01,Shift 1,6,213,24,-2.685551499650994,-3.6842826003636517,False,True,,,,employee_anomaly
2014-12-01,3,27,11,S3_E02,Shift 2,5,213,24,-2.685551499650994,-3.7643534802102665,False,True,,,,employee_anomaly
2014-12-01,4,27,13,S4_E01,Full Day,13,213,24,-2.685551499650994,-3.5292108233300348,False,True,,,,employee_anomaly
2014-12-01,5,27,12,S5_E01,Full Day,12,213,17,-2.685551499650994,-3.5544771735009846,False,True,,,,employee_anomaly
2014-12-01,6,27,15,S6_E02,Shift 2,7,213,16,-2.685551499650994,-3.2677552992025225,False,True,,,,employee_anomaly
2014-12-01,7,27,10,S7_E01,Full Day,10,213,15,-2.685551499650994,-3.4795612216587277,False,True,,,,employee_anomaly
2014-12-01,8,27,19,S8_E02,Shift 2,10,213,28,-2.685551499650994,-3.156889714158979,False,True,,,,employee_anomaly
2014-12-01,9,27,14,S9_E01,Shift 1,7,213,24,-2.685551499650994,-3.0877445136207187,False,True,,,,employee_anomaly
2014-12-01,10,27,16,S10_E01,Full Day,16,213,27,-2.685551499650994,-3.4995746414918427,False,True,,,,employee_anomaly
2015-02-01,1,27,14,S1_E01,Shift 1,8,213,13,1.5272709262643458,3.0557660597940646,False,True,,,,employee_anomaly
2015-03-01,1,27,25,S1_E01,Shift 1,11,213,15,4.904039135920792,3.2063842092808192,True,True,,,,product_and_employee_anomaly
2015-03-01,1,27,25,S1_E02,Shift 2,14,213,15,4.904039135920792,2.7011350015772067,True,False,,,,product_anomaly
2015-03-01,2,27,28,S2_E01,Shift 1,17,213,22,4.904039135920792,3.1204913155838128,True,True,,,,product_and_employee_anomaly
2015-03-01,2,27,28,S2_E02,Shift 2,11,213,22,4.904039135920792,2.9504051632544526,True,False,,,,product_anomaly
2015-03-01,3,27,29,S3_E01,Shift 1,17,213,20,4.904039135920792,2.94608151148025,True,False,,,,product_anomaly
2015-03-01,3,27,29,S3_E02,Shift 2,12,213,20,4.904039135920792,3.4103721242964737,True,True,,,,product_and_employee_anomaly
2015-03-01,4,27,28,S4_E01,Full Day,28,213,16,4.904039135920792,3.1596518128314997,True,True,,,,product_and_employee_anomaly
2015-03-01,5,27,15,S5_E01,Full Day,15,213,12,4.904039135920792,3.6387722164072245,True,True,,,,product_and_employee_anomaly
2015-03-01,6,27,20,S6_E01,Shift 1,9,213,12,4.904039135920792,3.2783227914473976,True,True,,,,product_and_employee_anomaly
2015-03-01,6,27,20,S6_E02,Shift 2,11,213,12,4.904039135920792,3.6075677552682435,True,True,,,,product_and_employee_anomaly
2015-03-01,7,27,11,S7_E01,Full Day,11,213,11,4.904039135920792,2.8190730739031222,True,False,,,,product_anomaly
2015-03-01,8,27,31,S8_E01,Shift 1,17,213,20,4.904039135920792,3.332540228908305,True,True,,,,product_and_employee_anomaly
2015-03-01,8,27,31,S8_E02,Shift 2,14,213,20,4.904039135920792,3.009029860439897,True,True,,,,product_and_employee_anomaly
2015-03-01,9,27,26,S9_E01,Shift 1,12,213,19,4.904039135920792,3.562831793884845,True,True,,,,product_and_employee_anomaly
2015-03-01,9,27,26,S9_E02,Shift 2,14,213,19,4.904039135920792,3.0689769065072365,True,True,,,,product_and_employee_anomaly
2015-03-01,10,27,18,S10_E01,Full Day,18,213,19,4.904039135920792,3.035766134572765,True,True,,,,product_and_employee_anomaly
2015-06-06,1,27,31,S1_E01,Shift 1,18,213,23,3.318783104564617,1.1966123004173363,True,False,,,,product_anomaly
2015-06-06,1,27,31,S1_E02,Shift 2,13,213,23,3.318783104564617,1.8568939683319423,True,False,,,,product_anomaly
2015-06-06,2,27,52,S2_E01,Shift 1,26,213,32,3.318783104564617,2.301462036080749,True,False,,,,product_anomaly
2015-06-06,2,27,52,S2_E02,Shift 2,26,213,32,3.318783104564617,0.5578920870777712,True,False,,,,product_anomaly
2015-06-06,3,27,34,S3_E01,Shift 1,17,213,29,3.318783104564617,1.7302036210849676,True,False,,,,product_anomaly
2015-06-06,3,27,34,S3_E02,Shift 2,17,213,29,3.318783104564617,1.3500814105042769,True,False,,,,product_anomaly
2015-06-06,4,27,38,S4_E01,Full Day,38,213,27,3.318783104564617,1.40508341738407,True,False,,,,product_anomaly
2015-06-06,5,27,30,S5_E01,Full Day,30,213,19,3.318783104564617,0.9129289380413963,True,False,,,,product_anomaly
2015-06-06,6,27,18,S6_E01,Shift 1,8,213,19,3.318783104564617,1.5381338424916777,True,False,,,,product_anomaly
2015-06-06,6,27,18,S6_E02,Shift 2,10,213,19,3.318783104564617,1.005467747474098,True,False,,,,product_anomaly
2015-06-06,7,27,26,S7_E01,Full Day,26,213,18,3.318783104564617,1.2487393403149523,True,False,,,,product_anomaly
2015-06-06,8,27,38,S8_E01,Shift 1,20,213,29,3.318783104564617,1.0045916990934998,True,False,,,,product_anomaly
2015-06-06,8,27,38,S8_E02,Shift 2,18,213,29,3.318783104564617,0.7649440409948393,True,False,,,,product_anomaly
2015-06-06,9,27,40,S9_E01,Shift 1,24,213,28,3.318783104564617,1.4338071309280778,True,False,,,,product_anomaly
2015-06-06,9,27,40,S9_E02,Shift 2,16,213,28,3.318783104564617,1.4014099098400703,True,False,,,,product_anomaly
2015-06-06,10,27,32,S10_E01,Full Day,32,213,29,3.318783104564617,1.2382771907845318,True,False,,,,product_anomaly
2015-08-03,3,27,30,S3_E01,Shift 1,13,213,33,-1.264679427712155,-3.230471200097007,False,True,,,,employee_anomaly
2015-08-03,3,27,30,S3_E02,Shift 2,17,213,33,-1.264679427712155,-3.0968220305556833,False,True,,,,employee_anomaly
2015-08-03,6,27,17,S6_E01,Shift 1,8,213,22,-1.264679427712155,-3.003013866777452,False,True,,,,employee_anomaly
2015-08-03,9,27,25,S9_E02,Shift 2,15,213,30,-1.264679427712155,-3.2324063857303305,False,True,,,,employee_anomaly
2016-07-24,1,27,37,S1_E01,Shift 1,21,213,28,3.0175384651071524,1.429884786418403,True,False,,,,product_anomaly
2016-07-24,1,27,37,S1_E02,Shift 2,16,213,28,3.0175384651071524,1.5329250357544526,True,False,,,,product_anomaly
2016-07-24,2,27,52,S2_E01,Shift 1,28,213,40,3.0175384651071524,1.314003194939848,True,False,,,,product_anomaly
2016-07-24,2,27,52,S2_E02,Shift 2,24,213,40,3.0175384651071524,1.0284332322542953,True,False,,,,product_anomaly
2016-07-24,3,27,41,S3_E01,Shift 1,18,213,34,3.0175384651071524,1.1572917685487547,True,False,,,,product_anomaly
2016-07-24,3,27,41,S3_E02,Shift 2,23,213,34,3.0175384651071524,1.1900424855098255,True,False,,,,product_anomaly
2016-07-24,4,27,41,S4_E01,Full Day,41,213,31,3.0175384651071524,1.2548105309499733,True,False,,,,product_anomaly
2016-07-24,5,27,31,S5_E01,Full Day,31,213,23,3.0175384651071524,1.1260578289311147,True,False,,,,product_anomaly
2016-07-24,6,27,31,S6_E01,Shift 1,13,213,24,3.0175384651071524,1.3645493476521693,True,False,,,,product_anomaly
2016-07-24,6,27,31,S6_E02,Shift 2,18,213,24,3.0175384651071524,1.5955953955576676,True,False,,,,product_anomaly
2016-07-24,7,27,22,S7_E01,Full Day,22,213,20,3.0175384651071524,1.6605774205618722,True,False,,,,product_anomaly
2016-07-24,8,27,48,S8_E01,Shift 1,24,213,36,3.0175384651071524,1.585840658006127,True,False,,,,product_anomaly
2016-07-24,8,27,48,S8_E02,Shift 2,24,213,36,3.0175384651071524,1.2406376796685983,True,False,,,,product_anomaly
2016-07-24,9,27,46,S9_E01,Shift 1,22,213,30,3.0175384651071524,1.2236283409400437,True,False,,,,product_anomaly
2016-07-24,9,27,46,S9_E02,Shift 2,24,213,30,3.0175384651071524,1.8190058144724297,True,False,,,,product_anomaly
2016-07-24,10,27,33,S10_E01,Full Day,33,213,33,3.0175384651071524,1.3614336760755297,True,False,,,,product_anomaly
2016-12-05,2,27,23,S2_E01,Shift 1,11,213,31,-1.7713721811804242,-3.039797685865822,False,True,,,,employee_anomaly
2016-12-05,6,27,11,S6_E01,Shift 1,4,213,19,-1.7713721811804242,-3.552929269017943,False,True,,,,employee_anomaly
2016-12-05,7,27,16,S7_E01,Full Day,16,213,16,-1.7713721811804242,-3.1441222038535632,False,True,,,,employee_anomaly
2016-12-05,8,27,16,S8_E01,Shift 1,9,213,30,-1.7713721811804242,-3.7685143438139015,False,True,,,,employee_anomaly
2016-12-05,8,27,16,S8_E02,Shift 2,7,213,30,-1.7713721811804242,-3.111510025863777,False,True,,,,employee_anomaly
2016-12-05,9,27,13,S9_E02,Shift 2,6,213,28,-1.7713721811804242,-3.3474208166871384,False,True,,,,employee_anomaly
2016-12-05,10,27,8,S10_E01,Full Day,8,213,27,-1.7713721811804242,-3.2437638134469884,False,True,,,,employee_anomaly
2017-04-01,1,27,22,S1_E01,Shift 1,13,213,21,1.3403581859437124,3.05140781233218,False,True,,,,employee_anomaly
2017-12-04,1,27,20,S1_E01,Shift 1,8,213,24,-3.033556869732815,-3.566924808659965,True,True,,,,product_and_employee_anomaly
2017-12-04,1,27,20,S1_E02,Shift 2,12,213,24,-3.033556869732815,-3.439934189042974,True,True,,,,product_and_employee_anomaly
2017-12-04,2,27,16,S2_E01,Shift 1,9,213,32,-3.033556869732815,-3.4289887985334744,True,True,,,,product_and_employee_anomaly
2017-12-04,2,27,16,S2_E02,Shift 2,7,213,32,-3.033556869732815,-3.42560784986891,True,True,,,,product_and_employee_anomaly
2017-12-04,3,27,18,S3_E01,Shift 1,11,213,29,-3.033556869732815,-4.010676658948157,True,True,,,,product_and_employee_anomaly
2017-12-04,3,27,18,S3_E02,Shift 2,7,213,29,-3.033556869732815,-3.2163317411983594,True,True,,,,product_and_employee_anomaly
2017-12-04,4,27,9,S4_E01,Full Day,9,213,26,-3.033556869732815,-3.284111898833113,True,True,,,,product_and_employee_anomaly
2017-12-04,5,27,11,S5_E01,Full Day,11,213,20,-3.033556869732815,-3.2458225710762023,True,True,,,,product_and_employee_anomaly
2017-12-04,6,27,12,S6_E01,Shift 1,7,213,20,-3.033556869732815,-3.2986405964081293,True,True,,,,product_and_employee_anomaly
2017-12-04,6,27,12,S6_E02,Shift 2,5,213,20,-3.033556869732815,-3.3301889302159635,True,True,,,,product_and_employee_anomaly
2017-12-04,7,27,10,S7_E01,Full Day,10,213,17,-3.033556869732815,-3.144474792045703,True,True,,,,product_and_employee_anomaly
2017-12-04,8,27,10,S8_E01,Shift 1,6,213,29,-3.033556869732815,-3.5723822669368586,True,True,,,,product_and_employee_anomaly
2017-12-04,8,27,10,S8_E02,Shift 2,4,213,29,-3.033556869732815,-3.58582252955439,True,True,,,,product_and_employee_anomaly
2017-12-04,9,27,14,S9_E01,Shift 1,8,213,26,-3.033556869732815,-3.189292177224606,True,True,,,,product_and_employee_anomaly
2017-12-04,9,27,14,S9_E02,Shift 2,6,213,26,-3.033556869732815,-3.1563508443071124,True,True,,,,product_and_employee_anomaly
2017-12-04,10,27,14,S10_E01,Full Day,14,213,28,-3.033556869732815,-3.105707653984013,True,True,,,,product_and_employee_anomaly
2013-08-05,2,28,104,S2_E01,Shift 1,61,415,117,-1.240343833510089,-3.037931708682254,False,True,,,,employee_anomaly
2013-08-05,2,28,104,S2_E02,Shift 2,43,415,117,-1.240343833510089,-3.4857102754090485,False,True,,,,employee_anomaly
2013-12-02,1,28,33,S1_E01,Shift 1,17,415,70,-3.718248348133105,-3.1254292363912257,True,True,,,,product_and_employee_anomaly
2013-12-02,1,28,33,S1_E02,Shift 2,16,415,70,-3.718248348133105,-2.851006355389951,True,False,,,,product_anomaly
2013-12-02,2,28,63,S2_E01,Shift 1,33,415,102,-3.718248348133105,-3.412450649859274,True,True,,,,product_and_employee_anomaly
2013-12-02,2,28,63,S2_E02,Shift 2,30,415,102,-3.718248348133105,-3.2785932441135652,True,True,,,,product_and_employee_anomaly
2013-12-02,3,28,41,S3_E01,Shift 1,20,415,88,-3.718248348133105,-3.2501487509139597,True,True,,,,product_and_employee_anomaly
2013-12-02,3,28,41,S3_E02,Shift 2,21,415,88,-3.718248348133105,-3.4328063228458867,True,True,,,,product_and_employee_anomaly
2013-12-02,4,28,49,S4_E01,Full Day,49,415,83,-3.718248348133105,-3.448513956982832,True,True,,,,product_and_employee_anomaly
2013-12-02,5,28,27,S5_E01,Full Day,27,415,57,-3.718248348133105,-3.1959090536893515,True,True,,,,product_and_employee_anomaly
2013-12-02,6,28,22,S6_E01,Shift 1,10,415,56,-3.718248348133105,-2.8345600406685025,True,False,,,,product_anomaly
2013-12-02,6,28,22,S6_E02,Shift 2,12,415,56,-3.718248348133105,-3.0818675698167812,True,True,,,,product_and_employee_anomaly
2013-12-02,7,28,34,S7_E01,Full Day,34,415,53,-3.718248348133105,-2.9208666389824898,True,False,,,,product_anomaly
2013-12-02,8,28,66,S8_E01,Shift 1,31,415,96,-3.718248348133105,-3.3597203284094452,True,True,,,,product_and_employee_anomaly
2013-12-02,8,28,66,S8_E02,Shift 2,35,415,96,-3.718248348133105,-3.335819773959348,True,True,,,,product_and_employee_anomaly
2013-12-02,9,28,51,S9_E01,Shift 1,23,415,83,-3.718248348133105,-3.305771183792513,True,True,,,,product_and_employee_anomaly
2013-12-02,9,28,51,S9_E02,Shift 2,28,415,83,-3.718248348133105,-3.696275698428471,True,True,,,,product_and_employee_anomaly
2013-12-02,10,28,56,S10_E01,Full Day,56,415,85,-3.718248348133105,-3.0878038047354686,True,True,,,,product_and_employee_anomaly
2014-03-01,1,28,77,S1_E01,Shift 1,41,415,57,3.63154965980873,1.8242545275228967,True,False,,,,product_anomaly
2014-03-01,1,28,77,S1_E02,Shift 2,36,415,57,3.63154965980873,2.6015673164242665,True,False,,,,product_anomaly
2014-03-01,2,28,126,S2_E01,Shift 1,73,415,82,3.63154965980873,3.349005610782279,True,True,,,,product_and_employee_anomaly
2014-03-01,2,28,126,S2_E02,Shift 2,53,415,82,3.63154965980873,2.8461099331193718,True,False,,,,product_anomaly
2014-03-01,3,28,94,S3_E01,Shift 1,51,415,74,3.63154965980873,1.9584902781729174,True,False,,,,product_anomaly
2014-03-01,3,28,94,S3_E02,Shift 2,43,415,74,3.63154965980873,2.4343516400715948,True,False,,,,product_anomaly
2014-03-01,4,28,75,S4_E01,Full Day,75,415,66,3.63154965980873,2.5055749314209104,True,False,,,,product_anomaly
2014-03-01,5,28,68,S5_E01,Full Day,68,415,46,3.63154965980873,3.306479451837381,True,True,,,,product_and_employee_anomaly
2014-03-01,6,28,67,S6_E01,Shift 1,31,415,49,3.63154965980873,2.323386541300781,True,False,,,,product_anomaly
2014-03-01,6,28,67,S6_E02,Shift 2,36,415,49,3.63154965980873,2.9878245936140457,True,False,,,,product_anomaly
2014-03-01,7,28,61,S7_E01,Full Day,61,415,44,3.63154965980873,2.157297689436117,True,False,,,,product_anomaly
2014-03-01,8,28,107,S8_E01,Shift 1,46,415,76,3.63154965980873,2.488561115036944,True,False,,,,product_anomaly
2014-03-01,8,28,107,S8_E02,Shift 2,61,415,76,3.63154965980873,2.2777673761291855,True,False,,,,product_anomaly
2014-03-01,9,28,99,S9_E01,Shift 1,47,415,67,3.63154965980873,2.0575462095889767,True,False,,,,product_anomaly
2014-03-01,9,28,99,S9_E02,Shift 2,52,415,67,3.63154965980873,2.25800157879476,True,False,,,,product_anomaly
2014-03-01,10,28,101,S10_E01,Full Day,101,415,72,3.63154965980873,2.822284998497931,True,False,,,,product_anomaly
2014-08-04,1,28,78,S1_E01,Shift 1,32,415,96,-3.6575043124162763,-2.5453580386408605,True,False,,,,product_anomaly
2014-08-04,1,28,78,S1_E02,Shift 2,46,415,96,-3.6575043124162763,-2.806490994281361,True,False,,,,product_anomaly
2014-08-04,2,28,88,S2_E01,Shift 1,49,415,141,-3.6575043124162763,-3.2958565872574868,True,True,,,,product_and_employee_anomaly
2014-08-04,2,28,88,S2_E02,Shift 2,39,415,141,-3.6575043124162763,-2.3253581907705634,True,False,,,,product_anomaly
2014-08-04,3,28,75,S3_E01,Shift 1,44,415,122,-3.6575043124162763,-2.9193847507418793,True,False,,,,product_anomaly
2014-08-04,3,28,75,S3_E02,Shift 2,31,415,122,-3.6575043124162763,-2.9764440225122466,True,False,,,,product_anomaly
2014-08-04,4,28,69,S4_E01,Full Day,69,415,114,-3.6575043124162763,-3.1397631376093593,True,True,,,,product_and_employee_anomaly
2014-08-04,5,28,52,S5_E01,Full Day,52,415,82,-3.6575043124162763,-3.2173712129452325,True,True,,,,product_and_employee_anomaly
2014-08-04,6,28,60,S6_E01,Shift 1,30,415,80,-3.6575043124162763,-2.2070237185490025,True,False,,,,product_anomaly
2014-08-04,6,28,60,S6_E02,Shift 2,30,415,80,-3.6575043124162763,-3.5017544264003857,True,True,,,,product_and_employee_anomaly
2014-08-04,7,28,55,S7_E01,Full Day,55,415,77,-3.6575043124162763,-3.4459186430311015,True,True,,,,product_and_employee_anomaly
2014-08-04,8,28,97,S8_E01,Shift 1,54,415,132,-3.6575043124162763,-3.8062041584640642,True,True,,,,product_and_employee_anomaly
2014-08-04,8,28,97,S8_E02,Shift 2,43,415,132,-3.6575043124162763,-3.16064441974807,True,True,,,,product_and_employee_anomaly
2014-08-04,9,28,78,S9_E01,Shift 1,32,415,110,-3.6575043124162763,-2.838026611374916,True,False,,,,product_anomaly
2014-08-04,9,28,78,S9_E02,Shift 2,46,415,110,-3.6575043124162763,-2.777144381847396,True,False,,,,product_anomaly
2014-08-04,10,28,92,S10_E01,Full Day,92,415,119,-3.6575043124162763,-2.9356516212828705,True,False,,,,product_anomaly
2014-12-01,1,28,54,S1_E01,Shift 1,26,415,80,-2.8792155841597435,-3.1060032038113756,False,True,,,,employee_anomaly
2014-12-01,1,28,54,S1_E02,Shift 2,28,415,80,-2.8792155841597435,-3.2257952791105735,False,True,,,,employee_anomaly
2014-12-01,2,28,66,S2_E01,Shift 1,31,415,116,-2.8792155841597435,-3.2103767532981733,False,True,,,,employee_anomaly
2014-12-01,3,28,49,S3_E01,Shift 1,21,415,101,-2.8792155841597435,-3.6842826003636517,False,True,,,,employee_anomaly
2014-12-01,3,28,49,S3_E02,Shift 2,28,415,101,-2.8792155841597435,-3.7643534802102665,False,True,,,,employee_anomaly
2014-12-01,4,28,48,S4_E01,Full Day,48,415,97,-2.8792155841597435,-3.5292108233300348,False,True,,,,employee_anomaly
2014-12-01,5,28,37,S5_E01,Full Day,37,415,71,-2.8792155841597435,-3.5544771735009846,False,True,,,,employee_anomaly
2014-12-01,6,28,41,S6_E02,Shift 2,21,415,67,-2.8792155841597435,-3.2677552992025225,False,True,,,,employee_anomaly
2014-12-01,7,28,31,S7_E01,Full Day,31,415,63,-2.8792155841597435,-3.4795612216587277,False,True,,,,employee_anomaly
2014-12-01,8,28,62,S8_E02,Shift 2,35,415,112,-2.8792155841597435,-3.156889714158979,False,True,,,,employee_anomaly
2014-12-01,9,28,53,S9_E01,Shift 1,22,415,96,-2.8792155841597435,-3.0877445136207187,False,True,,,,employee_anomaly
2014-12-01,10,28,47,S10_E01,Full Day,47,415,102,-2.8792155841597435,-3.4995746414918427,False,True,,,,employee_anomaly
2015-02-01,1,28,71,S1_E01,Shift 1,29,415,56,2.372187809006775,3.0557660597940646,False,True,,,,employee_anomaly
2015-03-01,1,28,81,S1_E01,Shift 1,38,415,59,2.565041770182791,3.2063842092808192,False,True,,,,employee_anomaly
2015-03-01,2,28,113,S2_E01,Shift 1,60,415,87,2.565041770182791,3.1204913155838128,False,True,,,,employee_anomaly
2015-03-01,3,28,105,S3_E02,Shift 2,52,415,75,2.565041770182791,3.4103721242964737,False,True,,,,employee_anomaly
2015-03-01,4,28,107,S4_E01,Full Day,107,415,72,2.565041770182791,3.1596518128314997,False,True,,,,employee_anomaly
2015-03-01,5,28,59,S5_E01,Full Day,59,415,48,2.565041770182791,3.6387722164072245,False,True,,,,employee_anomaly
2015-03-01,6,28,83,S6_E01,Shift 1,34,415,50,2.565041770182791,3.2783227914473976,False,True,,,,employee_anomaly
2015-03-01,6,28,83,S6_E02,Shift 2,49,415,50,2.565041770182791,3.6075677552682435,False,True,,,,employee_anomaly
2015-03-01,8,28,122,S8_E01,Shift 1,64,415,81,2.565041770182791,3.332540228908305,False,True,,,,employee_anomaly
2015-03-01,8,28,122,S8_E02,Shift 2,58,415,81,2.565041770182791,3.009029860439897,False,True,,,,employee_anomaly
2015-03-01,9,28,93,S9_E01,Shift 1,42,415,67,2.565041770182791,3.562831793884845,False,True,,,,employee_anomaly
2015-03-01,9,28,93,S9_E02,Shift 2,51,415,67,2.565041770182791,3.0689769065072365,False,True,,,,employee_anomaly
2015-03-01,10,28,113,S10_E01,Full Day,113,415,75,2.565041770182791,3.035766134572765,False,True,,,,employee_anomaly
2015-08-03,1,28,50,S1_E01,Shift 1,22,415,101,-3.030989522298715,-2.431152188562419,True,False,,,,product_anomaly
2015-08-03,1,28,50,S1_E02,Shift 2,28,415,101,-3.030989522298715,-2.6588983591723636,True,False,,,,product_anomaly
2015-08-03,2,28,96,S2_E01,Shift 1,41,415,145,-3.030989522298715,-2.1714259053724394,True,False,,,,product_anomaly
2015-08-03,2,28,96,S2_E02,Shift 2,55,415,145,-3.030989522298715,-2.5727933298725434,True,False,,,,product_anomaly
2015-08-03,3,28,92,S3_E01,Shift 1,45,415,130,-3.030989522298715,-3.230471200097007,True,True,,,,product_and_employee_anomaly
2015-08-03,3,28,92,S3_E02,Shift 2,47,415,130,-3.030989522298715,-3.0968220305556833,True,True,,,,product_and_employee_anomaly
2015-08-03,4,28,80,S4_E01,Full Day,80,415,118,-3.030989522298715,-2.7376755606770606,True,False,,,,product_anomaly
2015-08-03,5,28,69,S5_E01,Full Day,69,415,87,-3.030989522298715,-2.664634525264307,True,False,,,,product_anomaly
2015-08-03,6,28,49,S6_E01,Shift 1,27,415,87,-3.030989522298715,-3.003013866777452,True,True,,,,product_and_employee_anomaly
2015-08-03,6,28,49,S6_E02,Shift 2,22,415,87,-3.030989522298715,-2.5336785743591226,True,False,,,,product_anomaly
2015-08-03,7,28,61,S7_E01,Full Day,61,415,75,-3.030989522298715,-2.3966524315397892,True,False,,,,product_anomaly
2015-08-03,8,28,90,S8_E01,Shift 1,38,415,137,-3.030989522298715,-2.893402768817878,True,False,,,,product_anomaly
2015-08-03,8,28,90,S8_E02,Shift 2,52,415,137,-3.030989522298715,-2.405130863769209,True,False,,,,product_anomaly
2015-08-03,9,28,86,S9_E01,Shift 1,37,415,119,-3.030989522298715,-2.4640677522246373,True,False,,,,product_anomaly
2015-08-03,9,28,86,S9_E02,Shift 2,49,415,119,-3.030989522298715,-3.2324063857303305,True,True,,,,product_and_employee_anomaly
2015-08-03,10,28,86,S10_E01,Full Day,86,415,129,-3.030989522298715,-2.654029610435547,True,False,,,,product_anomaly
2015-12-07,1,28,41,S1_E01,Shift 1,19,415,77,-3.067771688801042,-2.137467822138631,True,False,,,,product_anomaly
2015-12-07,1,28,41,S1_E02,Shift 2,22,415,77,-3.067771688801042,-2.3163145218669032,True,False,,,,product_anomaly
2015-12-07,2,28,57,S2_E01,Shift 1,33,415,114,-3.067771688801042,-2.2622746111084022,True,False,,,,product_anomaly
2015-12-07,2,28,57,S2_E02,Shift 2,24,415,114,-3.067771688801042,-2.734706195869,True,False,,,,product_anomaly
2015-12-07,3,28,58,S3_E01,Shift 1,35,415,98,-3.067771688801042,-2.5814790260412823,True,False,,,,product_anomaly
2015-12-07,3,28,58,S3_E02,Shift 2,23,415,98,-3.067771688801042,-2.518162476199348,True,False,,,,product_anomaly
2015-12-07,4,28,60,S4_E01,Full Day,60,415,91,-3.067771688801042,-2.1817952782493784,True,False,,,,product_anomaly
2015-12-07,5,28,47,S5_E01,Full Day,47,415,66,-3.067771688801042,-1.7914761105903116,True,False,,,,product_anomaly
2015-12-07,6,28,41,S6_E01,Shift 1,16,415,69,-3.067771688801042,-2.177570422889973,True,False,,,,product_anomaly
2015-12-07,6,28,41,S6_E02,Shift 2,25,415,69,-3.067771688801042,-1.9810837763297446,True,False,,,,product_anomaly
2015-12-07,7,28,33,S7_E01,Full Day,33,415,59,-3.067771688801042,-2.327809067862889,True,False,,,,product_anomaly
2015-12-07,8,28,66,S8_E01,Shift 1,35,415,107,-3.067771688801042,-2.46070045964776,True,False,,,,product_anomaly
2015-12-07,8,28,66,S8_E02,Shift 2,31,415,107,-3.067771688801042,-2.443928253346677,True,False,,,,product_anomaly
2015-12-07,9,28,50,S9_E01,Shift 1,25,415,95,-3.067771688801042,-2.613927269474191,True,False,,,,product_anomaly
2015-12-07,9,28,50,S9_E02,Shift 2,25,415,95,-3.067771688801042,-2.3250075736587585,True,False,,,,product_anomaly
2015-12-07,10,28,43,S10_E01,Full Day,43,415,96,-3.067771688801042,-2.4039808735535884,True,False,,,,product_anomaly
2016-12-05,1,28,54,S1_E01,Shift 1,29,415,87,-3.513599218151963,-2.4321396159735382,True,False,,,,product_anomaly
2016-12-05,1,28,54,S1_E02,Shift 2,25,415,87,-3.513599218151963,-2.580461211183038,True,False,,,,product_anomaly
2016-12-05,2,28,68,S2_E01,Shift 1,29,415,124,-3.513599218151963,-3.039797685865822,True,True,,,,product_and_employee_anomaly
2016-12-05,2,28,68,S2_E02,Shift 2,39,415,124,-3.513599218151963,-2.8411273492839912,True,False,,,,product_anomaly
2016-12-05,3,28,61,S3_E01,Shift 1,31,415,115,-3.513599218151963,-2.6334758693639126,True,False,,,,product_anomaly
2016-12-05,3,28,61,S3_E02,Shift 2,30,415,115,-3.513599218151963,-2.870138019802202,True,False,,,,product_anomaly
2016-12-05,4,28,68,S4_E01,Full Day,68,415,102,-3.513599218151963,-2.803773742586649,True,False,,,,product_anomaly
2016-12-05,5,28,40,S5_E01,Full Day,40,415,75,-3.513599218151963,-2.639685670948698,True,False,,,,product_anomaly
2016-12-05,6,28,49,S6_E01,Shift 1,23,415,69,-3.513599218151963,-3.552929269017943,True,True,,,,product_and_employee_anomaly
2016-12-05,6,28,49,S6_E02,Shift 2,26,415,69,-3.513599218151963,-2.6336470607013553,True,False,,,,product_anomaly
2016-12-05,7,28,37,S7_E01,Full Day,37,415,68,-3.513599218151963,-3.1441222038535632,True,True,,,,product_and_employee_anomaly
2016-12-05,8,28,69,S8_E01,Shift 1,29,415,121,-3.513599218151963,-3.7685143438139015,True,True,,,,product_and_employee_anomaly
2016-12-05,8,28,69,S8_E02,Shift 2,40,415,121,-3.513599218151963,-3.111510025863777,True,True,,,,product_and_employee_anomaly
2016-12-05,9,28,49,S9_E01,Shift 1,20,415,106,-3.513599218151963,-2.9300684022247934,True,False,,,,product_anomaly
2016-12-05,9,28,49,S9_E02,Shift 2,29,415,106,-3.513599218151963,-3.3474208166871384,True,True,,,,product_and_employee_anomaly
2016-12-05,10,28,70,S10_E01,Full Day,70,415,110,-3.513599218151963,-3.2437638134469884,True,True,,,,product_and_employee_anomaly
2017-04-01,1,28,117,S1_E01,Shift 1,51,415,79,2.8455318341240323,3.05140781233218,False,True,,,,employee_anomaly
2017-12-04,1,28,50,S1_E01,Shift 1,25,415,96,-2.7939738282466315,-3.566924808659965,False,True,,,,employee_anomaly
2017-12-04,1,28,50,S1_E02,Shift 2,25,415,96,-2.7939738282466315,-3.439934189042974,False,True,,,,employee_anomaly
2017-12-04,2,28,74,S2_E01,Shift 1,38,415,131,-2.7939738282466315,-3.4289887985334744,False,True,,,,employee_anomaly
2017-12-04,2,28,74,S2_E02,Shift 2,36,415,131,-2.7939738282466315,-3.42560784986891,False,True,,,,employee_anomaly
2017-12-04,3,28,77,S3_E01,Shift 1,40,415,119,-2.7939738282466315,-4.010676658948157,False,True,,,,employee_anomaly
2017-12-04,3,28,77,S3_E02,Shift 2,37,415,119,-2.7939738282466315,-3.2163317411983594,False,True,,,,employee_anomaly
2017-12-04,4,28,60,S4_E01,Full Day,60,415,104,-2.7939738282466315,-3.284111898833113,False,True,,,,employee_anomaly
2017-12-04,5,28,50,S5_E01,Full Day,50,415,75,-2.7939738282466315,-3.2458225710762023,False,True,,,,employee_anomaly
2017-12-04,6,28,45,S6_E01,Shift 1,26,415,78,-2.7939738282466315,-3.2986405964081293,False,True,,,,employee_anomaly
2017-12-04,6,28,45,S6_E02,Shift 2,19,415,78,-2.7939738282466315,-3.3301889302159635,False,True,,,,employee_anomaly
2017-12-04,7,28,37,S7_E01,Full Day,37,415,71,-2.7939738282466315,-3.144474792045703,False,True,,,,employee_anomaly
2017-12-04,8,28,62,S8_E01,Shift 1,32,415,124,-2.7939738282466315,-3.5723822669368586,False,True,,,,employee_anomaly
2017-12-04,8,28,62,S8_E02,Shift 2,30,415,124,-2.7939738282466315,-3.58582252955439,False,True,,,,employee_anomaly
2017-12-04,9,28,75,S9_E01,Shift 1,30,415,105,-2.7939738282466315,-3.189292177224606,False,True,,,,employee_anomaly
2017-12-04,9,28,75,S9_E02,Shift 2,45,415,105,-2.7939738282466315,-3.1563508443071124,False,True,,,,employee_anomaly
2017-12-04,10,28,74,S10_E01,Full Day,74,415,116,-2.7939738282466315,-3.105707653984013,False,True,,,,employee_anomaly
2013-08-05,2,29,66,S2_E01,Shift 1,27,282,97,-2.232296599497506,-3.037931708682254,False,True,,,,employee_anomaly
2013-08-05,2,29,66,S2_E02,Shift 2,39,282,97,-2.232296599497506,-3.4857102754090485,False,True,,,,employee_anomaly
2013-12-02,1,29,23,S1_E01,Shift 1,14,282,54,-3.3525962552715844,-3.1254292363912257,True,True,,,,product_and_employee_anomaly
2013-12-02,1,29,23,S1_E02,Shift 2,9,282,54,-3.3525962552715844,-2.851006355389951,True,False,,,,product_anomaly
2013-12-02,2,29,48,S2_E01,Shift 1,27,282,80,-3.3525962552715844,-3.412450649859274,True,True,,,,product_and_employee_anomaly
2013-12-02,2,29,48,S2_E02,Shift 2,21,282,80,-3.3525962552715844,-3.2785932441135652,True,True,,,,product_and_employee_anomaly
2013-12-02,3,29,37,S3_E01,Shift 1,15,282,69,-3.3525962552715844,-3.2501487509139597,True,True,,,,product_and_employee_anomaly
2013-12-02,3,29,37,S3_E02,Shift 2,22,282,69,-3.3525962552715844,-3.4328063228458867,True,True,,,,product_and_employee_anomaly
2013-12-02,4,29,39,S4_E01,Full Day,39,282,64,-3.3525962552715844,-3.448513956982832,True,True,,,,product_and_employee_anomaly
2013-12-02,5,29,21,S5_E01,Full Day,21,282,46,-3.3525962552715844,-3.1959090536893515,True,True,,,,product_and_employee_anomaly
2013-12-02,6,29,27,S6_E01,Shift 1,12,282,48,-3.3525962552715844,-2.8345600406685025,True,False,,,,product_anomaly
2013-12-02,6,29,27,S6_E02,Shift 2,15,282,48,-3.3525962552715844,-3.0818675698167812,True,True,,,,product_and_employee_anomaly
2013-12-02,7,29,18,S7_E01,Full Day,18,282,44,-3.3525962552715844,-2.9208666389824898,True,False,,,,product_anomaly
2013-12-02,8,29,35,S8_E01,Shift 1,18,282,75,-3.3525962552715844,-3.3597203284094452,True,True,,,,product_and_employee_anomaly
2013-12-02,8,29,35,S8_E02,Shift 2,17,282,75,-3.3525962552715844,-3.335819773959348,True,True,,,,product_and_employee_anomaly
2013-12-02,9,29,38,S9_E01,Shift 1,16,282,61,-3.3525962552715844,-3.305771183792513,True,True,,,,product_and_employee_anomaly
2013-12-02,9,29,38,S9_E02,Shift 2,22,282,61,-3.3525962552715844,-3.696275698428471,True,True,,,,product_and_employee_anomaly
2013-12-02,10,29,49,S10_E01,Full Day,49,282,70,-3.3525962552715844,-3.0878038047354686,True,True,,,,product_and_employee_anomaly
2014-03-01,2,29,90,S2_E01,Shift 1,45,282,64,1.579101595510968,3.349005610782279,False,True,,,,employee_anomaly
2014-03-01,5,29,45,S5_E01,Full Day,45,282,37,1.579101595510968,3.306479451837381,False,True,,,,employee_anomaly
2014-08-04,2,29,77,S2_E01,Shift 1,35,282,110,-1.5636957747413855,-3.2958565872574868,False,True,,,,employee_anomaly
2014-08-04,4,29,55,S4_E01,Full Day,55,282,88,-1.5636957747413855,-3.1397631376093593,False,True,,,,employee_anomaly
2014-08-04,5,29,41,S5_E01,Full Day,41,282,64,-1.5636957747413855,-3.2173712129452325,False,True,,,,employee_anomaly
2014-08-04,6,29,51,S6_E02,Shift 2,21,282,66,-1.5636957747413855,-3.5017544264003857,False,True,,,,employee_anomaly
2014-08-04,7,29,34,S7_E01,Full Day,34,282,60,-1.5636957747413855,-3.4459186430311015,False,True,,,,employee_anomaly
2014-08-04,8,29,90,S8_E01,Shift 1,41,282,107,-1.5636957747413855,-3.8062041584640642,False,True,,,,employee_anomaly
2014-08-04,8,29,90,S8_E02,Shift 2,49,282,107,-1.5636957747413855,-3.16064441974807,False,True,,,,employee_anomaly
2014-12-01,1,29,34,S1_E01,Shift 1,15,282,63,-3.58644584926304,-3.1060032038113756,True,True,,,,product_and_employee_anomaly
2014-12-01,1,29,34,S1_E02,Shift 2,19,282,63,-3.58644584926304,-3.2257952791105735,True,True,,,,product_and_employee_anomaly
2014-12-01,2,29,48,S2_E01,Shift 1,19,282,91,-3.58644584926304,-3.2103767532981733,True,True,,,,product_and_employee_anomaly
2014-12-01,2,29,48,S2_E02,Shift 2,29,282,91,-3.58644584926304,-2.9745651825749797,True,False,,,,product_anomaly
2014-12-01,3,29,35,S3_E01,Shift 1,16,282,83,-3.58644584926304,-3.6842826003636517,True,True,,,,product_and_employee_anomaly
2014-12-01,3,29,35,S3_E02,Shift 2,19,282,83,-3.58644584926304,-3.7643534802102665,True,True,,,,product_and_employee_anomaly
2014-12-01,4,29,37,S4_E01,Full Day,37,282,76,-3.58644584926304,-3.5292108233300348,True,True,,,,product_and_employee_anomaly
2014-12-01,5,29,29,S5_E01,Full Day,29,282,56,-3.58644584926304,-3.5544771735009846,True,True,,,,product_and_employee_anomaly
2014-12-01,6,29,26,S6_E01,Shift 1,15,282,55,-3.58644584926304,-2.725413037949043,True,False,,,,product_anomaly
2014-12-01,6,29,26,S6_E02,Shift 2,11,282,55,-3.58644584926304,-3.2677552992025225,True,True,,,,product_and_employee_anomaly
2014-12-01,7,29,28,S7_E01,Full Day,28,282,51,-3.58644584926304,-3.4795612216587277,True,True,,,,product_and_employee_anomaly
2014-12-01,8,29,49,S8_E01,Shift 1,23,282,89,-3.58644584926304,-2.754138713991254,True,False,,,,product_anomaly
2014-12-01,8,29,49,S8_E02,Shift 2,26,282,89,-3.58644584926304,-3.156889714158979,True,True,,,,product_and_employee_anomaly
2014-12-01,9,29,47,S9_E01,Shift 1,20,282,75,-3.58644584926304,-3.0877445136207187,True,True,,,,product_and_employee_anomaly
2014-12-01,9,29,47,S9_E02,Shift 2,27,282,75,-3.58644584926304,-2.9294097184846226,True,False,,,,product_anomaly
2014-12-01,10,29,50,S10_E01,Full Day,50,282,81,-3.58644584926304,-3.4995746414918427,True,True,,,,product_and_employee_anomaly
2015-02-01,1,29,52,S1_E01,Shift 1,31,282,43,1.6132378013249287,3.0557660597940646,False,True,,,,employee_anomaly
2015-03-01,1,29,69,S1_E01,Shift 1,38,282,47,2.444610842040657,3.2063842092808192,False,True,,,,employee_anomaly
2015-03-01,2,29,76,S2_E01,Shift 1,33,282,66,2.444610842040657,3.1204913155838128,False,True,,,,employee_anomaly
2015-03-01,3,29,79,S3_E02,Shift 2,46,282,57,2.444610842040657,3.4103721242964737,False,True,,,,employee_anomaly
2015-03-01,4,29,66,S4_E01,Full Day,66,282,55,2.444610842040657,3.1596518128314997,False,True,,,,employee_anomaly
2015-03-01,5,29,55,S5_E01,Full Day,55,282,41,2.444610842040657,3.6387722164072245,False,True,,,,employee_anomaly
2015-03-01,6,29,48,S6_E01,Shift 1,22,282,40,2.444610842040657,3.2783227914473976,False,True,,,,employee_anomaly
2015-03-01,6,29,48,S6_E02,Shift 2,26,282,40,2.444610842040657,3.6075677552682435,False,True,,,,employee_anomaly
2015-03-01,8,29,89,S8_E01,Shift 1,48,282,63,2.444610842040657,3.332540228908305,False,True,,,,employee_anomaly
2015-03-01,8,29,89,S8_E02,Shift 2,41,282,63,2.444610842040657,3.009029860439897,False,True,,,,employee_anomaly
2015-03-01,9,29,76,S9_E01,Shift 1,44,282,54,2.444610842040657,3.562831793884845,False,True,,,,employee_anomaly
2015-03-01,9,29,76,S9_E02,Shift 2,32,282,54,2.444610842040657,3.0689769065072365,False,True,,,,employee_anomaly
2015-03-01,10,29,86,S10_E01,Full Day,86,282,59,2.444610842040657,3.035766134572765,False,True,,,,employee_anomaly
2015-08-03,3,29,61,S3_E01,Shift 1,31,282,103,-2.6673806776688753,-3.230471200097007,False,True,,,,employee_anomaly
2015-08-03,3,29,61,S3_E02,Shift 2,30,282,103,-2.6673806776688753,-3.0968220305556833,False,True,,,,employee_anomaly
2015-08-03,6,29,45,S6_E01,Shift 1,19,282,70,-2.6673806776688753,-3.003013866777452,False,True,,,,employee_anomaly
2015-08-03,9,29,63,S9_E02,Shift 2,30,282,95,-2.6673806776688753,-3.2324063857303305,False,True,,,,employee_anomaly
2016-12-05,1,29,37,S1_E01,Shift 1,19,282,69,-3.382146755926507,-2.4321396159735382,True,False,,,,product_anomaly
2016-12-05,1,29,37,S1_E02,Shift 2,18,282,69,-3.382146755926507,-2.580461211183038,True,False,,,,product_anomaly
2016-12-05,2,29,58,S2_E01,Shift 1,26,282,101,-3.382146755926507,-3.039797685865822,True,True,,,,product_and_employee_anomaly
2016-12-05,2,29,58,S2_E02,Shift 2,32,282,101,-3.382146755926507,-2.8411273492839912,True,False,,,,product_anomaly
2016-12-05,3,29,57,S3_E01,Shift 1,30,282,85,-3.382146755926507,-2.6334758693639126,True,False,,,,product_anomaly
2016-12-05,3,29,57,S3_E02,Shift 2,27,282,85,-3.382146755926507,-2.870138019802202,True,False,,,,product_anomaly
2016-12-05,4,29,46,S4_E01,Full Day,46,282,80,-3.382146755926507,-2.803773742586649,True,False,,,,product_anomaly
2016-12-05,5,29,28,S5_E01,Full Day,28,282,58,-3.382146755926507,-2.639685670948698,True,False,,,,product_anomaly
2016-12-05,6,29,32,S6_E01,Shift 1,19,282,59,-3.382146755926507,-3.552929269017943,True,True,,,,product_and_employee_anomaly
2016-12-05,6,29,32,S6_E02,Shift 2,13,282,59,-3.382146755926507,-2.6336470607013553,True,False,,,,product_anomaly
2016-12-05,7,29,34,S7_E01,Full Day,34,282,54,-3.382146755926507,-3.1441222038535632,True,True,,,,product_and_employee_anomaly
2016-12-05,8,29,55,S8_E01,Shift 1,28,282,95,-3.382146755926507,-3.7685143438139015,True,True,,,,product_and_employee_anomaly
2016-12-05,8,29,55,S8_E02,Shift 2,27,282,95,-3.382146755926507,-3.111510025863777,True,True,,,,product_and_employee_anomaly
2016-12-05,9,29,56,S9_E01,Shift 1,32,282,79,-3.382146755926507,-2.9300684022247934,True,False,,,,product_anomaly
2016-12-05,9,29,56,S9_E02,Shift 2,24,282,79,-3.382146755926507,-3.3474208166871384,True,True,,,,product_and_employee_anomaly
2016-12-05,10,29,37,S10_E01,Full Day,37,282,87,-3.382146755926507,-3.2437638134469884,True,True,,,,product_and_employee_anomaly
2017-04-01,1,29,83,S1_E01,Shift 1,43,282,63,2.2429818731077487,3.05140781233218,False,True,,,,employee_anomaly
2017-12-04,1,29,37,S1_E01,Shift 1,16,282,74,-2.996289873987852,-3.566924808659965,False,True,,,,employee_anomaly
2017-12-04,1,29,37,S1_E02,Shift 2,21,282,74,-2.996289873987852,-3.439934189042974,False,True,,,,employee_anomaly
2017-12-04,2,29,67,S2_E01,Shift 1,33,282,103,-2.996289873987852,-3.4289887985334744,False,True,,,,employee_anomaly
2017-12-04,2,29,67,S2_E02,Shift 2,34,282,103,-2.996289873987852,-3.42560784986891,False,True,,,,employee_anomaly
2017-12-04,3,29,53,S3_E01,Shift 1,23,282,91,-2.996289873987852,-4.010676658948157,False,True,,,,employee_anomaly
2017-12-04,3,29,53,S3_E02,Shift 2,30,282,91,-2.996289873987852,-3.2163317411983594,False,True,,,,employee_anomaly
2017-12-04,4,29,47,S4_E01,Full Day,47,282,82,-2.996289873987852,-3.284111898833113,False,True,,,,employee_anomaly
2017-12-04,5,29,34,S5_E01,Full Day,34,282,61,-2.996289873987852,-3.2458225710762023,False,True,,,,employee_anomaly
2017-12-04,6,29,33,S6_E01,Shift 1,15,282,58,-2.996289873987852,-3.2986405964081293,False,True,,,,employee_anomaly
2017-12-04,6,29,33,S6_E02,Shift 2,18,282,58,-2.996289873987852,-3.3301889302159635,False,True,,,,employee_anomaly
2017-12-04,7,29,26,S7_E01,Full Day,26,282,56,-2.996289873987852,-3.144474792045703,False,True,,,,employee_anomaly
2017-12-04,8,29,62,S8_E01,Shift 1,29,282,97,-2.996289873987852,-3.5723822669368586,False,True,,,,employee_anomaly
2017-12-04,8,29,62,S8_E02,Shift 2,33,282,97,-2.996289873987852,-3.58582252955439,False,True,,,,employee_anomaly
2017-12-04,9,29,62,S9_E01,Shift 1,34,282,88,-2.996289873987852,-3.189292177224606,False,True,,,,employee_anomaly
2017-12-04,9,29,62,S9_E02,Shift 2,28,282,88,-2.996289873987852,-3.1563508443071124,False,True,,,,employee_anomaly
2017-12-04,10,29,44,S10_E01,Full Day,44,282,90,-2.996289873987852,-3.105707653984013,False,True,,,,employee_anomaly
2013-01-14,1,30,14,S1_E01,Shift 1,6,233,23,-5.304773100587758,-1.5335306749479352,True,False,,,,product_anomaly
2013-01-14,1,30,14,S1_E02,Shift 2,8,233,23,-5.304773100587758,-1.3988509868804517,True,False,,,,product_anomaly
2013-01-14,2,30,24,S2_E01,Shift 1,11,233,28,-5.304773100587758,-1.581828398903852,True,False,,,,product_anomaly
2013-01-14,2,30,24,S2_E02,Shift 2,13,233,28,-5.304773100587758,-1.669385254326409,True,False,,,,product_anomaly
2013-01-14,3,30,18,S3_E01,Shift 1,7,233,27,-5.304773100587758,-1.3530720851820393,True,False,,,,product_anomaly
2013-01-14,3,30,18,S3_E02,Shift 2,11,233,27,-5.304773100587758,-1.180831700621486,True,False,,,,product_anomaly
2013-01-14,4,30,28,S4_E01,Full Day,28,233,25,-5.304773100587758,-1.5528465804614844,True,False,,,,product_anomaly
2013-01-14,5,30,11,S5_E01,Full Day,11,233,17,-5.304773100587758,-1.3926653058557288,True,False,,,,product_anomaly
2013-01-14,6,30,12,S6_E01,Shift 1,5,233,18,-5.304773100587758,-1.5996876306919645,True,False,,,,product_anomaly
2013-01-14,6,30,12,S6_E02,Shift 2,7,233,18,-5.304773100587758,-1.3658300083858088,True,False,,,,product_anomaly
2013-01-14,7,30,13,S7_E01,Full Day,13,233,16,-5.304773100587758,-1.2977466896609609,True,False,,,,product_anomaly
2013-01-14,8,30,22,S8_E01,Shift 1,11,233,30,-5.304773100587758,-1.5501073724110404,True,False,,,,product_anomaly
2013-01-14,8,30,22,S8_E02,Shift 2,11,233,30,-5.304773100587758,-1.7090122889587518,True,False,,,,product_anomaly
2013-01-14,9,30,16,S9_E01,Shift 1,7,233,25,-5.304773100587758,-1.5726491625425385,True,False,,,,product_anomaly
2013-01-14,9,30,16,S9_E02,Shift 2,9,233,25,-5.304773100587758,-1.6537079967662984,True,False,,,,product_anomaly
2013-01-14,10,30,20,S10_E01,Full Day,20,233,27,-5.304773100587758,-1.5832138752919616,True,False,,,,product_anomaly
2013-04-06,1,30,45,S1_E01,Shift 1,18,233,27,3.31628488681327,2.839559852551617,True,False,,,,product_anomaly
2013-04-06,1,30,45,S1_E02,Shift 2,27,233,27,3.31628488681327,2.465481209192916,True,False,,,,product_anomaly
2013-04-06,2,30,56,S2_E01,Shift 1,29,233,40,3.31628488681327,2.1281607617112295,True,False,,,,product_anomaly
2013-04-06,2,30,56,S2_E02,Shift 2,27,233,40,3.31628488681327,2.1840082511797245,True,False,,,,product_anomaly
2013-04-06,3,30,55,S3_E01,Shift 1,26,233,34,3.31628488681327,1.053706115973092,True,False,,,,product_anomaly
2013-04-06,3,30,55,S3_E02,Shift 2,29,233,34,3.31628488681327,1.6602571908912562,True,False,,,,product_anomaly
2013-04-06,4,30,41,S4_E01,Full Day,41,233,33,3.31628488681327,1.6247707042454427,True,False,,,,product_anomaly
2013-04-06,5,30,33,S5_E01,Full Day,33,233,23,3.31628488681327,1.9491259248178963,True,False,,,,product_anomaly
2013-04-06,6,30,33,S6_E01,Shift 1,16,233,26,3.31628488681327,1.842812980823236,True,False,,,,product_anomaly
2013-04-06,6,30,33,S6_E02,Shift 2,17,233,26,3.31628488681327,1.5007315172957991,True,False,,,,product_anomaly
2013-04-06,7,30,34,S7_E01,Full Day,34,233,22,3.31628488681327,1.7545287168379493,True,False,,,,product_anomaly
2013-04-06,8,30,45,S8_E01,Shift 1,23,233,38,3.31628488681327,2.2225036307509787,True,False,,,,product_anomaly
2013-04-06,8,30,45,S8_E02,Shift 2,22,233,38,3.31628488681327,1.9123206661130763,True,False,,,,product_anomaly
2013-04-06,9,30,46,S9_E01,Shift 1,27,233,32,3.31628488681327,2.3473117945259925,True,False,,,,product_anomaly
2013-04-06,9,30,46,S9_E02,Shift 2,19,233,32,3.31628488681327,1.8988536798688116,True,False,,,,product_anomaly
2013-04-06,10,30,40,S10_E01,Full Day,40,233,35,3.31628488681327,1.8219577200655632,True,False,,,,product_anomaly
2013-08-05,2,30,40,S2_E01,Shift 1,17,233,56,-2.5419891040225693,-3.037931708682254,False,True,,,,employee_anomaly
2013-08-05,2,30,40,S2_E02,Shift 2,23,233,56,-2.5419891040225693,-3.4857102754090485,False,True,,,,employee_anomaly
2013-12-02,1,30,23,S1_E01,Shift 1,12,233,30,-2.764093212111105,-3.1254292363912257,False,True,,,,employee_anomaly
2013-12-02,2,30,26,S2_E01,Shift 1,15,233,45,-2.764093212111105,-3.412450649859274,False,True,,,,employee_anomaly
2013-12-02,2,30,26,S2_E02,Shift 2,11,233,45,-2.764093212111105,-3.2785932441135652,False,True,,,,employee_anomaly
2013-12-02,3,30,28,S3_E01,Shift 1,14,233,41,-2.764093212111105,-3.2501487509139597,False,True,,,,employee_anomaly
2013-12-02,3,30,28,S3_E02,Shift 2,14,233,41,-2.764093212111105,-3.4328063228458867,False,True,,,,employee_anomaly
2013-12-02,4,30,22,S4_E01,Full Day,22,233,37,-2.764093212111105,-3.448513956982832,False,True,,,,employee_anomaly
2013-12-02,5,30,15,S5_E01,Full Day,15,233,26,-2.764093212111105,-3.1959090536893515,False,True,,,,employee_anomaly
2013-12-02,6,30,15,S6_E02,Shift 2,7,233,26,-2.764093212111105,-3.0818675698167812,False,True,,,,employee_anomaly
2013-12-02,8,30,18,S8_E01,Shift 1,10,233,43,-2.764093212111105,-3.3597203284094452,False,True,,,,employee_anomaly
2013-12-02,8,30,18,S8_E02,Shift 2,8,233,43,-2.764093212111105,-3.335819773959348,False,True,,,,employee_anomaly
2013-12-02,9,30,24,S9_E01,Shift 1,14,233,38,-2.764093212111105,-3.305771183792513,False,True,,,,employee_anomaly
2013-12-02,9,30,24,S9_E02,Shift 2,10,233,38,-2.764093212111105,-3.696275698428471,False,True,,,,employee_anomaly
2013-12-02,10,30,14,S10_E01,Full Day,14,233,39,-2.764093212111105,-3.0878038047354686,False,True,,,,employee_anomaly
2014-03-01,2,30,59,S2_E01,Shift 1,32,233,38,2.1075818501293186,3.349005610782279,False,True,,,,employee_anomaly
2014-03-01,5,30,39,S5_E01,Full Day,39,233,22,2.1075818501293186,3.306479451837381,False,True,,,,employee_anomaly
2014-08-04,1,30,30,S1_E01,Shift 1,16,233,44,-4.167279490433208,-2.5453580386408605,True,False,,,,product_anomaly
2014-08-04,1,30,30,S1_E02,Shift 2,14,233,44,-4.167279490433208,-2.806490994281361,True,False,,,,product_anomaly
2014-08-04,2,30,42,S2_E01,Shift 1,18,233,62,-4.167279490433208,-3.2958565872574868,True,True,,,,product_and_employee_anomaly
2014-08-04,2,30,42,S2_E02,Shift 2,24,233,62,-4.167279490433208,-2.3253581907705634,True,False,,,,product_anomaly
2014-08-04,3,30,28,S3_E01,Shift 1,11,233,56,-4.167279490433208,-2.9193847507418793,True,False,,,,product_anomaly
2014-08-04,3,30,28,S3_E02,Shift 2,17,233,56,-4.167279490433208,-2.9764440225122466,True,False,,,,product_anomaly
2014-08-04,4,30,37,S4_E01,Full Day,37,233,52,-4.167279490433208,-3.1397631376093593,True,True,,,,product_and_employee_anomaly
2014-08-04,5,30,22,S5_E01,Full Day,22,233,37,-4.167279490433208,-3.2173712129452325,True,True,,,,product_and_employee_anomaly
2014-08-04,6,30,20,S6_E01,Shift 1,10,233,37,-4.167279490433208,-2.2070237185490025,True,False,,,,product_anomaly
2014-08-04,6,30,20,S6_E02,Shift 2,10,233,37,-4.167279490433208,-3.5017544264003857,True,True,,,,product_and_employee_anomaly
2014-08-04,7,30,20,S7_E01,Full Day,20,233,36,-4.167279490433208,-3.4459186430311015,True,True,,,,product_and_employee_anomaly
2014-08-04,8,30,44,S8_E01,Shift 1,21,233,60,-4.167279490433208,-3.8062041584640642,True,True,,,,product_and_employee_anomaly
2014-08-04,8,30,44,S8_E02,Shift 2,23,233,60,-4.167279490433208,-3.16064441974807,True,True,,,,product_and_employee_anomaly
2014-08-04,9,30,32,S9_E01,Shift 1,16,233,52,-4.167279490433208,-2.838026611374916,True,False,,,,product_anomaly
2014-08-04,9,30,32,S9_E02,Shift 2,16,233,52,-4.167279490433208,-2.777144381847396,True,False,,,,product_anomaly
2014-08-04,10,30,43,S10_E01,Full Day,43,233,57,-4.167279490433208,-2.9356516212828705,True,False,,,,product_anomaly
2014-12-01,1,30,21,S1_E01,Shift 1,11,233,38,-3.1990575999530813,-3.1060032038113756,True,True,,,,product_and_employee_anomaly
2014-12-01,1,30,21,S1_E02,Shift 2,10,233,38,-3.1990575999530813,-3.2257952791105735,True,True,,,,product_and_employee_anomaly
2014-12-01,2,30,37,S2_E01,Shift 1,22,233,53,-3.1990575999530813,-3.2103767532981733,True,True,,,,product_and_employee_anomaly
2014-12-01,2,30,37,S2_E02,Shift 2,15,233,53,-3.1990575999530813,-2.9745651825749797,True,False,,,,product_anomaly
2014-12-01,3,30,22,S3_E01,Shift 1,12,233,46,-3.1990575999530813,-3.6842826003636517,True,True,,,,product_and_employee_anomaly
2014-12-01,3,30,22,S3_E02,Shift 2,10,233,46,-3.1990575999530813,-3.7643534802102665,True,True,,,,product_and_employee_anomaly
2014-12-01,4,30,21,S4_E01,Full Day,21,233,44,-3.1990575999530813,-3.5292108233300348,True,True,,,,product_and_employee_anomaly
2014-12-01,5,30,21,S5_E01,Full Day,21,233,33,-3.1990575999530813,-3.5544771735009846,True,True,,,,product_and_employee_anomaly
2014-12-01,6,30,18,S6_E01,Shift 1,9,233,32,-3.1990575999530813,-2.725413037949043,True,False,,,,product_anomaly
2014-12-01,6,30,18,S6_E02,Shift 2,9,233,32,-3.1990575999530813,-3.2677552992025225,True,True,,,,product_and_employee_anomaly
2014-12-01,7,30,19,S7_E01,Full Day,19,233,27,-3.1990575999530813,-3.4795612216587277,True,True,,,,product_and_employee_anomaly
2014-12-01,8,30,29,S8_E01,Shift 1,17,233,49,-3.1990575999530813,-2.754138713991254,True,False,,,,product_anomaly
2014-12-01,8,30,29,S8_E02,Shift 2,12,233,49,-3.1990575999530813,-3.156889714158979,True,True,,,,product_and_employee_anomaly
2014-12-01,9,30,24,S9_E01,Shift 1,14,233,45,-3.1990575999530813,-3.0877445136207187,True,True,,,,product_and_employee_anomaly
2014-12-01,9,30,24,S9_E02,Shift 2,10,233,45,-3.1990575999530813,-2.9294097184846226,True,False,,,,product_anomaly
2014-12-01,10,30,31,S10_E01,Full Day,31,233,48,-3.1990575999530813,-3.4995746414918427,True,True,,,,product_and_employee_anomaly
2015-02-01,1,30,35,S1_E01,Shift 1,16,233,26,2.1925818541085587,3.0557660597940646,False,True,,,,employee_anomaly
2015-03-01,1,30,40,S1_E01,Shift 1,22,233,26,4.121703476685035,3.2063842092808192,True,True,,,,product_and_employee_anomaly
2015-03-01,1,30,40,S1_E02,Shift 2,18,233,26,4.121703476685035,2.7011350015772067,True,False,,,,product_anomaly
2015-03-01,2,30,78,S2_E01,Shift 1,34,233,37,4.121703476685035,3.1204913155838128,True,True,,,,product_and_employee_anomaly
2015-03-01,2,30,78,S2_E02,Shift 2,44,233,37,4.121703476685035,2.9504051632544526,True,False,,,,product_anomaly
2015-03-01,3,30,54,S3_E01,Shift 1,32,233,34,4.121703476685035,2.94608151148025,True,False,,,,product_anomaly
2015-03-01,3,30,54,S3_E02,Shift 2,22,233,34,4.121703476685035,3.4103721242964737,True,True,,,,product_and_employee_anomaly
2015-03-01,4,30,48,S4_E01,Full Day,48,233,31,4.121703476685035,3.1596518128314997,True,True,,,,product_and_employee_anomaly
2015-03-01,5,30,32,S5_E01,Full Day,32,233,25,4.121703476685035,3.6387722164072245,True,True,,,,product_and_employee_anomaly
2015-03-01,6,30,40,S6_E01,Shift 1,17,233,24,4.121703476685035,3.2783227914473976,True,True,,,,product_and_employee_anomaly
2015-03-01,6,30,40,S6_E02,Shift 2,23,233,24,4.121703476685035,3.6075677552682435,True,True,,,,product_and_employee_anomaly
2015-03-01,7,30,30,S7_E01,Full Day,30,233,22,4.121703476685035,2.8190730739031222,True,False,,,,product_anomaly
2015-03-01,8,30,53,S8_E01,Shift 1,28,233,35,4.121703476685035,3.332540228908305,True,True,,,,product_and_employee_anomaly
2015-03-01,8,30,53,S8_E02,Shift 2,25,233,35,4.121703476685035,3.009029860439897,True,True,,,,product_and_employee_anomaly
2015-03-01,9,30,57,S9_E01,Shift 1,32,233,34,4.121703476685035,3.562831793884845,True,True,,,,product_and_employee_anomaly
2015-03-01,9,30,57,S9_E02,Shift 2,25,233,34,4.121703476685035,3.0689769065072365,True,True,,,,product_and_employee_anomaly
2015-03-01,10,30,48,S10_E01,Full Day,48,233,35,4.121703476685035,3.035766134572765,True,True,,,,product_and_employee_anomaly
2015-08-03,3,30,46,S3_E01,Shift 1,19,233,61,-2.8346676380948037,-3.230471200097007,False,True,,,,employee_anomaly
2015-08-03,3,30,46,S3_E02,Shift 2,27,233,61,-2.8346676380948037,-3.0968220305556833,False,True,,,,employee_anomaly
2015-08-03,6,30,30,S6_E01,Shift 1,15,233,39,-2.8346676380948037,-3.003013866777452,False,True,,,,employee_anomaly
2015-08-03,9,30,27,S9_E02,Shift 2,16,233,55,-2.8346676380948037,-3.2324063857303305,False,True,,,,employee_anomaly
2016-12-05,1,30,22,S1_E01,Shift 1,12,233,40,-5.14101703807505,-2.4321396159735382,True,False,,,,product_anomaly
2016-12-05,1,30,22,S1_E02,Shift 2,10,233,40,-5.14101703807505,-2.580461211183038,True,False,,,,product_anomaly
2016-12-05,2,30,35,S2_E01,Shift 1,15,233,56,-5.14101703807505,-3.039797685865822,True,True,,,,product_and_employee_anomaly
2016-12-05,2,30,35,S2_E02,Shift 2,20,233,56,-5.14101703807505,-2.8411273492839912,True,False,,,,product_anomaly
2016-12-05,3,30,16,S3_E01,Shift 1,8,233,51,-5.14101703807505,-2.6334758693639126,True,False,,,,product_anomaly
2016-12-05,3,30,16,S3_E02,Shift 2,8,233,51,-5.14101703807505,-2.870138019802202,True,False,,,,product_anomaly
2016-12-05,4,30,31,S4_E01,Full Day,31,233,47,-5.14101703807505,-2.803773742586649,True,False,,,,product_anomaly
2016-12-05,5,30,18,S5_E01,Full Day,18,233,34,-5.14101703807505,-2.639685670948698,True,False,,,,product_anomaly
2016-12-05,6,30,12,S6_E01,Shift 1,6,233,32,-5.14101703807505,-3.552929269017943,True,True,,,,product_and_employee_anomaly
2016-12-05,6,30,12,S6_E02,Shift 2,6,233,32,-5.14101703807505,-2.6336470607013553,True,False,,,,product_anomaly
2016-12-05,7,30,23,S7_E01,Full Day,23,233,32,-5.14101703807505,-3.1441222038535632,True,True,,,,product_and_employee_anomaly
2016-12-05,8,30,31,S8_E01,Shift 1,18,233,54,-5.14101703807505,-3.7685143438139015,True,True,,,,product_and_employee_anomaly
2016-12-05,8,30,31,S8_E02,Shift 2,13,233,54,-5.14101703807505,-3.111510025863777,True,True,,,,product_and_employee_anomaly
2016-12-05,9,30,28,S9_E01,Shift 1,14,233,46,-5.14101703807505,-2.9300684022247934,True,False,,,,product_anomaly
2016-12-05,9,30,28,S9_E02,Shift 2,14,233,46,-5.14101703807505,-3.3474208166871384,True,True,,,,product_and_employee_anomaly
2016-12-05,10,30,25,S10_E01,Full Day,25,233,47,-5.14101703807505,-3.2437638134469884,True,True,,,,product_and_employee_anomaly
2016-12-25,1,30,36,S1_E01,Shift 1,16,233,32,3.489094611080421,1.4760290925750965,True,False,,,,product_anomaly
2016-12-25,1,30,36,S1_E02,Shift 2,20,233,32,3.489094611080421,1.1562088760276477,True,False,,,,product_anomaly
2016-12-25,2,30,54,S2_E01,Shift 1,23,233,44,3.489094611080421,1.3296198084341042,True,False,,,,product_anomaly
2016-12-25,2,30,54,S2_E02,Shift 2,31,233,44,3.489094611080421,1.0829798063371971,True,False,,,,product_anomaly
2016-12-25,3,30,54,S3_E01,Shift 1,23,233,40,3.489094611080421,0.9113635039540349,True,False,,,,product_anomaly
2016-12-25,3,30,54,S3_E02,Shift 2,31,233,40,3.489094611080421,1.3918272043396074,True,False,,,,product_anomaly
2016-12-25,4,30,49,S4_E01,Full Day,49,233,38,3.489094611080421,1.5597489510027418,True,False,,,,product_anomaly
2016-12-25,5,30,32,S5_E01,Full Day,32,233,28,3.489094611080421,1.144067893827271,True,False,,,,product_anomaly
2016-12-25,6,30,28,S6_E01,Shift 1,14,233,28,3.489094611080421,0.916335138499911,True,False,,,,product_anomaly
2016-12-25,6,30,28,S6_E02,Shift 2,14,233,28,3.489094611080421,1.3781377944549684,True,False,,,,product_anomaly
2016-12-25,7,30,32,S7_E01,Full Day,32,233,25,3.489094611080421,1.467447401006166,True,False,,,,product_anomaly
2016-12-25,8,30,55,S8_E01,Shift 1,31,233,42,3.489094611080421,1.4139325256674284,True,False,,,,product_anomaly
2016-12-25,8,30,55,S8_E02,Shift 2,24,233,42,3.489094611080421,1.2707446852808075,True,False,,,,product_anomaly
2016-12-25,9,30,45,S9_E01,Shift 1,23,233,38,3.489094611080421,1.8271138459077056,True,False,,,,product_anomaly
2016-12-25,9,30,45,S9_E02,Shift 2,22,233,38,3.489094611080421,1.6417496293128102,True,False,,,,product_anomaly
2016-12-25,10,30,53,S10_E01,Full Day,53,233,40,3.489094611080421,1.262599724708273,True,False,,,,product_anomaly
2017-04-01,1,30,47,S1_E01,Shift 1,28,233,37,2.384080071580639,3.05140781233218,False,True,,,,employee_anomaly
2017-09-04,1,30,34,S1_E01,Shift 1,17,233,47,-3.2511237500493717,-2.315479735259783,True,False,,,,product_anomaly
2017-09-04,1,30,34,S1_E02,Shift 2,17,233,47,-3.2511237500493717,-2.0366985866198837,True,False,,,,product_anomaly
2017-09-04,2,30,53,S2_E01,Shift 1,23,233,68,-3.2511237500493717,-2.3550568571715633,True,False,,,,product_anomaly
2017-09-04,2,30,53,S2_E02,Shift 2,30,233,68,-3.2511237500493717,-2.039463521965245,True,False,,,,product_anomaly
2017-09-04,3,30,39,S3_E01,Shift 1,20,233,57,-3.2511237500493717,-2.3968542533212642,True,False,,,,product_anomaly
2017-09-04,3,30,39,S3_E02,Shift 2,19,233,57,-3.2511237500493717,-2.152438491437841,True,False,,,,product_anomaly
2017-09-04,4,30,45,S4_E01,Full Day,45,233,53,-3.2511237500493717,-2.8758121146720614,True,False,,,,product_anomaly
2017-09-04,5,30,35,S5_E01,Full Day,35,233,38,-3.2511237500493717,-1.8585000169183008,True,False,,,,product_anomaly
2017-09-04,6,30,26,S6_E01,Shift 1,10,233,39,-3.2511237500493717,-2.5826069495076664,True,False,,,,product_anomaly
2017-09-04,6,30,26,S6_E02,Shift 2,16,233,39,-3.2511237500493717,-2.6740290675517415,True,False,,,,product_anomaly
2017-09-04,7,30,21,S7_E01,Full Day,21,233,33,-3.2511237500493717,-2.2391586396028047,True,False,,,,product_anomaly
2017-09-04,8,30,40,S8_E01,Shift 1,20,233,65,-3.2511237500493717,-2.0115576952992282,True,False,,,,product_anomaly
2017-09-04,8,30,40,S8_E02,Shift 2,20,233,65,-3.2511237500493717,-2.0785237571981776,True,False,,,,product_anomaly
2017-09-04,9,30,31,S9_E01,Shift 1,16,233,56,-3.2511237500493717,-2.1643040947822056,True,False,,,,product_anomaly
2017-09-04,9,30,31,S9_E02,Shift 2,15,233,56,-3.2511237500493717,-1.9022724422738633,True,False,,,,product_anomaly
2017-09-04,10,30,38,S10_E01,Full Day,38,233,60,-3.2511237500493717,-2.5456715195503166,True,False,,,,product_anomaly
2017-12-04,1,30,22,S1_E01,Shift 1,12,233,43,-3.1556968989603393,-3.566924808659965,True,True,,,,product_and_employee_anomaly
2017-12-04,1,30,22,S1_E02,Shift 2,10,233,43,-3.1556968989603393,-3.439934189042974,True,True,,,,product_and_employee_anomaly
2017-12-04,2,30,30,S2_E01,Shift 1,16,233,58,-3.1556968989603393,-3.4289887985334744,True,True,,,,product_and_employee_anomaly
2017-12-04,2,30,30,S2_E02,Shift 2,14,233,58,-3.1556968989603393,-3.42560784986891,True,True,,,,product_and_employee_anomaly
2017-12-04,3,30,32,S3_E01,Shift 1,14,233,53,-3.1556968989603393,-4.010676658948157,True,True,,,,product_and_employee_anomaly
2017-12-04,3,30,32,S3_E02,Shift 2,18,233,53,-3.1556968989603393,-3.2163317411983594,True,True,,,,product_and_employee_anomaly
2017-12-04,4,30,24,S4_E01,Full Day,24,233,47,-3.1556968989603393,-3.284111898833113,True,True,,,,product_and_employee_anomaly
2017-12-04,5,30,25,S5_E01,Full Day,25,233,35,-3.1556968989603393,-3.2458225710762023,True,True,,,,product_and_employee_anomaly
2017-12-04,6,30,13,S6_E01,Shift 1,7,233,36,-3.1556968989603393,-3.2986405964081293,True,True,,,,product_and_employee_anomaly
2017-12-04,6,30,13,S6_E02,Shift 2,6,233,36,-3.1556968989603393,-3.3301889302159635,True,True,,,,product_and_employee_anomaly
2017-12-04,7,30,23,S7_E01,Full Day,23,233,33,-3.1556968989603393,-3.144474792045703,True,True,,,,product_and_employee_anomaly
2017-12-04,8,30,29,S8_E01,Shift 1,15,233,56,-3.1556968989603393,-3.5723822669368586,True,True,,,,product_and_employee_anomaly
2017-12-04,8,30,29,S8_E02,Shift 2,14,233,56,-3.1556968989603393,-3.58582252955439,True,True,,,,product_and_employee_anomaly
2017-12-04,9,30,25,S9_E01,Shift 1,12,233,49,-3.1556968989603393,-3.189292177224606,True,True,,,,product_and_employee_anomaly
2017-12-04,9,30,25,S9_E02,Shift 2,13,233,49,-3.1556968989603393,-3.1563508443071124,True,True,,,,product_and_employee_anomaly
2017-12-04,10,30,31,S10_E01,Full Day,31,233,54,-3.1556968989603393,-3.105707653984013,True,True,,,,product_and_employee_anomaly
2013-08-05,2,31,48,S2_E01,Shift 1,25,236,80,-1.9426596067780912,-3.037931708682254,False,True,,,,employee_anomaly
2013-08-05,2,31,48,S2_E02,Shift 2,23,236,80,-1.9426596067780912,-3.4857102754090485,False,True,,,,employee_anomaly
2013-09-22,1,31,66,S1_E01,Shift 1,36,236,48,3.602423736565008,1.4564823839734449,True,False,,,,product_anomaly
2013-09-22,1,31,66,S1_E02,Shift 2,30,236,48,3.602423736565008,1.062828875235874,True,False,,,,product_anomaly
2013-09-22,2,31,97,S2_E01,Shift 1,52,236,71,3.602423736565008,1.1962749595104256,True,False,,,,product_anomaly
2013-09-22,2,31,97,S2_E02,Shift 2,45,236,71,3.602423736565008,1.1578550245455463,True,False,,,,product_anomaly
2013-09-22,3,31,85,S3_E01,Shift 1,39,236,59,3.602423736565008,2.1800573380329253,True,False,,,,product_anomaly
2013-09-22,3,31,85,S3_E02,Shift 2,46,236,59,3.602423736565008,1.3156355961100776,True,False,,,,product_anomaly
2013-09-22,4,31,53,S4_E01,Full Day,53,236,55,3.602423736565008,1.2847007420895205,True,False,,,,product_anomaly
2013-09-22,5,31,33,S5_E01,Full Day,33,236,40,3.602423736565008,1.5314352880956916,True,False,,,,product_anomaly
2013-09-22,6,31,54,S6_E01,Shift 1,30,236,40,3.602423736565008,1.6312487080198332,True,False,,,,product_anomaly
2013-09-22,6,31,54,S6_E02,Shift 2,24,236,40,3.602423736565008,1.4139746063261749,True,False,,,,product_anomaly
2013-09-22,7,31,44,S7_E01,Full Day,44,236,36,3.602423736565008,1.6609714430126792,True,False,,,,product_anomaly
2013-09-22,8,31,81,S8_E01,Shift 1,48,236,65,3.602423736565008,1.3605808010265672,True,False,,,,product_anomaly
2013-09-22,8,31,81,S8_E02,Shift 2,33,236,65,3.602423736565008,1.6396539945533979,True,False,,,,product_anomaly
2013-09-22,9,31,77,S9_E01,Shift 1,44,236,55,3.602423736565008,1.3381655173848697,True,False,,,,product_anomaly
2013-09-22,9,31,77,S9_E02,Shift 2,33,236,55,3.602423736565008,1.0567885584100454,True,False,,,,product_anomaly
2013-09-22,10,31,64,S10_E01,Full Day,64,236,61,3.602423736565008,1.4805509499475036,True,False,,,,product_anomaly
2013-12-02,1,31,22,S1_E01,Shift 1,9,236,49,-2.600046796830313,-3.1254292363912257,False,True,,,,employee_anomaly
2013-12-02,2,31,32,S2_E01,Shift 1,16,236,65,-2.600046796830313,-3.412450649859274,False,True,,,,employee_anomaly
2013-12-02,2,31,32,S2_E02,Shift 2,16,236,65,-2.600046796830313,-3.2785932441135652,False,True,,,,employee_anomaly
2013-12-02,3,31,37,S3_E01,Shift 1,18,236,59,-2.600046796830313,-3.2501487509139597,False,True,,,,employee_anomaly
2013-12-02,3,31,37,S3_E02,Shift 2,19,236,59,-2.600046796830313,-3.4328063228458867,False,True,,,,employee_anomaly
2013-12-02,4,31,27,S4_E01,Full Day,27,236,55,-2.600046796830313,-3.448513956982832,False,True,,,,employee_anomaly
2013-12-02,5,31,27,S5_E01,Full Day,27,236,38,-2.600046796830313,-3.1959090536893515,False,True,,,,employee_anomaly
2013-12-02,6,31,20,S6_E02,Shift 2,10,236,40,-2.600046796830313,-3.0818675698167812,False,True,,,,employee_anomaly
2013-12-02,8,31,34,S8_E01,Shift 1,19,236,64,-2.600046796830313,-3.3597203284094452,False,True,,,,employee_anomaly
2013-12-02,8,31,34,S8_E02,Shift 2,15,236,64,-2.600046796830313,-3.335819773959348,False,True,,,,employee_anomaly
2013-12-02,9,31,36,S9_E01,Shift 1,18,236,53,-2.600046796830313,-3.305771183792513,False,True,,,,employee_anomaly
2013-12-02,9,31,36,S9_E02,Shift 2,18,236,53,-2.600046796830313,-3.696275698428471,False,True,,,,employee_anomaly
2013-12-02,10,31,32,S10_E01,Full Day,32,236,58,-2.600046796830313,-3.0878038047354686,False,True,,,,employee_anomaly
2014-02-23,1,31,47,S1_E01,Shift 1,24,236,36,3.1673799115135073,1.9459966753619191,True,False,,,,product_anomaly
2014-02-23,1,31,47,S1_E02,Shift 2,23,236,36,3.1673799115135073,1.662570054523224,True,False,,,,product_anomaly
2014-02-23,2,31,70,S2_E01,Shift 1,39,236,50,3.1673799115135073,1.4129936388366129,True,False,,,,product_anomaly
2014-02-23,2,31,70,S2_E02,Shift 2,31,236,50,3.1673799115135073,1.3170523843365054,True,False,,,,product_anomaly
2014-02-23,3,31,66,S3_E01,Shift 1,38,236,49,3.1673799115135073,1.5027747919247696,True,False,,,,product_anomaly
2014-02-23,3,31,66,S3_E02,Shift 2,28,236,49,3.1673799115135073,1.7597490316960245,True,False,,,,product_anomaly
2014-02-23,4,31,57,S4_E01,Full Day,57,236,43,3.1673799115135073,1.3278650949413093,True,False,,,,product_anomaly
2014-02-23,5,31,43,S5_E01,Full Day,43,236,32,3.1673799115135073,1.2420140782591953,True,False,,,,product_anomaly
2014-02-23,6,31,48,S6_E01,Shift 1,24,236,32,3.1673799115135073,1.639319112237549,True,False,,,,product_anomaly
2014-02-23,6,31,48,S6_E02,Shift 2,24,236,32,3.1673799115135073,0.8702330936556548,True,False,,,,product_anomaly
2014-02-23,7,31,31,S7_E01,Full Day,31,236,27,3.1673799115135073,1.4329170992549933,True,False,,,,product_anomaly
2014-02-23,8,31,59,S8_E01,Shift 1,25,236,52,3.1673799115135073,1.177361554664606,True,False,,,,product_anomaly
2014-02-23,8,31,59,S8_E02,Shift 2,34,236,52,3.1673799115135073,1.7412739205642114,True,False,,,,product_anomaly
2014-02-23,9,31,52,S9_E01,Shift 1,24,236,45,3.1673799115135073,1.2620323925655916,True,False,,,,product_anomaly
2014-02-23,9,31,52,S9_E02,Shift 2,28,236,45,3.1673799115135073,1.8059455451168727,True,False,,,,product_anomaly
2014-02-23,10,31,65,S10_E01,Full Day,65,236,47,3.1673799115135073,1.2497306169241607,True,False,,,,product_anomaly
2014-03-01,2,31,85,S2_E01,Shift 1,48,236,53,2.103968446354465,3.349005610782279,False,True,,,,employee_anomaly
2014-03-01,5,31,51,S5_E01,Full Day,51,236,34,2.103968446354465,3.306479451837381,False,True,,,,employee_anomaly
2014-08-04,2,31,74,S2_E01,Shift 1,37,236,93,-1.679315273292825,-3.2958565872574868,False,True,,,,employee_anomaly
2014-08-04,4,31,45,S4_E01,Full Day,45,236,76,-1.679315273292825,-3.1397631376093593,False,True,,,,employee_anomaly
2014-08-04,5,31,44,S5_E01,Full Day,44,236,52,-1.679315273292825,-3.2173712129452325,False,True,,,,employee_anomaly
2014-08-04,6,31,31,S6_E02,Shift 2,15,236,53,-1.679315273292825,-3.5017544264003857,False,True,,,,employee_anomaly
2014-08-04,7,31,35,S7_E01,Full Day,35,236,50,-1.679315273292825,-3.4459186430311015,False,True,,,,employee_anomaly
2014-08-04,8,31,69,S8_E01,Shift 1,29,236,89,-1.679315273292825,-3.8062041584640642,False,True,,,,employee_anomaly
2014-08-04,8,31,69,S8_E02,Shift 2,40,236,89,-1.679315273292825,-3.16064441974807,False,True,,,,employee_anomaly
2014-12-01,1,31,34,S1_E01,Shift 1,17,236,54,-2.7077388648484715,-3.1060032038113756,False,True,,,,employee_anomaly
2014-12-01,1,31,34,S1_E02,Shift 2,17,236,54,-2.7077388648484715,-3.2257952791105735,False,True,,,,employee_anomaly
2014-12-01,2,31,40,S2_E01,Shift 1,24,236,77,-2.7077388648484715,-3.2103767532981733,False,True,,,,employee_anomaly
2014-12-01,3,31,38,S3_E01,Shift 1,20,236,69,-2.7077388648484715,-3.6842826003636517,False,True,,,,employee_anomaly
2014-12-01,3,31,38,S3_E02,Shift 2,18,236,69,-2.7077388648484715,-3.7643534802102665,False,True,,,,employee_anomaly
2014-12-01,4,31,46,S4_E01,Full Day,46,236,61,-2.7077388648484715,-3.5292108233300348,False,True,,,,employee_anomaly
2014-12-01,5,31,27,S5_E01,Full Day,27,236,47,-2.7077388648484715,-3.5544771735009846,False,True,,,,employee_anomaly
2014-12-01,6,31,27,S6_E02,Shift 2,13,236,46,-2.7077388648484715,-3.2677552992025225,False,True,,,,employee_anomaly
2014-12-01,7,31,19,S7_E01,Full Day,19,236,43,-2.7077388648484715,-3.4795612216587277,False,True,,,,employee_anomaly
2014-12-01,8,31,43,S8_E02,Shift 2,19,236,73,-2.7077388648484715,-3.156889714158979,False,True,,,,employee_anomaly
2014-12-01,9,31,35,S9_E01,Shift 1,16,236,62,-2.7077388648484715,-3.0877445136207187,False,True,,,,employee_anomaly
2014-12-01,10,31,36,S10_E01,Full Day,36,236,67,-2.7077388648484715,-3.4995746414918427,False,True,,,,employee_anomaly
2015-02-01,1,31,48,S1_E01,Shift 1,26,236,36,2.376282330368995,3.0557660597940646,False,True,,,,employee_anomaly
2015-03-01,1,31,54,S1_E01,Shift 1,31,236,39,5.591484013794106,3.2063842092808192,True,True,,,,product_and_employee_anomaly
2015-03-01,1,31,54,S1_E02,Shift 2,23,236,39,5.591484013794106,2.7011350015772067,True,False,,,,product_anomaly
2015-03-01,2,31,97,S2_E01,Shift 1,56,236,56,5.591484013794106,3.1204913155838128,True,True,,,,product_and_employee_anomaly
2015-03-01,2,31,97,S2_E02,Shift 2,41,236,56,5.591484013794106,2.9504051632544526,True,False,,,,product_anomaly
2015-03-01,3,31,81,S3_E01,Shift 1,38,236,52,5.591484013794106,2.94608151148025,True,False,,,,product_anomaly
2015-03-01,3,31,81,S3_E02,Shift 2,43,236,52,5.591484013794106,3.4103721242964737,True,True,,,,product_and_employee_anomaly
2015-03-01,4,31,76,S4_E01,Full Day,76,236,46,5.591484013794106,3.1596518128314997,True,True,,,,product_and_employee_anomaly
2015-03-01,5,31,41,S5_E01,Full Day,41,236,34,5.591484013794106,3.6387722164072245,True,True,,,,product_and_employee_anomaly
2015-03-01,6,31,50,S6_E01,Shift 1,27,236,34,5.591484013794106,3.2783227914473976,True,True,,,,product_and_employee_anomaly
2015-03-01,6,31,50,S6_E02,Shift 2,23,236,34,5.591484013794106,3.6075677552682435,True,True,,,,product_and_employee_anomaly
2015-03-01,7,31,39,S7_E01,Full Day,39,236,31,5.591484013794106,2.8190730739031222,True,False,,,,product_anomaly
2015-03-01,8,31,84,S8_E01,Shift 1,50,236,54,5.591484013794106,3.332540228908305,True,True,,,,product_and_employee_anomaly
2015-03-01,8,31,84,S8_E02,Shift 2,34,236,54,5.591484013794106,3.009029860439897,True,True,,,,product_and_employee_anomaly
2015-03-01,9,31,68,S9_E01,Shift 1,30,236,47,5.591484013794106,3.562831793884845,True,True,,,,product_and_employee_anomaly
2015-03-01,9,31,68,S9_E02,Shift 2,38,236,47,5.591484013794106,3.0689769065072365,True,True,,,,product_and_employee_anomaly
2015-03-01,10,31,75,S10_E01,Full Day,75,236,51,5.591484013794106,3.035766134572765,True,True,,,,product_and_employee_anomaly
2015-08-03,1,31,48,S1_E01,Shift 1,23,236,70,-3.9446273618175622,-2.431152188562419,True,False,,,,product_anomaly
2015-08-03,1,31,48,S1_E02,Shift 2,25,236,70,-3.9446273618175622,-2.6588983591723636,True,False,,,,product_anomaly
2015-08-03,2,31,68,S2_E01,Shift 1,36,236,94,-3.9446273618175622,-2.1714259053724394,True,False,,,,product_anomaly
2015-08-03,2,31,68,S2_E02,Shift 2,32,236,94,-3.9446273618175622,-2.5727933298725434,True,False,,,,product_anomaly
2015-08-03,3,31,56,S3_E01,Shift 1,28,236,85,-3.9446273618175622,-3.230471200097007,True,True,,,,product_and_employee_anomaly
2015-08-03,3,31,56,S3_E02,Shift 2,28,236,85,-3.9446273618175622,-3.0968220305556833,True,True,,,,product_and_employee_anomaly
2015-08-03,4,31,53,S4_E01,Full Day,53,236,80,-3.9446273618175622,-2.7376755606770606,True,False,,,,product_anomaly
2015-08-03,5,31,38,S5_E01,Full Day,38,236,55,-3.9446273618175622,-2.664634525264307,True,False,,,,product_anomaly
2015-08-03,6,31,32,S6_E01,Shift 1,14,236,56,-3.9446273618175622,-3.003013866777452,True,True,,,,product_and_employee_anomaly
2015-08-03,6,31,32,S6_E02,Shift 2,18,236,56,-3.9446273618175622,-2.5336785743591226,True,False,,,,product_anomaly
2015-08-03,7,31,45,S7_E01,Full Day,45,236,54,-3.9446273618175622,-2.3966524315397892,True,False,,,,product_anomaly
2015-08-03,8,31,60,S8_E01,Shift 1,32,236,94,-3.9446273618175622,-2.893402768817878,True,False,,,,product_anomaly
2015-08-03,8,31,60,S8_E02,Shift 2,28,236,94,-3.9446273618175622,-2.405130863769209,True,False,,,,product_anomaly
2015-08-03,9,31,58,S9_E01,Shift 1,33,236,79,-3.9446273618175622,-2.4640677522246373,True,False,,,,product_anomaly
2015-08-03,9,31,58,S9_E02,Shift 2,25,236,79,-3.9446273618175622,-3.2324063857303305,True,True,,,,product_and_employee_anomaly
2015-08-03,10,31,66,S10_E01,Full Day,66,236,86,-3.9446273618175622,-2.654029610435547,True,False,,,,product_anomaly
2015-10-05,1,31,30,S1_E01,Shift 1,18,236,58,-3.2475013311472103,-2.4737482474452275,True,False,,,,product_anomaly
2015-10-05,1,31,30,S1_E02,Shift 2,12,236,58,-3.2475013311472103,-1.9708503470542116,True,False,,,,product_anomaly
2015-10-05,2,31,48,S2_E01,Shift 1,19,236,80,-3.2475013311472103,-2.1127898474724254,True,False,,,,product_anomaly
2015-10-05,2,31,48,S2_E02,Shift 2,29,236,80,-3.2475013311472103,-2.6180726224955766,True,False,,,,product_anomaly
2015-10-05,3,31,49,S3_E01,Shift 1,24,236,70,-3.2475013311472103,-2.0328773210416378,True,False,,,,product_anomaly
2015-10-05,3,31,49,S3_E02,Shift 2,25,236,70,-3.2475013311472103,-2.321202123267586,True,False,,,,product_anomaly
2015-10-05,4,31,44,S4_E01,Full Day,44,236,63,-3.2475013311472103,-2.1952336093381053,True,False,,,,product_anomaly
2015-10-05,5,31,37,S5_E01,Full Day,37,236,48,-3.2475013311472103,-1.7504223088043502,True,False,,,,product_anomaly
2015-10-05,6,31,35,S6_E01,Shift 1,16,236,47,-3.2475013311472103,-2.269104299799935,True,False,,,,product_anomaly
2015-10-05,6,31,35,S6_E02,Shift 2,19,236,47,-3.2475013311472103,-2.918706257070731,True,False,,,,product_anomaly
2015-10-05,7,31,27,S7_E01,Full Day,27,236,44,-3.2475013311472103,-2.4711830609515686,True,False,,,,product_anomaly
2015-10-05,8,31,57,S8_E01,Shift 1,32,236,77,-3.2475013311472103,-2.6018985889264803,True,False,,,,product_anomaly
2015-10-05,8,31,57,S8_E02,Shift 2,25,236,77,-3.2475013311472103,-1.5497983085193163,True,False,,,,product_anomaly
2015-10-05,9,31,44,S9_E01,Shift 1,24,236,66,-3.2475013311472103,-2.031061682364446,True,False,,,,product_anomaly
2015-10-05,9,31,44,S9_E02,Shift 2,20,236,66,-3.2475013311472103,-1.8740827655285102,True,False,,,,product_anomaly
2015-10-05,10,31,46,S10_E01,Full Day,46,236,69,-3.2475013311472103,-2.043869560783522,True,False,,,,product_anomaly
2015-10-25,1,31,65,S1_E01,Shift 1,27,236,54,3.198815472844785,1.5587702805027066,True,False,,,,product_anomaly
2015-10-25,1,31,65,S1_E02,Shift 2,38,236,54,3.198815472844785,1.4392274281482214,True,False,,,,product_anomaly
2015-10-25,2,31,92,S2_E01,Shift 1,51,236,73,3.198815472844785,1.6352396026907456,True,False,,,,product_anomaly
2015-10-25,2,31,92,S2_E02,Shift 2,41,236,73,3.198815472844785,1.3203998556075285,True,False,,,,product_anomaly
2015-10-25,3,31,92,S3_E01,Shift 1,43,236,65,3.198815472844785,1.173523324459432,True,False,,,,product_anomaly
2015-10-25,3,31,92,S3_E02,Shift 2,49,236,65,3.198815472844785,1.6904464639049048,True,False,,,,product_anomaly
2015-10-25,4,31,72,S4_E01,Full Day,72,236,57,3.198815472844785,1.1189203073313678,True,False,,,,product_anomaly
2015-10-25,5,31,48,S5_E01,Full Day,48,236,47,3.198815472844785,1.3219380848314517,True,False,,,,product_anomaly
2015-10-25,6,31,67,S6_E01,Shift 1,28,236,45,3.198815472844785,1.5040828056198836,True,False,,,,product_anomaly
2015-10-25,6,31,67,S6_E02,Shift 2,39,236,45,3.198815472844785,1.6172266502977741,True,False,,,,product_anomaly
2015-10-25,7,31,49,S7_E01,Full Day,49,236,42,3.198815472844785,1.440330969904998,True,False,,,,product_anomaly
2015-10-25,8,31,97,S8_E01,Shift 1,42,236,70,3.198815472844785,1.2092370102505632,True,False,,,,product_anomaly
2015-10-25,8,31,97,S8_E02,Shift 2,55,236,70,3.198815472844785,1.9078982519152585,True,False,,,,product_anomaly
2015-10-25,9,31,65,S9_E01,Shift 1,31,236,62,3.198815472844785,1.1223907515673441,True,False,,,,product_anomaly
2015-10-25,9,31,65,S9_E02,Shift 2,34,236,62,3.198815472844785,1.371731079354884,True,False,,,,product_anomaly
2015-10-25,10,31,86,S10_E01,Full Day,86,236,65,3.198815472844785,1.6464337684796504,True,False,,,,product_anomaly
2016-12-05,2,31,39,S2_E01,Shift 1,18,236,83,-2.7325109845568263,-3.039797685865822,False,True,,,,employee_anomaly
2016-12-05,6,31,30,S6_E01,Shift 1,13,236,50,-2.7325109845568263,-3.552929269017943,False,True,,,,employee_anomaly
2016-12-05,7,31,15,S7_E01,Full Day,15,236,45,-2.7325109845568263,-3.1441222038535632,False,True,,,,employee_anomaly
2016-12-05,8,31,53,S8_E01,Shift 1,31,236,78,-2.7325109845568263,-3.7685143438139015,False,True,,,,employee_anomaly
2016-12-05,8,31,53,S8_E02,Shift 2,22,236,78,-2.7325109845568263,-3.111510025863777,False,True,,,,employee_anomaly
2016-12-05,9,31,43,S9_E02,Shift 2,18,236,68,-2.7325109845568263,-3.3474208166871384,False,True,,,,employee_anomaly
2016-12-05,10,31,33,S10_E01,Full Day,33,236,71,-2.7325109845568263,-3.2437638134469884,False,True,,,,employee_anomaly
2017-04-01,1,31,81,S1_E01,Shift 1,36,236,55,1.8208835484716825,3.05140781233218,False,True,,,,employee_anomaly
2017-12-04,1,31,40,S1_E01,Shift 1,24,236,62,-2.343752496135803,-3.566924808659965,False,True,,,,employee_anomaly
2017-12-04,1,31,40,S1_E02,Shift 2,16,236,62,-2.343752496135803,-3.439934189042974,False,True,,,,employee_anomaly
2017-12-04,2,31,44,S2_E01,Shift 1,18,236,91,-2.343752496135803,-3.4289887985334744,False,True,,,,employee_anomaly
2017-12-04,2,31,44,S2_E02,Shift 2,26,236,91,-2.343752496135803,-3.42560784986891,False,True,,,,employee_anomaly
2017-12-04,3,31,47,S3_E01,Shift 1,19,236,77,-2.343752496135803,-4.010676658948157,False,True,,,,employee_anomaly
2017-12-04,3,31,47,S3_E02,Shift 2,28,236,77,-2.343752496135803,-3.2163317411983594,False,True,,,,employee_anomaly
2017-12-04,4,31,50,S4_E01,Full Day,50,236,71,-2.343752496135803,-3.284111898833113,False,True,,,,employee_anomaly
2017-12-04,5,31,25,S5_E01,Full Day,25,236,52,-2.343752496135803,-3.2458225710762023,False,True,,,,employee_anomaly
2017-12-04,6,31,25,S6_E01,Shift 1,12,236,50,-2.343752496135803,-3.2986405964081293,False,True,,,,employee_anomaly
2017-12-04,6,31,25,S6_E02,Shift 2,13,236,50,-2.343752496135803,-3.3301889302159635,False,True,,,,employee_anomaly
2017-12-04,7,31,34,S7_E01,Full Day,34,236,47,-2.343752496135803,-3.144474792045703,False,True,,,,employee_anomaly
2017-12-04,8,31,46,S8_E01,Shift 1,28,236,82,-2.343752496135803,-3.5723822669368586,False,True,,,,employee_anomaly
2017-12-04,8,31,46,S8_E02,Shift 2,18,236,82,-2.343752496135803,-3.58582252955439,False,True,,,,employee_anomaly
2017-12-04,9,31,46,S9_E01,Shift 1,21,236,72,-2.343752496135803,-3.189292177224606,False,True,,,,employee_anomaly
2017-12-04,9,31,46,S9_E02,Shift 2,25,236,72,-2.343752496135803,-3.1563508443071124,False,True,,,,employee_anomaly
2017-12-04,10,31,49,S10_E01,Full Day,49,236,73,-2.343752496135803,-3.105707653984013,False,True,,,,employee_anomaly
2013-08-05,2,32,48,S2_E01,Shift 1,28,129,57,-2.4112055642207624,-3.037931708682254,False,True,,,,employee_anomaly
2013-08-05,2,32,48,S2_E02,Shift 2,20,129,57,-2.4112055642207624,-3.4857102754090485,False,True,,,,employee_anomaly
2013-09-15,1,32,42,S1_E01,Shift 1,21,129,36,3.2333880244491513,1.6040693983230507,True,False,,,,product_anomaly
2013-09-15,1,32,42,S1_E02,Shift 2,21,129,36,3.2333880244491513,1.1489463991181983,True,False,,,,product_anomaly
2013-09-15,2,32,53,S2_E01,Shift 1,30,129,51,3.2333880244491513,1.8853276995539263,True,False,,,,product_anomaly
2013-09-15,2,32,53,S2_E02,Shift 2,23,129,51,3.2333880244491513,1.3945358110728265,True,False,,,,product_anomaly
2013-09-15,3,32,60,S3_E01,Shift 1,34,129,46,3.2333880244491513,1.1861048096040028,True,False,,,,product_anomaly
2013-09-15,3,32,60,S3_E02,Shift 2,26,129,46,3.2333880244491513,1.145824773377799,True,False,,,,product_anomaly
2013-09-15,4,32,56,S4_E01,Full Day,56,129,40,3.2333880244491513,1.3250624064916654,True,False,,,,product_anomaly
2013-09-15,5,32,35,S5_E01,Full Day,35,129,31,3.2333880244491513,1.4694875145088808,True,False,,,,product_anomaly
2013-09-15,6,32,37,S6_E01,Shift 1,18,129,30,3.2333880244491513,0.9462783648700145,True,False,,,,product_anomaly
2013-09-15,6,32,37,S6_E02,Shift 2,19,129,30,3.2333880244491513,1.1706787205158617,True,False,,,,product_anomaly
2013-09-15,7,32,46,S7_E01,Full Day,46,129,29,3.2333880244491513,0.9375490560039309,True,False,,,,product_anomaly
2013-09-15,8,32,47,S8_E01,Shift 1,25,129,51,3.2333880244491513,1.4557692590906453,True,False,,,,product_anomaly
2013-09-15,8,32,47,S8_E02,Shift 2,22,129,51,3.2333880244491513,1.3405644001579404,True,False,,,,product_anomaly
2013-09-15,9,32,52,S9_E01,Shift 1,23,129,42,3.2333880244491513,1.3638719327714717,True,False,,,,product_anomaly
2013-09-15,9,32,52,S9_E02,Shift 2,29,129,42,3.2333880244491513,1.7849942617383088,True,False,,,,product_anomaly
2013-09-15,10,32,67,S10_E01,Full Day,67,129,42,3.2333880244491513,1.392532360205165,True,False,,,,product_anomaly
2013-12-02,1,32,23,S1_E01,Shift 1,11,129,34,-3.2319393314210005,-3.1254292363912257,True,True,,,,product_and_employee_anomaly
2013-12-02,1,32,23,S1_E02,Shift 2,12,129,34,-3.2319393314210005,-2.851006355389951,True,False,,,,product_anomaly
2013-12-02,2,32,29,S2_E01,Shift 1,16,129,50,-3.2319393314210005,-3.412450649859274,True,True,,,,product_and_employee_anomaly
2013-12-02,2,32,29,S2_E02,Shift 2,13,129,50,-3.2319393314210005,-3.2785932441135652,True,True,,,,product_and_employee_anomaly
2013-12-02,3,32,19,S3_E01,Shift 1,10,129,44,-3.2319393314210005,-3.2501487509139597,True,True,,,,product_and_employee_anomaly
2013-12-02,3,32,19,S3_E02,Shift 2,9,129,44,-3.2319393314210005,-3.4328063228458867,True,True,,,,product_and_employee_anomaly
2013-12-02,4,32,26,S4_E01,Full Day,26,129,40,-3.2319393314210005,-3.448513956982832,True,True,,,,product_and_employee_anomaly
2013-12-02,5,32,15,S5_E01,Full Day,15,129,29,-3.2319393314210005,-3.1959090536893515,True,True,,,,product_and_employee_anomaly
2013-12-02,6,32,17,S6_E01,Shift 1,10,129,28,-3.2319393314210005,-2.8345600406685025,True,False,,,,product_anomaly
2013-12-02,6,32,17,S6_E02,Shift 2,7,129,28,-3.2319393314210005,-3.0818675698167812,True,True,,,,product_and_employee_anomaly
2013-12-02,7,32,14,S7_E01,Full Day,14,129,27,-3.2319393314210005,-2.9208666389824898,True,False,,,,product_anomaly
2013-12-02,8,32,22,S8_E01,Shift 1,13,129,47,-3.2319393314210005,-3.3597203284094452,True,True,,,,product_and_employee_anomaly
2013-12-02,8,32,22,S8_E02,Shift 2,9,129,47,-3.2319393314210005,-3.335819773959348,True,True,,,,product_and_employee_anomaly
2013-12-02,9,32,29,S9_E01,Shift 1,16,129,40,-3.2319393314210005,-3.305771183792513,True,True,,,,product_and_employee_anomaly
2013-12-02,9,32,29,S9_E02,Shift 2,13,129,40,-3.2319393314210005,-3.696275698428471,True,True,,,,product_and_employee_anomaly
2013-12-02,10,32,22,S10_E01,Full Day,22,129,44,-3.2319393314210005,-3.0878038047354686,True,True,,,,product_and_employee_anomaly
2014-03-01,2,32,59,S2_E01,Shift 1,29,129,43,2.6983604233883485,3.349005610782279,False,True,,,,employee_anomaly
2014-03-01,5,32,44,S5_E01,Full Day,44,129,25,2.6983604233883485,3.306479451837381,False,True,,,,employee_anomaly
2014-08-04,1,32,38,S1_E01,Shift 1,19,129,48,-3.797761917809458,-2.5453580386408605,True,False,,,,product_anomaly
2014-08-04,1,32,38,S1_E02,Shift 2,19,129,48,-3.797761917809458,-2.806490994281361,True,False,,,,product_anomaly
2014-08-04,2,32,35,S2_E01,Shift 1,19,129,70,-3.797761917809458,-3.2958565872574868,True,True,,,,product_and_employee_anomaly
2014-08-04,2,32,35,S2_E02,Shift 2,16,129,70,-3.797761917809458,-2.3253581907705634,True,False,,,,product_anomaly
2014-08-04,3,32,60,S3_E01,Shift 1,28,129,61,-3.797761917809458,-2.9193847507418793,True,False,,,,product_anomaly
2014-08-04,3,32,60,S3_E02,Shift 2,32,129,61,-3.797761917809458,-2.9764440225122466,True,False,,,,product_anomaly
2014-08-04,4,32,42,S4_E01,Full Day,42,129,55,-3.797761917809458,-3.1397631376093593,True,True,,,,product_and_employee_anomaly
2014-08-04,5,32,23,S5_E01,Full Day,23,129,41,-3.797761917809458,-3.2173712129452325,True,True,,,,product_and_employee_anomaly
2014-08-04,6,32,23,S6_E01,Shift 1,11,129,41,-3.797761917809458,-2.2070237185490025,True,False,,,,product_anomaly
2014-08-04,6,32,23,S6_E02,Shift 2,12,129,41,-3.797761917809458,-3.5017544264003857,True,True,,,,product_and_employee_anomaly
2014-08-04,7,32,28,S7_E01,Full Day,28,129,38,-3.797761917809458,-3.4459186430311015,True,True,,,,product_and_employee_anomaly
2014-08-04,8,32,44,S8_E01,Shift 1,24,129,67,-3.797761917809458,-3.8062041584640642,True,True,,,,product_and_employee_anomaly
2014-08-04,8,32,44,S8_E02,Shift 2,20,129,67,-3.797761917809458,-3.16064441974807,True,True,,,,product_and_employee_anomaly
2014-08-04,9,32,32,S9_E01,Shift 1,13,129,59,-3.797761917809458,-2.838026611374916,True,False,,,,product_anomaly
2014-08-04,9,32,32,S9_E02,Shift 2,19,129,59,-3.797761917809458,-2.777144381847396,True,False,,,,product_anomaly
2014-08-04,10,32,34,S10_E01,Full Day,34,129,60,-3.797761917809458,-2.9356516212828705,True,False,,,,product_anomaly
2014-12-01,1,32,22,S1_E01,Shift 1,9,129,42,-4.309017296909936,-3.1060032038113756,True,True,,,,product_and_employee_anomaly
2014-12-01,1,32,22,S1_E02,Shift 2,13,129,42,-4.309017296909936,-3.2257952791105735,True,True,,,,product_and_employee_anomaly
2014-12-01,2,32,37,S2_E01,Shift 1,20,129,56,-4.309017296909936,-3.2103767532981733,True,True,,,,product_and_employee_anomaly
2014-12-01,2,32,37,S2_E02,Shift 2,17,129,56,-4.309017296909936,-2.9745651825749797,True,False,,,,product_anomaly
2014-12-01,3,32,33,S3_E01,Shift 1,14,129,50,-4.309017296909936,-3.6842826003636517,True,True,,,,product_and_employee_anomaly
2014-12-01,3,32,33,S3_E02,Shift 2,19,129,50,-4.309017296909936,-3.7643534802102665,True,True,,,,product_and_employee_anomaly
2014-12-01,4,32,17,S4_E01,Full Day,17,129,44,-4.309017296909936,-3.5292108233300348,True,True,,,,product_and_employee_anomaly
2014-12-01,5,32,16,S5_E01,Full Day,16,129,32,-4.309017296909936,-3.5544771735009846,True,True,,,,product_and_employee_anomaly
2014-12-01,6,32,17,S6_E01,Shift 1,10,129,36,-4.309017296909936,-2.725413037949043,True,False,,,,product_anomaly
2014-12-01,6,32,17,S6_E02,Shift 2,7,129,36,-4.309017296909936,-3.2677552992025225,True,True,,,,product_and_employee_anomaly
2014-12-01,7,32,16,S7_E01,Full Day,16,129,32,-4.309017296909936,-3.4795612216587277,True,True,,,,product_and_employee_anomaly
2014-12-01,8,32,34,S8_E01,Shift 1,19,129,58,-4.309017296909936,-2.754138713991254,True,False,,,,product_anomaly
2014-12-01,8,32,34,S8_E02,Shift 2,15,129,58,-4.309017296909936,-3.156889714158979,True,True,,,,product_and_employee_anomaly
2014-12-01,9,32,20,S9_E01,Shift 1,9,129,46,-4.309017296909936,-3.0877445136207187,True,True,,,,product_and_employee_anomaly
2014-12-01,9,32,20,S9_E02,Shift 2,11,129,46,-4.309017296909936,-2.9294097184846226,True,False,,,,product_anomaly
2014-12-01,10,32,21,S10_E01,Full Day,21,129,50,-4.309017296909936,-3.4995746414918427,True,True,,,,product_and_employee_anomaly
2015-02-01,1,32,37,S1_E01,Shift 1,21,129,28,1.934450614327777,3.0557660597940646,False,True,,,,employee_anomaly
2015-03-01,1,32,46,S1_E01,Shift 1,27,129,31,2.3939725624249544,3.2063842092808192,False,True,,,,employee_anomaly
2015-03-01,2,32,47,S2_E01,Shift 1,28,129,44,2.3939725624249544,3.1204913155838128,False,True,,,,employee_anomaly
2015-03-01,3,32,52,S3_E02,Shift 2,30,129,35,2.3939725624249544,3.4103721242964737,False,True,,,,employee_anomaly
2015-03-01,4,32,52,S4_E01,Full Day,52,129,34,2.3939725624249544,3.1596518128314997,False,True,,,,employee_anomaly
2015-03-01,5,32,37,S5_E01,Full Day,37,129,24,2.3939725624249544,3.6387722164072245,False,True,,,,employee_anomaly
2015-03-01,6,32,36,S6_E01,Shift 1,17,129,25,2.3939725624249544,3.2783227914473976,False,True,,,,employee_anomaly
2015-03-01,6,32,36,S6_E02,Shift 2,19,129,25,2.3939725624249544,3.6075677552682435,False,True,,,,employee_anomaly
2015-03-01,8,32,65,S8_E01,Shift 1,27,129,42,2.3939725624249544,3.332540228908305,False,True,,,,employee_anomaly
2015-03-01,8,32,65,S8_E02,Shift 2,38,129,42,2.3939725624249544,3.009029860439897,False,True,,,,employee_anomaly
2015-03-01,9,32,41,S9_E01,Shift 1,23,129,36,2.3939725624249544,3.562831793884845,False,True,,,,employee_anomaly
2015-03-01,9,32,41,S9_E02,Shift 2,18,129,36,2.3939725624249544,3.0689769065072365,False,True,,,,employee_anomaly
2015-03-01,10,32,56,S10_E01,Full Day,56,129,37,2.3939725624249544,3.035766134572765,False,True,,,,employee_anomaly
2015-08-03,3,32,48,S3_E01,Shift 1,24,129,63,-1.9712317997385236,-3.230471200097007,False,True,,,,employee_anomaly
2015-08-03,3,32,48,S3_E02,Shift 2,24,129,63,-1.9712317997385236,-3.0968220305556833,False,True,,,,employee_anomaly
2015-08-03,6,32,35,S6_E01,Shift 1,15,129,45,-1.9712317997385236,-3.003013866777452,False,True,,,,employee_anomaly
2015-08-03,9,32,37,S9_E02,Shift 2,22,129,60,-1.9712317997385236,-3.2324063857303305,False,True,,,,employee_anomaly
2015-12-07,1,32,26,S1_E01,Shift 1,11,129,40,-3.251508637842863,-2.137467822138631,True,False,,,,product_anomaly
2015-12-07,1,32,26,S1_E02,Shift 2,15,129,40,-3.251508637842863,-2.3163145218669032,True,False,,,,product_anomaly
2015-12-07,2,32,29,S2_E01,Shift 1,12,129,56,-3.251508637842863,-2.2622746111084022,True,False,,,,product_anomaly
2015-12-07,2,32,29,S2_E02,Shift 2,17,129,56,-3.251508637842863,-2.734706195869,True,False,,,,product_anomaly
2015-12-07,3,32,25,S3_E01,Shift 1,12,129,51,-3.251508637842863,-2.5814790260412823,True,False,,,,product_anomaly
2015-12-07,3,32,25,S3_E02,Shift 2,13,129,51,-3.251508637842863,-2.518162476199348,True,False,,,,product_anomaly
2015-12-07,4,32,27,S4_E01,Full Day,27,129,46,-3.251508637842863,-2.1817952782493784,True,False,,,,product_anomaly
2015-12-07,5,32,22,S5_E01,Full Day,22,129,35,-3.251508637842863,-1.7914761105903116,True,False,,,,product_anomaly
2015-12-07,6,32,20,S6_E01,Shift 1,9,129,33,-3.251508637842863,-2.177570422889973,True,False,,,,product_anomaly
2015-12-07,6,32,20,S6_E02,Shift 2,11,129,33,-3.251508637842863,-1.9810837763297446,True,False,,,,product_anomaly
2015-12-07,7,32,22,S7_E01,Full Day,22,129,31,-3.251508637842863,-2.327809067862889,True,False,,,,product_anomaly
2015-12-07,8,32,25,S8_E01,Shift 1,11,129,55,-3.251508637842863,-2.46070045964776,True,False,,,,product_anomaly
2015-12-07,8,32,25,S8_E02,Shift 2,14,129,55,-3.251508637842863,-2.443928253346677,True,False,,,,product_anomaly
2015-12-07,9,32,29,S9_E01,Shift 1,15,129,50,-3.251508637842863,-2.613927269474191,True,False,,,,product_anomaly
2015-12-07,9,32,29,S9_E02,Shift 2,14,129,50,-3.251508637842863,-2.3250075736587585,True,False,,,,product_anomaly
2015-12-07,10,32,27,S10_E01,Full Day,27,129,50,-3.251508637842863,-2.4039808735535884,True,False,,,,product_anomaly
2016-02-14,1,32,43,S1_E01,Shift 1,23,129,30,3.0630569278997055,1.351859301385321,True,False,,,,product_anomaly
2016-02-14,1,32,43,S1_E02,Shift 2,20,129,30,3.0630569278997055,1.2733698671494398,True,False,,,,product_anomaly
2016-02-14,2,32,60,S2_E01,Shift 1,33,129,43,3.0630569278997055,1.7626188609225446,True,False,,,,product_anomaly
2016-02-14,2,32,60,S2_E02,Shift 2,27,129,43,3.0630569278997055,1.306016250608418,True,False,,,,product_anomaly
2016-02-14,3,32,38,S3_E01,Shift 1,17,129,39,3.0630569278997055,1.3107203691964668,True,False,,,,product_anomaly
2016-02-14,3,32,38,S3_E02,Shift 2,21,129,39,3.0630569278997055,1.2361244762764945,True,False,,,,product_anomaly
2016-02-14,4,32,42,S4_E01,Full Day,42,129,37,3.0630569278997055,1.6409723102266747,True,False,,,,product_anomaly
2016-02-14,5,32,34,S5_E01,Full Day,34,129,25,3.0630569278997055,1.1737229884928986,True,False,,,,product_anomaly
2016-02-14,6,32,28,S6_E01,Shift 1,16,129,28,3.0630569278997055,1.330348520542388,True,False,,,,product_anomaly
2016-02-14,6,32,28,S6_E02,Shift 2,12,129,28,3.0630569278997055,1.8579714211831835,True,False,,,,product_anomaly
2016-02-14,7,32,36,S7_E01,Full Day,36,129,24,3.0630569278997055,1.431091460357902,True,False,,,,product_anomaly
2016-02-14,8,32,64,S8_E01,Shift 1,33,129,42,3.0630569278997055,1.4180674352490223,True,False,,,,product_anomaly
2016-02-14,8,32,64,S8_E02,Shift 2,31,129,42,3.0630569278997055,1.8887555166308851,True,False,,,,product_anomaly
2016-02-14,9,32,48,S9_E01,Shift 1,22,129,34,3.0630569278997055,1.111591184263398,True,False,,,,product_anomaly
2016-02-14,9,32,48,S9_E02,Shift 2,26,129,34,3.0630569278997055,1.2667623615851127,True,False,,,,product_anomaly
2016-02-14,10,32,44,S10_E01,Full Day,44,129,38,3.0630569278997055,1.0745406765692118,True,False,,,,product_anomaly
2016-12-05,2,32,38,S2_E01,Shift 1,21,129,63,-2.7132877198449026,-3.039797685865822,False,True,,,,employee_anomaly
2016-12-05,6,32,21,S6_E01,Shift 1,9,129,37,-2.7132877198449026,-3.552929269017943,False,True,,,,employee_anomaly
2016-12-05,7,32,23,S7_E01,Full Day,23,129,33,-2.7132877198449026,-3.1441222038535632,False,True,,,,employee_anomaly
2016-12-05,8,32,24,S8_E01,Shift 1,14,129,60,-2.7132877198449026,-3.7685143438139015,False,True,,,,employee_anomaly
2016-12-05,8,32,24,S8_E02,Shift 2,10,129,60,-2.7132877198449026,-3.111510025863777,False,True,,,,employee_anomaly
2016-12-05,9,32,30,S9_E02,Shift 2,12,129,50,-2.7132877198449026,-3.3474208166871384,False,True,,,,employee_anomaly
2016-12-05,10,32,27,S10_E01,Full Day,27,129,53,-2.7132877198449026,-3.2437638134469884,False,True,,,,employee_anomaly
2017-04-01,1,32,56,S1_E01,Shift 1,31,129,40,2.820378849768174,3.05140781233218,False,True,,,,employee_anomaly
2017-12-04,1,32,25,S1_E01,Shift 1,11,129,46,-3.0150068344922047,-3.566924808659965,True,True,,,,product_and_employee_anomaly
2017-12-04,1,32,25,S1_E02,Shift 2,14,129,46,-3.0150068344922047,-3.439934189042974,True,True,,,,product_and_employee_anomaly
2017-12-04,2,32,31,S2_E01,Shift 1,16,129,66,-3.0150068344922047,-3.4289887985334744,True,True,,,,product_and_employee_anomaly
2017-12-04,2,32,31,S2_E02,Shift 2,15,129,66,-3.0150068344922047,-3.42560784986891,True,True,,,,product_and_employee_anomaly
2017-12-04,3,32,30,S3_E01,Shift 1,17,129,60,-3.0150068344922047,-4.010676658948157,True,True,,,,product_and_employee_anomaly
2017-12-04,3,32,30,S3_E02,Shift 2,13,129,60,-3.0150068344922047,-3.2163317411983594,True,True,,,,product_and_employee_anomaly
2017-12-04,4,32,30,S4_E01,Full Day,30,129,54,-3.0150068344922047,-3.284111898833113,True,True,,,,product_and_employee_anomaly
2017-12-04,5,32,27,S5_E01,Full Day,27,129,39,-3.0150068344922047,-3.2458225710762023,True,True,,,,product_and_employee_anomaly
2017-12-04,6,32,15,S6_E01,Shift 1,9,129,38,-3.0150068344922047,-3.2986405964081293,True,True,,,,product_and_employee_anomaly
2017-12-04,6,32,15,S6_E02,Shift 2,6,129,38,-3.0150068344922047,-3.3301889302159635,True,True,,,,product_and_employee_anomaly
2017-12-04,7,32,17,S7_E01,Full Day,17,129,37,-3.0150068344922047,-3.144474792045703,True,True,,,,product_and_employee_anomaly
2017-12-04,8,32,32,S8_E01,Shift 1,19,129,63,-3.0150068344922047,-3.5723822669368586,True,True,,,,product_and_employee_anomaly
2017-12-04,8,32,32,S8_E02,Shift 2,13,129,63,-3.0150068344922047,-3.58582252955439,True,True,,,,product_and_employee_anomaly
2017-12-04,9,32,26,S9_E01,Shift 1,15,129,54,-3.0150068344922047,-3.189292177224606,True,True,,,,product_and_employee_anomaly
2017-12-04,9,32,26,S9_E02,Shift 2,11,129,54,-3.0150068344922047,-3.1563508443071124,True,True,,,,product_and_employee_anomaly
2017-12-04,10,32,37,S10_E01,Full Day,37,129,58,-3.0150068344922047,-3.105707653984013,True,True,,,,product_and_employee_anomaly
2013-08-05,2,33,47,S2_E01,Shift 1,23,64,95,-1.79736188492873,-3.037931708682254,False,True,,,,employee_anomaly
2013-08-05,2,33,47,S2_E02,Shift 2,24,64,95,-1.79736188492873,-3.4857102754090485,False,True,,,,employee_anomaly
2013-12-02,1,33,32,S1_E01,Shift 1,18,64,55,-3.509063551093716,-3.1254292363912257,True,True,,,,product_and_employee_anomaly
2013-12-02,1,33,32,S1_E02,Shift 2,14,64,55,-3.509063551093716,-2.851006355389951,True,False,,,,product_anomaly
2013-12-02,2,33,63,S2_E01,Shift 1,34,64,79,-3.509063551093716,-3.412450649859274,True,True,,,,product_and_employee_anomaly
2013-12-02,2,33,63,S2_E02,Shift 2,29,64,79,-3.509063551093716,-3.2785932441135652,True,True,,,,product_and_employee_anomaly
2013-12-02,3,33,26,S3_E01,Shift 1,14,64,70,-3.509063551093716,-3.2501487509139597,True,True,,,,product_and_employee_anomaly
2013-12-02,3,33,26,S3_E02,Shift 2,12,64,70,-3.509063551093716,-3.4328063228458867,True,True,,,,product_and_employee_anomaly
2013-12-02,4,33,36,S4_E01,Full Day,36,64,66,-3.509063551093716,-3.448513956982832,True,True,,,,product_and_employee_anomaly
2013-12-02,5,33,24,S5_E01,Full Day,24,64,45,-3.509063551093716,-3.1959090536893515,True,True,,,,product_and_employee_anomaly
2013-12-02,6,33,27,S6_E01,Shift 1,12,64,47,-3.509063551093716,-2.8345600406685025,True,False,,,,product_anomaly
2013-12-02,6,33,27,S6_E02,Shift 2,15,64,47,-3.509063551093716,-3.0818675698167812,True,True,,,,product_and_employee_anomaly
2013-12-02,7,33,23,S7_E01,Full Day,23,64,40,-3.509063551093716,-2.9208666389824898,True,False,,,,product_anomaly
2013-12-02,8,33,40,S8_E01,Shift 1,20,64,75,-3.509063551093716,-3.3597203284094452,True,True,,,,product_and_employee_anomaly
2013-12-02,8,33,40,S8_E02,Shift 2,20,64,75,-3.509063551093716,-3.335819773959348,True,True,,,,product_and_employee_anomaly
2013-12-02,9,33,30,S9_E01,Shift 1,16,64,65,-3.509063551093716,-3.305771183792513,True,True,,,,product_and_employee_anomaly
2013-12-02,9,33,30,S9_E02,Shift 2,14,64,65,-3.509063551093716,-3.696275698428471,True,True,,,,product_and_employee_anomaly
2013-12-02,10,33,38,S10_E01,Full Day,38,64,69,-3.509063551093716,-3.0878038047354686,True,True,,,,product_and_employee_anomaly
2014-03-01,2,33,104,S2_E01,Shift 1,52,64,64,2.6493879599293786,3.349005610782279,False,True,,,,employee_anomaly
2014-03-01,5,33,43,S5_E01,Full Day,43,64,39,2.6493879599293786,3.306479451837381,False,True,,,,employee_anomaly
2014-08-04,1,33,53,S1_E01,Shift 1,29,64,76,-3.5076242356232643,-2.5453580386408605,True,False,,,,product_anomaly
2014-08-04,1,33,53,S1_E02,Shift 2,24,64,76,-3.5076242356232643,-2.806490994281361,True,False,,,,product_anomaly
2014-08-04,2,33,72,S2_E01,Shift 1,37,64,111,-3.5076242356232643,-3.2958565872574868,True,True,,,,product_and_employee_anomaly
2014-08-04,2,33,72,S2_E02,Shift 2,35,64,111,-3.5076242356232643,-2.3253581907705634,True,False,,,,product_anomaly
2014-08-04,3,33,80,S3_E01,Shift 1,33,64,97,-3.5076242356232643,-2.9193847507418793,True,False,,,,product_anomaly
2014-08-04,3,33,80,S3_E02,Shift 2,47,64,97,-3.5076242356232643,-2.9764440225122466,True,False,,,,product_anomaly
2014-08-04,4,33,63,S4_E01,Full Day,63,64,88,-3.5076242356232643,-3.1397631376093593,True,True,,,,product_and_employee_anomaly
2014-08-04,5,33,52,S5_E01,Full Day,52,64,65,-3.5076242356232643,-3.2173712129452325,True,True,,,,product_and_employee_anomaly
2014-08-04,6,33,47,S6_E01,Shift 1,23,64,64,-3.5076242356232643,-2.2070237185490025,True,False,,,,product_anomaly
2014-08-04,6,33,47,S6_E02,Shift 2,24,64,64,-3.5076242356232643,-3.5017544264003857,True,True,,,,product_and_employee_anomaly
2014-08-04,7,33,50,S7_E01,Full Day,50,64,58,-3.5076242356232643,-3.4459186430311015,True,True,,,,product_and_employee_anomaly
2014-08-04,8,33,71,S8_E01,Shift 1,32,64,100,-3.5076242356232643,-3.8062041584640642,True,True,,,,product_and_employee_anomaly
2014-08-04,8,33,71,S8_E02,Shift 2,39,64,100,-3.5076242356232643,-3.16064441974807,True,True,,,,product_and_employee_anomaly
2014-08-04,9,33,75,S9_E01,Shift 1,34,64,88,-3.5076242356232643,-2.838026611374916,True,False,,,,product_anomaly
2014-08-04,9,33,75,S9_E02,Shift 2,41,64,88,-3.5076242356232643,-2.777144381847396,True,False,,,,product_anomaly
2014-08-04,10,33,70,S10_E01,Full Day,70,64,95,-3.5076242356232643,-2.9356516212828705,True,False,,,,product_anomaly
2014-12-01,1,33,40,S1_E01,Shift 1,18,64,62,-2.8330625924150366,-3.1060032038113756,False,True,,,,employee_anomaly
2014-12-01,1,33,40,S1_E02,Shift 2,22,64,62,-2.8330625924150366,-3.2257952791105735,False,True,,,,employee_anomaly
2014-12-01,2,33,55,S2_E01,Shift 1,25,64,95,-2.8330625924150366,-3.2103767532981733,False,True,,,,employee_anomaly
2014-12-01,3,33,48,S3_E01,Shift 1,25,64,81,-2.8330625924150366,-3.6842826003636517,False,True,,,,employee_anomaly
2014-12-01,3,33,48,S3_E02,Shift 2,23,64,81,-2.8330625924150366,-3.7643534802102665,False,True,,,,employee_anomaly
2014-12-01,4,33,48,S4_E01,Full Day,48,64,73,-2.8330625924150366,-3.5292108233300348,False,True,,,,employee_anomaly
2014-12-01,5,33,28,S5_E01,Full Day,28,64,56,-2.8330625924150366,-3.5544771735009846,False,True,,,,employee_anomaly
2014-12-01,6,33,33,S6_E02,Shift 2,19,64,52,-2.8330625924150366,-3.2677552992025225,False,True,,,,employee_anomaly
2014-12-01,7,33,26,S7_E01,Full Day,26,64,50,-2.8330625924150366,-3.4795612216587277,False,True,,,,employee_anomaly
2014-12-01,8,33,49,S8_E02,Shift 2,27,64,89,-2.8330625924150366,-3.156889714158979,False,True,,,,employee_anomaly
2014-12-01,9,33,37,S9_E01,Shift 1,18,64,73,-2.8330625924150366,-3.0877445136207187,False,True,,,,employee_anomaly
2014-12-01,10,33,42,S10_E01,Full Day,42,64,81,-2.8330625924150366,-3.4995746414918427,False,True,,,,employee_anomaly
2015-02-01,1,33,61,S1_E01,Shift 1,36,64,41,3.1045657296499662,3.0557660597940646,True,True,,,,product_and_employee_anomaly
2015-02-01,1,33,61,S1_E02,Shift 2,25,64,41,3.1045657296499662,2.1453661731308964,True,False,,,,product_anomaly
2015-02-01,2,33,68,S2_E01,Shift 1,28,64,60,3.1045657296499662,1.953656430143817,True,False,,,,product_anomaly
2015-02-01,2,33,68,S2_E02,Shift 2,40,64,60,3.1045657296499662,2.3500220695901306,True,False,,,,product_anomaly
2015-02-01,3,33,78,S3_E01,Shift 1,32,64,54,3.1045657296499662,2.506888576749633,True,False,,,,product_anomaly
2015-02-01,3,33,78,S3_E02,Shift 2,46,64,54,3.1045657296499662,2.1659096796444564,True,False,,,,product_anomaly
2015-02-01,4,33,65,S4_E01,Full Day,65,64,50,3.1045657296499662,2.8748724820194456,True,False,,,,product_anomaly
2015-02-01,5,33,47,S5_E01,Full Day,47,64,37,3.1045657296499662,2.0848475539632427,True,False,,,,product_anomaly
2015-02-01,6,33,50,S6_E01,Shift 1,24,64,33,3.1045657296499662,2.221679149858128,True,False,,,,product_anomaly
2015-02-01,6,33,50,S6_E02,Shift 2,26,64,33,3.1045657296499662,1.958256602356688,True,False,,,,product_anomaly
2015-02-01,7,33,55,S7_E01,Full Day,55,64,33,3.1045657296499662,2.4352661753448244,True,False,,,,product_anomaly
2015-02-01,8,33,82,S8_E01,Shift 1,35,64,58,3.1045657296499662,2.6942065018192625,True,False,,,,product_anomaly
2015-02-01,8,33,82,S8_E02,Shift 2,47,64,58,3.1045657296499662,2.426072134137516,True,False,,,,product_anomaly
2015-02-01,9,33,76,S9_E01,Shift 1,35,64,50,3.1045657296499662,1.9180924008698985,True,False,,,,product_anomaly
2015-02-01,9,33,76,S9_E02,Shift 2,41,64,50,3.1045657296499662,2.3242398732184264,True,False,,,,product_anomaly
2015-02-01,10,33,76,S10_E01,Full Day,76,64,53,3.1045657296499662,2.0848738868918257,True,False,,,,product_anomaly
2015-03-01,1,33,78,S1_E01,Shift 1,47,64,47,3.853556282978302,3.2063842092808192,True,True,,,,product_and_employee_anomaly
2015-03-01,1,33,78,S1_E02,Shift 2,31,64,47,3.853556282978302,2.7011350015772067,True,False,,,,product_anomaly
2015-03-01,2,33,108,S2_E01,Shift 1,54,64,66,3.853556282978302,3.1204913155838128,True,True,,,,product_and_employee_anomaly
2015-03-01,2,33,108,S2_E02,Shift 2,54,64,66,3.853556282978302,2.9504051632544526,True,False,,,,product_anomaly
2015-03-01,3,33,89,S3_E01,Shift 1,38,64,61,3.853556282978302,2.94608151148025,True,False,,,,product_anomaly
2015-03-01,3,33,89,S3_E02,Shift 2,51,64,61,3.853556282978302,3.4103721242964737,True,True,,,,product_and_employee_anomaly
2015-03-01,4,33,86,S4_E01,Full Day,86,64,56,3.853556282978302,3.1596518128314997,True,True,,,,product_and_employee_anomaly
2015-03-01,5,33,68,S5_E01,Full Day,68,64,40,3.853556282978302,3.6387722164072245,True,True,,,,product_and_employee_anomaly
2015-03-01,6,33,53,S6_E01,Shift 1,26,64,39,3.853556282978302,3.2783227914473976,True,True,,,,product_and_employee_anomaly
2015-03-01,6,33,53,S6_E02,Shift 2,27,64,39,3.853556282978302,3.6075677552682435,True,True,,,,product_and_employee_anomaly
2015-03-01,7,33,49,S7_E01,Full Day,49,64,38,3.853556282978302,2.8190730739031222,True,False,,,,product_anomaly
2015-03-01,8,33,102,S8_E01,Shift 1,41,64,66,3.853556282978302,3.332540228908305,True,True,,,,product_and_employee_anomaly
2015-03-01,8,33,102,S8_E02,Shift 2,61,64,66,3.853556282978302,3.009029860439897,True,True,,,,product_and_employee_anomaly
2015-03-01,9,33,86,S9_E01,Shift 1,50,64,54,3.853556282978302,3.562831793884845,True,True,,,,product_and_employee_anomaly
2015-03-01,9,33,86,S9_E02,Shift 2,36,64,54,3.853556282978302,3.0689769065072365,True,True,,,,product_and_employee_anomaly
2015-03-01,10,33,87,S10_E01,Full Day,87,64,60,3.853556282978302,3.035766134572765,True,True,,,,product_and_employee_anomaly
2015-08-03,1,33,54,S1_E01,Shift 1,23,64,81,-3.337541304872374,-2.431152188562419,True,False,,,,product_anomaly
2015-08-03,1,33,54,S1_E02,Shift 2,31,64,81,-3.337541304872374,-2.6588983591723636,True,False,,,,product_anomaly
2015-08-03,2,33,82,S2_E01,Shift 1,39,64,116,-3.337541304872374,-2.1714259053724394,True,False,,,,product_anomaly
2015-08-03,2,33,82,S2_E02,Shift 2,43,64,116,-3.337541304872374,-2.5727933298725434,True,False,,,,product_anomaly
2015-08-03,3,33,62,S3_E01,Shift 1,34,64,103,-3.337541304872374,-3.230471200097007,True,True,,,,product_and_employee_anomaly
2015-08-03,3,33,62,S3_E02,Shift 2,28,64,103,-3.337541304872374,-3.0968220305556833,True,True,,,,product_and_employee_anomaly
2015-08-03,4,33,70,S4_E01,Full Day,70,64,94,-3.337541304872374,-2.7376755606770606,True,False,,,,product_anomaly
2015-08-03,5,33,45,S5_E01,Full Day,45,64,71,-3.337541304872374,-2.664634525264307,True,False,,,,product_anomaly
2015-08-03,6,33,44,S6_E01,Shift 1,24,64,68,-3.337541304872374,-3.003013866777452,True,True,,,,product_and_employee_anomaly
2015-08-03,6,33,44,S6_E02,Shift 2,20,64,68,-3.337541304872374,-2.5336785743591226,True,False,,,,product_anomaly
2015-08-03,7,33,35,S7_E01,Full Day,35,64,64,-3.337541304872374,-2.3966524315397892,True,False,,,,product_anomaly
2015-08-03,8,33,62,S8_E01,Shift 1,30,64,112,-3.337541304872374,-2.893402768817878,True,False,,,,product_anomaly
2015-08-03,8,33,62,S8_E02,Shift 2,32,64,112,-3.337541304872374,-2.405130863769209,True,False,,,,product_anomaly
2015-08-03,9,33,54,S9_E01,Shift 1,22,64,92,-3.337541304872374,-2.4640677522246373,True,False,,,,product_anomaly
2015-08-03,9,33,54,S9_E02,Shift 2,32,64,92,-3.337541304872374,-3.2324063857303305,True,True,,,,product_and_employee_anomaly
2015-08-03,10,33,78,S10_E01,Full Day,78,64,103,-3.337541304872374,-2.654029610435547,True,False,,,,product_anomaly
2016-12-05,1,33,41,S1_E01,Shift 1,24,64,69,-3.125185280412457,-2.4321396159735382,True,False,,,,product_anomaly
2016-12-05,1,33,41,S1_E02,Shift 2,17,64,69,-3.125185280412457,-2.580461211183038,True,False,,,,product_anomaly
2016-12-05,2,33,52,S2_E01,Shift 1,24,64,99,-3.125185280412457,-3.039797685865822,True,True,,,,product_and_employee_anomaly
2016-12-05,2,33,52,S2_E02,Shift 2,28,64,99,-3.125185280412457,-2.8411273492839912,True,False,,,,product_anomaly
2016-12-05,3,33,49,S3_E01,Shift 1,28,64,88,-3.125185280412457,-2.6334758693639126,True,False,,,,product_anomaly
2016-12-05,3,33,49,S3_E02,Shift 2,21,64,88,-3.125185280412457,-2.870138019802202,True,False,,,,product_anomaly
2016-12-05,4,33,37,S4_E01,Full Day,37,64,81,-3.125185280412457,-2.803773742586649,True,False,,,,product_anomaly
2016-12-05,5,33,27,S5_E01,Full Day,27,64,59,-3.125185280412457,-2.639685670948698,True,False,,,,product_anomaly
2016-12-05,6,33,40,S6_E01,Shift 1,19,64,60,-3.125185280412457,-3.552929269017943,True,True,,,,product_and_employee_anomaly
2016-12-05,6,33,40,S6_E02,Shift 2,21,64,60,-3.125185280412457,-2.6336470607013553,True,False,,,,product_anomaly
2016-12-05,7,33,44,S7_E01,Full Day,44,64,54,-3.125185280412457,-3.1441222038535632,True,True,,,,product_and_employee_anomaly
2016-12-05,8,33,63,S8_E01,Shift 1,29,64,94,-3.125185280412457,-3.7685143438139015,True,True,,,,product_and_employee_anomaly
2016-12-05,8,33,63,S8_E02,Shift 2,34,64,94,-3.125185280412457,-3.111510025863777,True,True,,,,product_and_employee_anomaly
2016-12-05,9,33,47,S9_E01,Shift 1,26,64,84,-3.125185280412457,-2.9300684022247934,True,False,,,,product_anomaly
2016-12-05,9,33,47,S9_E02,Shift 2,21,64,84,-3.125185280412457,-3.3474208166871384,True,True,,,,product_and_employee_anomaly
2016-12-05,10,33,62,S10_E01,Full Day,62,64,86,-3.125185280412457,-3.2437638134469884,True,True,,,,product_and_employee_anomaly
2017-04-01,1,33,73,S1_E01,Shift 1,43,64,65,2.1175595453648546,3.05140781233218,False,True,,,,employee_anomaly
2017-12-04,1,33,50,S1_E01,Shift 1,21,64,72,-3.0393846684479677,-3.566924808659965,True,True,,,,product_and_employee_anomaly
2017-12-04,1,33,50,S1_E02,Shift 2,29,64,72,-3.0393846684479677,-3.439934189042974,True,True,,,,product_and_employee_anomaly
2017-12-04,2,33,68,S2_E01,Shift 1,30,64,99,-3.0393846684479677,-3.4289887985334744,True,True,,,,product_and_employee_anomaly
2017-12-04,2,33,68,S2_E02,Shift 2,38,64,99,-3.0393846684479677,-3.42560784986891,True,True,,,,product_and_employee_anomaly
2017-12-04,3,33,56,S3_E01,Shift 1,25,64,91,-3.0393846684479677,-4.010676658948157,True,True,,,,product_and_employee_anomaly
2017-12-04,3,33,56,S3_E02,Shift 2,31,64,91,-3.0393846684479677,-3.2163317411983594,True,True,,,,product_and_employee_anomaly
2017-12-04,4,33,44,S4_E01,Full Day,44,64,86,-3.0393846684479677,-3.284111898833113,True,True,,,,product_and_employee_anomaly
2017-12-04,5,33,34,S5_E01,Full Day,34,64,61,-3.0393846684479677,-3.2458225710762023,True,True,,,,product_and_employee_anomaly
2017-12-04,6,33,31,S6_E01,Shift 1,13,64,62,-3.0393846684479677,-3.2986405964081293,True,True,,,,product_and_employee_anomaly
2017-12-04,6,33,31,S6_E02,Shift 2,18,64,62,-3.0393846684479677,-3.3301889302159635,True,True,,,,product_and_employee_anomaly
2017-12-04,7,33,33,S7_E01,Full Day,33,64,57,-3.0393846684479677,-3.144474792045703,True,True,,,,product_and_employee_anomaly
2017-12-04,8,33,53,S8_E01,Shift 1,26,64,99,-3.0393846684479677,-3.5723822669368586,True,True,,,,product_and_employee_anomaly
2017-12-04,8,33,53,S8_E02,Shift 2,27,64,99,-3.0393846684479677,-3.58582252955439,True,True,,,,product_and_employee_anomaly
2017-12-04,9,33,29,S9_E01,Shift 1,12,64,85,-3.0393846684479677,-3.189292177224606,True,True,,,,product_and_employee_anomaly
2017-12-04,9,33,29,S9_E02,Shift 2,17,64,85,-3.0393846684479677,-3.1563508443071124,True,True,,,,product_and_employee_anomaly
2017-12-04,10,33,49,S10_E01,Full Day,49,64,89,-3.0393846684479677,-3.105707653984013,True,True,,,,product_and_employee_anomaly
2013-05-25,1,34,31,S1_E01,Shift 1,14,286,22,3.4778878196532954,0.5205505522646098,True,False,,,,product_anomaly
2013-05-25,1,34,31,S1_E02,Shift 2,17,286,22,3.4778878196532954,1.1633294789637718,True,False,,,,product_anomaly
2013-05-25,2,34,34,S2_E01,Shift 1,16,286,31,3.4778878196532954,0.9704755542988999,True,False,,,,product_anomaly
2013-05-25,2,34,34,S2_E02,Shift 2,18,286,31,3.4778878196532954,0.9746321090005574,True,False,,,,product_anomaly
2013-05-25,3,34,45,S3_E01,Shift 1,19,286,28,3.4778878196532954,1.0197282329676869,True,False,,,,product_anomaly
2013-05-25,3,34,45,S3_E02,Shift 2,26,286,28,3.4778878196532954,0.7481766727303114,True,False,,,,product_anomaly
2013-05-25,4,34,38,S4_E01,Full Day,38,286,25,3.4778878196532954,0.9052715817784978,True,False,,,,product_anomaly
2013-05-25,5,34,32,S5_E01,Full Day,32,286,19,3.4778878196532954,0.7044662324540799,True,False,,,,product_anomaly
2013-05-25,6,34,26,S6_E01,Shift 1,15,286,17,3.4778878196532954,0.9151832241468648,True,False,,,,product_anomaly
2013-05-25,6,34,26,S6_E02,Shift 2,11,286,17,3.4778878196532954,0.6602846361532735,True,False,,,,product_anomaly
2013-05-25,7,34,16,S7_E01,Full Day,16,286,17,3.4778878196532954,0.7914454605374335,True,False,,,,product_anomaly
2013-05-25,8,34,47,S8_E01,Shift 1,21,286,29,3.4778878196532954,1.083071050933908,True,False,,,,product_anomaly
2013-05-25,8,34,47,S8_E02,Shift 2,26,286,29,3.4778878196532954,1.2723292366951693,True,False,,,,product_anomaly
2013-05-25,9,34,38,S9_E01,Shift 1,21,286,25,3.4778878196532954,1.4551864628133304,True,False,,,,product_anomaly
2013-05-25,9,34,38,S9_E02,Shift 2,17,286,25,3.4778878196532954,1.3517544180644394,True,False,,,,product_anomaly
2013-05-25,10,34,25,S10_E01,Full Day,25,286,27,3.4778878196532954,1.0510549241280656,True,False,,,,product_anomaly
2013-08-05,1,34,20,S1_E01,Shift 1,10,286,24,-3.4317753225608345,-2.4156234667007204,True,False,,,,product_anomaly
2013-08-05,1,34,20,S1_E02,Shift 2,10,286,24,-3.4317753225608345,-2.6106751492337086,True,False,,,,product_anomaly
2013-08-05,2,34,24,S2_E01,Shift 1,13,286,33,-3.4317753225608345,-3.037931708682254,True,True,,,,product_and_employee_anomaly
2013-08-05,2,34,24,S2_E02,Shift 2,11,286,33,-3.4317753225608345,-3.4857102754090485,True,True,,,,product_and_employee_anomaly
2013-08-05,3,34,23,S3_E01,Shift 1,11,286,30,-3.4317753225608345,-2.471140170469033,True,False,,,,product_anomaly
2013-08-05,3,34,23,S3_E02,Shift 2,12,286,30,-3.4317753225608345,-2.977763708215258,True,False,,,,product_anomaly
2013-08-05,4,34,32,S4_E01,Full Day,32,286,28,-3.4317753225608345,-2.585399372448584,True,False,,,,product_anomaly
2013-08-05,5,34,8,S5_E01,Full Day,8,286,20,-3.4317753225608345,-2.476026680116979,True,False,,,,product_anomaly
2013-08-05,6,34,18,S6_E01,Shift 1,11,286,20,-3.4317753225608345,-2.480769642052181,True,False,,,,product_anomaly
2013-08-05,6,34,18,S6_E02,Shift 2,7,286,20,-3.4317753225608345,-2.281964941758153,True,False,,,,product_anomaly
2013-08-05,7,34,6,S7_E01,Full Day,6,286,19,-3.4317753225608345,-2.3775535177606595,True,False,,,,product_anomaly
2013-08-05,8,34,23,S8_E01,Shift 1,13,286,34,-3.4317753225608345,-2.2496415033443022,True,False,,,,product_anomaly
2013-08-05,8,34,23,S8_E02,Shift 2,10,286,34,-3.4317753225608345,-2.3907326904646378,True,False,,,,product_anomaly
2013-08-05,9,34,18,S9_E01,Shift 1,8,286,29,-3.4317753225608345,-2.1535467339877448,True,False,,,,product_anomaly
2013-08-05,9,34,18,S9_E02,Shift 2,10,286,29,-3.4317753225608345,-2.4560677337350354,True,False,,,,product_anomaly
2013-08-05,10,34,24,S10_E01,Full Day,24,286,29,-3.4317753225608345,-2.25167679317855,True,False,,,,product_anomaly
2013-12-02,1,34,11,S1_E01,Shift 1,5,286,20,-4.1254936416593635,-3.1254292363912257,True,True,,,,product_and_employee_anomaly
2013-12-02,1,34,11,S1_E02,Shift 2,6,286,20,-4.1254936416593635,-2.851006355389951,True,False,,,,product_anomaly
2013-12-02,2,34,14,S2_E01,Shift 1,6,286,31,-4.1254936416593635,-3.412450649859274,True,True,,,,product_and_employee_anomaly
2013-12-02,2,34,14,S2_E02,Shift 2,8,286,31,-4.1254936416593635,-3.2785932441135652,True,True,,,,product_and_employee_anomaly
2013-12-02,3,34,16,S3_E01,Shift 1,8,286,26,-4.1254936416593635,-3.2501487509139597,True,True,,,,product_and_employee_anomaly
2013-12-02,3,34,16,S3_E02,Shift 2,8,286,26,-4.1254936416593635,-3.4328063228458867,True,True,,,,product_and_employee_anomaly
2013-12-02,4,34,11,S4_E01,Full Day,11,286,24,-4.1254936416593635,-3.448513956982832,True,True,,,,product_and_employee_anomaly
2013-12-02,5,34,8,S5_E01,Full Day,8,286,18,-4.1254936416593635,-3.1959090536893515,True,True,,,,product_and_employee_anomaly
2013-12-02,6,34,8,S6_E01,Shift 1,4,286,18,-4.1254936416593635,-2.8345600406685025,True,False,,,,product_anomaly
2013-12-02,6,34,8,S6_E02,Shift 2,4,286,18,-4.1254936416593635,-3.0818675698167812,True,True,,,,product_and_employee_anomaly
2013-12-02,7,34,9,S7_E01,Full Day,9,286,15,-4.1254936416593635,-2.9208666389824898,True,False,,,,product_anomaly
2013-12-02,8,34,13,S8_E01,Shift 1,7,286,29,-4.1254936416593635,-3.3597203284094452,True,True,,,,product_and_employee_anomaly
2013-12-02,8,34,13,S8_E02,Shift 2,6,286,29,-4.1254936416593635,-3.335819773959348,True,True,,,,product_and_employee_anomaly
2013-12-02,9,34,17,S9_E01,Shift 1,7,286,25,-4.1254936416593635,-3.305771183792513,True,True,,,,product_and_employee_anomaly
2013-12-02,9,34,17,S9_E02,Shift 2,10,286,25,-4.1254936416593635,-3.696275698428471,True,True,,,,product_and_employee_anomaly
2013-12-02,10,34,26,S10_E01,Full Day,26,286,26,-4.1254936416593635,-3.0878038047354686,True,True,,,,product_and_employee_anomaly
2014-03-01,2,34,44,S2_E01,Shift 1,26,286,23,1.331797853060581,3.349005610782279,False,True,,,,employee_anomaly
2014-03-01,5,34,19,S5_E01,Full Day,19,286,13,1.331797853060581,3.306479451837381,False,True,,,,employee_anomaly
2014-08-04,1,34,19,S1_E01,Shift 1,8,286,30,-3.900831141603184,-2.5453580386408605,True,False,,,,product_anomaly
2014-08-04,1,34,19,S1_E02,Shift 2,11,286,30,-3.900831141603184,-2.806490994281361,True,False,,,,product_anomaly
2014-08-04,2,34,27,S2_E01,Shift 1,15,286,40,-3.900831141603184,-3.2958565872574868,True,True,,,,product_and_employee_anomaly
2014-08-04,2,34,27,S2_E02,Shift 2,12,286,40,-3.900831141603184,-2.3253581907705634,True,False,,,,product_anomaly
2014-08-04,3,34,24,S3_E01,Shift 1,11,286,36,-3.900831141603184,-2.9193847507418793,True,False,,,,product_anomaly
2014-08-04,3,34,24,S3_E02,Shift 2,13,286,36,-3.900831141603184,-2.9764440225122466,True,False,,,,product_anomaly
2014-08-04,4,34,15,S4_E01,Full Day,15,286,33,-3.900831141603184,-3.1397631376093593,True,True,,,,product_and_employee_anomaly
2014-08-04,5,34,15,S5_E01,Full Day,15,286,24,-3.900831141603184,-3.2173712129452325,True,True,,,,product_and_employee_anomaly
2014-08-04,6,34,21,S6_E01,Shift 1,9,286,24,-3.900831141603184,-2.2070237185490025,True,False,,,,product_anomaly
2014-08-04,6,34,21,S6_E02,Shift 2,12,286,24,-3.900831141603184,-3.5017544264003857,True,True,,,,product_and_employee_anomaly
2014-08-04,7,34,13,S7_E01,Full Day,13,286,23,-3.900831141603184,-3.4459186430311015,True,True,,,,product_and_employee_anomaly
2014-08-04,8,34,30,S8_E01,Shift 1,18,286,41,-3.900831141603184,-3.8062041584640642,True,True,,,,product_and_employee_anomaly
2014-08-04,8,34,30,S8_E02,Shift 2,12,286,41,-3.900831141603184,-3.16064441974807,True,True,,,,product_and_employee_anomaly
2014-08-04,9,34,16,S9_E01,Shift 1,9,286,33,-3.900831141603184,-2.838026611374916,True,False,,,,product_anomaly
2014-08-04,9,34,16,S9_E02,Shift 2,7,286,33,-3.900831141603184,-2.777144381847396,True,False,,,,product_anomaly
2014-08-04,10,34,32,S10_E01,Full Day,32,286,35,-3.900831141603184,-2.9356516212828705,True,False,,,,product_anomaly
2014-12-01,1,34,17,S1_E01,Shift 1,9,286,23,-2.1732890630810755,-3.1060032038113756,False,True,,,,employee_anomaly
2014-12-01,1,34,17,S1_E02,Shift 2,8,286,23,-2.1732890630810755,-3.2257952791105735,False,True,,,,employee_anomaly
2014-12-01,2,34,20,S2_E01,Shift 1,10,286,35,-2.1732890630810755,-3.2103767532981733,False,True,,,,employee_anomaly
2014-12-01,3,34,12,S3_E01,Shift 1,5,286,31,-2.1732890630810755,-3.6842826003636517,False,True,,,,employee_anomaly
2014-12-01,3,34,12,S3_E02,Shift 2,7,286,31,-2.1732890630810755,-3.7643534802102665,False,True,,,,employee_anomaly
2014-12-01,4,34,10,S4_E01,Full Day,10,286,28,-2.1732890630810755,-3.5292108233300348,False,True,,,,employee_anomaly
2014-12-01,5,34,7,S5_E01,Full Day,7,286,20,-2.1732890630810755,-3.5544771735009846,False,True,,,,employee_anomaly
2014-12-01,6,34,7,S6_E02,Shift 2,3,286,19,-2.1732890630810755,-3.2677552992025225,False,True,,,,employee_anomaly
2014-12-01,7,34,11,S7_E01,Full Day,11,286,19,-2.1732890630810755,-3.4795612216587277,False,True,,,,employee_anomaly
2014-12-01,8,34,14,S8_E02,Shift 2,7,286,31,-2.1732890630810755,-3.156889714158979,False,True,,,,employee_anomaly
2014-12-01,9,34,25,S9_E01,Shift 1,11,286,29,-2.1732890630810755,-3.0877445136207187,False,True,,,,employee_anomaly
2014-12-01,10,34,14,S10_E01,Full Day,14,286,30,-2.1732890630810755,-3.4995746414918427,False,True,,,,employee_anomaly
2015-02-01,1,34,30,S1_E01,Shift 1,18,286,16,2.6645664453849913,3.0557660597940646,False,True,,,,employee_anomaly
2015-03-01,1,34,22,S1_E01,Shift 1,10,286,17,3.668966309532531,3.2063842092808192,True,True,,,,product_and_employee_anomaly
2015-03-01,1,34,22,S1_E02,Shift 2,12,286,17,3.668966309532531,2.7011350015772067,True,False,,,,product_anomaly
2015-03-01,2,34,31,S2_E01,Shift 1,15,286,25,3.668966309532531,3.1204913155838128,True,True,,,,product_and_employee_anomaly
2015-03-01,2,34,31,S2_E02,Shift 2,16,286,25,3.668966309532531,2.9504051632544526,True,False,,,,product_anomaly
2015-03-01,3,34,32,S3_E01,Shift 1,19,286,22,3.668966309532531,2.94608151148025,True,False,,,,product_anomaly
2015-03-01,3,34,32,S3_E02,Shift 2,13,286,22,3.668966309532531,3.4103721242964737,True,True,,,,product_and_employee_anomaly
2015-03-01,4,34,26,S4_E01,Full Day,26,286,22,3.668966309532531,3.1596518128314997,True,True,,,,product_and_employee_anomaly
2015-03-01,5,34,26,S5_E01,Full Day,26,286,15,3.668966309532531,3.6387722164072245,True,True,,,,product_and_employee_anomaly
2015-03-01,6,34,27,S6_E01,Shift 1,13,286,13,3.668966309532531,3.2783227914473976,True,True,,,,product_and_employee_anomaly
2015-03-01,6,34,27,S6_E02,Shift 2,14,286,13,3.668966309532531,3.6075677552682435,True,True,,,,product_and_employee_anomaly
2015-03-01,7,34,14,S7_E01,Full Day,14,286,13,3.668966309532531,2.8190730739031222,True,False,,,,product_anomaly
2015-03-01,8,34,41,S8_E01,Shift 1,20,286,26,3.668966309532531,3.332540228908305,True,True,,,,product_and_employee_anomaly
2015-03-01,8,34,41,S8_E02,Shift 2,21,286,26,3.668966309532531,3.009029860439897,True,True,,,,product_and_employee_anomaly
2015-03-01,9,34,31,S9_E01,Shift 1,14,286,21,3.668966309532531,3.562831793884845,True,True,,,,product_and_employee_anomaly
2015-03-01,9,34,31,S9_E02,Shift 2,17,286,21,3.668966309532531,3.0689769065072365,True,True,,,,product_and_employee_anomaly
2015-03-01,10,34,17,S10_E01,Full Day,17,286,22,3.668966309532531,3.035766134572765,True,True,,,,product_and_employee_anomaly
2015-05-10,1,34,33,S1_E01,Shift 1,15,286,24,3.041252608436971,1.2065154366455113,True,False,,,,product_anomaly
2015-05-10,1,34,33,S1_E02,Shift 2,18,286,24,3.041252608436971,1.785506054642079,True,False,,,,product_anomaly
2015-05-10,2,34,41,S2_E01,Shift 1,19,286,36,3.041252608436971,1.80219060570815,True,False,,,,product_anomaly
2015-05-10,2,34,41,S2_E02,Shift 2,22,286,36,3.041252608436971,1.144108881407087,True,False,,,,product_anomaly
2015-05-10,3,34,47,S3_E01,Shift 1,24,286,31,3.041252608436971,1.0882025729548264,True,False,,,,product_anomaly
2015-05-10,3,34,47,S3_E02,Shift 2,23,286,31,3.041252608436971,1.6954934005707332,True,False,,,,product_anomaly
2015-05-10,4,34,35,S4_E01,Full Day,35,286,31,3.041252608436971,1.5955537918474565,True,False,,,,product_anomaly
2015-05-10,5,34,25,S5_E01,Full Day,25,286,21,3.041252608436971,1.5608026984573957,True,False,,,,product_anomaly
2015-05-10,6,34,35,S6_E01,Shift 1,18,286,20,3.041252608436971,1.1591462102400092,True,False,,,,product_anomaly
2015-05-10,6,34,35,S6_E02,Shift 2,17,286,20,3.041252608436971,1.8248380717052484,True,False,,,,product_anomaly
2015-05-10,7,34,23,S7_E01,Full Day,23,286,21,3.041252608436971,1.3293859573870066,True,False,,,,product_anomaly
2015-05-10,8,34,46,S8_E01,Shift 1,25,286,34,3.041252608436971,1.612283366905525,True,False,,,,product_anomaly
2015-05-10,8,34,46,S8_E02,Shift 2,21,286,34,3.041252608436971,1.0908744708072882,True,False,,,,product_anomaly
2015-05-10,9,34,46,S9_E01,Shift 1,24,286,29,3.041252608436971,1.4247000413883928,True,False,,,,product_anomaly
2015-05-10,9,34,46,S9_E02,Shift 2,22,286,29,3.041252608436971,1.5844421180394532,True,False,,,,product_anomaly
2015-05-10,10,34,44,S10_E01,Full Day,44,286,31,3.041252608436971,1.18136511390397,True,False,,,,product_anomaly
2015-08-03,3,34,31,S3_E01,Shift 1,18,286,38,-1.1221410032188623,-3.230471200097007,False,True,,,,employee_anomaly
2015-08-03,3,34,31,S3_E02,Shift 2,13,286,38,-1.1221410032188623,-3.0968220305556833,False,True,,,,employee_anomaly
2015-08-03,6,34,19,S6_E01,Shift 1,8,286,25,-1.1221410032188623,-3.003013866777452,False,True,,,,employee_anomaly
2015-08-03,9,34,27,S9_E02,Shift 2,11,286,34,-1.1221410032188623,-3.2324063857303305,False,True,,,,employee_anomaly
2015-08-23,1,34,41,S1_E01,Shift 1,18,286,28,3.3889486812695306,1.3906150926036809,True,False,,,,product_anomaly
2015-08-23,1,34,41,S1_E02,Shift 2,23,286,28,3.3889486812695306,1.4332393836033752,True,False,,,,product_anomaly
2015-08-23,2,34,47,S2_E01,Shift 1,23,286,39,3.3889486812695306,1.273213433474249,True,False,,,,product_anomaly
2015-08-23,2,34,47,S2_E02,Shift 2,24,286,39,3.3889486812695306,1.3655844273003286,True,False,,,,product_anomaly
2015-08-23,3,34,36,S3_E01,Shift 1,18,286,35,3.3889486812695306,1.400872729327664,True,False,,,,product_anomaly
2015-08-23,3,34,36,S3_E02,Shift 2,18,286,35,3.3889486812695306,1.3341884077169783,True,False,,,,product_anomaly
2015-08-23,4,34,39,S4_E01,Full Day,39,286,32,3.3889486812695306,1.5455452529480438,True,False,,,,product_anomaly
2015-08-23,5,34,29,S5_E01,Full Day,29,286,23,3.3889486812695306,1.6241769171464011,True,False,,,,product_anomaly
2015-08-23,6,34,37,S6_E01,Shift 1,19,286,23,3.3889486812695306,1.3325094446403962,True,False,,,,product_anomaly
2015-08-23,6,34,37,S6_E02,Shift 2,18,286,23,3.3889486812695306,1.77660153292618,True,False,,,,product_anomaly
2015-08-23,7,34,25,S7_E01,Full Day,25,286,22,3.3889486812695306,1.5458050951653013,True,False,,,,product_anomaly
2015-08-23,8,34,53,S8_E01,Shift 1,27,286,37,3.3889486812695306,1.1036182752287185,True,False,,,,product_anomaly
2015-08-23,8,34,53,S8_E02,Shift 2,26,286,37,3.3889486812695306,1.26913158888372,True,False,,,,product_anomaly
2015-08-23,9,34,47,S9_E01,Shift 1,25,286,33,3.3889486812695306,1.2709307209719025,True,False,,,,product_anomaly
2015-08-23,9,34,47,S9_E02,Shift 2,22,286,33,3.3889486812695306,1.3531914401599467,True,False,,,,product_anomaly
2015-08-23,10,34,44,S10_E01,Full Day,44,286,34,3.3889486812695306,1.4319803713763664,True,False,,,,product_anomaly
2016-02-05,1,34,24,S1_E01,Shift 1,12,286,17,3.272010613491609,1.3076245369527693,True,False,,,,product_anomaly
2016-02-05,1,34,24,S1_E02,Shift 2,12,286,17,3.272010613491609,1.6062923110040688,True,False,,,,product_anomaly
2016-02-05,2,34,29,S2_E01,Shift 1,16,286,25,3.272010613491609,0.8529809219639465,True,False,,,,product_anomaly
2016-02-05,2,34,29,S2_E02,Shift 2,13,286,25,3.272010613491609,1.508855508089744,True,False,,,,product_anomaly
2016-02-05,3,34,28,S3_E01,Shift 1,16,286,22,3.272010613491609,1.9172711753984233,True,False,,,,product_anomaly
2016-02-05,3,34,28,S3_E02,Shift 2,12,286,22,3.272010613491609,1.9890944803469635,True,False,,,,product_anomaly
2016-02-05,4,34,25,S4_E01,Full Day,25,286,21,3.272010613491609,1.126330049342821,True,False,,,,product_anomaly
2016-02-05,5,34,24,S5_E01,Full Day,24,286,14,3.272010613491609,1.3858320857726634,True,False,,,,product_anomaly
2016-02-05,6,34,20,S6_E01,Shift 1,10,286,14,3.272010613491609,0.7643737704991693,True,False,,,,product_anomaly
2016-02-05,6,34,20,S6_E02,Shift 2,10,286,14,3.272010613491609,1.1812389960016723,True,False,,,,product_anomaly
2016-02-05,7,34,19,S7_E01,Full Day,19,286,13,3.272010613491609,1.0062866413786766,True,False,,,,product_anomaly
2016-02-05,8,34,31,S8_E01,Shift 1,13,286,23,3.272010613491609,0.7779096190627045,True,False,,,,product_anomaly
2016-02-05,8,34,31,S8_E02,Shift 2,18,286,23,3.272010613491609,1.0180595227760514,True,False,,,,product_anomaly
2016-02-05,9,34,20,S9_E01,Shift 1,11,286,20,3.272010613491609,0.7828309760096234,True,False,,,,product_anomaly
2016-02-05,9,34,20,S9_E02,Shift 2,9,286,20,3.272010613491609,0.6164553579453261,True,False,,,,product_anomaly
2016-02-05,10,34,19,S10_E01,Full Day,19,286,20,3.272010613491609,1.2872898894417197,True,False,,,,product_anomaly
2016-09-05,1,34,13,S1_E01,Shift 1,6,286,29,-3.0254327102822662,-2.2447801157470564,True,False,,,,product_anomaly
2016-09-05,1,34,13,S1_E02,Shift 2,7,286,29,-3.0254327102822662,-2.2643630866454534,True,False,,,,product_anomaly
2016-09-05,2,34,30,S2_E01,Shift 1,14,286,40,-3.0254327102822662,-2.3874722226970597,True,False,,,,product_anomaly
2016-09-05,2,34,30,S2_E02,Shift 2,16,286,40,-3.0254327102822662,-2.173922726179428,True,False,,,,product_anomaly
2016-09-05,3,34,27,S3_E01,Shift 1,11,286,35,-3.0254327102822662,-2.4149442259824543,True,False,,,,product_anomaly
2016-09-05,3,34,27,S3_E02,Shift 2,16,286,35,-3.0254327102822662,-2.0603730290043227,True,False,,,,product_anomaly
2016-09-05,4,34,26,S4_E01,Full Day,26,286,32,-3.0254327102822662,-2.1427033991179787,True,False,,,,product_anomaly
2016-09-05,5,34,11,S5_E01,Full Day,11,286,24,-3.0254327102822662,-2.3336583485967575,True,False,,,,product_anomaly
2016-09-05,6,34,25,S6_E01,Shift 1,11,286,25,-3.0254327102822662,-2.4830607876300252,True,False,,,,product_anomaly
2016-09-05,6,34,25,S6_E02,Shift 2,14,286,25,-3.0254327102822662,-1.7767439852171454,True,False,,,,product_anomaly
2016-09-05,7,34,17,S7_E01,Full Day,17,286,23,-3.0254327102822662,-2.192425131602225,True,False,,,,product_anomaly
2016-09-05,8,34,17,S8_E01,Shift 1,10,286,38,-3.0254327102822662,-1.9242459187059742,True,False,,,,product_anomaly
2016-09-05,8,34,17,S8_E02,Shift 2,7,286,38,-3.0254327102822662,-2.681510536311463,True,False,,,,product_anomaly
2016-09-05,9,34,24,S9_E01,Shift 1,10,286,35,-3.0254327102822662,-2.18874109000746,True,False,,,,product_anomaly
2016-09-05,9,34,24,S9_E02,Shift 2,14,286,35,-3.0254327102822662,-1.8799294270754472,True,False,,,,product_anomaly
2016-09-05,10,34,22,S10_E01,Full Day,22,286,34,-3.0254327102822662,-2.096233548955174,True,False,,,,product_anomaly
2016-10-03,1,34,15,S1_E01,Shift 1,8,286,25,-3.148234375422898,-2.1905260538091147,True,False,,,,product_anomaly
2016-10-03,1,34,15,S1_E02,Shift 2,7,286,25,-3.148234375422898,-2.087180834728177,True,False,,,,product_anomaly
2016-10-03,2,34,27,S2_E01,Shift 1,13,286,37,-3.148234375422898,-2.2837488266365495,True,False,,,,product_anomaly
2016-10-03,2,34,27,S2_E02,Shift 2,14,286,37,-3.148234375422898,-2.063896311448621,True,False,,,,product_anomaly
2016-10-03,3,34,22,S3_E01,Shift 1,10,286,32,-3.148234375422898,-2.537455404672618,True,False,,,,product_anomaly
2016-10-03,3,34,22,S3_E02,Shift 2,12,286,32,-3.148234375422898,-2.4427320863025472,True,False,,,,product_anomaly
2016-10-03,4,34,17,S4_E01,Full Day,17,286,32,-3.148234375422898,-2.3655568341770556,True,False,,,,product_anomaly
2016-10-03,5,34,11,S5_E01,Full Day,11,286,23,-3.148234375422898,-1.8588637191666715,True,False,,,,product_anomaly
2016-10-03,6,34,13,S6_E01,Shift 1,6,286,24,-3.148234375422898,-2.4590108032956506,True,False,,,,product_anomaly
2016-10-03,6,34,13,S6_E02,Shift 2,7,286,24,-3.148234375422898,-2.3497815071160226,True,False,,,,product_anomaly
2016-10-03,7,34,19,S7_E01,Full Day,19,286,21,-3.148234375422898,-2.1479819264030984,True,False,,,,product_anomaly
2016-10-03,8,34,22,S8_E01,Shift 1,11,286,36,-3.148234375422898,-2.3452280238517345,True,False,,,,product_anomaly
2016-10-03,8,34,22,S8_E02,Shift 2,11,286,36,-3.148234375422898,-1.8757632699289268,True,False,,,,product_anomaly
2016-10-03,9,34,22,S9_E01,Shift 1,10,286,30,-3.148234375422898,-2.4498281765001373,True,False,,,,product_anomaly
2016-10-03,9,34,22,S9_E02,Shift 2,12,286,30,-3.148234375422898,-1.7761058750967258,True,False,,,,product_anomaly
2016-10-03,10,34,25,S10_E01,Full Day,25,286,34,-3.148234375422898,-2.04523032090702,True,False,,,,product_anomaly
2016-11-12,1,34,29,S1_E01,Shift 1,16,286,26,3.217289912358811,1.3232536906897097,True,False,,,,product_anomaly
2016-11-12,1,34,29,S1_E02,Shift 2,13,286,26,3.217289912358811,0.8778822662695961,True,False,,,,product_anomaly
2016-11-12,2,34,48,S2_E01,Shift 1,21,286,36,3.217289912358811,0.4791392585510733,True,False,,,,product_anomaly
2016-11-12,2,34,48,S2_E02,Shift 2,27,286,36,3.217289912358811,0.8653595145902008,True,False,,,,product_anomaly
2016-11-12,3,34,50,S3_E01,Shift 1,23,286,31,3.217289912358811,0.5215943124054995,True,False,,,,product_anomaly
2016-11-12,3,34,50,S3_E02,Shift 2,27,286,31,3.217289912358811,0.9231588638907905,True,False,,,,product_anomaly
2016-11-12,4,34,33,S4_E01,Full Day,33,286,28,3.217289912358811,1.0362332177951874,True,False,,,,product_anomaly
2016-11-12,5,34,39,S5_E01,Full Day,39,286,21,3.217289912358811,0.751048621407345,True,False,,,,product_anomaly
2016-11-12,6,34,33,S6_E01,Shift 1,17,286,21,3.217289912358811,1.301570197328164,True,False,,,,product_anomaly
2016-11-12,6,34,33,S6_E02,Shift 2,16,286,21,3.217289912358811,0.6972165432262963,True,False,,,,product_anomaly
2016-11-12,7,34,18,S7_E01,Full Day,18,286,20,3.217289912358811,0.8217430464858138,True,False,,,,product_anomaly
2016-11-12,8,34,40,S8_E01,Shift 1,18,286,35,3.217289912358811,0.7622500151266652,True,False,,,,product_anomaly
2016-11-12,8,34,40,S8_E02,Shift 2,22,286,35,3.217289912358811,0.7892862848279251,True,False,,,,product_anomaly
2016-11-12,9,34,43,S9_E01,Shift 1,21,286,30,3.217289912358811,1.0590406631726856,True,False,,,,product_anomaly
2016-11-12,9,34,43,S9_E02,Shift 2,22,286,30,3.217289912358811,1.2440321922009183,True,False,,,,product_anomaly
2016-11-12,10,34,34,S10_E01,Full Day,34,286,32,3.217289912358811,0.8169552084607747,True,False,,,,product_anomaly
2016-12-05,2,34,26,S2_E01,Shift 1,13,286,38,-1.8569200500137748,-3.039797685865822,False,True,,,,employee_anomaly
2016-12-05,6,34,18,S6_E01,Shift 1,7,286,22,-1.8569200500137748,-3.552929269017943,False,True,,,,employee_anomaly
2016-12-05,7,34,16,S7_E01,Full Day,16,286,20,-1.8569200500137748,-3.1441222038535632,False,True,,,,employee_anomaly
2016-12-05,8,34,18,S8_E01,Shift 1,11,286,36,-1.8569200500137748,-3.7685143438139015,False,True,,,,employee_anomaly
2016-12-05,8,34,18,S8_E02,Shift 2,7,286,36,-1.8569200500137748,-3.111510025863777,False,True,,,,employee_anomaly
2016-12-05,9,34,16,S9_E02,Shift 2,8,286,28,-1.8569200500137748,-3.3474208166871384,False,True,,,,employee_anomaly
2016-12-05,10,34,18,S10_E01,Full Day,18,286,33,-1.8569200500137748,-3.2437638134469884,False,True,,,,employee_anomaly
2017-01-02,1,34,10,S1_E01,Shift 1,6,286,20,-3.5576116424303574,-1.621934653337743,True,False,,,,product_anomaly
2017-01-02,1,34,10,S1_E02,Shift 2,4,286,20,-3.5576116424303574,-2.5277885507284235,True,False,,,,product_anomaly
2017-01-02,2,34,19,S2_E01,Shift 1,9,286,28,-3.5576116424303574,-2.001208006196911,True,False,,,,product_anomaly
2017-01-02,2,34,19,S2_E02,Shift 2,10,286,28,-3.5576116424303574,-1.9480993793702848,True,False,,,,product_anomaly
2017-01-02,3,34,14,S3_E01,Shift 1,6,286,23,-3.5576116424303574,-1.864034946761988,True,False,,,,product_anomaly
2017-01-02,3,34,14,S3_E02,Shift 2,8,286,23,-3.5576116424303574,-1.7207684846616733,True,False,,,,product_anomaly
2017-01-02,4,34,14,S4_E01,Full Day,14,286,22,-3.5576116424303574,-2.267886307730944,True,False,,,,product_anomaly
2017-01-02,5,34,9,S5_E01,Full Day,9,286,15,-3.5576116424303574,-1.690750972505949,True,False,,,,product_anomaly
2017-01-02,6,34,11,S6_E01,Shift 1,4,286,16,-3.5576116424303574,-2.505233136708639,True,False,,,,product_anomaly
2017-01-02,6,34,11,S6_E02,Shift 2,7,286,16,-3.5576116424303574,-2.2073181787939107,True,False,,,,product_anomaly
2017-01-02,7,34,8,S7_E01,Full Day,8,286,14,-3.5576116424303574,-2.4901783939473985,True,False,,,,product_anomaly
2017-01-02,8,34,16,S8_E01,Shift 1,8,286,26,-3.5576116424303574,-2.171965535258544,True,False,,,,product_anomaly
2017-01-02,8,34,16,S8_E02,Shift 2,8,286,26,-3.5576116424303574,-1.6891288995835736,True,False,,,,product_anomaly
2017-01-02,9,34,10,S9_E01,Shift 1,4,286,23,-3.5576116424303574,-1.6660539040623032,True,False,,,,product_anomaly
2017-01-02,9,34,10,S9_E02,Shift 2,6,286,23,-3.5576116424303574,-1.9324223559718823,True,False,,,,product_anomaly
2017-01-02,10,34,13,S10_E01,Full Day,13,286,24,-3.5576116424303574,-2.044933579342205,True,False,,,,product_anomaly
2017-04-01,1,34,27,S1_E01,Shift 1,16,286,23,1.5786768407185652,3.05140781233218,False,True,,,,employee_anomaly
2017-12-04,1,34,14,S1_E01,Shift 1,8,286,27,-3.0663586221870727,-3.566924808659965,True,True,,,,product_and_employee_anomaly
2017-12-04,1,34,14,S1_E02,Shift 2,6,286,27,-3.0663586221870727,-3.439934189042974,True,True,,,,product_and_employee_anomaly
2017-12-04,2,34,24,S2_E01,Shift 1,14,286,40,-3.0663586221870727,-3.4289887985334744,True,True,,,,product_and_employee_anomaly
2017-12-04,2,34,24,S2_E02,Shift 2,10,286,40,-3.0663586221870727,-3.42560784986891,True,True,,,,product_and_employee_anomaly
2017-12-04,3,34,18,S3_E01,Shift 1,8,286,33,-3.0663586221870727,-4.010676658948157,True,True,,,,product_and_employee_anomaly
2017-12-04,3,34,18,S3_E02,Shift 2,10,286,33,-3.0663586221870727,-3.2163317411983594,True,True,,,,product_and_employee_anomaly
2017-12-04,4,34,22,S4_E01,Full Day,22,286,32,-3.0663586221870727,-3.284111898833113,True,True,,,,product_and_employee_anomaly
2017-12-04,5,34,19,S5_E01,Full Day,19,286,23,-3.0663586221870727,-3.2458225710762023,True,True,,,,product_and_employee_anomaly
2017-12-04,6,34,16,S6_E01,Shift 1,8,286,23,-3.0663586221870727,-3.2986405964081293,True,True,,,,product_and_employee_anomaly
2017-12-04,6,34,16,S6_E02,Shift 2,8,286,23,-3.0663586221870727,-3.3301889302159635,True,True,,,,product_and_employee_anomaly
2017-12-04,7,34,15,S7_E01,Full Day,15,286,21,-3.0663586221870727,-3.144474792045703,True,True,,,,product_and_employee_anomaly
2017-12-04,8,34,20,S8_E01,Shift 1,10,286,36,-3.0663586221870727,-3.5723822669368586,True,True,,,,product_and_employee_anomaly
2017-12-04,8,34,20,S8_E02,Shift 2,10,286,36,-3.0663586221870727,-3.58582252955439,True,True,,,,product_and_employee_anomaly
2017-12-04,9,34,23,S9_E01,Shift 1,12,286,32,-3.0663586221870727,-3.189292177224606,True,True,,,,product_and_employee_anomaly
2017-12-04,9,34,23,S9_E02,Shift 2,11,286,32,-3.0663586221870727,-3.1563508443071124,True,True,,,,product_and_employee_anomaly
2017-12-04,10,34,14,S10_E01,Full Day,14,286,31,-3.0663586221870727,-3.105707653984013,True,True,,,,product_and_employee_anomaly
2013-08-05,2,35,53,S2_E01,Shift 1,29,447,90,-2.7066759195538923,-3.037931708682254,False,True,,,,employee_anomaly
2013-08-05,2,35,53,S2_E02,Shift 2,24,447,90,-2.7066759195538923,-3.4857102754090485,False,True,,,,employee_anomaly
2013-12-02,1,35,29,S1_E01,Shift 1,15,447,51,-3.144197642913016,-3.1254292363912257,True,True,,,,product_and_employee_anomaly
2013-12-02,1,35,29,S1_E02,Shift 2,14,447,51,-3.144197642913016,-2.851006355389951,True,False,,,,product_anomaly
2013-12-02,2,35,44,S2_E01,Shift 1,19,447,75,-3.144197642913016,-3.412450649859274,True,True,,,,product_and_employee_anomaly
2013-12-02,2,35,44,S2_E02,Shift 2,25,447,75,-3.144197642913016,-3.2785932441135652,True,True,,,,product_and_employee_anomaly
2013-12-02,3,35,40,S3_E01,Shift 1,18,447,65,-3.144197642913016,-3.2501487509139597,True,True,,,,product_and_employee_anomaly
2013-12-02,3,35,40,S3_E02,Shift 2,22,447,65,-3.144197642913016,-3.4328063228458867,True,True,,,,product_and_employee_anomaly
2013-12-02,4,35,33,S4_E01,Full Day,33,447,61,-3.144197642913016,-3.448513956982832,True,True,,,,product_and_employee_anomaly
2013-12-02,5,35,25,S5_E01,Full Day,25,447,45,-3.144197642913016,-3.1959090536893515,True,True,,,,product_and_employee_anomaly
2013-12-02,6,35,25,S6_E01,Shift 1,14,447,44,-3.144197642913016,-2.8345600406685025,True,False,,,,product_anomaly
2013-12-02,6,35,25,S6_E02,Shift 2,11,447,44,-3.144197642913016,-3.0818675698167812,True,True,,,,product_and_employee_anomaly
2013-12-02,7,35,21,S7_E01,Full Day,21,447,39,-3.144197642913016,-2.9208666389824898,True,False,,,,product_anomaly
2013-12-02,8,35,35,S8_E01,Shift 1,16,447,72,-3.144197642913016,-3.3597203284094452,True,True,,,,product_and_employee_anomaly
2013-12-02,8,35,35,S8_E02,Shift 2,19,447,72,-3.144197642913016,-3.335819773959348,True,True,,,,product_and_employee_anomaly
2013-12-02,9,35,35,S9_E01,Shift 1,21,447,61,-3.144197642913016,-3.305771183792513,True,True,,,,product_and_employee_anomaly
2013-12-02,9,35,35,S9_E02,Shift 2,14,447,61,-3.144197642913016,-3.696275698428471,True,True,,,,product_and_employee_anomaly
2013-12-02,10,35,26,S10_E01,Full Day,26,447,65,-3.144197642913016,-3.0878038047354686,True,True,,,,product_and_employee_anomaly
2014-03-01,2,35,80,S2_E01,Shift 1,40,447,60,2.326744116613833,3.349005610782279,False,True,,,,employee_anomaly
2014-03-01,5,35,53,S5_E01,Full Day,53,447,36,2.326744116613833,3.306479451837381,False,True,,,,employee_anomaly
2014-08-04,2,35,68,S2_E01,Shift 1,39,447,102,-2.566538688288418,-3.2958565872574868,False,True,,,,employee_anomaly
2014-08-04,4,35,59,S4_E01,Full Day,59,447,84,-2.566538688288418,-3.1397631376093593,False,True,,,,employee_anomaly
2014-08-04,5,35,41,S5_E01,Full Day,41,447,63,-2.566538688288418,-3.2173712129452325,False,True,,,,employee_anomaly
2014-08-04,6,35,43,S6_E02,Shift 2,19,447,62,-2.566538688288418,-3.5017544264003857,False,True,,,,employee_anomaly
2014-08-04,7,35,26,S7_E01,Full Day,26,447,57,-2.566538688288418,-3.4459186430311015,False,True,,,,employee_anomaly
2014-08-04,8,35,64,S8_E01,Shift 1,34,447,100,-2.566538688288418,-3.8062041584640642,False,True,,,,employee_anomaly
2014-08-04,8,35,64,S8_E02,Shift 2,30,447,100,-2.566538688288418,-3.16064441974807,False,True,,,,employee_anomaly
2014-12-01,1,35,34,S1_E01,Shift 1,20,447,60,-2.6518449207149,-3.1060032038113756,False,True,,,,employee_anomaly
2014-12-01,1,35,34,S1_E02,Shift 2,14,447,60,-2.6518449207149,-3.2257952791105735,False,True,,,,employee_anomaly
2014-12-01,2,35,56,S2_E01,Shift 1,33,447,88,-2.6518449207149,-3.2103767532981733,False,True,,,,employee_anomaly
2014-12-01,3,35,56,S3_E01,Shift 1,30,447,76,-2.6518449207149,-3.6842826003636517,False,True,,,,employee_anomaly
2014-12-01,3,35,56,S3_E02,Shift 2,26,447,76,-2.6518449207149,-3.7643534802102665,False,True,,,,employee_anomaly
2014-12-01,4,35,40,S4_E01,Full Day,40,447,72,-2.6518449207149,-3.5292108233300348,False,True,,,,employee_anomaly
2014-12-01,5,35,29,S5_E01,Full Day,29,447,51,-2.6518449207149,-3.5544771735009846,False,True,,,,employee_anomaly
2014-12-01,6,35,30,S6_E02,Shift 2,16,447,51,-2.6518449207149,-3.2677552992025225,False,True,,,,employee_anomaly
2014-12-01,7,35,31,S7_E01,Full Day,31,447,47,-2.6518449207149,-3.4795612216587277,False,True,,,,employee_anomaly
2014-12-01,8,35,36,S8_E02,Shift 2,16,447,84,-2.6518449207149,-3.156889714158979,False,True,,,,employee_anomaly
2014-12-01,9,35,46,S9_E01,Shift 1,24,447,68,-2.6518449207149,-3.0877445136207187,False,True,,,,employee_anomaly
2014-12-01,10,35,50,S10_E01,Full Day,50,447,72,-2.6518449207149,-3.4995746414918427,False,True,,,,employee_anomaly
2015-01-18,1,35,62,S1_E01,Shift 1,27,447,42,3.2203190129946893,1.1866326478197577,True,False,,,,product_anomaly
2015-01-18,1,35,62,S1_E02,Shift 2,35,447,42,3.2203190129946893,1.433744492827008,True,False,,,,product_anomaly
2015-01-18,2,35,82,S2_E01,Shift 1,43,447,59,3.2203190129946893,1.2510450761517848,True,False,,,,product_anomaly
2015-01-18,2,35,82,S2_E02,Shift 2,39,447,59,3.2203190129946893,1.1713556656251716,True,False,,,,product_anomaly
2015-01-18,3,35,56,S3_E01,Shift 1,22,447,52,3.2203190129946893,1.4352379136723437,True,False,,,,product_anomaly
2015-01-18,3,35,56,S3_E02,Shift 2,34,447,52,3.2203190129946893,1.9124288092879747,True,False,,,,product_anomaly
2015-01-18,4,35,53,S4_E01,Full Day,53,447,48,3.2203190129946893,1.1149214891887267,True,False,,,,product_anomaly
2015-01-18,5,35,40,S5_E01,Full Day,40,447,34,3.2203190129946893,1.097807569853903,True,False,,,,product_anomaly
2015-01-18,6,35,48,S6_E01,Shift 1,28,447,34,3.2203190129946893,1.6919572812606114,True,False,,,,product_anomaly
2015-01-18,6,35,48,S6_E02,Shift 2,20,447,34,3.2203190129946893,1.5805097550321987,True,False,,,,product_anomaly
2015-01-18,7,35,37,S7_E01,Full Day,37,447,31,3.2203190129946893,1.4800034455520585,True,False,,,,product_anomaly
2015-01-18,8,35,71,S8_E01,Shift 1,30,447,58,3.2203190129946893,1.5845020126621785,True,False,,,,product_anomaly
2015-01-18,8,35,71,S8_E02,Shift 2,41,447,58,3.2203190129946893,1.2869674903661217,True,False,,,,product_anomaly
2015-01-18,9,35,65,S9_E01,Shift 1,26,447,49,3.2203190129946893,1.4664941969500567,True,False,,,,product_anomaly
2015-01-18,9,35,65,S9_E02,Shift 2,39,447,49,3.2203190129946893,1.4577909718541167,True,False,,,,product_anomaly
2015-01-18,10,35,74,S10_E01,Full Day,74,447,52,3.2203190129946893,1.1965359640239712,True,False,,,,product_anomaly
2015-02-01,1,35,44,S1_E01,Shift 1,21,447,42,1.6443625941214859,3.0557660597940646,False,True,,,,employee_anomaly
2015-03-01,1,35,59,S1_E01,Shift 1,30,447,44,2.7322537603311687,3.2063842092808192,False,True,,,,employee_anomaly
2015-03-01,2,35,93,S2_E01,Shift 1,42,447,63,2.7322537603311687,3.1204913155838128,False,True,,,,employee_anomaly
2015-03-01,3,35,75,S3_E02,Shift 2,31,447,57,2.7322537603311687,3.4103721242964737,False,True,,,,employee_anomaly
2015-03-01,4,35,84,S4_E01,Full Day,84,447,52,2.7322537603311687,3.1596518128314997,False,True,,,,employee_anomaly
2015-03-01,5,35,59,S5_E01,Full Day,59,447,39,2.7322537603311687,3.6387722164072245,False,True,,,,employee_anomaly
2015-03-01,6,35,50,S6_E01,Shift 1,25,447,36,2.7322537603311687,3.2783227914473976,False,True,,,,employee_anomaly
2015-03-01,6,35,50,S6_E02,Shift 2,25,447,36,2.7322537603311687,3.6075677552682435,False,True,,,,employee_anomaly
2015-03-01,8,35,86,S8_E01,Shift 1,44,447,60,2.7322537603311687,3.332540228908305,False,True,,,,employee_anomaly
2015-03-01,8,35,86,S8_E02,Shift 2,42,447,60,2.7322537603311687,3.009029860439897,False,True,,,,employee_anomaly
2015-03-01,9,35,73,S9_E01,Shift 1,37,447,51,2.7322537603311687,3.562831793884845,False,True,,,,employee_anomaly
2015-03-01,9,35,73,S9_E02,Shift 2,36,447,51,2.7322537603311687,3.0689769065072365,False,True,,,,employee_anomaly
2015-03-01,10,35,72,S10_E01,Full Day,72,447,57,2.7322537603311687,3.035766134572765,False,True,,,,employee_anomaly
2015-08-03,3,35,67,S3_E01,Shift 1,33,447,96,-1.962416916760537,-3.230471200097007,False,True,,,,employee_anomaly
2015-08-03,3,35,67,S3_E02,Shift 2,34,447,96,-1.962416916760537,-3.0968220305556833,False,True,,,,employee_anomaly
2015-08-03,6,35,45,S6_E01,Shift 1,26,447,67,-1.962416916760537,-3.003013866777452,False,True,,,,employee_anomaly
2015-08-03,9,35,82,S9_E02,Shift 2,39,447,91,-1.962416916760537,-3.2324063857303305,False,True,,,,employee_anomaly
2016-12-05,2,35,49,S2_E01,Shift 1,24,447,95,-2.715827366941777,-3.039797685865822,False,True,,,,employee_anomaly
2016-12-05,6,35,37,S6_E01,Shift 1,18,447,55,-2.715827366941777,-3.552929269017943,False,True,,,,employee_anomaly
2016-12-05,7,35,29,S7_E01,Full Day,29,447,51,-2.715827366941777,-3.1441222038535632,False,True,,,,employee_anomaly
2016-12-05,8,35,48,S8_E01,Shift 1,19,447,90,-2.715827366941777,-3.7685143438139015,False,True,,,,employee_anomaly
2016-12-05,8,35,48,S8_E02,Shift 2,29,447,90,-2.715827366941777,-3.111510025863777,False,True,,,,employee_anomaly
2016-12-05,9,35,42,S9_E02,Shift 2,18,447,75,-2.715827366941777,-3.3474208166871384,False,True,,,,employee_anomaly
2016-12-05,10,35,38,S10_E01,Full Day,38,447,81,-2.715827366941777,-3.2437638134469884,False,True,,,,employee_anomaly
2017-04-01,1,35,85,S1_E01,Shift 1,39,447,60,2.9561734642493422,3.05140781233218,False,True,,,,employee_anomaly
2017-12-04,1,35,40,S1_E01,Shift 1,23,447,71,-2.90195065872462,-3.566924808659965,False,True,,,,employee_anomaly
2017-12-04,1,35,40,S1_E02,Shift 2,17,447,71,-2.90195065872462,-3.439934189042974,False,True,,,,employee_anomaly
2017-12-04,2,35,61,S2_E01,Shift 1,34,447,99,-2.90195065872462,-3.4289887985334744,False,True,,,,employee_anomaly
2017-12-04,2,35,61,S2_E02,Shift 2,27,447,99,-2.90195065872462,-3.42560784986891,False,True,,,,employee_anomaly
2017-12-04,3,35,54,S3_E01,Shift 1,30,447,86,-2.90195065872462,-4.010676658948157,False,True,,,,employee_anomaly
2017-12-04,3,35,54,S3_E02,Shift 2,24,447,86,-2.90195065872462,-3.2163317411983594,False,True,,,,employee_anomaly
2017-12-04,4,35,48,S4_E01,Full Day,48,447,80,-2.90195065872462,-3.284111898833113,False,True,,,,employee_anomaly
2017-12-04,5,35,29,S5_E01,Full Day,29,447,58,-2.90195065872462,-3.2458225710762023,False,True,,,,employee_anomaly
2017-12-04,6,35,40,S6_E01,Shift 1,20,447,57,-2.90195065872462,-3.2986405964081293,False,True,,,,employee_anomaly
2017-12-04,6,35,40,S6_E02,Shift 2,20,447,57,-2.90195065872462,-3.3301889302159635,False,True,,,,employee_anomaly
2017-12-04,7,35,48,S7_E01,Full Day,48,447,53,-2.90195065872462,-3.144474792045703,False,True,,,,employee_anomaly
2017-12-04,8,35,40,S8_E01,Shift 1,21,447,93,-2.90195065872462,-3.5723822669368586,False,True,,,,employee_anomaly
2017-12-04,8,35,40,S8_E02,Shift 2,19,447,93,-2.90195065872462,-3.58582252955439,False,True,,,,employee_anomaly
2017-12-04,9,35,55,S9_E01,Shift 1,23,447,81,-2.90195065872462,-3.189292177224606,False,True,,,,employee_anomaly
2017-12-04,9,35,55,S9_E02,Shift 2,32,447,81,-2.90195065872462,-3.1563508443071124,False,True,,,,employee_anomaly
2017-12-04,10,35,55,S10_E01,Full Day,55,447,84,-2.90195065872462,-3.105707653984013,False,True,,,,employee_anomaly
2013-08-05,2,36,67,S2_E01,Shift 1,30,50,103,-1.890324268742479,-3.037931708682254,False,True,,,,employee_anomaly
2013-08-05,2,36,67,S2_E02,Shift 2,37,50,103,-1.890324268742479,-3.4857102754090485,False,True,,,,employee_anomaly
2013-12-02,1,36,29,S1_E01,Shift 1,16,50,57,-2.7886255978216665,-3.1254292363912257,False,True,,,,employee_anomaly
2013-12-02,2,36,56,S2_E01,Shift 1,24,50,89,-2.7886255978216665,-3.412450649859274,False,True,,,,employee_anomaly
2013-12-02,2,36,56,S2_E02,Shift 2,32,50,89,-2.7886255978216665,-3.2785932441135652,False,True,,,,employee_anomaly
2013-12-02,3,36,49,S3_E01,Shift 1,25,50,77,-2.7886255978216665,-3.2501487509139597,False,True,,,,employee_anomaly
2013-12-02,3,36,49,S3_E02,Shift 2,24,50,77,-2.7886255978216665,-3.4328063228458867,False,True,,,,employee_anomaly
2013-12-02,4,36,52,S4_E01,Full Day,52,50,75,-2.7886255978216665,-3.448513956982832,False,True,,,,employee_anomaly
2013-12-02,5,36,24,S5_E01,Full Day,24,50,51,-2.7886255978216665,-3.1959090536893515,False,True,,,,employee_anomaly
2013-12-02,6,36,30,S6_E02,Shift 2,15,50,50,-2.7886255978216665,-3.0818675698167812,False,True,,,,employee_anomaly
2013-12-02,8,36,46,S8_E01,Shift 1,26,50,83,-2.7886255978216665,-3.3597203284094452,False,True,,,,employee_anomaly
2013-12-02,8,36,46,S8_E02,Shift 2,20,50,83,-2.7886255978216665,-3.335819773959348,False,True,,,,employee_anomaly
2013-12-02,9,36,32,S9_E01,Shift 1,19,50,70,-2.7886255978216665,-3.305771183792513,False,True,,,,employee_anomaly
2013-12-02,9,36,32,S9_E02,Shift 2,13,50,70,-2.7886255978216665,-3.696275698428471,False,True,,,,employee_anomaly
2013-12-02,10,36,34,S10_E01,Full Day,34,50,77,-2.7886255978216665,-3.0878038047354686,False,True,,,,employee_anomaly
2014-03-01,2,36,83,S2_E01,Shift 1,34,50,71,1.8442922627911305,3.349005610782279,False,True,,,,employee_anomaly
2014-03-01,5,36,48,S5_E01,Full Day,48,50,43,1.8442922627911305,3.306479451837381,False,True,,,,employee_anomaly
2014-08-04,1,36,47,S1_E01,Shift 1,22,50,85,-3.595216651020792,-2.5453580386408605,True,False,,,,product_anomaly
2014-08-04,1,36,47,S1_E02,Shift 2,25,50,85,-3.595216651020792,-2.806490994281361,True,False,,,,product_anomaly
2014-08-04,2,36,90,S2_E01,Shift 1,42,50,122,-3.595216651020792,-3.2958565872574868,True,True,,,,product_and_employee_anomaly
2014-08-04,2,36,90,S2_E02,Shift 2,48,50,122,-3.595216651020792,-2.3253581907705634,True,False,,,,product_anomaly
2014-08-04,3,36,82,S3_E01,Shift 1,49,50,107,-3.595216651020792,-2.9193847507418793,True,False,,,,product_anomaly
2014-08-04,3,36,82,S3_E02,Shift 2,33,50,107,-3.595216651020792,-2.9764440225122466,True,False,,,,product_anomaly
2014-08-04,4,36,70,S4_E01,Full Day,70,50,96,-3.595216651020792,-3.1397631376093593,True,True,,,,product_and_employee_anomaly
2014-08-04,5,36,45,S5_E01,Full Day,45,50,71,-3.595216651020792,-3.2173712129452325,True,True,,,,product_and_employee_anomaly
2014-08-04,6,36,35,S6_E01,Shift 1,20,50,71,-3.595216651020792,-2.2070237185490025,True,False,,,,product_anomaly
2014-08-04,6,36,35,S6_E02,Shift 2,15,50,71,-3.595216651020792,-3.5017544264003857,True,True,,,,product_and_employee_anomaly
2014-08-04,7,36,46,S7_E01,Full Day,46,50,66,-3.595216651020792,-3.4459186430311015,True,True,,,,product_and_employee_anomaly
2014-08-04,8,36,67,S8_E01,Shift 1,35,50,115,-3.595216651020792,-3.8062041584640642,True,True,,,,product_and_employee_anomaly
2014-08-04,8,36,67,S8_E02,Shift 2,32,50,115,-3.595216651020792,-3.16064441974807,True,True,,,,product_and_employee_anomaly
2014-08-04,9,36,71,S9_E01,Shift 1,30,50,99,-3.595216651020792,-2.838026611374916,True,False,,,,product_anomaly
2014-08-04,9,36,71,S9_E02,Shift 2,41,50,99,-3.595216651020792,-2.777144381847396,True,False,,,,product_anomaly
2014-08-04,10,36,67,S10_E01,Full Day,67,50,108,-3.595216651020792,-2.9356516212828705,True,False,,,,product_anomaly
2014-12-01,1,36,38,S1_E01,Shift 1,21,50,72,-3.5778995344546463,-3.1060032038113756,True,True,,,,product_and_employee_anomaly
2014-12-01,1,36,38,S1_E02,Shift 2,17,50,72,-3.5778995344546463,-3.2257952791105735,True,True,,,,product_and_employee_anomaly
2014-12-01,2,36,67,S2_E01,Shift 1,31,50,102,-3.5778995344546463,-3.2103767532981733,True,True,,,,product_and_employee_anomaly
2014-12-01,2,36,67,S2_E02,Shift 2,36,50,102,-3.5778995344546463,-2.9745651825749797,True,False,,,,product_anomaly
2014-12-01,3,36,58,S3_E01,Shift 1,30,50,89,-3.5778995344546463,-3.6842826003636517,True,True,,,,product_and_employee_anomaly
2014-12-01,3,36,58,S3_E02,Shift 2,28,50,89,-3.5778995344546463,-3.7643534802102665,True,True,,,,product_and_employee_anomaly
2014-12-01,4,36,50,S4_E01,Full Day,50,50,83,-3.5778995344546463,-3.5292108233300348,True,True,,,,product_and_employee_anomaly
2014-12-01,5,36,25,S5_E01,Full Day,25,50,58,-3.5778995344546463,-3.5544771735009846,True,True,,,,product_and_employee_anomaly
2014-12-01,6,36,27,S6_E01,Shift 1,14,50,59,-3.5778995344546463,-2.725413037949043,True,False,,,,product_anomaly
2014-12-01,6,36,27,S6_E02,Shift 2,13,50,59,-3.5778995344546463,-3.2677552992025225,True,True,,,,product_and_employee_anomaly
2014-12-01,7,36,27,S7_E01,Full Day,27,50,56,-3.5778995344546463,-3.4795612216587277,True,True,,,,product_and_employee_anomaly
2014-12-01,8,36,54,S8_E01,Shift 1,27,50,96,-3.5778995344546463,-2.754138713991254,True,False,,,,product_anomaly
2014-12-01,8,36,54,S8_E02,Shift 2,27,50,96,-3.5778995344546463,-3.156889714158979,True,True,,,,product_and_employee_anomaly
2014-12-01,9,36,46,S9_E01,Shift 1,22,50,84,-3.5778995344546463,-3.0877445136207187,True,True,,,,product_and_employee_anomaly
2014-12-01,9,36,46,S9_E02,Shift 2,24,50,84,-3.5778995344546463,-2.9294097184846226,True,False,,,,product_anomaly
2014-12-01,10,36,59,S10_E01,Full Day,59,50,89,-3.5778995344546463,-3.4995746414918427,True,True,,,,product_and_employee_anomaly
2015-02-01,1,36,56,S1_E01,Shift 1,30,50,47,2.7543730620126374,3.0557660597940646,False,True,,,,employee_anomaly
2015-03-01,1,36,76,S1_E01,Shift 1,34,50,52,2.843158293974002,3.2063842092808192,False,True,,,,employee_anomaly
2015-03-01,2,36,107,S2_E01,Shift 1,53,50,76,2.843158293974002,3.1204913155838128,False,True,,,,employee_anomaly
2015-03-01,3,36,85,S3_E02,Shift 2,35,50,66,2.843158293974002,3.4103721242964737,False,True,,,,employee_anomaly
2015-03-01,4,36,80,S4_E01,Full Day,80,50,61,2.843158293974002,3.1596518128314997,False,True,,,,employee_anomaly
2015-03-01,5,36,60,S5_E01,Full Day,60,50,43,2.843158293974002,3.6387722164072245,False,True,,,,employee_anomaly
2015-03-01,6,36,63,S6_E01,Shift 1,33,50,45,2.843158293974002,3.2783227914473976,False,True,,,,employee_anomaly
2015-03-01,6,36,63,S6_E02,Shift 2,30,50,45,2.843158293974002,3.6075677552682435,False,True,,,,employee_anomaly
2015-03-01,8,36,113,S8_E01,Shift 1,62,50,72,2.843158293974002,3.332540228908305,False,True,,,,employee_anomaly
2015-03-01,8,36,113,S8_E02,Shift 2,51,50,72,2.843158293974002,3.009029860439897,False,True,,,,employee_anomaly
2015-03-01,9,36,94,S9_E01,Shift 1,55,50,64,2.843158293974002,3.562831793884845,False,True,,,,employee_anomaly
2015-03-01,9,36,94,S9_E02,Shift 2,39,50,64,2.843158293974002,3.0689769065072365,False,True,,,,employee_anomaly
2015-03-01,10,36,83,S10_E01,Full Day,83,50,64,2.843158293974002,3.035766134572765,False,True,,,,employee_anomaly
2015-08-03,3,36,86,S3_E01,Shift 1,46,50,114,-2.2206797516036576,-3.230471200097007,False,True,,,,employee_anomaly
2015-08-03,3,36,86,S3_E02,Shift 2,40,50,114,-2.2206797516036576,-3.0968220305556833,False,True,,,,employee_anomaly
2015-08-03,6,36,52,S6_E01,Shift 1,24,50,78,-2.2206797516036576,-3.003013866777452,False,True,,,,employee_anomaly
2015-08-03,9,36,89,S9_E02,Shift 2,41,50,108,-2.2206797516036576,-3.2324063857303305,False,True,,,,employee_anomaly
2015-12-01,1,36,38,S1_E01,Shift 1,22,50,72,-3.402680747484159,-2.584623178884539,True,False,,,,product_anomaly
2015-12-01,1,36,38,S1_E02,Shift 2,16,50,72,-3.402680747484159,-2.7661406637905475,True,False,,,,product_anomaly
2015-12-01,2,36,62,S2_E01,Shift 1,34,50,103,-3.402680747484159,-2.6931839314420327,True,False,,,,product_anomaly
2015-12-01,2,36,62,S2_E02,Shift 2,28,50,103,-3.402680747484159,-2.644584340674169,True,False,,,,product_anomaly
2015-12-01,3,36,50,S3_E01,Shift 1,23,50,93,-3.402680747484159,-2.6297033063545867,True,False,,,,product_anomaly
2015-12-01,3,36,50,S3_E02,Shift 2,27,50,93,-3.402680747484159,-2.367494236832392,True,False,,,,product_anomaly
2015-12-01,4,36,55,S4_E01,Full Day,55,50,89,-3.402680747484159,-2.5908311630645997,True,False,,,,product_anomaly
2015-12-01,5,36,32,S5_E01,Full Day,32,50,62,-3.402680747484159,-2.6110344096088554,True,False,,,,product_anomaly
2015-12-01,6,36,35,S6_E01,Shift 1,15,50,62,-3.402680747484159,-2.6979872750225096,True,False,,,,product_anomaly
2015-12-01,6,36,35,S6_E02,Shift 2,20,50,62,-3.402680747484159,-2.240655920396686,True,False,,,,product_anomaly
2015-12-01,7,36,33,S7_E01,Full Day,33,50,55,-3.402680747484159,-2.4045995818718513,True,False,,,,product_anomaly
2015-12-01,8,36,70,S8_E01,Shift 1,31,50,100,-3.402680747484159,-2.332411640702732,True,False,,,,product_anomaly
2015-12-01,8,36,70,S8_E02,Shift 2,39,50,100,-3.402680747484159,-2.2633780838650237,True,False,,,,product_anomaly
2015-12-01,9,36,46,S9_E01,Shift 1,27,50,85,-3.402680747484159,-2.549115151643684,True,False,,,,product_anomaly
2015-12-01,9,36,46,S9_E02,Shift 2,19,50,85,-3.402680747484159,-2.5849653687892817,True,False,,,,product_anomaly
2015-12-01,10,36,61,S10_E01,Full Day,61,50,91,-3.402680747484159,-2.5341460804226097,True,False,,,,product_anomaly
2016-12-05,2,36,76,S2_E01,Shift 1,34,50,107,-2.3727903075522057,-3.039797685865822,False,True,,,,employee_anomaly
2016-12-05,6,36,43,S6_E01,Shift 1,21,50,63,-2.3727903075522057,-3.552929269017943,False,True,,,,employee_anomaly
2016-12-05,7,36,32,S7_E01,Full Day,32,50,58,-2.3727903075522057,-3.1441222038535632,False,True,,,,employee_anomaly
2016-12-05,8,36,57,S8_E01,Shift 1,32,50,106,-2.3727903075522057,-3.7685143438139015,False,True,,,,employee_anomaly
2016-12-05,8,36,57,S8_E02,Shift 2,25,50,106,-2.3727903075522057,-3.111510025863777,False,True,,,,employee_anomaly
2016-12-05,9,36,52,S9_E02,Shift 2,22,50,88,-2.3727903075522057,-3.3474208166871384,False,True,,,,employee_anomaly
2016-12-05,10,36,59,S10_E01,Full Day,59,50,98,-2.3727903075522057,-3.2437638134469884,False,True,,,,employee_anomaly
2017-04-01,1,36,97,S1_E01,Shift 1,43,50,73,3.1179605724931108,3.05140781233218,True,True,,,,product_and_employee_anomaly
2017-04-01,1,36,97,S1_E02,Shift 2,54,50,73,3.1179605724931108,1.8889707199416608,True,False,,,,product_anomaly
2017-04-01,2,36,149,S2_E01,Shift 1,79,50,101,3.1179605724931108,2.580825384206757,True,False,,,,product_anomaly
2017-04-01,2,36,149,S2_E02,Shift 2,70,50,101,3.1179605724931108,1.8902291251894983,True,False,,,,product_anomaly
2017-04-01,3,36,139,S3_E01,Shift 1,83,50,91,3.1179605724931108,2.146311496476392,True,False,,,,product_anomaly
2017-04-01,3,36,139,S3_E02,Shift 2,56,50,91,3.1179605724931108,2.6475539335490783,True,False,,,,product_anomaly
2017-04-01,4,36,98,S4_E01,Full Day,98,50,84,3.1179605724931108,2.604125050604662,True,False,,,,product_anomaly
2017-04-01,5,36,80,S5_E01,Full Day,80,50,59,3.1179605724931108,2.0946405205673497,True,False,,,,product_anomaly
2017-04-01,6,36,77,S6_E01,Shift 1,43,50,60,3.1179605724931108,1.9955300762401422,True,False,,,,product_anomaly
2017-04-01,6,36,77,S6_E02,Shift 2,34,50,60,3.1179605724931108,2.0319107529869678,True,False,,,,product_anomaly
2017-04-01,7,36,68,S7_E01,Full Day,68,50,51,3.1179605724931108,2.0463149682118975,True,False,,,,product_anomaly
2017-04-01,8,36,131,S8_E01,Shift 1,55,50,94,3.1179605724931108,1.669396621291034,True,False,,,,product_anomaly
2017-04-01,8,36,131,S8_E02,Shift 2,76,50,94,3.1179605724931108,1.9060750667749524,True,False,,,,product_anomaly
2017-04-01,9,36,120,S9_E01,Shift 1,58,50,83,3.1179605724931108,2.2000613125488666,True,False,,,,product_anomaly
2017-04-01,9,36,120,S9_E02,Shift 2,62,50,83,3.1179605724931108,2.391187027547361,True,False,,,,product_anomaly
2017-04-01,10,36,114,S10_E01,Full Day,114,50,87,3.1179605724931108,2.4102948199436187,True,False,,,,product_anomaly
2017-12-04,1,36,51,S1_E01,Shift 1,26,50,81,-2.7023001948623926,-3.566924808659965,False,True,,,,employee_anomaly
2017-12-04,1,36,51,S1_E02,Shift 2,25,50,81,-2.7023001948623926,-3.439934189042974,False,True,,,,employee_anomaly
2017-12-04,2,36,69,S2_E01,Shift 1,36,50,116,-2.7023001948623926,-3.4289887985334744,False,True,,,,employee_anomaly
2017-12-04,2,36,69,S2_E02,Shift 2,33,50,116,-2.7023001948623926,-3.42560784986891,False,True,,,,employee_anomaly
2017-12-04,3,36,68,S3_E01,Shift 1,30,50,102,-2.7023001948623926,-4.010676658948157,False,True,,,,employee_anomaly
2017-12-04,3,36,68,S3_E02,Shift 2,38,50,102,-2.7023001948623926,-3.2163317411983594,False,True,,,,employee_anomaly
2017-12-04,4,36,59,S4_E01,Full Day,59,50,93,-2.7023001948623926,-3.284111898833113,False,True,,,,employee_anomaly
2017-12-04,5,36,45,S5_E01,Full Day,45,50,66,-2.7023001948623926,-3.2458225710762023,False,True,,,,employee_anomaly
2017-12-04,6,36,43,S6_E01,Shift 1,24,50,69,-2.7023001948623926,-3.2986405964081293,False,True,,,,employee_anomaly
2017-12-04,6,36,43,S6_E02,Shift 2,19,50,69,-2.7023001948623926,-3.3301889302159635,False,True,,,,employee_anomaly
2017-12-04,7,36,46,S7_E01,Full Day,46,50,64,-2.7023001948623926,-3.144474792045703,False,True,,,,employee_anomaly
2017-12-04,8,36,59,S8_E01,Shift 1,24,50,113,-2.7023001948623926,-3.5723822669368586,False,True,,,,employee_anomaly
2017-12-04,8,36,59,S8_E02,Shift 2,35,50,113,-2.7023001948623926,-3.58582252955439,False,True,,,,employee_anomaly
2017-12-04,9,36,44,S9_E01,Shift 1,23,50,95,-2.7023001948623926,-3.189292177224606,False,True,,,,employee_anomaly
2017-12-04,9,36,44,S9_E02,Shift 2,21,50,95,-2.7023001948623926,-3.1563508443071124,False,True,,,,employee_anomaly
2017-12-04,10,36,61,S10_E01,Full Day,61,50,101,-2.7023001948623926,-3.105707653984013,False,True,,,,employee_anomaly
2013-04-06,1,37,30,S1_E01,Shift 1,13,432,22,3.031855789375476,2.839559852551617,True,False,,,,product_anomaly
2013-04-06,1,37,30,S1_E02,Shift 2,17,432,22,3.031855789375476,2.465481209192916,True,False,,,,product_anomaly
2013-04-06,2,37,30,S2_E01,Shift 1,17,432,28,3.031855789375476,2.1281607617112295,True,False,,,,product_anomaly
2013-04-06,2,37,30,S2_E02,Shift 2,13,432,28,3.031855789375476,2.1840082511797245,True,False,,,,product_anomaly
2013-04-06,3,37,27,S3_E01,Shift 1,12,432,26,3.031855789375476,1.053706115973092,True,False,,,,product_anomaly
2013-04-06,3,37,27,S3_E02,Shift 2,15,432,26,3.031855789375476,1.6602571908912562,True,False,,,,product_anomaly
2013-04-06,4,37,28,S4_E01,Full Day,28,432,23,3.031855789375476,1.6247707042454427,True,False,,,,product_anomaly
2013-04-06,5,37,17,S5_E01,Full Day,17,432,17,3.031855789375476,1.9491259248178963,True,False,,,,product_anomaly
2013-04-06,6,37,19,S6_E01,Shift 1,11,432,16,3.031855789375476,1.842812980823236,True,False,,,,product_anomaly
2013-04-06,6,37,19,S6_E02,Shift 2,8,432,16,3.031855789375476,1.5007315172957991,True,False,,,,product_anomaly
2013-04-06,7,37,24,S7_E01,Full Day,24,432,14,3.031855789375476,1.7545287168379493,True,False,,,,product_anomaly
2013-04-06,8,37,45,S8_E01,Shift 1,22,432,26,3.031855789375476,2.2225036307509787,True,False,,,,product_anomaly
2013-04-06,8,37,45,S8_E02,Shift 2,23,432,26,3.031855789375476,1.9123206661130763,True,False,,,,product_anomaly
2013-04-06,9,37,26,S9_E01,Shift 1,12,432,24,3.031855789375476,2.3473117945259925,True,False,,,,product_anomaly
2013-04-06,9,37,26,S9_E02,Shift 2,14,432,24,3.031855789375476,1.8988536798688116,True,False,,,,product_anomaly
2013-04-06,10,37,30,S10_E01,Full Day,30,432,25,3.031855789375476,1.8219577200655632,True,False,,,,product_anomaly
2013-05-13,1,37,21,S1_E01,Shift 1,10,432,23,-3.678070518306658,-1.8898496122092792,True,False,,,,product_anomaly
2013-05-13,1,37,21,S1_E02,Shift 2,11,432,23,-3.678070518306658,-1.6456565584557388,True,False,,,,product_anomaly
2013-05-13,2,37,20,S2_E01,Shift 1,11,432,36,-3.678070518306658,-1.4246120276490375,True,False,,,,product_anomaly
2013-05-13,2,37,20,S2_E02,Shift 2,9,432,36,-3.678070518306658,-1.7582257373218737,True,False,,,,product_anomaly
2013-05-13,3,37,20,S3_E01,Shift 1,9,432,29,-3.678070518306658,-1.4764905881829151,True,False,,,,product_anomaly
2013-05-13,3,37,20,S3_E02,Shift 2,11,432,29,-3.678070518306658,-1.9009677924241795,True,False,,,,product_anomaly
2013-05-13,4,37,19,S4_E01,Full Day,19,432,28,-3.678070518306658,-1.6202632092226434,True,False,,,,product_anomaly
2013-05-13,5,37,14,S5_E01,Full Day,14,432,22,-3.678070518306658,-1.298443395401745,True,False,,,,product_anomaly
2013-05-13,6,37,14,S6_E01,Shift 1,6,432,21,-3.678070518306658,-1.636692879759771,True,False,,,,product_anomaly
2013-05-13,6,37,14,S6_E02,Shift 2,8,432,21,-3.678070518306658,-1.6612050870297264,True,False,,,,product_anomaly
2013-05-13,7,37,8,S7_E01,Full Day,8,432,19,-3.678070518306658,-1.6867677151917642,True,False,,,,product_anomaly
2013-05-13,8,37,20,S8_E01,Shift 1,11,432,33,-3.678070518306658,-1.7094683260343597,True,False,,,,product_anomaly
2013-05-13,8,37,20,S8_E02,Shift 2,9,432,33,-3.678070518306658,-1.7717798385993868,True,False,,,,product_anomaly
2013-05-13,9,37,15,S9_E01,Shift 1,8,432,27,-3.678070518306658,-1.6322018498953499,True,False,,,,product_anomaly
2013-05-13,9,37,15,S9_E02,Shift 2,7,432,27,-3.678070518306658,-1.4867457136574824,True,False,,,,product_anomaly
2013-05-13,10,37,19,S10_E01,Full Day,19,432,29,-3.678070518306658,-1.725271451730237,True,False,,,,product_anomaly
2013-08-05,2,37,25,S2_E01,Shift 1,12,432,38,-1.7916035203178822,-3.037931708682254,False,True,,,,employee_anomaly
2013-08-05,2,37,25,S2_E02,Shift 2,13,432,38,-1.7916035203178822,-3.4857102754090485,False,True,,,,employee_anomaly
2013-12-02,1,37,11,S1_E01,Shift 1,6,432,24,-2.4710069309701534,-3.1254292363912257,False,True,,,,employee_anomaly
2013-12-02,2,37,22,S2_E01,Shift 1,11,432,33,-2.4710069309701534,-3.412450649859274,False,True,,,,employee_anomaly
2013-12-02,2,37,22,S2_E02,Shift 2,11,432,33,-2.4710069309701534,-3.2785932441135652,False,True,,,,employee_anomaly
2013-12-02,3,37,12,S3_E01,Shift 1,6,432,30,-2.4710069309701534,-3.2501487509139597,False,True,,,,employee_anomaly
2013-12-02,3,37,12,S3_E02,Shift 2,6,432,30,-2.4710069309701534,-3.4328063228458867,False,True,,,,employee_anomaly
2013-12-02,4,37,9,S4_E01,Full Day,9,432,27,-2.4710069309701534,-3.448513956982832,False,True,,,,employee_anomaly
2013-12-02,5,37,7,S5_E01,Full Day,7,432,19,-2.4710069309701534,-3.1959090536893515,False,True,,,,employee_anomaly
2013-12-02,6,37,11,S6_E02,Shift 2,6,432,19,-2.4710069309701534,-3.0818675698167812,False,True,,,,employee_anomaly
2013-12-02,8,37,18,S8_E01,Shift 1,10,432,32,-2.4710069309701534,-3.3597203284094452,False,True,,,,employee_anomaly
2013-12-02,8,37,18,S8_E02,Shift 2,8,432,32,-2.4710069309701534,-3.335819773959348,False,True,,,,employee_anomaly
2013-12-02,9,37,22,S9_E01,Shift 1,10,432,27,-2.4710069309701534,-3.305771183792513,False,True,,,,employee_anomaly
2013-12-02,9,37,22,S9_E02,Shift 2,12,432,27,-2.4710069309701534,-3.696275698428471,False,True,,,,employee_anomaly
2013-12-02,10,37,17,S10_E01,Full Day,17,432,30,-2.4710069309701534,-3.0878038047354686,False,True,,,,employee_anomaly
2014-03-01,1,37,25,S1_E01,Shift 1,14,432,20,3.15310989224921,1.8242545275228967,True,False,,,,product_anomaly
2014-03-01,1,37,25,S1_E02,Shift 2,11,432,20,3.15310989224921,2.6015673164242665,True,False,,,,product_anomaly
2014-03-01,2,37,36,S2_E01,Shift 1,20,432,26,3.15310989224921,3.349005610782279,True,True,,,,product_and_employee_anomaly
2014-03-01,2,37,36,S2_E02,Shift 2,16,432,26,3.15310989224921,2.8461099331193718,True,False,,,,product_anomaly
2014-03-01,3,37,30,S3_E01,Shift 1,14,432,24,3.15310989224921,1.9584902781729174,True,False,,,,product_anomaly
2014-03-01,3,37,30,S3_E02,Shift 2,16,432,24,3.15310989224921,2.4343516400715948,True,False,,,,product_anomaly
2014-03-01,4,37,28,S4_E01,Full Day,28,432,22,3.15310989224921,2.5055749314209104,True,False,,,,product_anomaly
2014-03-01,5,37,17,S5_E01,Full Day,17,432,16,3.15310989224921,3.306479451837381,True,True,,,,product_and_employee_anomaly
2014-03-01,6,37,20,S6_E01,Shift 1,9,432,17,3.15310989224921,2.323386541300781,True,False,,,,product_anomaly
2014-03-01,6,37,20,S6_E02,Shift 2,11,432,17,3.15310989224921,2.9878245936140457,True,False,,,,product_anomaly
2014-03-01,7,37,21,S7_E01,Full Day,21,432,13,3.15310989224921,2.157297689436117,True,False,,,,product_anomaly
2014-03-01,8,37,48,S8_E01,Shift 1,28,432,27,3.15310989224921,2.488561115036944,True,False,,,,product_anomaly
2014-03-01,8,37,48,S8_E02,Shift 2,20,432,27,3.15310989224921,2.2777673761291855,True,False,,,,product_anomaly
2014-03-01,9,37,38,S9_E01,Shift 1,17,432,22,3.15310989224921,2.0575462095889767,True,False,,,,product_anomaly
2014-03-01,9,37,38,S9_E02,Shift 2,21,432,22,3.15310989224921,2.25800157879476,True,False,,,,product_anomaly
2014-03-01,10,37,30,S10_E01,Full Day,30,432,24,3.15310989224921,2.822284998497931,True,False,,,,product_anomaly
2014-08-04,2,37,50,S2_E01,Shift 1,30,432,46,-1.7205431983741093,-3.2958565872574868,False,True,,,,employee_anomaly
2014-08-04,4,37,26,S4_E01,Full Day,26,432,38,-1.7205431983741093,-3.1397631376093593,False,True,,,,employee_anomaly
2014-08-04,5,37,21,S5_E01,Full Day,21,432,26,-1.7205431983741093,-3.2173712129452325,False,True,,,,employee_anomaly
2014-08-04,6,37,16,S6_E02,Shift 2,7,432,29,-1.7205431983741093,-3.5017544264003857,False,True,,,,employee_anomaly
2014-08-04,7,37,14,S7_E01,Full Day,14,432,26,-1.7205431983741093,-3.4459186430311015,False,True,,,,employee_anomaly
2014-08-04,8,37,24,S8_E01,Shift 1,14,432,47,-1.7205431983741093,-3.8062041584640642,False,True,,,,employee_anomaly
2014-08-04,8,37,24,S8_E02,Shift 2,10,432,47,-1.7205431983741093,-3.16064441974807,False,True,,,,employee_anomaly
2014-12-01,1,37,19,S1_E01,Shift 1,8,432,25,-2.2914784372516475,-3.1060032038113756,False,True,,,,employee_anomaly
2014-12-01,1,37,19,S1_E02,Shift 2,11,432,25,-2.2914784372516475,-3.2257952791105735,False,True,,,,employee_anomaly
2014-12-01,2,37,21,S2_E01,Shift 1,9,432,37,-2.2914784372516475,-3.2103767532981733,False,True,,,,employee_anomaly
2014-12-01,3,37,14,S3_E01,Shift 1,6,432,33,-2.2914784372516475,-3.6842826003636517,False,True,,,,employee_anomaly
2014-12-01,3,37,14,S3_E02,Shift 2,8,432,33,-2.2914784372516475,-3.7643534802102665,False,True,,,,employee_anomaly
2014-12-01,4,37,17,S4_E01,Full Day,17,432,30,-2.2914784372516475,-3.5292108233300348,False,True,,,,employee_anomaly
2014-12-01,5,37,15,S5_E01,Full Day,15,432,23,-2.2914784372516475,-3.5544771735009846,False,True,,,,employee_anomaly
2014-12-01,6,37,13,S6_E02,Shift 2,8,432,23,-2.2914784372516475,-3.2677552992025225,False,True,,,,employee_anomaly
2014-12-01,7,37,15,S7_E01,Full Day,15,432,20,-2.2914784372516475,-3.4795612216587277,False,True,,,,employee_anomaly
2014-12-01,8,37,32,S8_E02,Shift 2,13,432,36,-2.2914784372516475,-3.156889714158979,False,True,,,,employee_anomaly
2014-12-01,9,37,20,S9_E01,Shift 1,9,432,31,-2.2914784372516475,-3.0877445136207187,False,True,,,,employee_anomaly
2014-12-01,10,37,19,S10_E01,Full Day,19,432,33,-2.2914784372516475,-3.4995746414918427,False,True,,,,employee_anomaly
2015-02-01,1,37,24,S1_E01,Shift 1,12,432,18,1.672634621946089,3.0557660597940646,False,True,,,,employee_anomaly
2015-03-01,1,37,27,S1_E01,Shift 1,13,432,20,3.048817402012644,3.2063842092808192,True,True,,,,product_and_employee_anomaly
2015-03-01,1,37,27,S1_E02,Shift 2,14,432,20,3.048817402012644,2.7011350015772067,True,False,,,,product_anomaly
2015-03-01,2,37,36,S2_E01,Shift 1,15,432,27,3.048817402012644,3.1204913155838128,True,True,,,,product_and_employee_anomaly
2015-03-01,2,37,36,S2_E02,Shift 2,21,432,27,3.048817402012644,2.9504051632544526,True,False,,,,product_anomaly
2015-03-01,3,37,44,S3_E01,Shift 1,18,432,25,3.048817402012644,2.94608151148025,True,False,,,,product_anomaly
2015-03-01,3,37,44,S3_E02,Shift 2,26,432,25,3.048817402012644,3.4103721242964737,True,True,,,,product_and_employee_anomaly
2015-03-01,4,37,26,S4_E01,Full Day,26,432,22,3.048817402012644,3.1596518128314997,True,True,,,,product_and_employee_anomaly
2015-03-01,5,37,23,S5_E01,Full Day,23,432,17,3.048817402012644,3.6387722164072245,True,True,,,,product_and_employee_anomaly
2015-03-01,6,37,30,S6_E01,Shift 1,15,432,16,3.048817402012644,3.2783227914473976,True,True,,,,product_and_employee_anomaly
2015-03-01,6,37,30,S6_E02,Shift 2,15,432,16,3.048817402012644,3.6075677552682435,True,True,,,,product_and_employee_anomaly
2015-03-01,7,37,23,S7_E01,Full Day,23,432,17,3.048817402012644,2.8190730739031222,True,False,,,,product_anomaly
2015-03-01,8,37,37,S8_E01,Shift 1,15,432,27,3.048817402012644,3.332540228908305,True,True,,,,product_and_employee_anomaly
2015-03-01,8,37,37,S8_E02,Shift 2,22,432,27,3.048817402012644,3.009029860439897,True,True,,,,product_and_employee_anomaly
2015-03-01,9,37,39,S9_E01,Shift 1,20,432,23,3.048817402012644,3.562831793884845,True,True,,,,product_and_employee_anomaly
2015-03-01,9,37,39,S9_E02,Shift 2,19,432,23,3.048817402012644,3.0689769065072365,True,True,,,,product_and_employee_anomaly
2015-03-01,10,37,47,S10_E01,Full Day,47,432,25,3.048817402012644,3.035766134572765,True,True,,,,product_and_employee_anomaly
2015-08-03,1,37,26,S1_E01,Shift 1,13,432,34,-3.4974827952203227,-2.431152188562419,True,False,,,,product_anomaly
2015-08-03,1,37,26,S1_E02,Shift 2,13,432,34,-3.4974827952203227,-2.6588983591723636,True,False,,,,product_anomaly
2015-08-03,2,37,29,S2_E01,Shift 1,15,432,48,-3.4974827952203227,-2.1714259053724394,True,False,,,,product_anomaly
2015-08-03,2,37,29,S2_E02,Shift 2,14,432,48,-3.4974827952203227,-2.5727933298725434,True,False,,,,product_anomaly
2015-08-03,3,37,23,S3_E01,Shift 1,12,432,42,-3.4974827952203227,-3.230471200097007,True,True,,,,product_and_employee_anomaly
2015-08-03,3,37,23,S3_E02,Shift 2,11,432,42,-3.4974827952203227,-3.0968220305556833,True,True,,,,product_and_employee_anomaly
2015-08-03,4,37,25,S4_E01,Full Day,25,432,40,-3.4974827952203227,-2.7376755606770606,True,False,,,,product_anomaly
2015-08-03,5,37,21,S5_E01,Full Day,21,432,27,-3.4974827952203227,-2.664634525264307,True,False,,,,product_anomaly
2015-08-03,6,37,15,S6_E01,Shift 1,9,432,29,-3.4974827952203227,-3.003013866777452,True,True,,,,product_and_employee_anomaly
2015-08-03,6,37,15,S6_E02,Shift 2,6,432,29,-3.4974827952203227,-2.5336785743591226,True,False,,,,product_anomaly
2015-08-03,7,37,19,S7_E01,Full Day,19,432,25,-3.4974827952203227,-2.3966524315397892,True,False,,,,product_anomaly
2015-08-03,8,37,32,S8_E01,Shift 1,18,432,47,-3.4974827952203227,-2.893402768817878,True,False,,,,product_anomaly
2015-08-03,8,37,32,S8_E02,Shift 2,14,432,47,-3.4974827952203227,-2.405130863769209,True,False,,,,product_anomaly
2015-08-03,9,37,35,S9_E01,Shift 1,19,432,41,-3.4974827952203227,-2.4640677522246373,True,False,,,,product_anomaly
2015-08-03,9,37,35,S9_E02,Shift 2,16,432,41,-3.4974827952203227,-3.2324063857303305,True,True,,,,product_and_employee_anomaly
2015-08-03,10,37,26,S10_E01,Full Day,26,432,40,-3.4974827952203227,-2.654029610435547,True,False,,,,product_anomaly
2016-12-05,1,37,15,S1_E01,Shift 1,7,432,30,-4.343664496337159,-2.4321396159735382,True,False,,,,product_anomaly
2016-12-05,1,37,15,S1_E02,Shift 2,8,432,30,-4.343664496337159,-2.580461211183038,True,False,,,,product_anomaly
2016-12-05,2,37,30,S2_E01,Shift 1,13,432,41,-4.343664496337159,-3.039797685865822,True,True,,,,product_and_employee_anomaly
2016-12-05,2,37,30,S2_E02,Shift 2,17,432,41,-4.343664496337159,-2.8411273492839912,True,False,,,,product_anomaly
2016-12-05,3,37,27,S3_E01,Shift 1,14,432,37,-4.343664496337159,-2.6334758693639126,True,False,,,,product_anomaly
2016-12-05,3,37,27,S3_E02,Shift 2,13,432,37,-4.343664496337159,-2.870138019802202,True,False,,,,product_anomaly
2016-12-05,4,37,22,S4_E01,Full Day,22,432,36,-4.343664496337159,-2.803773742586649,True,False,,,,product_anomaly
2016-12-05,5,37,16,S5_E01,Full Day,16,432,24,-4.343664496337159,-2.639685670948698,True,False,,,,product_anomaly
2016-12-05,6,37,12,S6_E01,Shift 1,5,432,25,-4.343664496337159,-3.552929269017943,True,True,,,,product_and_employee_anomaly
2016-12-05,6,37,12,S6_E02,Shift 2,7,432,25,-4.343664496337159,-2.6336470607013553,True,False,,,,product_anomaly
2016-12-05,7,37,10,S7_E01,Full Day,10,432,23,-4.343664496337159,-3.1441222038535632,True,True,,,,product_and_employee_anomaly
2016-12-05,8,37,20,S8_E01,Shift 1,8,432,41,-4.343664496337159,-3.7685143438139015,True,True,,,,product_and_employee_anomaly
2016-12-05,8,37,20,S8_E02,Shift 2,12,432,41,-4.343664496337159,-3.111510025863777,True,True,,,,product_and_employee_anomaly
2016-12-05,9,37,16,S9_E01,Shift 1,9,432,34,-4.343664496337159,-2.9300684022247934,True,False,,,,product_anomaly
2016-12-05,9,37,16,S9_E02,Shift 2,7,432,34,-4.343664496337159,-3.3474208166871384,True,True,,,,product_and_employee_anomaly
2016-12-05,10,37,11,S10_E01,Full Day,11,432,36,-4.343664496337159,-3.2437638134469884,True,True,,,,product_and_employee_anomaly
2017-04-01,1,37,33,S1_E01,Shift 1,19,432,25,1.2100707064459346,3.05140781233218,False,True,,,,employee_anomaly
2017-12-04,1,37,11,S1_E01,Shift 1,4,432,32,-4.3558002916487055,-3.566924808659965,True,True,,,,product_and_employee_anomaly
2017-12-04,1,37,11,S1_E02,Shift 2,7,432,32,-4.3558002916487055,-3.439934189042974,True,True,,,,product_and_employee_anomaly
2017-12-04,2,37,27,S2_E01,Shift 1,15,432,45,-4.3558002916487055,-3.4289887985334744,True,True,,,,product_and_employee_anomaly
2017-12-04,2,37,27,S2_E02,Shift 2,12,432,45,-4.3558002916487055,-3.42560784986891,True,True,,,,product_and_employee_anomaly
2017-12-04,3,37,18,S3_E01,Shift 1,9,432,39,-4.3558002916487055,-4.010676658948157,True,True,,,,product_and_employee_anomaly
2017-12-04,3,37,18,S3_E02,Shift 2,9,432,39,-4.3558002916487055,-3.2163317411983594,True,True,,,,product_and_employee_anomaly
2017-12-04,4,37,24,S4_E01,Full Day,24,432,35,-4.3558002916487055,-3.284111898833113,True,True,,,,product_and_employee_anomaly
2017-12-04,5,37,9,S5_E01,Full Day,9,432,24,-4.3558002916487055,-3.2458225710762023,True,True,,,,product_and_employee_anomaly
2017-12-04,6,37,16,S6_E01,Shift 1,8,432,25,-4.3558002916487055,-3.2986405964081293,True,True,,,,product_and_employee_anomaly
2017-12-04,6,37,16,S6_E02,Shift 2,8,432,25,-4.3558002916487055,-3.3301889302159635,True,True,,,,product_and_employee_anomaly
2017-12-04,7,37,6,S7_E01,Full Day,6,432,22,-4.3558002916487055,-3.144474792045703,True,True,,,,product_and_employee_anomaly
2017-12-04,8,37,23,S8_E01,Shift 1,9,432,43,-4.3558002916487055,-3.5723822669368586,True,True,,,,product_and_employee_anomaly
2017-12-04,8,37,23,S8_E02,Shift 2,14,432,43,-4.3558002916487055,-3.58582252955439,True,True,,,,product_and_employee_anomaly
2017-12-04,9,37,17,S9_E01,Shift 1,10,432,38,-4.3558002916487055,-3.189292177224606,True,True,,,,product_and_employee_anomaly
2017-12-04,9,37,17,S9_E02,Shift 2,7,432,38,-4.3558002916487055,-3.1563508443071124,True,True,,,,product_and_employee_anomaly
2017-12-04,10,37,19,S10_E01,Full Day,19,432,38,-4.3558002916487055,-3.105707653984013,True,True,,,,product_and_employee_anomaly
2013-04-05,1,38,80,S1_E01,Shift 1,47,418,58,4.2407175209545604,1.2822528462902483,True,False,,,,product_anomaly
2013-04-05,1,38,80,S1_E02,Shift 2,33,418,58,4.2407175209545604,1.6655619266937327,True,False,,,,product_anomaly
2013-04-05,2,38,93,S2_E01,Shift 1,54,418,79,4.2407175209545604,0.9804176870554613,True,False,,,,product_anomaly
2013-04-05,2,38,93,S2_E02,Shift 2,39,418,79,4.2407175209545604,2.438100946981826,True,False,,,,product_anomaly
2013-04-05,3,38,98,S3_E01,Shift 1,56,418,69,4.2407175209545604,1.8101722821995672,True,False,,,,product_anomaly
2013-04-05,3,38,98,S3_E02,Shift 2,42,418,69,4.2407175209545604,1.4399181602622055,True,False,,,,product_anomaly
2013-04-05,4,38,99,S4_E01,Full Day,99,418,64,4.2407175209545604,1.1825672925043849,True,False,,,,product_anomaly
2013-04-05,5,38,64,S5_E01,Full Day,64,418,48,4.2407175209545604,2.048892366688974,True,False,,,,product_anomaly
2013-04-05,6,38,72,S6_E01,Shift 1,32,418,47,4.2407175209545604,1.319972694811743,True,False,,,,product_anomaly
2013-04-05,6,38,72,S6_E02,Shift 2,40,418,47,4.2407175209545604,1.8273867066949074,True,False,,,,product_anomaly
2013-04-05,7,38,57,S7_E01,Full Day,57,418,45,4.2407175209545604,0.9124884963071148,True,False,,,,product_anomaly
2013-04-05,8,38,94,S8_E01,Shift 1,52,418,78,4.2407175209545604,1.590855669592269,True,False,,,,product_anomaly
2013-04-05,8,38,94,S8_E02,Shift 2,42,418,78,4.2407175209545604,0.9761755471914035,True,False,,,,product_anomaly
2013-04-05,9,38,74,S9_E01,Shift 1,40,418,65,4.2407175209545604,2.1143570493109327,True,False,,,,product_anomaly
2013-04-05,9,38,74,S9_E02,Shift 2,34,418,65,4.2407175209545604,2.246937231895041,True,False,,,,product_anomaly
2013-04-05,10,38,86,S10_E01,Full Day,86,418,71,4.2407175209545604,1.6592784885404035,True,False,,,,product_anomaly
2013-08-05,1,38,47,S1_E01,Shift 1,21,418,79,-3.4080362837875313,-2.4156234667007204,True,False,,,,product_anomaly
2013-08-05,1,38,47,S1_E02,Shift 2,26,418,79,-3.4080362837875313,-2.6106751492337086,True,False,,,,product_anomaly
2013-08-05,2,38,79,S2_E01,Shift 1,46,418,109,-3.4080362837875313,-3.037931708682254,True,True,,,,product_and_employee_anomaly
2013-08-05,2,38,79,S2_E02,Shift 2,33,418,109,-3.4080362837875313,-3.4857102754090485,True,True,,,,product_and_employee_anomaly
2013-08-05,3,38,59,S3_E01,Shift 1,24,418,97,-3.4080362837875313,-2.471140170469033,True,False,,,,product_anomaly
2013-08-05,3,38,59,S3_E02,Shift 2,35,418,97,-3.4080362837875313,-2.977763708215258,True,False,,,,product_anomaly
2013-08-05,4,38,58,S4_E01,Full Day,58,418,89,-3.4080362837875313,-2.585399372448584,True,False,,,,product_anomaly
2013-08-05,5,38,37,S5_E01,Full Day,37,418,65,-3.4080362837875313,-2.476026680116979,True,False,,,,product_anomaly
2013-08-05,6,38,45,S6_E01,Shift 1,19,418,66,-3.4080362837875313,-2.480769642052181,True,False,,,,product_anomaly
2013-08-05,6,38,45,S6_E02,Shift 2,26,418,66,-3.4080362837875313,-2.281964941758153,True,False,,,,product_anomaly
2013-08-05,7,38,46,S7_E01,Full Day,46,418,60,-3.4080362837875313,-2.3775535177606595,True,False,,,,product_anomaly
2013-08-05,8,38,74,S8_E01,Shift 1,30,418,106,-3.4080362837875313,-2.2496415033443022,True,False,,,,product_anomaly
2013-08-05,8,38,74,S8_E02,Shift 2,44,418,106,-3.4080362837875313,-2.3907326904646378,True,False,,,,product_anomaly
2013-08-05,9,38,73,S9_E01,Shift 1,37,418,92,-3.4080362837875313,-2.1535467339877448,True,False,,,,product_anomaly
2013-08-05,9,38,73,S9_E02,Shift 2,36,418,92,-3.4080362837875313,-2.4560677337350354,True,False,,,,product_anomaly
2013-08-05,10,38,63,S10_E01,Full Day,63,418,94,-3.4080362837875313,-2.25167679317855,True,False,,,,product_anomaly
2013-12-02,1,38,26,S1_E01,Shift 1,14,418,62,-3.0229792758896066,-3.1254292363912257,True,True,,,,product_and_employee_anomaly
2013-12-02,1,38,26,S1_E02,Shift 2,12,418,62,-3.0229792758896066,-2.851006355389951,True,False,,,,product_anomaly
2013-12-02,2,38,50,S2_E01,Shift 1,21,418,92,-3.0229792758896066,-3.412450649859274,True,True,,,,product_and_employee_anomaly
2013-12-02,2,38,50,S2_E02,Shift 2,29,418,92,-3.0229792758896066,-3.2785932441135652,True,True,,,,product_and_employee_anomaly
2013-12-02,3,38,47,S3_E01,Shift 1,24,418,80,-3.0229792758896066,-3.2501487509139597,True,True,,,,product_and_employee_anomaly
2013-12-02,3,38,47,S3_E02,Shift 2,23,418,80,-3.0229792758896066,-3.4328063228458867,True,True,,,,product_and_employee_anomaly
2013-12-02,4,38,37,S4_E01,Full Day,37,418,75,-3.0229792758896066,-3.448513956982832,True,True,,,,product_and_employee_anomaly
2013-12-02,5,38,31,S5_E01,Full Day,31,418,54,-3.0229792758896066,-3.1959090536893515,True,True,,,,product_and_employee_anomaly
2013-12-02,6,38,33,S6_E01,Shift 1,17,418,54,-3.0229792758896066,-2.8345600406685025,True,False,,,,product_anomaly
2013-12-02,6,38,33,S6_E02,Shift 2,16,418,54,-3.0229792758896066,-3.0818675698167812,True,True,,,,product_and_employee_anomaly
2013-12-02,7,38,33,S7_E01,Full Day,33,418,50,-3.0229792758896066,-2.9208666389824898,True,False,,,,product_anomaly
2013-12-02,8,38,47,S8_E01,Shift 1,23,418,89,-3.0229792758896066,-3.3597203284094452,True,True,,,,product_and_employee_anomaly
2013-12-02,8,38,47,S8_E02,Shift 2,24,418,89,-3.0229792758896066,-3.335819773959348,True,True,,,,product_and_employee_anomaly
2013-12-02,9,38,43,S9_E01,Shift 1,19,418,74,-3.0229792758896066,-3.305771183792513,True,True,,,,product_and_employee_anomaly
2013-12-02,9,38,43,S9_E02,Shift 2,24,418,74,-3.0229792758896066,-3.696275698428471,True,True,,,,product_and_employee_anomaly
2013-12-02,10,38,52,S10_E01,Full Day,52,418,78,-3.0229792758896066,-3.0878038047354686,True,True,,,,product_and_employee_anomaly
2014-03-01,2,38,87,S2_E01,Shift 1,39,418,72,2.150038521020473,3.349005610782279,False,True,,,,employee_anomaly
2014-03-01,5,38,62,S5_E01,Full Day,62,418,43,2.150038521020473,3.306479451837381,False,True,,,,employee_anomaly
2014-08-04,2,38,83,S2_E01,Shift 1,40,418,124,-2.7430162013390924,-3.2958565872574868,False,True,,,,employee_anomaly
2014-08-04,4,38,71,S4_E01,Full Day,71,418,100,-2.7430162013390924,-3.1397631376093593,False,True,,,,employee_anomaly
2014-08-04,5,38,54,S5_E01,Full Day,54,418,76,-2.7430162013390924,-3.2173712129452325,False,True,,,,employee_anomaly
2014-08-04,6,38,56,S6_E02,Shift 2,27,418,75,-2.7430162013390924,-3.5017544264003857,False,True,,,,employee_anomaly
2014-08-04,7,38,51,S7_E01,Full Day,51,418,66,-2.7430162013390924,-3.4459186430311015,False,True,,,,employee_anomaly
2014-08-04,8,38,74,S8_E01,Shift 1,32,418,124,-2.7430162013390924,-3.8062041584640642,False,True,,,,employee_anomaly
2014-08-04,8,38,74,S8_E02,Shift 2,42,418,124,-2.7430162013390924,-3.16064441974807,False,True,,,,employee_anomaly
2014-12-01,1,38,52,S1_E01,Shift 1,21,418,75,-3.4403869800924234,-3.1060032038113756,True,True,,,,product_and_employee_anomaly
2014-12-01,1,38,52,S1_E02,Shift 2,31,418,75,-3.4403869800924234,-3.2257952791105735,True,True,,,,product_and_employee_anomaly
2014-12-01,2,38,53,S2_E01,Shift 1,31,418,107,-3.4403869800924234,-3.2103767532981733,True,True,,,,product_and_employee_anomaly
2014-12-01,2,38,53,S2_E02,Shift 2,22,418,107,-3.4403869800924234,-2.9745651825749797,True,False,,,,product_anomaly
2014-12-01,3,38,51,S3_E01,Shift 1,23,418,96,-3.4403869800924234,-3.6842826003636517,True,True,,,,product_and_employee_anomaly
2014-12-01,3,38,51,S3_E02,Shift 2,28,418,96,-3.4403869800924234,-3.7643534802102665,True,True,,,,product_and_employee_anomaly
2014-12-01,4,38,41,S4_E01,Full Day,41,418,84,-3.4403869800924234,-3.5292108233300348,True,True,,,,product_and_employee_anomaly
2014-12-01,5,38,37,S5_E01,Full Day,37,418,65,-3.4403869800924234,-3.5544771735009846,True,True,,,,product_and_employee_anomaly
2014-12-01,6,38,45,S6_E01,Shift 1,23,418,62,-3.4403869800924234,-2.725413037949043,True,False,,,,product_anomaly
2014-12-01,6,38,45,S6_E02,Shift 2,22,418,62,-3.4403869800924234,-3.2677552992025225,True,True,,,,product_and_employee_anomaly
2014-12-01,7,38,35,S7_E01,Full Day,35,418,56,-3.4403869800924234,-3.4795612216587277,True,True,,,,product_and_employee_anomaly
2014-12-01,8,38,52,S8_E01,Shift 1,21,418,103,-3.4403869800924234,-2.754138713991254,True,False,,,,product_anomaly
2014-12-01,8,38,52,S8_E02,Shift 2,31,418,103,-3.4403869800924234,-3.156889714158979,True,True,,,,product_and_employee_anomaly
2014-12-01,9,38,61,S9_E01,Shift 1,35,418,86,-3.4403869800924234,-3.0877445136207187,True,True,,,,product_and_employee_anomaly
2014-12-01,9,38,61,S9_E02,Shift 2,26,418,86,-3.4403869800924234,-2.9294097184846226,True,False,,,,product_anomaly
2014-12-01,10,38,62,S10_E01,Full Day,62,418,90,-3.4403869800924234,-3.4995746414918427,True,True,,,,product_and_employee_anomaly
2015-02-01,1,38,70,S1_E01,Shift 1,38,418,49,1.6856925364557536,3.0557660597940646,False,True,,,,employee_anomaly
2015-03-01,1,38,79,S1_E01,Shift 1,46,418,53,3.3375860708626686,3.2063842092808192,True,True,,,,product_and_employee_anomaly
2015-03-01,1,38,79,S1_E02,Shift 2,33,418,53,3.3375860708626686,2.7011350015772067,True,False,,,,product_anomaly
2015-03-01,2,38,110,S2_E01,Shift 1,63,418,76,3.3375860708626686,3.1204913155838128,True,True,,,,product_and_employee_anomaly
2015-03-01,2,38,110,S2_E02,Shift 2,47,418,76,3.3375860708626686,2.9504051632544526,True,False,,,,product_anomaly
2015-03-01,3,38,103,S3_E01,Shift 1,51,418,71,3.3375860708626686,2.94608151148025,True,False,,,,product_anomaly
2015-03-01,3,38,103,S3_E02,Shift 2,52,418,71,3.3375860708626686,3.4103721242964737,True,True,,,,product_and_employee_anomaly
2015-03-01,4,38,85,S4_E01,Full Day,85,418,64,3.3375860708626686,3.1596518128314997,True,True,,,,product_and_employee_anomaly
2015-03-01,5,38,80,S5_E01,Full Day,80,418,45,3.3375860708626686,3.6387722164072245,True,True,,,,product_and_employee_anomaly
2015-03-01,6,38,52,S6_E01,Shift 1,24,418,47,3.3375860708626686,3.2783227914473976,True,True,,,,product_and_employee_anomaly
2015-03-01,6,38,52,S6_E02,Shift 2,28,418,47,3.3375860708626686,3.6075677552682435,True,True,,,,product_and_employee_anomaly
2015-03-01,7,38,53,S7_E01,Full Day,53,418,44,3.3375860708626686,2.8190730739031222,True,False,,,,product_anomaly
2015-03-01,8,38,126,S8_E01,Shift 1,66,418,72,3.3375860708626686,3.332540228908305,True,True,,,,product_and_employee_anomaly
2015-03-01,8,38,126,S8_E02,Shift 2,60,418,72,3.3375860708626686,3.009029860439897,True,True,,,,product_and_employee_anomaly
2015-03-01,9,38,96,S9_E01,Shift 1,51,418,64,3.3375860708626686,3.562831793884845,True,True,,,,product_and_employee_anomaly
2015-03-01,9,38,96,S9_E02,Shift 2,45,418,64,3.3375860708626686,3.0689769065072365,True,True,,,,product_and_employee_anomaly
2015-03-01,10,38,103,S10_E01,Full Day,103,418,66,3.3375860708626686,3.035766134572765,True,True,,,,product_and_employee_anomaly
2015-08-03,3,38,96,S3_E01,Shift 1,56,418,118,-1.9623503134847833,-3.230471200097007,False,True,,,,employee_anomaly
2015-08-03,3,38,96,S3_E02,Shift 2,40,418,118,-1.9623503134847833,-3.0968220305556833,False,True,,,,employee_anomaly
2015-08-03,6,38,52,S6_E01,Shift 1,23,418,79,-1.9623503134847833,-3.003013866777452,False,True,,,,employee_anomaly
2015-08-03,9,38,78,S9_E02,Shift 2,36,418,106,-1.9623503134847833,-3.2324063857303305,False,True,,,,employee_anomaly
2015-12-01,1,38,41,S1_E01,Shift 1,16,418,77,-3.021037349432588,-2.584623178884539,True,False,,,,product_anomaly
2015-12-01,1,38,41,S1_E02,Shift 2,25,418,77,-3.021037349432588,-2.7661406637905475,True,False,,,,product_anomaly
2015-12-01,2,38,51,S2_E01,Shift 1,24,418,109,-3.021037349432588,-2.6931839314420327,True,False,,,,product_anomaly
2015-12-01,2,38,51,S2_E02,Shift 2,27,418,109,-3.021037349432588,-2.644584340674169,True,False,,,,product_anomaly
2015-12-01,3,38,62,S3_E01,Shift 1,34,418,96,-3.021037349432588,-2.6297033063545867,True,False,,,,product_anomaly
2015-12-01,3,38,62,S3_E02,Shift 2,28,418,96,-3.021037349432588,-2.367494236832392,True,False,,,,product_anomaly
2015-12-01,4,38,53,S4_E01,Full Day,53,418,88,-3.021037349432588,-2.5908311630645997,True,False,,,,product_anomaly
2015-12-01,5,38,43,S5_E01,Full Day,43,418,65,-3.021037349432588,-2.6110344096088554,True,False,,,,product_anomaly
2015-12-01,6,38,47,S6_E01,Shift 1,23,418,65,-3.021037349432588,-2.6979872750225096,True,False,,,,product_anomaly
2015-12-01,6,38,47,S6_E02,Shift 2,24,418,65,-3.021037349432588,-2.240655920396686,True,False,,,,product_anomaly
2015-12-01,7,38,35,S7_E01,Full Day,35,418,58,-3.021037349432588,-2.4045995818718513,True,False,,,,product_anomaly
2015-12-01,8,38,67,S8_E01,Shift 1,27,418,101,-3.021037349432588,-2.332411640702732,True,False,,,,product_anomaly
2015-12-01,8,38,67,S8_E02,Shift 2,40,418,101,-3.021037349432588,-2.2633780838650237,True,False,,,,product_anomaly
2015-12-01,9,38,70,S9_E01,Shift 1,34,418,90,-3.021037349432588,-2.549115151643684,True,False,,,,product_anomaly
2015-12-01,9,38,70,S9_E02,Shift 2,36,418,90,-3.021037349432588,-2.5849653687892817,True,False,,,,product_anomaly
2015-12-01,10,38,69,S10_E01,Full Day,69,418,94,-3.021037349432588,-2.5341460804226097,True,False,,,,product_anomaly
2016-12-05,2,38,63,S2_E01,Shift 1,29,418,112,-2.3989537743896925,-3.039797685865822,False,True,,,,employee_anomaly
2016-12-05,6,38,45,S6_E01,Shift 1,20,418,68,-2.3989537743896925,-3.552929269017943,False,True,,,,employee_anomaly
2016-12-05,7,38,29,S7_E01,Full Day,29,418,61,-2.3989537743896925,-3.1441222038535632,False,True,,,,employee_anomaly
2016-12-05,8,38,69,S8_E01,Shift 1,31,418,110,-2.3989537743896925,-3.7685143438139015,False,True,,,,employee_anomaly
2016-12-05,8,38,69,S8_E02,Shift 2,38,418,110,-2.3989537743896925,-3.111510025863777,False,True,,,,employee_anomaly
2016-12-05,9,38,52,S9_E02,Shift 2,25,418,88,-2.3989537743896925,-3.3474208166871384,False,True,,,,employee_anomaly
2016-12-05,10,38,51,S10_E01,Full Day,51,418,101,-2.3989537743896925,-3.2437638134469884,False,True,,,,employee_anomaly
2017-04-01,1,38,61,S1_E01,Shift 1,29,418,73,1.632645910471206,3.05140781233218,False,True,,,,employee_anomaly
2017-10-02,1,38,65,S1_E01,Shift 1,27,418,89,-3.2096367829985546,-2.7046870414367237,True,False,,,,product_anomaly
2017-10-02,1,38,65,S1_E02,Shift 2,38,418,89,-3.2096367829985546,-2.3328017803019256,True,False,,,,product_anomaly
2017-10-02,2,38,95,S2_E01,Shift 1,50,418,128,-3.2096367829985546,-2.1985207044200115,True,False,,,,product_anomaly
2017-10-02,2,38,95,S2_E02,Shift 2,45,418,128,-3.2096367829985546,-2.14262498011453,True,False,,,,product_anomaly
2017-10-02,3,38,84,S3_E01,Shift 1,34,418,108,-3.2096367829985546,-2.455165347918119,True,False,,,,product_anomaly
2017-10-02,3,38,84,S3_E02,Shift 2,50,418,108,-3.2096367829985546,-2.200235749146122,True,False,,,,product_anomaly
2017-10-02,4,38,76,S4_E01,Full Day,76,418,102,-3.2096367829985546,-1.9705905265678114,True,False,,,,product_anomaly
2017-10-02,5,38,40,S5_E01,Full Day,40,418,73,-3.2096367829985546,-2.2466780052565993,True,False,,,,product_anomaly
2017-10-02,6,38,40,S6_E01,Shift 1,18,418,72,-3.2096367829985546,-1.9782433271337116,True,False,,,,product_anomaly
2017-10-02,6,38,40,S6_E02,Shift 2,22,418,72,-3.2096367829985546,-1.8087697621077696,True,False,,,,product_anomaly
2017-10-02,7,38,58,S7_E01,Full Day,58,418,67,-3.2096367829985546,-1.9964415222788736,True,False,,,,product_anomaly
2017-10-02,8,38,91,S8_E01,Shift 1,48,418,122,-3.2096367829985546,-2.0813456962142474,True,False,,,,product_anomaly
2017-10-02,8,38,91,S8_E02,Shift 2,43,418,122,-3.2096367829985546,-2.67322775720539,True,False,,,,product_anomaly
2017-10-02,9,38,79,S9_E01,Shift 1,39,418,101,-3.2096367829985546,-2.0499471339591273,True,False,,,,product_anomaly
2017-10-02,9,38,79,S9_E02,Shift 2,40,418,101,-3.2096367829985546,-1.8935046870558305,True,False,,,,product_anomaly
2017-10-02,10,38,81,S10_E01,Full Day,81,418,108,-3.2096367829985546,-2.3200414188695255,True,False,,,,product_anomaly
2017-12-04,1,38,39,S1_E01,Shift 1,23,418,86,-3.8847995412366454,-3.566924808659965,True,True,,,,product_and_employee_anomaly
2017-12-04,1,38,39,S1_E02,Shift 2,16,418,86,-3.8847995412366454,-3.439934189042974,True,True,,,,product_and_employee_anomaly
2017-12-04,2,38,62,S2_E01,Shift 1,27,418,120,-3.8847995412366454,-3.4289887985334744,True,True,,,,product_and_employee_anomaly
2017-12-04,2,38,62,S2_E02,Shift 2,35,418,120,-3.8847995412366454,-3.42560784986891,True,True,,,,product_and_employee_anomaly
2017-12-04,3,38,60,S3_E01,Shift 1,35,418,109,-3.8847995412366454,-4.010676658948157,True,True,,,,product_and_employee_anomaly
2017-12-04,3,38,60,S3_E02,Shift 2,25,418,109,-3.8847995412366454,-3.2163317411983594,True,True,,,,product_and_employee_anomaly
2017-12-04,4,38,76,S4_E01,Full Day,76,418,96,-3.8847995412366454,-3.284111898833113,True,True,,,,product_and_employee_anomaly
2017-12-04,5,38,41,S5_E01,Full Day,41,418,70,-3.8847995412366454,-3.2458225710762023,True,True,,,,product_and_employee_anomaly
2017-12-04,6,38,32,S6_E01,Shift 1,13,418,71,-3.8847995412366454,-3.2986405964081293,True,True,,,,product_and_employee_anomaly
2017-12-04,6,38,32,S6_E02,Shift 2,19,418,71,-3.8847995412366454,-3.3301889302159635,True,True,,,,product_and_employee_anomaly
2017-12-04,7,38,36,S7_E01,Full Day,36,418,64,-3.8847995412366454,-3.144474792045703,True,True,,,,product_and_employee_anomaly
2017-12-04,8,38,65,S8_E01,Shift 1,31,418,119,-3.8847995412366454,-3.5723822669368586,True,True,,,,product_and_employee_anomaly
2017-12-04,8,38,65,S8_E02,Shift 2,34,418,119,-3.8847995412366454,-3.58582252955439,True,True,,,,product_and_employee_anomaly
2017-12-04,9,38,62,S9_E01,Shift 1,37,418,101,-3.8847995412366454,-3.189292177224606,True,True,,,,product_and_employee_anomaly
2017-12-04,9,38,62,S9_E02,Shift 2,25,418,101,-3.8847995412366454,-3.1563508443071124,True,True,,,,product_and_employee_anomaly
2017-12-04,10,38,60,S10_E01,Full Day,60,418,105,-3.8847995412366454,-3.105707653984013,True,True,,,,product_and_employee_anomaly
2013-08-05,2,39,44,S2_E01,Shift 1,22,153,61,-2.178701117021638,-3.037931708682254,False,True,,,,employee_anomaly
2013-08-05,2,39,44,S2_E02,Shift 2,22,153,61,-2.178701117021638,-3.4857102754090485,False,True,,,,employee_anomaly
2013-12-02,1,39,14,S1_E01,Shift 1,7,153,36,-3.640674272962523,-3.1254292363912257,True,True,,,,product_and_employee_anomaly
2013-12-02,1,39,14,S1_E02,Shift 2,7,153,36,-3.640674272962523,-2.851006355389951,True,False,,,,product_anomaly
2013-12-02,2,39,27,S2_E01,Shift 1,11,153,50,-3.640674272962523,-3.412450649859274,True,True,,,,product_and_employee_anomaly
2013-12-02,2,39,27,S2_E02,Shift 2,16,153,50,-3.640674272962523,-3.2785932441135652,True,True,,,,product_and_employee_anomaly
2013-12-02,3,39,22,S3_E01,Shift 1,12,153,44,-3.640674272962523,-3.2501487509139597,True,True,,,,product_and_employee_anomaly
2013-12-02,3,39,22,S3_E02,Shift 2,10,153,44,-3.640674272962523,-3.4328063228458867,True,True,,,,product_and_employee_anomaly
2013-12-02,4,39,23,S4_E01,Full Day,23,153,42,-3.640674272962523,-3.448513956982832,True,True,,,,product_and_employee_anomaly
2013-12-02,5,39,21,S5_E01,Full Day,21,153,30,-3.640674272962523,-3.1959090536893515,True,True,,,,product_and_employee_anomaly
2013-12-02,6,39,8,S6_E01,Shift 1,4,153,29,-3.640674272962523,-2.8345600406685025,True,False,,,,product_anomaly
2013-12-02,6,39,8,S6_E02,Shift 2,4,153,29,-3.640674272962523,-3.0818675698167812,True,True,,,,product_and_employee_anomaly
2013-12-02,7,39,19,S7_E01,Full Day,19,153,26,-3.640674272962523,-2.9208666389824898,True,False,,,,product_anomaly
2013-12-02,8,39,24,S8_E01,Shift 1,13,153,46,-3.640674272962523,-3.3597203284094452,True,True,,,,product_and_employee_anomaly
2013-12-02,8,39,24,S8_E02,Shift 2,11,153,46,-3.640674272962523,-3.335819773959348,True,True,,,,product_and_employee_anomaly
2013-12-02,9,39,18,S9_E01,Shift 1,10,153,41,-3.640674272962523,-3.305771183792513,True,True,,,,product_and_employee_anomaly
2013-12-02,9,39,18,S9_E02,Shift 2,8,153,41,-3.640674272962523,-3.696275698428471,True,True,,,,product_and_employee_anomaly
2013-12-02,10,39,24,S10_E01,Full Day,24,153,44,-3.640674272962523,-3.0878038047354686,True,True,,,,product_and_employee_anomaly
2014-01-27,1,39,13,S1_E01,Shift 1,6,153,25,-3.304003704720306,-1.6358773232087842,True,False,,,,product_anomaly
2014-01-27,1,39,13,S1_E02,Shift 2,7,153,25,-3.304003704720306,-1.6275956416395125,True,False,,,,product_anomaly
2014-01-27,2,39,28,S2_E01,Shift 1,14,153,36,-3.304003704720306,-1.7977409412327077,True,False,,,,product_anomaly
2014-01-27,2,39,28,S2_E02,Shift 2,14,153,36,-3.304003704720306,-1.3909279375067367,True,False,,,,product_anomaly
2014-01-27,3,39,19,S3_E01,Shift 1,8,153,33,-3.304003704720306,-1.2946056703554492,True,False,,,,product_anomaly
2014-01-27,3,39,19,S3_E02,Shift 2,11,153,33,-3.304003704720306,-1.3405011252476027,True,False,,,,product_anomaly
2014-01-27,4,39,27,S4_E01,Full Day,27,153,30,-3.304003704720306,-1.4874930952201688,True,False,,,,product_anomaly
2014-01-27,5,39,14,S5_E01,Full Day,14,153,22,-3.304003704720306,-1.765439155589177,True,False,,,,product_anomaly
2014-01-27,6,39,11,S6_E01,Shift 1,4,153,22,-3.304003704720306,-1.5688235934072972,True,False,,,,product_anomaly
2014-01-27,6,39,11,S6_E02,Shift 2,7,153,22,-3.304003704720306,-1.120549556789121,True,False,,,,product_anomaly
2014-01-27,7,39,21,S7_E01,Full Day,21,153,20,-3.304003704720306,-1.419582840209471,True,False,,,,product_anomaly
2014-01-27,8,39,32,S8_E01,Shift 1,16,153,35,-3.304003704720306,-1.478466166643824,True,False,,,,product_anomaly
2014-01-27,8,39,32,S8_E02,Shift 2,16,153,35,-3.304003704720306,-1.6346566009652055,True,False,,,,product_anomaly
2014-01-27,9,39,23,S9_E01,Shift 1,11,153,29,-3.304003704720306,-1.6278776175221341,True,False,,,,product_anomaly
2014-01-27,9,39,23,S9_E02,Shift 2,12,153,29,-3.304003704720306,-1.5350653409459234,True,False,,,,product_anomaly
2014-01-27,10,39,22,S10_E01,Full Day,22,153,30,-3.304003704720306,-1.3151161569317211,True,False,,,,product_anomaly
2014-03-01,1,39,32,S1_E01,Shift 1,16,153,28,3.2233169173688556,1.8242545275228967,True,False,,,,product_anomaly
2014-03-01,1,39,32,S1_E02,Shift 2,16,153,28,3.2233169173688556,2.6015673164242665,True,False,,,,product_anomaly
2014-03-01,2,39,46,S2_E01,Shift 1,27,153,40,3.2233169173688556,3.349005610782279,True,True,,,,product_and_employee_anomaly
2014-03-01,2,39,46,S2_E02,Shift 2,19,153,40,3.2233169173688556,2.8461099331193718,True,False,,,,product_anomaly
2014-03-01,3,39,50,S3_E01,Shift 1,22,153,35,3.2233169173688556,1.9584902781729174,True,False,,,,product_anomaly
2014-03-01,3,39,50,S3_E02,Shift 2,28,153,35,3.2233169173688556,2.4343516400715948,True,False,,,,product_anomaly
2014-03-01,4,39,46,S4_E01,Full Day,46,153,34,3.2233169173688556,2.5055749314209104,True,False,,,,product_anomaly
2014-03-01,5,39,41,S5_E01,Full Day,41,153,24,3.2233169173688556,3.306479451837381,True,True,,,,product_and_employee_anomaly
2014-03-01,6,39,35,S6_E01,Shift 1,14,153,25,3.2233169173688556,2.323386541300781,True,False,,,,product_anomaly
2014-03-01,6,39,35,S6_E02,Shift 2,21,153,25,3.2233169173688556,2.9878245936140457,True,False,,,,product_anomaly
2014-03-01,7,39,23,S7_E01,Full Day,23,153,23,3.2233169173688556,2.157297689436117,True,False,,,,product_anomaly
2014-03-01,8,39,62,S8_E01,Shift 1,34,153,37,3.2233169173688556,2.488561115036944,True,False,,,,product_anomaly
2014-03-01,8,39,62,S8_E02,Shift 2,28,153,37,3.2233169173688556,2.2777673761291855,True,False,,,,product_anomaly
2014-03-01,9,39,57,S9_E01,Shift 1,31,153,32,3.2233169173688556,2.0575462095889767,True,False,,,,product_anomaly
2014-03-01,9,39,57,S9_E02,Shift 2,26,153,32,3.2233169173688556,2.25800157879476,True,False,,,,product_anomaly
2014-03-01,10,39,52,S10_E01,Full Day,52,153,37,3.2233169173688556,2.822284998497931,True,False,,,,product_anomaly
2014-08-04,2,39,38,S2_E01,Shift 1,16,153,68,-1.9929954650771842,-3.2958565872574868,False,True,,,,employee_anomaly
2014-08-04,4,39,37,S4_E01,Full Day,37,153,57,-1.9929954650771842,-3.1397631376093593,False,True,,,,employee_anomaly
2014-08-04,5,39,26,S5_E01,Full Day,26,153,39,-1.9929954650771842,-3.2173712129452325,False,True,,,,employee_anomaly
2014-08-04,6,39,25,S6_E02,Shift 2,12,153,42,-1.9929954650771842,-3.5017544264003857,False,True,,,,employee_anomaly
2014-08-04,7,39,33,S7_E01,Full Day,33,153,37,-1.9929954650771842,-3.4459186430311015,False,True,,,,employee_anomaly
2014-08-04,8,39,57,S8_E01,Shift 1,30,153,66,-1.9929954650771842,-3.8062041584640642,False,True,,,,employee_anomaly
2014-08-04,8,39,57,S8_E02,Shift 2,27,153,66,-1.9929954650771842,-3.16064441974807,False,True,,,,employee_anomaly
2014-12-01,1,39,22,S1_E01,Shift 1,12,153,43,-3.9700919993045947,-3.1060032038113756,True,True,,,,product_and_employee_anomaly
2014-12-01,1,39,22,S1_E02,Shift 2,10,153,43,-3.9700919993045947,-3.2257952791105735,True,True,,,,product_and_employee_anomaly
2014-12-01,2,39,35,S2_E01,Shift 1,16,153,57,-3.9700919993045947,-3.2103767532981733,True,True,,,,product_and_employee_anomaly
2014-12-01,2,39,35,S2_E02,Shift 2,19,153,57,-3.9700919993045947,-2.9745651825749797,True,False,,,,product_anomaly
2014-12-01,3,39,26,S3_E01,Shift 1,12,153,53,-3.9700919993045947,-3.6842826003636517,True,True,,,,product_and_employee_anomaly
2014-12-01,3,39,26,S3_E02,Shift 2,14,153,53,-3.9700919993045947,-3.7643534802102665,True,True,,,,product_and_employee_anomaly
2014-12-01,4,39,25,S4_E01,Full Day,25,153,45,-3.9700919993045947,-3.5292108233300348,True,True,,,,product_and_employee_anomaly
2014-12-01,5,39,18,S5_E01,Full Day,18,153,32,-3.9700919993045947,-3.5544771735009846,True,True,,,,product_and_employee_anomaly
2014-12-01,6,39,13,S6_E01,Shift 1,8,153,34,-3.9700919993045947,-2.725413037949043,True,False,,,,product_anomaly
2014-12-01,6,39,13,S6_E02,Shift 2,5,153,34,-3.9700919993045947,-3.2677552992025225,True,True,,,,product_and_employee_anomaly
2014-12-01,7,39,12,S7_E01,Full Day,12,153,30,-3.9700919993045947,-3.4795612216587277,True,True,,,,product_and_employee_anomaly
2014-12-01,8,39,29,S8_E01,Shift 1,14,153,56,-3.9700919993045947,-2.754138713991254,True,False,,,,product_anomaly
2014-12-01,8,39,29,S8_E02,Shift 2,15,153,56,-3.9700919993045947,-3.156889714158979,True,True,,,,product_and_employee_anomaly
2014-12-01,9,39,27,S9_E01,Shift 1,16,153,46,-3.9700919993045947,-3.0877445136207187,True,True,,,,product_and_employee_anomaly
2014-12-01,9,39,27,S9_E02,Shift 2,11,153,46,-3.9700919993045947,-2.9294097184846226,True,False,,,,product_anomaly
2014-12-01,10,39,33,S10_E01,Full Day,33,153,50,-3.9700919993045947,-3.4995746414918427,True,True,,,,product_and_employee_anomaly
2015-02-01,1,39,47,S1_E01,Shift 1,23,153,26,1.6676919092530953,3.0557660597940646,False,True,,,,employee_anomaly
2015-03-01,1,39,36,S1_E01,Shift 1,19,153,31,2.5358685356156316,3.2063842092808192,False,True,,,,employee_anomaly
2015-03-01,2,39,51,S2_E01,Shift 1,23,153,40,2.5358685356156316,3.1204913155838128,False,True,,,,employee_anomaly
2015-03-01,3,39,52,S3_E02,Shift 2,22,153,38,2.5358685356156316,3.4103721242964737,False,True,,,,employee_anomaly
2015-03-01,4,39,44,S4_E01,Full Day,44,153,35,2.5358685356156316,3.1596518128314997,False,True,,,,employee_anomaly
2015-03-01,5,39,30,S5_E01,Full Day,30,153,24,2.5358685356156316,3.6387722164072245,False,True,,,,employee_anomaly
2015-03-01,6,39,46,S6_E01,Shift 1,21,153,25,2.5358685356156316,3.2783227914473976,False,True,,,,employee_anomaly
2015-03-01,6,39,46,S6_E02,Shift 2,25,153,25,2.5358685356156316,3.6075677552682435,False,True,,,,employee_anomaly
2015-03-01,8,39,63,S8_E01,Shift 1,34,153,42,2.5358685356156316,3.332540228908305,False,True,,,,employee_anomaly
2015-03-01,8,39,63,S8_E02,Shift 2,29,153,42,2.5358685356156316,3.009029860439897,False,True,,,,employee_anomaly
2015-03-01,9,39,50,S9_E01,Shift 1,30,153,34,2.5358685356156316,3.562831793884845,False,True,,,,employee_anomaly
2015-03-01,9,39,50,S9_E02,Shift 2,20,153,34,2.5358685356156316,3.0689769065072365,False,True,,,,employee_anomaly
2015-03-01,10,39,58,S10_E01,Full Day,58,153,39,2.5358685356156316,3.035766134572765,False,True,,,,employee_anomaly
2015-08-03,3,39,41,S3_E01,Shift 1,23,153,62,-2.002723385779767,-3.230471200097007,False,True,,,,employee_anomaly
2015-08-03,3,39,41,S3_E02,Shift 2,18,153,62,-2.002723385779767,-3.0968220305556833,False,True,,,,employee_anomaly
2015-08-03,6,39,32,S6_E01,Shift 1,14,153,43,-2.002723385779767,-3.003013866777452,False,True,,,,employee_anomaly
2015-08-03,9,39,40,S9_E02,Shift 2,21,153,60,-2.002723385779767,-3.2324063857303305,False,True,,,,employee_anomaly
2015-12-07,1,39,23,S1_E01,Shift 1,11,153,40,-3.1540302114916665,-2.137467822138631,True,False,,,,product_anomaly
2015-12-07,1,39,23,S1_E02,Shift 2,12,153,40,-3.1540302114916665,-2.3163145218669032,True,False,,,,product_anomaly
2015-12-07,2,39,36,S2_E01,Shift 1,16,153,57,-3.1540302114916665,-2.2622746111084022,True,False,,,,product_anomaly
2015-12-07,2,39,36,S2_E02,Shift 2,20,153,57,-3.1540302114916665,-2.734706195869,True,False,,,,product_anomaly
2015-12-07,3,39,35,S3_E01,Shift 1,14,153,52,-3.1540302114916665,-2.5814790260412823,True,False,,,,product_anomaly
2015-12-07,3,39,35,S3_E02,Shift 2,21,153,52,-3.1540302114916665,-2.518162476199348,True,False,,,,product_anomaly
2015-12-07,4,39,34,S4_E01,Full Day,34,153,47,-3.1540302114916665,-2.1817952782493784,True,False,,,,product_anomaly
2015-12-07,5,39,18,S5_E01,Full Day,18,153,34,-3.1540302114916665,-1.7914761105903116,True,False,,,,product_anomaly
2015-12-07,6,39,18,S6_E01,Shift 1,10,153,36,-3.1540302114916665,-2.177570422889973,True,False,,,,product_anomaly
2015-12-07,6,39,18,S6_E02,Shift 2,8,153,36,-3.1540302114916665,-1.9810837763297446,True,False,,,,product_anomaly
2015-12-07,7,39,18,S7_E01,Full Day,18,153,31,-3.1540302114916665,-2.327809067862889,True,False,,,,product_anomaly
2015-12-07,8,39,29,S8_E01,Shift 1,17,153,53,-3.1540302114916665,-2.46070045964776,True,False,,,,product_anomaly
2015-12-07,8,39,29,S8_E02,Shift 2,12,153,53,-3.1540302114916665,-2.443928253346677,True,False,,,,product_anomaly
2015-12-07,9,39,25,S9_E01,Shift 1,14,153,44,-3.1540302114916665,-2.613927269474191,True,False,,,,product_anomaly
2015-12-07,9,39,25,S9_E02,Shift 2,11,153,44,-3.1540302114916665,-2.3250075736587585,True,False,,,,product_anomaly
2015-12-07,10,39,30,S10_E01,Full Day,30,153,50,-3.1540302114916665,-2.4039808735535884,True,False,,,,product_anomaly
2016-12-05,2,39,36,S2_E01,Shift 1,16,153,63,-2.6160464873231084,-3.039797685865822,False,True,,,,employee_anomaly
2016-12-05,6,39,22,S6_E01,Shift 1,12,153,38,-2.6160464873231084,-3.552929269017943,False,True,,,,employee_anomaly
2016-12-05,7,39,17,S7_E01,Full Day,17,153,34,-2.6160464873231084,-3.1441222038535632,False,True,,,,employee_anomaly
2016-12-05,8,39,34,S8_E01,Shift 1,16,153,59,-2.6160464873231084,-3.7685143438139015,False,True,,,,employee_anomaly
2016-12-05,8,39,34,S8_E02,Shift 2,18,153,59,-2.6160464873231084,-3.111510025863777,False,True,,,,employee_anomaly
2016-12-05,9,39,37,S9_E02,Shift 2,16,153,52,-2.6160464873231084,-3.3474208166871384,False,True,,,,employee_anomaly
2016-12-05,10,39,24,S10_E01,Full Day,24,153,53,-2.6160464873231084,-3.2437638134469884,False,True,,,,employee_anomaly
2017-04-01,1,39,57,S1_E01,Shift 1,31,153,41,1.314776712830967,3.05140781233218,False,True,,,,employee_anomaly
2017-08-07,1,39,30,S1_E01,Shift 1,15,153,58,-3.264571586949218,-1.870011497924276,True,False,,,,product_anomaly
2017-08-07,1,39,30,S1_E02,Shift 2,15,153,58,-3.264571586949218,-1.9671855887271625,True,False,,,,product_anomaly
2017-08-07,2,39,54,S2_E01,Shift 1,31,153,81,-3.264571586949218,-1.8905160172390325,True,False,,,,product_anomaly
2017-08-07,2,39,54,S2_E02,Shift 2,23,153,81,-3.264571586949218,-1.9766612115313449,True,False,,,,product_anomaly
2017-08-07,3,39,45,S3_E01,Shift 1,22,153,72,-3.264571586949218,-1.7186227211464635,True,False,,,,product_anomaly
2017-08-07,3,39,45,S3_E02,Shift 2,23,153,72,-3.264571586949218,-1.7035853248947241,True,False,,,,product_anomaly
2017-08-07,4,39,50,S4_E01,Full Day,50,153,64,-3.264571586949218,-1.8992684750665563,True,False,,,,product_anomaly
2017-08-07,5,39,33,S5_E01,Full Day,33,153,47,-3.264571586949218,-2.0003393226756825,True,False,,,,product_anomaly
2017-08-07,6,39,31,S6_E01,Shift 1,18,153,48,-3.264571586949218,-1.6335487008881482,True,False,,,,product_anomaly
2017-08-07,6,39,31,S6_E02,Shift 2,13,153,48,-3.264571586949218,-1.7596953146121106,True,False,,,,product_anomaly
2017-08-07,7,39,36,S7_E01,Full Day,36,153,44,-3.264571586949218,-2.193259437311456,True,False,,,,product_anomaly
2017-08-07,8,39,46,S8_E01,Shift 1,22,153,79,-3.264571586949218,-1.9169918078069166,True,False,,,,product_anomaly
2017-08-07,8,39,46,S8_E02,Shift 2,24,153,79,-3.264571586949218,-2.0039585545143863,True,False,,,,product_anomaly
2017-08-07,9,39,37,S9_E01,Shift 1,20,153,64,-3.264571586949218,-2.1127605125555697,True,False,,,,product_anomaly
2017-08-07,9,39,37,S9_E02,Shift 2,17,153,64,-3.264571586949218,-2.080560211022616,True,False,,,,product_anomaly
2017-08-07,10,39,36,S10_E01,Full Day,36,153,68,-3.264571586949218,-2.287697438361044,True,False,,,,product_anomaly
2017-12-04,1,39,23,S1_E01,Shift 1,12,153,46,-3.502210078044883,-3.566924808659965,True,True,,,,product_and_employee_anomaly
2017-12-04,1,39,23,S1_E02,Shift 2,11,153,46,-3.502210078044883,-3.439934189042974,True,True,,,,product_and_employee_anomaly
2017-12-04,2,39,41,S2_E01,Shift 1,18,153,63,-3.502210078044883,-3.4289887985334744,True,True,,,,product_and_employee_anomaly
2017-12-04,2,39,41,S2_E02,Shift 2,23,153,63,-3.502210078044883,-3.42560784986891,True,True,,,,product_and_employee_anomaly
2017-12-04,3,39,25,S3_E01,Shift 1,13,153,60,-3.502210078044883,-4.010676658948157,True,True,,,,product_and_employee_anomaly
2017-12-04,3,39,25,S3_E02,Shift 2,12,153,60,-3.502210078044883,-3.2163317411983594,True,True,,,,product_and_employee_anomaly
2017-12-04,4,39,32,S4_E01,Full Day,32,153,54,-3.502210078044883,-3.284111898833113,True,True,,,,product_and_employee_anomaly
2017-12-04,5,39,19,S5_E01,Full Day,19,153,37,-3.502210078044883,-3.2458225710762023,True,True,,,,product_and_employee_anomaly
2017-12-04,6,39,16,S6_E01,Shift 1,8,153,39,-3.502210078044883,-3.2986405964081293,True,True,,,,product_and_employee_anomaly
2017-12-04,6,39,16,S6_E02,Shift 2,8,153,39,-3.502210078044883,-3.3301889302159635,True,True,,,,product_and_employee_anomaly
2017-12-04,7,39,24,S7_E01,Full Day,24,153,35,-3.502210078044883,-3.144474792045703,True,True,,,,product_and_employee_anomaly
2017-12-04,8,39,31,S8_E01,Shift 1,12,153,62,-3.502210078044883,-3.5723822669368586,True,True,,,,product_and_employee_anomaly
2017-12-04,8,39,31,S8_E02,Shift 2,19,153,62,-3.502210078044883,-3.58582252955439,True,True,,,,product_and_employee_anomaly
2017-12-04,9,39,31,S9_E01,Shift 1,16,153,56,-3.502210078044883,-3.189292177224606,True,True,,,,product_and_employee_anomaly
2017-12-04,9,39,31,S9_E02,Shift 2,15,153,56,-3.502210078044883,-3.1563508443071124,True,True,,,,product_and_employee_anomaly
2017-12-04,10,39,31,S10_E01,Full Day,31,153,58,-3.502210078044883,-3.105707653984013,True,True,,,,product_and_employee_anomaly
2013-08-05,2,40,35,S2_E01,Shift 1,19,323,39,-1.0720444287754578,-3.037931708682254,False,True,,,,employee_anomaly
2013-08-05,2,40,35,S2_E02,Shift 2,16,323,39,-1.0720444287754578,-3.4857102754090485,False,True,,,,employee_anomaly
2013-12-02,1,40,9,S1_E01,Shift 1,5,323,22,-2.7197764922774974,-3.1254292363912257,False,True,,,,employee_anomaly
2013-12-02,2,40,12,S2_E01,Shift 1,7,323,33,-2.7197764922774974,-3.412450649859274,False,True,,,,employee_anomaly
2013-12-02,2,40,12,S2_E02,Shift 2,5,323,33,-2.7197764922774974,-3.2785932441135652,False,True,,,,employee_anomaly
2013-12-02,3,40,9,S3_E01,Shift 1,4,323,29,-2.7197764922774974,-3.2501487509139597,False,True,,,,employee_anomaly
2013-12-02,3,40,9,S3_E02,Shift 2,5,323,29,-2.7197764922774974,-3.4328063228458867,False,True,,,,employee_anomaly
2013-12-02,4,40,24,S4_E01,Full Day,24,323,29,-2.7197764922774974,-3.448513956982832,False,True,,,,employee_anomaly
2013-12-02,5,40,15,S5_E01,Full Day,15,323,19,-2.7197764922774974,-3.1959090536893515,False,True,,,,employee_anomaly
2013-12-02,6,40,9,S6_E02,Shift 2,5,323,20,-2.7197764922774974,-3.0818675698167812,False,True,,,,employee_anomaly
2013-12-02,8,40,21,S8_E01,Shift 1,8,323,34,-2.7197764922774974,-3.3597203284094452,False,True,,,,employee_anomaly
2013-12-02,8,40,21,S8_E02,Shift 2,13,323,34,-2.7197764922774974,-3.335819773959348,False,True,,,,employee_anomaly
2013-12-02,9,40,17,S9_E01,Shift 1,8,323,27,-2.7197764922774974,-3.305771183792513,False,True,,,,employee_anomaly
2013-12-02,9,40,17,S9_E02,Shift 2,9,323,27,-2.7197764922774974,-3.696275698428471,False,True,,,,employee_anomaly
2013-12-02,10,40,17,S10_E01,Full Day,17,323,31,-2.7197764922774974,-3.0878038047354686,False,True,,,,employee_anomaly
2014-01-19,1,40,12,S1_E01,Shift 1,7,323,17,4.009547148577332,1.181021823203635,True,False,,,,product_anomaly
2014-01-19,1,40,12,S1_E02,Shift 2,5,323,17,4.009547148577332,1.7752917326907425,True,False,,,,product_anomaly
2014-01-19,2,40,33,S2_E01,Shift 1,14,323,23,4.009547148577332,1.1650413660099446,True,False,,,,product_anomaly
2014-01-19,2,40,33,S2_E02,Shift 2,19,323,23,4.009547148577332,1.7030995590501685,True,False,,,,product_anomaly
2014-01-19,3,40,33,S3_E01,Shift 1,17,323,22,4.009547148577332,1.1236095593946986,True,False,,,,product_anomaly
2014-01-19,3,40,33,S3_E02,Shift 2,16,323,22,4.009547148577332,1.2498050720912084,True,False,,,,product_anomaly
2014-01-19,4,40,27,S4_E01,Full Day,27,323,21,4.009547148577332,1.1189285915382219,True,False,,,,product_anomaly
2014-01-19,5,40,24,S5_E01,Full Day,24,323,14,4.009547148577332,1.4191472568649537,True,False,,,,product_anomaly
2014-01-19,6,40,19,S6_E01,Shift 1,10,323,15,4.009547148577332,1.000056679669782,True,False,,,,product_anomaly
2014-01-19,6,40,19,S6_E02,Shift 2,9,323,15,4.009547148577332,1.0353200735094297,True,False,,,,product_anomaly
2014-01-19,7,40,30,S7_E01,Full Day,30,323,13,4.009547148577332,2.134268844286717,True,False,,,,product_anomaly
2014-01-19,8,40,22,S8_E01,Shift 1,12,323,24,4.009547148577332,1.560033256083167,True,False,,,,product_anomaly
2014-01-19,8,40,22,S8_E02,Shift 2,10,323,24,4.009547148577332,1.2567313508609443,True,False,,,,product_anomaly
2014-01-19,9,40,21,S9_E01,Shift 1,11,323,19,4.009547148577332,1.7892152683179736,True,False,,,,product_anomaly
2014-01-19,9,40,21,S9_E02,Shift 2,10,323,19,4.009547148577332,1.1738150259094107,True,False,,,,product_anomaly
2014-01-19,10,40,28,S10_E01,Full Day,28,323,20,4.009547148577332,1.44360748326485,True,False,,,,product_anomaly
2014-01-20,1,40,10,S1_E01,Shift 1,5,323,17,-3.7257258514297855,-1.510240361265524,True,False,,,,product_anomaly
2014-01-20,1,40,10,S1_E02,Shift 2,5,323,17,-3.7257258514297855,-1.3367016512185752,True,False,,,,product_anomaly
2014-01-20,2,40,10,S2_E01,Shift 1,4,323,24,-3.7257258514297855,-1.405114814929028,True,False,,,,product_anomaly
2014-01-20,2,40,10,S2_E02,Shift 2,6,323,24,-3.7257258514297855,-1.1751332423693974,True,False,,,,product_anomaly
2014-01-20,3,40,16,S3_E01,Shift 1,8,323,22,-3.7257258514297855,-1.7520157404141334,True,False,,,,product_anomaly
2014-01-20,3,40,16,S3_E02,Shift 2,8,323,22,-3.7257258514297855,-1.538598903797172,True,False,,,,product_anomaly
2014-01-20,4,40,11,S4_E01,Full Day,11,323,21,-3.7257258514297855,-1.6219203772200157,True,False,,,,product_anomaly
2014-01-20,5,40,9,S5_E01,Full Day,9,323,15,-3.7257258514297855,-1.5599169469312542,True,False,,,,product_anomaly
2014-01-20,6,40,12,S6_E01,Shift 1,6,323,15,-3.7257258514297855,-1.4403837493351874,True,False,,,,product_anomaly
2014-01-20,6,40,12,S6_E02,Shift 2,6,323,15,-3.7257258514297855,-1.603241850825798,True,False,,,,product_anomaly
2014-01-20,7,40,10,S7_E01,Full Day,10,323,13,-3.7257258514297855,-1.6112143522907874,True,False,,,,product_anomaly
2014-01-20,8,40,21,S8_E01,Shift 1,11,323,24,-3.7257258514297855,-1.3878884526534494,True,False,,,,product_anomaly
2014-01-20,8,40,21,S8_E02,Shift 2,10,323,24,-3.7257258514297855,-1.4367882246534365,True,False,,,,product_anomaly
2014-01-20,9,40,9,S9_E01,Shift 1,4,323,20,-3.7257258514297855,-1.260869041085068,True,False,,,,product_anomaly
2014-01-20,9,40,9,S9_E02,Shift 2,5,323,20,-3.7257258514297855,-1.4226573816549668,True,False,,,,product_anomaly
2014-01-20,10,40,18,S10_E01,Full Day,18,323,20,-3.7257258514297855,-1.6620593243549862,True,False,,,,product_anomaly
2014-03-01,2,40,30,S2_E01,Shift 1,17,323,27,1.405397920170991,3.349005610782279,False,True,,,,employee_anomaly
2014-03-01,5,40,20,S5_E01,Full Day,20,323,17,1.405397920170991,3.306479451837381,False,True,,,,employee_anomaly
2014-08-04,1,40,29,S1_E01,Shift 1,15,323,34,-3.2221640030302,-2.5453580386408605,True,False,,,,product_anomaly
2014-08-04,1,40,29,S1_E02,Shift 2,14,323,34,-3.2221640030302,-2.806490994281361,True,False,,,,product_anomaly
2014-08-04,2,40,30,S2_E01,Shift 1,13,323,47,-3.2221640030302,-3.2958565872574868,True,True,,,,product_and_employee_anomaly
2014-08-04,2,40,30,S2_E02,Shift 2,17,323,47,-3.2221640030302,-2.3253581907705634,True,False,,,,product_anomaly
2014-08-04,3,40,31,S3_E01,Shift 1,16,323,39,-3.2221640030302,-2.9193847507418793,True,False,,,,product_anomaly
2014-08-04,3,40,31,S3_E02,Shift 2,15,323,39,-3.2221640030302,-2.9764440225122466,True,False,,,,product_anomaly
2014-08-04,4,40,25,S4_E01,Full Day,25,323,39,-3.2221640030302,-3.1397631376093593,True,True,,,,product_and_employee_anomaly
2014-08-04,5,40,17,S5_E01,Full Day,17,323,26,-3.2221640030302,-3.2173712129452325,True,True,,,,product_and_employee_anomaly
2014-08-04,6,40,16,S6_E01,Shift 1,8,323,27,-3.2221640030302,-2.2070237185490025,True,False,,,,product_anomaly
2014-08-04,6,40,16,S6_E02,Shift 2,8,323,27,-3.2221640030302,-3.5017544264003857,True,True,,,,product_and_employee_anomaly
2014-08-04,7,40,14,S7_E01,Full Day,14,323,26,-3.2221640030302,-3.4459186430311015,True,True,,,,product_and_employee_anomaly
2014-08-04,8,40,31,S8_E01,Shift 1,18,323,43,-3.2221640030302,-3.8062041584640642,True,True,,,,product_and_employee_anomaly
2014-08-04,8,40,31,S8_E02,Shift 2,13,323,43,-3.2221640030302,-3.16064441974807,True,True,,,,product_and_employee_anomaly
2014-08-04,9,40,17,S9_E01,Shift 1,7,323,37,-3.2221640030302,-2.838026611374916,True,False,,,,product_anomaly
2014-08-04,9,40,17,S9_E02,Shift 2,10,323,37,-3.2221640030302,-2.777144381847396,True,False,,,,product_anomaly
2014-08-04,10,40,28,S10_E01,Full Day,28,323,41,-3.2221640030302,-2.9356516212828705,True,False,,,,product_anomaly
2014-12-01,1,40,19,S1_E01,Shift 1,8,323,25,-2.8266863487023466,-3.1060032038113756,False,True,,,,employee_anomaly
2014-12-01,1,40,19,S1_E02,Shift 2,11,323,25,-2.8266863487023466,-3.2257952791105735,False,True,,,,employee_anomaly
2014-12-01,2,40,26,S2_E01,Shift 1,11,323,39,-2.8266863487023466,-3.2103767532981733,False,True,,,,employee_anomaly
2014-12-01,3,40,19,S3_E01,Shift 1,8,323,36,-2.8266863487023466,-3.6842826003636517,False,True,,,,employee_anomaly
2014-12-01,3,40,19,S3_E02,Shift 2,11,323,36,-2.8266863487023466,-3.7643534802102665,False,True,,,,employee_anomaly
2014-12-01,4,40,17,S4_E01,Full Day,17,323,32,-2.8266863487023466,-3.5292108233300348,False,True,,,,employee_anomaly
2014-12-01,5,40,17,S5_E01,Full Day,17,323,22,-2.8266863487023466,-3.5544771735009846,False,True,,,,employee_anomaly
2014-12-01,6,40,11,S6_E02,Shift 2,5,323,22,-2.8266863487023466,-3.2677552992025225,False,True,,,,employee_anomaly
2014-12-01,7,40,12,S7_E01,Full Day,12,323,21,-2.8266863487023466,-3.4795612216587277,False,True,,,,employee_anomaly
2014-12-01,8,40,23,S8_E02,Shift 2,9,323,38,-2.8266863487023466,-3.156889714158979,False,True,,,,employee_anomaly
2014-12-01,9,40,13,S9_E01,Shift 1,6,323,32,-2.8266863487023466,-3.0877445136207187,False,True,,,,employee_anomaly
2014-12-01,10,40,14,S10_E01,Full Day,14,323,36,-2.8266863487023466,-3.4995746414918427,False,True,,,,employee_anomaly
2015-02-01,1,40,21,S1_E01,Shift 1,10,323,17,1.7400954561364461,3.0557660597940646,False,True,,,,employee_anomaly
2015-03-01,1,40,36,S1_E01,Shift 1,16,323,20,3.284545044063902,3.2063842092808192,True,True,,,,product_and_employee_anomaly
2015-03-01,1,40,36,S1_E02,Shift 2,20,323,20,3.284545044063902,2.7011350015772067,True,False,,,,product_anomaly
2015-03-01,2,40,37,S2_E01,Shift 1,17,323,29,3.284545044063902,3.1204913155838128,True,True,,,,product_and_employee_anomaly
2015-03-01,2,40,37,S2_E02,Shift 2,20,323,29,3.284545044063902,2.9504051632544526,True,False,,,,product_anomaly
2015-03-01,3,40,34,S3_E01,Shift 1,15,323,23,3.284545044063902,2.94608151148025,True,False,,,,product_anomaly
2015-03-01,3,40,34,S3_E02,Shift 2,19,323,23,3.284545044063902,3.4103721242964737,True,True,,,,product_and_employee_anomaly
2015-03-01,4,40,31,S4_E01,Full Day,31,323,23,3.284545044063902,3.1596518128314997,True,True,,,,product_and_employee_anomaly
2015-03-01,5,40,19,S5_E01,Full Day,19,323,16,3.284545044063902,3.6387722164072245,True,True,,,,product_and_employee_anomaly
2015-03-01,6,40,23,S6_E01,Shift 1,11,323,17,3.284545044063902,3.2783227914473976,True,True,,,,product_and_employee_anomaly
2015-03-01,6,40,23,S6_E02,Shift 2,12,323,17,3.284545044063902,3.6075677552682435,True,True,,,,product_and_employee_anomaly
2015-03-01,7,40,17,S7_E01,Full Day,17,323,15,3.284545044063902,2.8190730739031222,True,False,,,,product_anomaly
2015-03-01,8,40,38,S8_E01,Shift 1,18,323,26,3.284545044063902,3.332540228908305,True,True,,,,product_and_employee_anomaly
2015-03-01,8,40,38,S8_E02,Shift 2,20,323,26,3.284545044063902,3.009029860439897,True,True,,,,product_and_employee_anomaly
2015-03-01,9,40,40,S9_E01,Shift 1,23,323,24,3.284545044063902,3.562831793884845,True,True,,,,product_and_employee_anomaly
2015-03-01,9,40,40,S9_E02,Shift 2,17,323,24,3.284545044063902,3.0689769065072365,True,True,,,,product_and_employee_anomaly
2015-03-01,10,40,28,S10_E01,Full Day,28,323,24,3.284545044063902,3.035766134572765,True,True,,,,product_and_employee_anomaly
2015-03-15,1,40,35,S1_E01,Shift 1,14,323,22,3.477857107041935,1.41388559294042,True,False,,,,product_anomaly
2015-03-15,1,40,35,S1_E02,Shift 2,21,323,22,3.477857107041935,1.223946256583955,True,False,,,,product_anomaly
2015-03-15,2,40,56,S2_E01,Shift 1,23,323,30,3.477857107041935,1.2649894550908216,True,False,,,,product_anomaly
2015-03-15,2,40,56,S2_E02,Shift 2,33,323,30,3.477857107041935,1.6464962731877228,True,False,,,,product_anomaly
2015-03-15,3,40,40,S3_E01,Shift 1,16,323,26,3.477857107041935,1.2041637686935194,True,False,,,,product_anomaly
2015-03-15,3,40,40,S3_E02,Shift 2,24,323,26,3.477857107041935,1.628076850273094,True,False,,,,product_anomaly
2015-03-15,4,40,39,S4_E01,Full Day,39,323,27,3.477857107041935,1.2422236073812558,True,False,,,,product_anomaly
2015-03-15,5,40,25,S5_E01,Full Day,25,323,18,3.477857107041935,1.6338439373548124,True,False,,,,product_anomaly
2015-03-15,6,40,26,S6_E01,Shift 1,13,323,19,3.477857107041935,1.7263149552572237,True,False,,,,product_anomaly
2015-03-15,6,40,26,S6_E02,Shift 2,13,323,19,3.477857107041935,1.7793932973299174,True,False,,,,product_anomaly
2015-03-15,7,40,29,S7_E01,Full Day,29,323,16,3.477857107041935,1.2172253975660823,True,False,,,,product_anomaly
2015-03-15,8,40,42,S8_E01,Shift 1,24,323,29,3.477857107041935,1.0351010492448924,True,False,,,,product_anomaly
2015-03-15,8,40,42,S8_E02,Shift 2,18,323,29,3.477857107041935,1.4153437503894937,True,False,,,,product_anomaly
2015-03-15,9,40,35,S9_E01,Shift 1,20,323,25,3.477857107041935,1.0423360607588044,True,False,,,,product_anomaly
2015-03-15,9,40,35,S9_E02,Shift 2,15,323,25,3.477857107041935,1.7304788866229215,True,False,,,,product_anomaly
2015-03-15,10,40,36,S10_E01,Full Day,36,323,26,3.477857107041935,1.2662392488064562,True,False,,,,product_anomaly
2015-08-03,1,40,25,S1_E01,Shift 1,12,323,35,-3.747414257260261,-2.431152188562419,True,False,,,,product_anomaly
2015-08-03,1,40,25,S1_E02,Shift 2,13,323,35,-3.747414257260261,-2.6588983591723636,True,False,,,,product_anomaly
2015-08-03,2,40,32,S2_E01,Shift 1,16,323,47,-3.747414257260261,-2.1714259053724394,True,False,,,,product_anomaly
2015-08-03,2,40,32,S2_E02,Shift 2,16,323,47,-3.747414257260261,-2.5727933298725434,True,False,,,,product_anomaly
2015-08-03,3,40,28,S3_E01,Shift 1,12,323,43,-3.747414257260261,-3.230471200097007,True,True,,,,product_and_employee_anomaly
2015-08-03,3,40,28,S3_E02,Shift 2,16,323,43,-3.747414257260261,-3.0968220305556833,True,True,,,,product_and_employee_anomaly
2015-08-03,4,40,29,S4_E01,Full Day,29,323,39,-3.747414257260261,-2.7376755606770606,True,False,,,,product_anomaly
2015-08-03,5,40,14,S5_E01,Full Day,14,323,28,-3.747414257260261,-2.664634525264307,True,False,,,,product_anomaly
2015-08-03,6,40,22,S6_E01,Shift 1,12,323,29,-3.747414257260261,-3.003013866777452,True,True,,,,product_and_employee_anomaly
2015-08-03,6,40,22,S6_E02,Shift 2,10,323,29,-3.747414257260261,-2.5336785743591226,True,False,,,,product_anomaly
2015-08-03,7,40,19,S7_E01,Full Day,19,323,28,-3.747414257260261,-2.3966524315397892,True,False,,,,product_anomaly
2015-08-03,8,40,29,S8_E01,Shift 1,15,323,46,-3.747414257260261,-2.893402768817878,True,False,,,,product_anomaly
2015-08-03,8,40,29,S8_E02,Shift 2,14,323,46,-3.747414257260261,-2.405130863769209,True,False,,,,product_anomaly
2015-08-03,9,40,31,S9_E01,Shift 1,16,323,41,-3.747414257260261,-2.4640677522246373,True,False,,,,product_anomaly
2015-08-03,9,40,31,S9_E02,Shift 2,15,323,41,-3.747414257260261,-3.2324063857303305,True,True,,,,product_and_employee_anomaly
2015-08-03,10,40,25,S10_E01,Full Day,25,323,41,-3.747414257260261,-2.654029610435547,True,False,,,,product_anomaly
2015-10-11,1,40,35,S1_E01,Shift 1,17,323,26,3.0875052013349764,1.385350770453872,True,False,,,,product_anomaly
2015-10-11,1,40,35,S1_E02,Shift 2,18,323,26,3.0875052013349764,1.2916721669048727,True,False,,,,product_anomaly
2015-10-11,2,40,47,S2_E01,Shift 1,25,323,39,3.0875052013349764,1.7126372546946467,True,False,,,,product_anomaly
2015-10-11,2,40,47,S2_E02,Shift 2,22,323,39,3.0875052013349764,1.8770713068072002,True,False,,,,product_anomaly
2015-10-11,3,40,37,S3_E01,Shift 1,21,323,34,3.0875052013349764,1.5754815355506835,True,False,,,,product_anomaly
2015-10-11,3,40,37,S3_E02,Shift 2,16,323,34,3.0875052013349764,1.7348870256156896,True,False,,,,product_anomaly
2015-10-11,4,40,44,S4_E01,Full Day,44,323,32,3.0875052013349764,1.471356831512327,True,False,,,,product_anomaly
2015-10-11,5,40,26,S5_E01,Full Day,26,323,25,3.0875052013349764,1.1453120152169702,True,False,,,,product_anomaly
2015-10-11,6,40,34,S6_E01,Shift 1,14,323,22,3.0875052013349764,1.083668638522132,True,False,,,,product_anomaly
2015-10-11,6,40,34,S6_E02,Shift 2,20,323,22,3.0875052013349764,1.456503006034333,True,False,,,,product_anomaly
2015-10-11,7,40,24,S7_E01,Full Day,24,323,20,3.0875052013349764,1.588611192824037,True,False,,,,product_anomaly
2015-10-11,8,40,56,S8_E01,Shift 1,24,323,36,3.0875052013349764,1.487732701893052,True,False,,,,product_anomaly
2015-10-11,8,40,56,S8_E02,Shift 2,32,323,36,3.0875052013349764,1.4826921251891245,True,False,,,,product_anomaly
2015-10-11,9,40,40,S9_E01,Shift 1,19,323,32,3.0875052013349764,1.4177213208931794,True,False,,,,product_anomaly
2015-10-11,9,40,40,S9_E02,Shift 2,21,323,32,3.0875052013349764,1.407022756420313,True,False,,,,product_anomaly
2015-10-11,10,40,34,S10_E01,Full Day,34,323,33,3.0875052013349764,1.5865317607099774,True,False,,,,product_anomaly
2015-12-01,1,40,14,S1_E01,Shift 1,8,323,27,-3.075395387920065,-2.584623178884539,True,False,,,,product_anomaly
2015-12-01,1,40,14,S1_E02,Shift 2,6,323,27,-3.075395387920065,-2.7661406637905475,True,False,,,,product_anomaly
2015-12-01,2,40,27,S2_E01,Shift 1,13,323,40,-3.075395387920065,-2.6931839314420327,True,False,,,,product_anomaly
2015-12-01,2,40,27,S2_E02,Shift 2,14,323,40,-3.075395387920065,-2.644584340674169,True,False,,,,product_anomaly
2015-12-01,3,40,21,S3_E01,Shift 1,11,323,36,-3.075395387920065,-2.6297033063545867,True,False,,,,product_anomaly
2015-12-01,3,40,21,S3_E02,Shift 2,10,323,36,-3.075395387920065,-2.367494236832392,True,False,,,,product_anomaly
2015-12-01,4,40,19,S4_E01,Full Day,19,323,33,-3.075395387920065,-2.5908311630645997,True,False,,,,product_anomaly
2015-12-01,5,40,27,S5_E01,Full Day,27,323,24,-3.075395387920065,-2.6110344096088554,True,False,,,,product_anomaly
2015-12-01,6,40,11,S6_E01,Shift 1,6,323,23,-3.075395387920065,-2.6979872750225096,True,False,,,,product_anomaly
2015-12-01,6,40,11,S6_E02,Shift 2,5,323,23,-3.075395387920065,-2.240655920396686,True,False,,,,product_anomaly
2015-12-01,7,40,13,S7_E01,Full Day,13,323,22,-3.075395387920065,-2.4045995818718513,True,False,,,,product_anomaly
2015-12-01,8,40,21,S8_E01,Shift 1,9,323,38,-3.075395387920065,-2.332411640702732,True,False,,,,product_anomaly
2015-12-01,8,40,21,S8_E02,Shift 2,12,323,38,-3.075395387920065,-2.2633780838650237,True,False,,,,product_anomaly
2015-12-01,9,40,24,S9_E01,Shift 1,11,323,33,-3.075395387920065,-2.549115151643684,True,False,,,,product_anomaly
2015-12-01,9,40,24,S9_E02,Shift 2,13,323,33,-3.075395387920065,-2.5849653687892817,True,False,,,,product_anomaly
2015-12-01,10,40,17,S10_E01,Full Day,17,323,35,-3.075395387920065,-2.5341460804226097,True,False,,,,product_anomaly
2016-05-01,1,40,43,S1_E01,Shift 1,24,323,30,4.089397860804194,1.6823689254426468,True,False,,,,product_anomaly
2016-05-01,1,40,43,S1_E02,Shift 2,19,323,30,4.089397860804194,1.5771560838652892,True,False,,,,product_anomaly
2016-05-01,2,40,62,S2_E01,Shift 1,31,323,44,4.089397860804194,1.9527966533244423,True,False,,,,product_anomaly
2016-05-01,2,40,62,S2_E02,Shift 2,31,323,44,4.089397860804194,1.8144534845785227,True,False,,,,product_anomaly
2016-05-01,3,40,56,S3_E01,Shift 1,33,323,39,4.089397860804194,1.7692081240061759,True,False,,,,product_anomaly
2016-05-01,3,40,56,S3_E02,Shift 2,23,323,39,4.089397860804194,1.4846726579268084,True,False,,,,product_anomaly
2016-05-01,4,40,46,S4_E01,Full Day,46,323,36,4.089397860804194,1.7081400382669947,True,False,,,,product_anomaly
2016-05-01,5,40,37,S5_E01,Full Day,37,323,25,4.089397860804194,1.9979602440713118,True,False,,,,product_anomaly
2016-05-01,6,40,34,S6_E01,Shift 1,14,323,23,4.089397860804194,1.953409329776992,True,False,,,,product_anomaly
2016-05-01,6,40,34,S6_E02,Shift 2,20,323,23,4.089397860804194,2.028570342518298,True,False,,,,product_anomaly
2016-05-01,7,40,31,S7_E01,Full Day,31,323,24,4.089397860804194,2.039700702174419,True,False,,,,product_anomaly
2016-05-01,8,40,66,S8_E01,Shift 1,27,323,41,4.089397860804194,2.184216578807766,True,False,,,,product_anomaly
2016-05-01,8,40,66,S8_E02,Shift 2,39,323,41,4.089397860804194,2.700372259082614,True,False,,,,product_anomaly
2016-05-01,9,40,52,S9_E01,Shift 1,30,323,36,4.089397860804194,1.7196174560045239,True,False,,,,product_anomaly
2016-05-01,9,40,52,S9_E02,Shift 2,22,323,36,4.089397860804194,2.5163794555431145,True,False,,,,product_anomaly
2016-05-01,10,40,45,S10_E01,Full Day,45,323,38,4.089397860804194,1.758412216042763,True,False,,,,product_anomaly
2016-12-05,2,40,19,S2_E01,Shift 1,10,323,43,-2.9322751564959546,-3.039797685865822,False,True,,,,employee_anomaly
2016-12-05,6,40,17,S6_E01,Shift 1,7,323,24,-2.9322751564959546,-3.552929269017943,False,True,,,,employee_anomaly
2016-12-05,7,40,12,S7_E01,Full Day,12,323,23,-2.9322751564959546,-3.1441222038535632,False,True,,,,employee_anomaly
2016-12-05,8,40,23,S8_E01,Shift 1,13,323,40,-2.9322751564959546,-3.7685143438139015,False,True,,,,employee_anomaly
2016-12-05,8,40,23,S8_E02,Shift 2,10,323,40,-2.9322751564959546,-3.111510025863777,False,True,,,,employee_anomaly
2016-12-05,9,40,21,S9_E02,Shift 2,10,323,34,-2.9322751564959546,-3.3474208166871384,False,True,,,,employee_anomaly
2016-12-05,10,40,15,S10_E01,Full Day,15,323,34,-2.9322751564959546,-3.2437638134469884,False,True,,,,employee_anomaly
2017-04-01,1,40,43,S1_E01,Shift 1,21,323,28,2.4695135644196156,3.05140781233218,False,True,,,,employee_anomaly
2017-10-02,1,40,23,S1_E01,Shift 1,12,323,31,-3.2084618662826525,-2.7046870414367237,True,False,,,,product_anomaly
2017-10-02,1,40,23,S1_E02,Shift 2,11,323,31,-3.2084618662826525,-2.3328017803019256,True,False,,,,product_anomaly
2017-10-02,2,40,24,S2_E01,Shift 1,11,323,45,-3.2084618662826525,-2.1985207044200115,True,False,,,,product_anomaly
2017-10-02,2,40,24,S2_E02,Shift 2,13,323,45,-3.2084618662826525,-2.14262498011453,True,False,,,,product_anomaly
2017-10-02,3,40,16,S3_E01,Shift 1,8,323,40,-3.2084618662826525,-2.455165347918119,True,False,,,,product_anomaly
2017-10-02,3,40,16,S3_E02,Shift 2,8,323,40,-3.2084618662826525,-2.200235749146122,True,False,,,,product_anomaly
2017-10-02,4,40,28,S4_E01,Full Day,28,323,37,-3.2084618662826525,-1.9705905265678114,True,False,,,,product_anomaly
2017-10-02,5,40,20,S5_E01,Full Day,20,323,26,-3.2084618662826525,-2.2466780052565993,True,False,,,,product_anomaly
2017-10-02,6,40,23,S6_E01,Shift 1,9,323,28,-3.2084618662826525,-1.9782433271337116,True,False,,,,product_anomaly
2017-10-02,6,40,23,S6_E02,Shift 2,14,323,28,-3.2084618662826525,-1.8087697621077696,True,False,,,,product_anomaly
2017-10-02,7,40,15,S7_E01,Full Day,15,323,24,-3.2084618662826525,-1.9964415222788736,True,False,,,,product_anomaly
2017-10-02,8,40,29,S8_E01,Shift 1,13,323,44,-3.2084618662826525,-2.0813456962142474,True,False,,,,product_anomaly
2017-10-02,8,40,29,S8_E02,Shift 2,16,323,44,-3.2084618662826525,-2.67322775720539,True,False,,,,product_anomaly
2017-10-02,9,40,22,S9_E01,Shift 1,9,323,37,-3.2084618662826525,-2.0499471339591273,True,False,,,,product_anomaly
2017-10-02,9,40,22,S9_E02,Shift 2,13,323,37,-3.2084618662826525,-1.8935046870558305,True,False,,,,product_anomaly
2017-10-02,10,40,23,S10_E01,Full Day,23,323,37,-3.2084618662826525,-2.3200414188695255,True,False,,,,product_anomaly
2017-12-04,1,40,12,S1_E01,Shift 1,7,323,30,-5.973033088508596,-3.566924808659965,True,True,,,,product_and_employee_anomaly
2017-12-04,1,40,12,S1_E02,Shift 2,5,323,30,-5.973033088508596,-3.439934189042974,True,True,,,,product_and_employee_anomaly
2017-12-04,2,40,21,S2_E01,Shift 1,9,323,45,-5.973033088508596,-3.4289887985334744,True,True,,,,product_and_employee_anomaly
2017-12-04,2,40,21,S2_E02,Shift 2,12,323,45,-5.973033088508596,-3.42560784986891,True,True,,,,product_and_employee_anomaly
2017-12-04,3,40,20,S3_E01,Shift 1,10,323,38,-5.973033088508596,-4.010676658948157,True,True,,,,product_and_employee_anomaly
2017-12-04,3,40,20,S3_E02,Shift 2,10,323,38,-5.973033088508596,-3.2163317411983594,True,True,,,,product_and_employee_anomaly
2017-12-04,4,40,20,S4_E01,Full Day,20,323,35,-5.973033088508596,-3.284111898833113,True,True,,,,product_and_employee_anomaly
2017-12-04,5,40,21,S5_E01,Full Day,21,323,26,-5.973033088508596,-3.2458225710762023,True,True,,,,product_and_employee_anomaly
2017-12-04,6,40,14,S6_E01,Shift 1,6,323,27,-5.973033088508596,-3.2986405964081293,True,True,,,,product_and_employee_anomaly
2017-12-04,6,40,14,S6_E02,Shift 2,8,323,27,-5.973033088508596,-3.3301889302159635,True,True,,,,product_and_employee_anomaly
2017-12-04,7,40,14,S7_E01,Full Day,14,323,23,-5.973033088508596,-3.144474792045703,True,True,,,,product_and_employee_anomaly
2017-12-04,8,40,31,S8_E01,Shift 1,16,323,44,-5.973033088508596,-3.5723822669368586,True,True,,,,product_and_employee_anomaly
2017-12-04,8,40,31,S8_E02,Shift 2,15,323,44,-5.973033088508596,-3.58582252955439,True,True,,,,product_and_employee_anomaly
2017-12-04,9,40,16,S9_E01,Shift 1,9,323,36,-5.973033088508596,-3.189292177224606,True,True,,,,product_and_employee_anomaly
2017-12-04,9,40,16,S9_E02,Shift 2,7,323,36,-5.973033088508596,-3.1563508443071124,True,True,,,,product_and_employee_anomaly
2017-12-04,10,40,21,S10_E01,Full Day,21,323,40,-5.973033088508596,-3.105707653984013,True,True,,,,product_and_employee_anomaly
2013-03-24,1,41,22,S1_E01,Shift 1,12,99,15,3.017346036565443,2.2628597998483975,True,False,,,,product_anomaly
2013-03-24,1,41,22,S1_E02,Shift 2,10,99,15,3.017346036565443,1.1015817498077247,True,False,,,,product_anomaly
2013-03-24,2,41,27,S2_E01,Shift 1,14,99,20,3.017346036565443,1.0322607839733724,True,False,,,,product_anomaly
2013-03-24,2,41,27,S2_E02,Shift 2,13,99,20,3.017346036565443,1.4898419076670655,True,False,,,,product_anomaly
2013-03-24,3,41,41,S3_E01,Shift 1,18,99,17,3.017346036565443,1.671282987706159,True,False,,,,product_anomaly
2013-03-24,3,41,41,S3_E02,Shift 2,23,99,17,3.017346036565443,1.5978824778210299,True,False,,,,product_anomaly
2013-03-24,4,41,20,S4_E01,Full Day,20,99,16,3.017346036565443,1.1631047105089678,True,False,,,,product_anomaly
2013-03-24,5,41,10,S5_E01,Full Day,10,99,12,3.017346036565443,1.3250271813061358,True,False,,,,product_anomaly
2013-03-24,6,41,8,S6_E01,Shift 1,3,99,12,3.017346036565443,1.3394020834746352,True,False,,,,product_anomaly
2013-03-24,6,41,8,S6_E02,Shift 2,5,99,12,3.017346036565443,1.2154912807606195,True,False,,,,product_anomaly
2013-03-24,7,41,22,S7_E01,Full Day,22,99,11,3.017346036565443,1.5156948805331538,True,False,,,,product_anomaly
2013-03-24,8,41,34,S8_E01,Shift 1,16,99,20,3.017346036565443,1.4473646973156917,True,False,,,,product_anomaly
2013-03-24,8,41,34,S8_E02,Shift 2,18,99,20,3.017346036565443,1.0542578221478929,True,False,,,,product_anomaly
2013-03-24,9,41,17,S9_E01,Shift 1,7,99,17,3.017346036565443,1.4964870465018767,True,False,,,,product_anomaly
2013-03-24,9,41,17,S9_E02,Shift 2,10,99,17,3.017346036565443,1.4965366187276943,True,False,,,,product_anomaly
2013-03-24,10,41,20,S10_E01,Full Day,20,99,18,3.017346036565443,1.2228999513644547,True,False,,,,product_anomaly
2013-04-03,1,41,18,S1_E01,Shift 1,11,99,16,3.9033279647537276,-0.26750416338302346,True,False,,,,product_anomaly
2013-04-03,1,41,18,S1_E02,Shift 2,7,99,16,3.9033279647537276,0.4965846340476317,True,False,,,,product_anomaly
2013-04-03,2,41,28,S2_E01,Shift 1,16,99,21,3.9033279647537276,0.22475058006168894,True,False,,,,product_anomaly
2013-04-03,2,41,28,S2_E02,Shift 2,12,99,21,3.9033279647537276,0.21398222388991728,True,False,,,,product_anomaly
2013-04-03,3,41,22,S3_E01,Shift 1,12,99,18,3.9033279647537276,0.4954770522036778,True,False,,,,product_anomaly
2013-04-03,3,41,22,S3_E02,Shift 2,10,99,18,3.9033279647537276,-0.07096833960046763,True,False,,,,product_anomaly
2013-04-03,4,41,22,S4_E01,Full Day,22,99,17,3.9033279647537276,0.16177864924789084,True,False,,,,product_anomaly
2013-04-03,5,41,12,S5_E01,Full Day,12,99,11,3.9033279647537276,0.6296504387336771,True,False,,,,product_anomaly
2013-04-03,6,41,16,S6_E01,Shift 1,7,99,12,3.9033279647537276,0.1924722965948004,True,False,,,,product_anomaly
2013-04-03,6,41,16,S6_E02,Shift 2,9,99,12,3.9033279647537276,-0.12905726805190496,True,False,,,,product_anomaly
2013-04-03,7,41,10,S7_E01,Full Day,10,99,12,3.9033279647537276,0.27346587548788437,True,False,,,,product_anomaly
2013-04-03,8,41,29,S8_E01,Shift 1,16,99,20,3.9033279647537276,0.1323402430201047,True,False,,,,product_anomaly
2013-04-03,8,41,29,S8_E02,Shift 2,13,99,20,3.9033279647537276,-0.03350903123599247,True,False,,,,product_anomaly
2013-04-03,9,41,21,S9_E01,Shift 1,11,99,17,3.9033279647537276,0.614722593301754,True,False,,,,product_anomaly
2013-04-03,9,41,21,S9_E02,Shift 2,10,99,17,3.9033279647537276,0.14827279699953627,True,False,,,,product_anomaly
2013-04-03,10,41,29,S10_E01,Full Day,29,99,18,3.9033279647537276,0.8878521287323319,True,False,,,,product_anomaly
2013-06-16,1,41,22,S1_E01,Shift 1,10,99,21,3.71717977751458,1.4902767704233917,True,False,,,,product_anomaly
2013-06-16,1,41,22,S1_E02,Shift 2,12,99,21,3.71717977751458,1.3246278531320161,True,False,,,,product_anomaly
2013-06-16,2,41,39,S2_E01,Shift 1,23,99,27,3.71717977751458,1.6856206152325333,True,False,,,,product_anomaly
2013-06-16,2,41,39,S2_E02,Shift 2,16,99,27,3.71717977751458,1.4937460818842732,True,False,,,,product_anomaly
2013-06-16,3,41,26,S3_E01,Shift 1,12,99,23,3.71717977751458,1.532942918499556,True,False,,,,product_anomaly
2013-06-16,3,41,26,S3_E02,Shift 2,14,99,23,3.71717977751458,1.4428696165502122,True,False,,,,product_anomaly
2013-06-16,4,41,22,S4_E01,Full Day,22,99,22,3.71717977751458,1.3292881388173117,True,False,,,,product_anomaly
2013-06-16,5,41,15,S5_E01,Full Day,15,99,17,3.71717977751458,1.3746735482456065,True,False,,,,product_anomaly
2013-06-16,6,41,20,S6_E01,Shift 1,8,99,16,3.71717977751458,1.4623357125593899,True,False,,,,product_anomaly
2013-06-16,6,41,20,S6_E02,Shift 2,12,99,16,3.71717977751458,1.0272679846651998,True,False,,,,product_anomaly
2013-06-16,7,41,18,S7_E01,Full Day,18,99,15,3.71717977751458,1.7978986389854665,True,False,,,,product_anomaly
2013-06-16,8,41,34,S8_E01,Shift 1,19,99,25,3.71717977751458,1.19046814626399,True,False,,,,product_anomaly
2013-06-16,8,41,34,S8_E02,Shift 2,15,99,25,3.71717977751458,1.511272502138208,True,False,,,,product_anomaly
2013-06-16,9,41,30,S9_E01,Shift 1,17,99,21,3.71717977751458,1.4604691511646586,True,False,,,,product_anomaly
2013-06-16,9,41,30,S9_E02,Shift 2,13,99,21,3.71717977751458,1.5388795186651345,True,False,,,,product_anomaly
2013-06-16,10,41,35,S10_E01,Full Day,35,99,26,3.71717977751458,1.3631909153446213,True,False,,,,product_anomaly
2013-08-05,2,41,16,S2_E01,Shift 1,8,99,28,-1.5906456598003778,-3.037931708682254,False,True,,,,employee_anomaly
2013-08-05,2,41,16,S2_E02,Shift 2,8,99,28,-1.5906456598003778,-3.4857102754090485,False,True,,,,employee_anomaly
2013-09-09,1,41,15,S1_E01,Shift 1,7,99,18,-3.3364932806860645,-1.5925690555441183,True,False,,,,product_anomaly
2013-09-09,1,41,15,S1_E02,Shift 2,8,99,18,-3.3364932806860645,-1.6070118557168855,True,False,,,,product_anomaly
2013-09-09,2,41,11,S2_E01,Shift 1,6,99,26,-3.3364932806860645,-1.5925419020413265,True,False,,,,product_anomaly
2013-09-09,2,41,11,S2_E02,Shift 2,5,99,26,-3.3364932806860645,-1.65705284395129,True,False,,,,product_anomaly
2013-09-09,3,41,11,S3_E01,Shift 1,5,99,23,-3.3364932806860645,-1.6878851669574517,True,False,,,,product_anomaly
2013-09-09,3,41,11,S3_E02,Shift 2,6,99,23,-3.3364932806860645,-1.748884608292878,True,False,,,,product_anomaly
2013-09-09,4,41,21,S4_E01,Full Day,21,99,22,-3.3364932806860645,-1.5661188248243745,True,False,,,,product_anomaly
2013-09-09,5,41,6,S5_E01,Full Day,6,99,16,-3.3364932806860645,-1.2555609966033157,True,False,,,,product_anomaly
2013-09-09,6,41,8,S6_E01,Shift 1,5,99,15,-3.3364932806860645,-1.5751948510202292,True,False,,,,product_anomaly
2013-09-09,6,41,8,S6_E02,Shift 2,3,99,15,-3.3364932806860645,-1.6117759494211568,True,False,,,,product_anomaly
2013-09-09,7,41,9,S7_E01,Full Day,9,99,14,-3.3364932806860645,-1.4859213727248186,True,False,,,,product_anomaly
2013-09-09,8,41,18,S8_E01,Shift 1,10,99,26,-3.3364932806860645,-1.4721730473408867,True,False,,,,product_anomaly
2013-09-09,8,41,18,S8_E02,Shift 2,8,99,26,-3.3364932806860645,-1.8249694390670557,True,False,,,,product_anomaly
2013-09-09,9,41,17,S9_E01,Shift 1,9,99,21,-3.3364932806860645,-1.8176591768204373,True,False,,,,product_anomaly
2013-09-09,9,41,17,S9_E02,Shift 2,8,99,21,-3.3364932806860645,-1.4151221203350832,True,False,,,,product_anomaly
2013-09-09,10,41,18,S10_E01,Full Day,18,99,23,-3.3364932806860645,-1.8288338076976236,True,False,,,,product_anomaly
2013-12-02,1,41,13,S1_E01,Shift 1,6,99,18,-2.554346212515218,-3.1254292363912257,False,True,,,,employee_anomaly
2013-12-02,2,41,20,S2_E01,Shift 1,11,99,24,-2.554346212515218,-3.412450649859274,False,True,,,,employee_anomaly
2013-12-02,2,41,20,S2_E02,Shift 2,9,99,24,-2.554346212515218,-3.2785932441135652,False,True,,,,employee_anomaly
2013-12-02,3,41,11,S3_E01,Shift 1,5,99,21,-2.554346212515218,-3.2501487509139597,False,True,,,,employee_anomaly
2013-12-02,3,41,11,S3_E02,Shift 2,6,99,21,-2.554346212515218,-3.4328063228458867,False,True,,,,employee_anomaly
2013-12-02,4,41,17,S4_E01,Full Day,17,99,22,-2.554346212515218,-3.448513956982832,False,True,,,,employee_anomaly
2013-12-02,5,41,9,S5_E01,Full Day,9,99,14,-2.554346212515218,-3.1959090536893515,False,True,,,,employee_anomaly
2013-12-02,6,41,11,S6_E02,Shift 2,5,99,16,-2.554346212515218,-3.0818675698167812,False,True,,,,employee_anomaly
2013-12-02,8,41,11,S8_E01,Shift 1,7,99,23,-2.554346212515218,-3.3597203284094452,False,True,,,,employee_anomaly
2013-12-02,8,41,11,S8_E02,Shift 2,4,99,23,-2.554346212515218,-3.335819773959348,False,True,,,,employee_anomaly
2013-12-02,9,41,12,S9_E01,Shift 1,7,99,20,-2.554346212515218,-3.305771183792513,False,True,,,,employee_anomaly
2013-12-02,9,41,12,S9_E02,Shift 2,5,99,20,-2.554346212515218,-3.696275698428471,False,True,,,,employee_anomaly
2013-12-02,10,41,16,S10_E01,Full Day,16,99,22,-2.554346212515218,-3.0878038047354686,False,True,,,,employee_anomaly
2013-12-29,1,41,18,S1_E01,Shift 1,10,99,13,4.114802583155094,1.2468376215182482,True,False,,,,product_anomaly
2013-12-29,1,41,18,S1_E02,Shift 2,8,99,13,4.114802583155094,1.2907192201725926,True,False,,,,product_anomaly
2013-12-29,2,41,22,S2_E01,Shift 1,9,99,19,4.114802583155094,1.0622037969949634,True,False,,,,product_anomaly
2013-12-29,2,41,22,S2_E02,Shift 2,13,99,19,4.114802583155094,0.9514222023242803,True,False,,,,product_anomaly
2013-12-29,3,41,19,S3_E01,Shift 1,9,99,17,4.114802583155094,1.5606387113555402,True,False,,,,product_anomaly
2013-12-29,3,41,19,S3_E02,Shift 2,10,99,17,4.114802583155094,1.4662542709805277,True,False,,,,product_anomaly
2013-12-29,4,41,27,S4_E01,Full Day,27,99,16,4.114802583155094,1.0854425711108082,True,False,,,,product_anomaly
2013-12-29,5,41,12,S5_E01,Full Day,12,99,11,4.114802583155094,1.3746472387930109,True,False,,,,product_anomaly
2013-12-29,6,41,16,S6_E01,Shift 1,7,99,10,4.114802583155094,0.5356033885051898,True,False,,,,product_anomaly
2013-12-29,6,41,16,S6_E02,Shift 2,9,99,10,4.114802583155094,1.0966379068736023,True,False,,,,product_anomaly
2013-12-29,7,41,15,S7_E01,Full Day,15,99,10,4.114802583155094,1.1917699509797073,True,False,,,,product_anomaly
2013-12-29,8,41,17,S8_E01,Shift 1,7,99,17,4.114802583155094,1.345147531802996,True,False,,,,product_anomaly
2013-12-29,8,41,17,S8_E02,Shift 2,10,99,17,4.114802583155094,1.1567903881269488,True,False,,,,product_anomaly
2013-12-29,9,41,20,S9_E01,Shift 1,10,99,15,4.114802583155094,1.6250386870034994,True,False,,,,product_anomaly
2013-12-29,9,41,20,S9_E02,Shift 2,10,99,15,4.114802583155094,1.5014186278585375,True,False,,,,product_anomaly
2013-12-29,10,41,21,S10_E01,Full Day,21,99,16,4.114802583155094,1.0679526190426138,True,False,,,,product_anomaly
2014-01-12,1,41,11,S1_E01,Shift 1,6,99,13,3.054063612755757,1.065593362366061,True,False,,,,product_anomaly
2014-01-12,1,41,11,S1_E02,Shift 2,5,99,13,3.054063612755757,0.8631076070648174,True,False,,,,product_anomaly
2014-01-12,2,41,26,S2_E01,Shift 1,13,99,18,3.054063612755757,1.357245643755274,True,False,,,,product_anomaly
2014-01-12,2,41,26,S2_E02,Shift 2,13,99,18,3.054063612755757,1.2720663925503892,True,False,,,,product_anomaly
2014-01-12,3,41,22,S3_E01,Shift 1,9,99,16,3.054063612755757,1.4828522676964975,True,False,,,,product_anomaly
2014-01-12,3,41,22,S3_E02,Shift 2,13,99,16,3.054063612755757,1.1509670510353385,True,False,,,,product_anomaly
2014-01-12,4,41,17,S4_E01,Full Day,17,99,15,3.054063612755757,1.329852194660894,True,False,,,,product_anomaly
2014-01-12,5,41,14,S5_E01,Full Day,14,99,11,3.054063612755757,1.474510158104799,True,False,,,,product_anomaly
2014-01-12,6,41,12,S6_E01,Shift 1,7,99,11,3.054063612755757,1.4400801878730807,True,False,,,,product_anomaly
2014-01-12,6,41,12,S6_E02,Shift 2,5,99,11,3.054063612755757,1.42875898412498,True,False,,,,product_anomaly
2014-01-12,7,41,11,S7_E01,Full Day,11,99,10,3.054063612755757,1.0604142260470972,True,False,,,,product_anomaly
2014-01-12,8,41,27,S8_E01,Shift 1,15,99,16,3.054063612755757,1.2454474761314434,True,False,,,,product_anomaly
2014-01-12,8,41,27,S8_E02,Shift 2,12,99,16,3.054063612755757,1.772577022457027,True,False,,,,product_anomaly
2014-01-12,9,41,18,S9_E01,Shift 1,9,99,15,3.054063612755757,1.28543579098779,True,False,,,,product_anomaly
2014-01-12,9,41,18,S9_E02,Shift 2,9,99,15,3.054063612755757,1.6485499952486748,True,False,,,,product_anomaly
2014-01-12,10,41,22,S10_E01,Full Day,22,99,16,3.054063612755757,1.1581129225215356,True,False,,,,product_anomaly
2014-03-01,2,41,22,S2_E01,Shift 1,11,99,21,1.1860187560337987,3.349005610782279,False,True,,,,employee_anomaly
2014-03-01,5,41,15,S5_E01,Full Day,15,99,13,1.1860187560337987,3.306479451837381,False,True,,,,employee_anomaly
2014-03-02,1,41,13,S1_E01,Shift 1,7,99,14,3.1344837790122475,2.0972603927166844,True,False,,,,product_anomaly
2014-03-02,1,41,13,S1_E02,Shift 2,6,99,14,3.1344837790122475,2.0083018413687155,True,False,,,,product_anomaly
2014-03-02,2,41,35,S2_E01,Shift 1,21,99,21,3.1344837790122475,2.151181835466456,True,False,,,,product_anomaly
2014-03-02,2,41,35,S2_E02,Shift 2,14,99,21,3.1344837790122475,2.498946389655089,True,False,,,,product_anomaly
2014-03-02,3,41,30,S3_E01,Shift 1,17,99,18,3.1344837790122475,1.8529684587957835,True,False,,,,product_anomaly
2014-03-02,3,41,30,S3_E02,Shift 2,13,99,18,3.1344837790122475,2.286165350205798,True,False,,,,product_anomaly
2014-03-02,4,41,23,S4_E01,Full Day,23,99,17,3.1344837790122475,2.3450285276452933,True,False,,,,product_anomaly
2014-03-02,5,41,21,S5_E01,Full Day,21,99,13,3.1344837790122475,1.9962764691925785,True,False,,,,product_anomaly
2014-03-02,6,41,16,S6_E01,Shift 1,9,99,13,3.1344837790122475,1.6853864138452233,True,False,,,,product_anomaly
2014-03-02,6,41,16,S6_E02,Shift 2,7,99,13,3.1344837790122475,2.5123028543625576,True,False,,,,product_anomaly
2014-03-02,7,41,23,S7_E01,Full Day,23,99,12,3.1344837790122475,2.211401877649044,True,False,,,,product_anomaly
2014-03-02,8,41,36,S8_E01,Shift 1,21,99,19,3.1344837790122475,2.261071680077015,True,False,,,,product_anomaly
2014-03-02,8,41,36,S8_E02,Shift 2,15,99,19,3.1344837790122475,1.9643113763137205,True,False,,,,product_anomaly
2014-03-02,9,41,21,S9_E01,Shift 1,10,99,17,3.1344837790122475,2.388966182717783,True,False,,,,product_anomaly
2014-03-02,9,41,21,S9_E02,Shift 2,11,99,17,3.1344837790122475,1.8326046412401789,True,False,,,,product_anomaly
2014-03-02,10,41,30,S10_E01,Full Day,30,99,19,3.1344837790122475,2.257695764346355,True,False,,,,product_anomaly
2014-08-04,2,41,26,S2_E01,Shift 1,14,99,34,-2.237821478976114,-3.2958565872574868,False,True,,,,employee_anomaly
2014-08-04,4,41,16,S4_E01,Full Day,16,99,26,-2.237821478976114,-3.1397631376093593,False,True,,,,employee_anomaly
2014-08-04,5,41,23,S5_E01,Full Day,23,99,21,-2.237821478976114,-3.2173712129452325,False,True,,,,employee_anomaly
2014-08-04,6,41,14,S6_E02,Shift 2,8,99,20,-2.237821478976114,-3.5017544264003857,False,True,,,,employee_anomaly
2014-08-04,7,41,10,S7_E01,Full Day,10,99,17,-2.237821478976114,-3.4459186430311015,False,True,,,,employee_anomaly
2014-08-04,8,41,22,S8_E01,Shift 1,11,99,32,-2.237821478976114,-3.8062041584640642,False,True,,,,employee_anomaly
2014-08-04,8,41,22,S8_E02,Shift 2,11,99,32,-2.237821478976114,-3.16064441974807,False,True,,,,employee_anomaly
2014-12-01,1,41,9,S1_E01,Shift 1,5,99,20,-2.906457062382057,-3.1060032038113756,False,True,,,,employee_anomaly
2014-12-01,1,41,9,S1_E02,Shift 2,4,99,20,-2.906457062382057,-3.2257952791105735,False,True,,,,employee_anomaly
2014-12-01,2,41,18,S2_E01,Shift 1,7,99,28,-2.906457062382057,-3.2103767532981733,False,True,,,,employee_anomaly
2014-12-01,3,41,13,S3_E01,Shift 1,6,99,24,-2.906457062382057,-3.6842826003636517,False,True,,,,employee_anomaly
2014-12-01,3,41,13,S3_E02,Shift 2,7,99,24,-2.906457062382057,-3.7643534802102665,False,True,,,,employee_anomaly
2014-12-01,4,41,21,S4_E01,Full Day,21,99,24,-2.906457062382057,-3.5292108233300348,False,True,,,,employee_anomaly
2014-12-01,5,41,14,S5_E01,Full Day,14,99,18,-2.906457062382057,-3.5544771735009846,False,True,,,,employee_anomaly
2014-12-01,6,41,11,S6_E02,Shift 2,5,99,17,-2.906457062382057,-3.2677552992025225,False,True,,,,employee_anomaly
2014-12-01,7,41,5,S7_E01,Full Day,5,99,15,-2.906457062382057,-3.4795612216587277,False,True,,,,employee_anomaly
2014-12-01,8,41,14,S8_E02,Shift 2,8,99,27,-2.906457062382057,-3.156889714158979,False,True,,,,employee_anomaly
2014-12-01,9,41,6,S9_E01,Shift 1,2,99,23,-2.906457062382057,-3.0877445136207187,False,True,,,,employee_anomaly
2014-12-01,10,41,16,S10_E01,Full Day,16,99,24,-2.906457062382057,-3.4995746414918427,False,True,,,,employee_anomaly
2014-12-22,1,41,12,S1_E01,Shift 1,6,99,16,-3.8726371870639835,-1.0520778740273509,True,False,,,,product_anomaly
2014-12-22,1,41,12,S1_E02,Shift 2,6,99,16,-3.8726371870639835,-1.1259510642922392,True,False,,,,product_anomaly
2014-12-22,2,41,16,S2_E01,Shift 1,7,99,24,-3.8726371870639835,-1.4377448708238172,True,False,,,,product_anomaly
2014-12-22,2,41,16,S2_E02,Shift 2,9,99,24,-3.8726371870639835,-1.5919420207366435,True,False,,,,product_anomaly
2014-12-22,3,41,5,S3_E01,Shift 1,2,99,20,-3.8726371870639835,-1.747596914597914,True,False,,,,product_anomaly
2014-12-22,3,41,5,S3_E02,Shift 2,3,99,20,-3.8726371870639835,-1.524052030148514,True,False,,,,product_anomaly
2014-12-22,4,41,11,S4_E01,Full Day,11,99,19,-3.8726371870639835,-1.6756867996722224,True,False,,,,product_anomaly
2014-12-22,5,41,9,S5_E01,Full Day,9,99,15,-3.8726371870639835,-1.2389847286617532,True,False,,,,product_anomaly
2014-12-22,6,41,15,S6_E01,Shift 1,8,99,14,-3.8726371870639835,-1.5079072577459869,True,False,,,,product_anomaly
2014-12-22,6,41,15,S6_E02,Shift 2,7,99,14,-3.8726371870639835,-2.186061492606349,True,False,,,,product_anomaly
2014-12-22,7,41,3,S7_E01,Full Day,3,99,13,-3.8726371870639835,-1.3864052167890266,True,False,,,,product_anomaly
2014-12-22,8,41,11,S8_E01,Shift 1,6,99,21,-3.8726371870639835,-1.495653303837455,True,False,,,,product_anomaly
2014-12-22,8,41,11,S8_E02,Shift 2,5,99,21,-3.8726371870639835,-1.8943229134495996,True,False,,,,product_anomaly
2014-12-22,9,41,17,S9_E01,Shift 1,7,99,17,-3.8726371870639835,-1.1013728703192893,True,False,,,,product_anomaly
2014-12-22,9,41,17,S9_E02,Shift 2,10,99,17,-3.8726371870639835,-1.4719324107520406,True,False,,,,product_anomaly
2014-12-22,10,41,9,S10_E01,Full Day,9,99,21,-3.8726371870639835,-1.4306442392030438,True,False,,,,product_anomaly
2015-02-01,1,41,21,S1_E01,Shift 1,12,99,13,2.3004249094149967,3.0557660597940646,False,True,,,,employee_anomaly
2015-03-01,1,41,15,S1_E01,Shift 1,8,99,14,3.5007949948532744,3.2063842092808192,True,True,,,,product_and_employee_anomaly
2015-03-01,1,41,15,S1_E02,Shift 2,7,99,14,3.5007949948532744,2.7011350015772067,True,False,,,,product_anomaly
2015-03-01,2,41,29,S2_E01,Shift 1,16,99,20,3.5007949948532744,3.1204913155838128,True,True,,,,product_and_employee_anomaly
2015-03-01,2,41,29,S2_E02,Shift 2,13,99,20,3.5007949948532744,2.9504051632544526,True,False,,,,product_anomaly
2015-03-01,3,41,25,S3_E01,Shift 1,13,99,19,3.5007949948532744,2.94608151148025,True,False,,,,product_anomaly
2015-03-01,3,41,25,S3_E02,Shift 2,12,99,19,3.5007949948532744,3.4103721242964737,True,True,,,,product_and_employee_anomaly
2015-03-01,4,41,25,S4_E01,Full Day,25,99,17,3.5007949948532744,3.1596518128314997,True,True,,,,product_and_employee_anomaly
2015-03-01,5,41,18,S5_E01,Full Day,18,99,12,3.5007949948532744,3.6387722164072245,True,True,,,,product_and_employee_anomaly
2015-03-01,6,41,22,S6_E01,Shift 1,9,99,12,3.5007949948532744,3.2783227914473976,True,True,,,,product_and_employee_anomaly
2015-03-01,6,41,22,S6_E02,Shift 2,13,99,12,3.5007949948532744,3.6075677552682435,True,True,,,,product_and_employee_anomaly
2015-03-01,7,41,13,S7_E01,Full Day,13,99,11,3.5007949948532744,2.8190730739031222,True,False,,,,product_anomaly
2015-03-01,8,41,31,S8_E01,Shift 1,16,99,20,3.5007949948532744,3.332540228908305,True,True,,,,product_and_employee_anomaly
2015-03-01,8,41,31,S8_E02,Shift 2,15,99,20,3.5007949948532744,3.009029860439897,True,True,,,,product_and_employee_anomaly
2015-03-01,9,41,26,S9_E01,Shift 1,15,99,18,3.5007949948532744,3.562831793884845,True,True,,,,product_and_employee_anomaly
2015-03-01,9,41,26,S9_E02,Shift 2,11,99,18,3.5007949948532744,3.0689769065072365,True,True,,,,product_and_employee_anomaly
2015-03-01,10,41,26,S10_E01,Full Day,26,99,18,3.5007949948532744,3.035766134572765,True,True,,,,product_and_employee_anomaly
2015-08-03,3,41,17,S3_E01,Shift 1,8,99,32,-2.196200258162718,-3.230471200097007,False,True,,,,employee_anomaly
2015-08-03,3,41,17,S3_E02,Shift 2,9,99,32,-2.196200258162718,-3.0968220305556833,False,True,,,,employee_anomaly
2015-08-03,6,41,11,S6_E01,Shift 1,5,99,23,-2.196200258162718,-3.003013866777452,False,True,,,,employee_anomaly
2015-08-03,9,41,17,S9_E02,Shift 2,9,99,32,-2.196200258162718,-3.2324063857303305,False,True,,,,employee_anomaly
2016-12-05,2,41,21,S2_E01,Shift 1,11,99,30,-2.244302309141652,-3.039797685865822,False,True,,,,employee_anomaly
2016-12-05,6,41,16,S6_E01,Shift 1,9,99,17,-2.244302309141652,-3.552929269017943,False,True,,,,employee_anomaly
2016-12-05,7,41,5,S7_E01,Full Day,5,99,17,-2.244302309141652,-3.1441222038535632,False,True,,,,employee_anomaly
2016-12-05,8,41,14,S8_E01,Shift 1,6,99,29,-2.244302309141652,-3.7685143438139015,False,True,,,,employee_anomaly
2016-12-05,8,41,14,S8_E02,Shift 2,8,99,29,-2.244302309141652,-3.111510025863777,False,True,,,,employee_anomaly
2016-12-05,9,41,11,S9_E02,Shift 2,6,99,25,-2.244302309141652,-3.3474208166871384,False,True,,,,employee_anomaly
2016-12-05,10,41,18,S10_E01,Full Day,18,99,28,-2.244302309141652,-3.2437638134469884,False,True,,,,employee_anomaly
2017-04-01,1,41,27,S1_E01,Shift 1,14,99,19,1.9902320618242209,3.05140781233218,False,True,,,,employee_anomaly
2017-12-04,1,41,17,S1_E01,Shift 1,10,99,24,-3.5291804045569317,-3.566924808659965,True,True,,,,product_and_employee_anomaly
2017-12-04,1,41,17,S1_E02,Shift 2,7,99,24,-3.5291804045569317,-3.439934189042974,True,True,,,,product_and_employee_anomaly
2017-12-04,2,41,16,S2_E01,Shift 1,6,99,34,-3.5291804045569317,-3.4289887985334744,True,True,,,,product_and_employee_anomaly
2017-12-04,2,41,16,S2_E02,Shift 2,10,99,34,-3.5291804045569317,-3.42560784986891,True,True,,,,product_and_employee_anomaly
2017-12-04,3,41,15,S3_E01,Shift 1,7,99,29,-3.5291804045569317,-4.010676658948157,True,True,,,,product_and_employee_anomaly
2017-12-04,3,41,15,S3_E02,Shift 2,8,99,29,-3.5291804045569317,-3.2163317411983594,True,True,,,,product_and_employee_anomaly
2017-12-04,4,41,22,S4_E01,Full Day,22,99,26,-3.5291804045569317,-3.284111898833113,True,True,,,,product_and_employee_anomaly
2017-12-04,5,41,3,S5_E01,Full Day,3,99,19,-3.5291804045569317,-3.2458225710762023,True,True,,,,product_and_employee_anomaly
2017-12-04,6,41,14,S6_E01,Shift 1,8,99,20,-3.5291804045569317,-3.2986405964081293,True,True,,,,product_and_employee_anomaly
2017-12-04,6,41,14,S6_E02,Shift 2,6,99,20,-3.5291804045569317,-3.3301889302159635,True,True,,,,product_and_employee_anomaly
2017-12-04,7,41,8,S7_E01,Full Day,8,99,17,-3.5291804045569317,-3.144474792045703,True,True,,,,product_and_employee_anomaly
2017-12-04,8,41,9,S8_E01,Shift 1,5,99,32,-3.5291804045569317,-3.5723822669368586,True,True,,,,product_and_employee_anomaly
2017-12-04,8,41,9,S8_E02,Shift 2,4,99,32,-3.5291804045569317,-3.58582252955439,True,True,,,,product_and_employee_anomaly
2017-12-04,9,41,17,S9_E01,Shift 1,8,99,28,-3.5291804045569317,-3.189292177224606,True,True,,,,product_and_employee_anomaly
2017-12-04,9,41,17,S9_E02,Shift 2,9,99,28,-3.5291804045569317,-3.1563508443071124,True,True,,,,product_and_employee_anomaly
2017-12-04,10,41,21,S10_E01,Full Day,21,99,28,-3.5291804045569317,-3.105707653984013,True,True,,,,product_and_employee_anomaly
2013-05-13,1,42,34,S1_E01,Shift 1,16,384,30,-3.021419356545847,-1.8898496122092792,True,False,,,,product_anomaly
2013-05-13,1,42,34,S1_E02,Shift 2,18,384,30,-3.021419356545847,-1.6456565584557388,True,False,,,,product_anomaly
2013-05-13,2,42,31,S2_E01,Shift 1,14,384,42,-3.021419356545847,-1.4246120276490375,True,False,,,,product_anomaly
2013-05-13,2,42,31,S2_E02,Shift 2,17,384,42,-3.021419356545847,-1.7582257373218737,True,False,,,,product_anomaly
2013-05-13,3,42,31,S3_E01,Shift 1,15,384,38,-3.021419356545847,-1.4764905881829151,True,False,,,,product_anomaly
2013-05-13,3,42,31,S3_E02,Shift 2,16,384,38,-3.021419356545847,-1.9009677924241795,True,False,,,,product_anomaly
2013-05-13,4,42,41,S4_E01,Full Day,41,384,36,-3.021419356545847,-1.6202632092226434,True,False,,,,product_anomaly
2013-05-13,5,42,11,S5_E01,Full Day,11,384,26,-3.021419356545847,-1.298443395401745,True,False,,,,product_anomaly
2013-05-13,6,42,16,S6_E01,Shift 1,8,384,25,-3.021419356545847,-1.636692879759771,True,False,,,,product_anomaly
2013-05-13,6,42,16,S6_E02,Shift 2,8,384,25,-3.021419356545847,-1.6612050870297264,True,False,,,,product_anomaly
2013-05-13,7,42,17,S7_E01,Full Day,17,384,23,-3.021419356545847,-1.6867677151917642,True,False,,,,product_anomaly
2013-05-13,8,42,36,S8_E01,Shift 1,18,384,43,-3.021419356545847,-1.7094683260343597,True,False,,,,product_anomaly
2013-05-13,8,42,36,S8_E02,Shift 2,18,384,43,-3.021419356545847,-1.7717798385993868,True,False,,,,product_anomaly
2013-05-13,9,42,23,S9_E01,Shift 1,13,384,36,-3.021419356545847,-1.6322018498953499,True,False,,,,product_anomaly
2013-05-13,9,42,23,S9_E02,Shift 2,10,384,36,-3.021419356545847,-1.4867457136574824,True,False,,,,product_anomaly
2013-05-13,10,42,29,S10_E01,Full Day,29,384,38,-3.021419356545847,-1.725271451730237,True,False,,,,product_anomaly
2013-08-05,2,42,38,S2_E01,Shift 1,23,384,49,-2.305759723102273,-3.037931708682254,False,True,,,,employee_anomaly
2013-08-05,2,42,38,S2_E02,Shift 2,15,384,49,-2.305759723102273,-3.4857102754090485,False,True,,,,employee_anomaly
2013-10-13,1,42,36,S1_E01,Shift 1,21,384,29,3.6811210432521015,1.1034090488242654,True,False,,,,product_anomaly
2013-10-13,1,42,36,S1_E02,Shift 2,15,384,29,3.6811210432521015,1.0364967280746469,True,False,,,,product_anomaly
2013-10-13,2,42,47,S2_E01,Shift 1,19,384,40,3.6811210432521015,1.6723814967388169,True,False,,,,product_anomaly
2013-10-13,2,42,47,S2_E02,Shift 2,28,384,40,3.6811210432521015,0.9335205667007231,True,False,,,,product_anomaly
2013-10-13,3,42,43,S3_E01,Shift 1,19,384,36,3.6811210432521015,1.1309795435553145,True,False,,,,product_anomaly
2013-10-13,3,42,43,S3_E02,Shift 2,24,384,36,3.6811210432521015,1.515250043828879,True,False,,,,product_anomaly
2013-10-13,4,42,45,S4_E01,Full Day,45,384,33,3.6811210432521015,1.601331615065985,True,False,,,,product_anomaly
2013-10-13,5,42,38,S5_E01,Full Day,38,384,24,3.6811210432521015,1.6020946683546216,True,False,,,,product_anomaly
2013-10-13,6,42,26,S6_E01,Shift 1,11,384,24,3.6811210432521015,1.9845616845844305,True,False,,,,product_anomaly
2013-10-13,6,42,26,S6_E02,Shift 2,15,384,24,3.6811210432521015,2.2177956825455496,True,False,,,,product_anomaly
2013-10-13,7,42,23,S7_E01,Full Day,23,384,20,3.6811210432521015,1.3049345626825457,True,False,,,,product_anomaly
2013-10-13,8,42,50,S8_E01,Shift 1,23,384,40,3.6811210432521015,1.5534635145354614,True,False,,,,product_anomaly
2013-10-13,8,42,50,S8_E02,Shift 2,27,384,40,3.6811210432521015,1.5636899911555928,True,False,,,,product_anomaly
2013-10-13,9,42,47,S9_E01,Shift 1,26,384,33,3.6811210432521015,1.1968197858115723,True,False,,,,product_anomaly
2013-10-13,9,42,47,S9_E02,Shift 2,21,384,33,3.6811210432521015,1.5366825957523853,True,False,,,,product_anomaly
2013-10-13,10,42,45,S10_E01,Full Day,45,384,35,3.6811210432521015,1.3755342257664505,True,False,,,,product_anomaly
2013-12-02,1,42,16,S1_E01,Shift 1,9,384,28,-2.6201830971960867,-3.1254292363912257,False,True,,,,employee_anomaly
2013-12-02,2,42,35,S2_E01,Shift 1,19,384,43,-2.6201830971960867,-3.412450649859274,False,True,,,,employee_anomaly
2013-12-02,2,42,35,S2_E02,Shift 2,16,384,43,-2.6201830971960867,-3.2785932441135652,False,True,,,,employee_anomaly
2013-12-02,3,42,19,S3_E01,Shift 1,10,384,39,-2.6201830971960867,-3.2501487509139597,False,True,,,,employee_anomaly
2013-12-02,3,42,19,S3_E02,Shift 2,9,384,39,-2.6201830971960867,-3.4328063228458867,False,True,,,,employee_anomaly
2013-12-02,4,42,16,S4_E01,Full Day,16,384,35,-2.6201830971960867,-3.448513956982832,False,True,,,,employee_anomaly
2013-12-02,5,42,11,S5_E01,Full Day,11,384,23,-2.6201830971960867,-3.1959090536893515,False,True,,,,employee_anomaly
2013-12-02,6,42,22,S6_E02,Shift 2,9,384,26,-2.6201830971960867,-3.0818675698167812,False,True,,,,employee_anomaly
2013-12-02,8,42,23,S8_E01,Shift 1,14,384,40,-2.6201830971960867,-3.3597203284094452,False,True,,,,employee_anomaly
2013-12-02,8,42,23,S8_E02,Shift 2,9,384,40,-2.6201830971960867,-3.335819773959348,False,True,,,,employee_anomaly
2013-12-02,9,42,16,S9_E01,Shift 1,7,384,37,-2.6201830971960867,-3.305771183792513,False,True,,,,employee_anomaly
2013-12-02,9,42,16,S9_E02,Shift 2,9,384,37,-2.6201830971960867,-3.696275698428471,False,True,,,,employee_anomaly
2013-12-02,10,42,26,S10_E01,Full Day,26,384,35,-2.6201830971960867,-3.0878038047354686,False,True,,,,employee_anomaly
2014-03-01,2,42,33,S2_E01,Shift 1,19,384,33,2.1869430680870154,3.349005610782279,False,True,,,,employee_anomaly
2014-03-01,5,42,32,S5_E01,Full Day,32,384,19,2.1869430680870154,3.306479451837381,False,True,,,,employee_anomaly
2014-08-04,2,42,49,S2_E01,Shift 1,25,384,59,-1.8015120586924431,-3.2958565872574868,False,True,,,,employee_anomaly
2014-08-04,4,42,30,S4_E01,Full Day,30,384,47,-1.8015120586924431,-3.1397631376093593,False,True,,,,employee_anomaly
2014-08-04,5,42,30,S5_E01,Full Day,30,384,33,-1.8015120586924431,-3.2173712129452325,False,True,,,,employee_anomaly
2014-08-04,6,42,22,S6_E02,Shift 2,12,384,36,-1.8015120586924431,-3.5017544264003857,False,True,,,,employee_anomaly
2014-08-04,7,42,19,S7_E01,Full Day,19,384,32,-1.8015120586924431,-3.4459186430311015,False,True,,,,employee_anomaly
2014-08-04,8,42,39,S8_E01,Shift 1,18,384,55,-1.8015120586924431,-3.8062041584640642,False,True,,,,employee_anomaly
2014-08-04,8,42,39,S8_E02,Shift 2,21,384,55,-1.8015120586924431,-3.16064441974807,False,True,,,,employee_anomaly
2014-12-01,1,42,28,S1_E01,Shift 1,14,384,34,-3.9349390241192506,-3.1060032038113756,True,True,,,,product_and_employee_anomaly
2014-12-01,1,42,28,S1_E02,Shift 2,14,384,34,-3.9349390241192506,-3.2257952791105735,True,True,,,,product_and_employee_anomaly
2014-12-01,2,42,26,S2_E01,Shift 1,14,384,49,-3.9349390241192506,-3.2103767532981733,True,True,,,,product_and_employee_anomaly
2014-12-01,2,42,26,S2_E02,Shift 2,12,384,49,-3.9349390241192506,-2.9745651825749797,True,False,,,,product_anomaly
2014-12-01,3,42,28,S3_E01,Shift 1,12,384,44,-3.9349390241192506,-3.6842826003636517,True,True,,,,product_and_employee_anomaly
2014-12-01,3,42,28,S3_E02,Shift 2,16,384,44,-3.9349390241192506,-3.7643534802102665,True,True,,,,product_and_employee_anomaly
2014-12-01,4,42,17,S4_E01,Full Day,17,384,41,-3.9349390241192506,-3.5292108233300348,True,True,,,,product_and_employee_anomaly
2014-12-01,5,42,12,S5_E01,Full Day,12,384,28,-3.9349390241192506,-3.5544771735009846,True,True,,,,product_and_employee_anomaly
2014-12-01,6,42,12,S6_E01,Shift 1,7,384,27,-3.9349390241192506,-2.725413037949043,True,False,,,,product_anomaly
2014-12-01,6,42,12,S6_E02,Shift 2,5,384,27,-3.9349390241192506,-3.2677552992025225,True,True,,,,product_and_employee_anomaly
2014-12-01,7,42,16,S7_E01,Full Day,16,384,26,-3.9349390241192506,-3.4795612216587277,True,True,,,,product_and_employee_anomaly
2014-12-01,8,42,30,S8_E01,Shift 1,15,384,46,-3.9349390241192506,-2.754138713991254,True,False,,,,product_anomaly
2014-12-01,8,42,30,S8_E02,Shift 2,15,384,46,-3.9349390241192506,-3.156889714158979,True,True,,,,product_and_employee_anomaly
2014-12-01,9,42,26,S9_E01,Shift 1,14,384,40,-3.9349390241192506,-3.0877445136207187,True,True,,,,product_and_employee_anomaly
2014-12-01,9,42,26,S9_E02,Shift 2,12,384,40,-3.9349390241192506,-2.9294097184846226,True,False,,,,product_anomaly
2014-12-01,10,42,21,S10_E01,Full Day,21,384,41,-3.9349390241192506,-3.4995746414918427,True,True,,,,product_and_employee_anomaly
2015-01-12,1,42,19,S1_E01,Shift 1,10,384,23,-3.0751664847291407,-1.3197557426279682,True,False,,,,product_anomaly
2015-01-12,1,42,19,S1_E02,Shift 2,9,384,23,-3.0751664847291407,-1.8265723360516697,True,False,,,,product_anomaly
2015-01-12,2,42,23,S2_E01,Shift 1,11,384,34,-3.0751664847291407,-1.4652518598610025,True,False,,,,product_anomaly
2015-01-12,2,42,23,S2_E02,Shift 2,12,384,34,-3.0751664847291407,-1.540133916606875,True,False,,,,product_anomaly
2015-01-12,3,42,13,S3_E01,Shift 1,8,384,28,-3.0751664847291407,-1.6665774675986105,True,False,,,,product_anomaly
2015-01-12,3,42,13,S3_E02,Shift 2,5,384,28,-3.0751664847291407,-1.967950060909192,True,False,,,,product_anomaly
2015-01-12,4,42,17,S4_E01,Full Day,17,384,28,-3.0751664847291407,-1.615071273339039,True,False,,,,product_anomaly
2015-01-12,5,42,19,S5_E01,Full Day,19,384,20,-3.0751664847291407,-1.7577963242947838,True,False,,,,product_anomaly
2015-01-12,6,42,15,S6_E01,Shift 1,9,384,18,-3.0751664847291407,-1.6786697132184727,True,False,,,,product_anomaly
2015-01-12,6,42,15,S6_E02,Shift 2,6,384,18,-3.0751664847291407,-1.2458475455909999,True,False,,,,product_anomaly
2015-01-12,7,42,12,S7_E01,Full Day,12,384,18,-3.0751664847291407,-1.9099259161802324,True,False,,,,product_anomaly
2015-01-12,8,42,12,S8_E01,Shift 1,7,384,32,-3.0751664847291407,-1.2193440927295918,True,False,,,,product_anomaly
2015-01-12,8,42,12,S8_E02,Shift 2,5,384,32,-3.0751664847291407,-1.3204842011057825,True,False,,,,product_anomaly
2015-01-12,9,42,14,S9_E01,Shift 1,6,384,28,-3.0751664847291407,-1.4821436787926896,True,False,,,,product_anomaly
2015-01-12,9,42,14,S9_E02,Shift 2,8,384,28,-3.0751664847291407,-2.102265200368062,True,False,,,,product_anomaly
2015-01-12,10,42,19,S10_E01,Full Day,19,384,31,-3.0751664847291407,-1.477491360885072,True,False,,,,product_anomaly
2015-02-01,1,42,24,S1_E01,Shift 1,10,384,23,2.383150912055786,3.0557660597940646,False,True,,,,employee_anomaly
2015-03-01,1,42,35,S1_E01,Shift 1,20,384,27,2.7915046444059057,3.2063842092808192,False,True,,,,employee_anomaly
2015-03-01,2,42,45,S2_E01,Shift 1,20,384,36,2.7915046444059057,3.1204913155838128,False,True,,,,employee_anomaly
2015-03-01,3,42,35,S3_E02,Shift 2,21,384,31,2.7915046444059057,3.4103721242964737,False,True,,,,employee_anomaly
2015-03-01,4,42,35,S4_E01,Full Day,35,384,29,2.7915046444059057,3.1596518128314997,False,True,,,,employee_anomaly
2015-03-01,5,42,31,S5_E01,Full Day,31,384,20,2.7915046444059057,3.6387722164072245,False,True,,,,employee_anomaly
2015-03-01,6,42,36,S6_E01,Shift 1,15,384,22,2.7915046444059057,3.2783227914473976,False,True,,,,employee_anomaly
2015-03-01,6,42,36,S6_E02,Shift 2,21,384,22,2.7915046444059057,3.6075677552682435,False,True,,,,employee_anomaly
2015-03-01,8,42,47,S8_E01,Shift 1,23,384,34,2.7915046444059057,3.332540228908305,False,True,,,,employee_anomaly
2015-03-01,8,42,47,S8_E02,Shift 2,24,384,34,2.7915046444059057,3.009029860439897,False,True,,,,employee_anomaly
2015-03-01,9,42,51,S9_E01,Shift 1,22,384,28,2.7915046444059057,3.562831793884845,False,True,,,,employee_anomaly
2015-03-01,9,42,51,S9_E02,Shift 2,29,384,28,2.7915046444059057,3.0689769065072365,False,True,,,,employee_anomaly
2015-03-01,10,42,35,S10_E01,Full Day,35,384,30,2.7915046444059057,3.035766134572765,False,True,,,,employee_anomaly
2015-08-03,3,42,35,S3_E01,Shift 1,15,384,54,-2.167609581482302,-3.230471200097007,False,True,,,,employee_anomaly
2015-08-03,3,42,35,S3_E02,Shift 2,20,384,54,-2.167609581482302,-3.0968220305556833,False,True,,,,employee_anomaly
2015-08-03,6,42,37,S6_E01,Shift 1,20,384,35,-2.167609581482302,-3.003013866777452,False,True,,,,employee_anomaly
2015-08-03,9,42,37,S9_E02,Shift 2,21,384,50,-2.167609581482302,-3.2324063857303305,False,True,,,,employee_anomaly
2016-03-03,1,42,36,S1_E01,Shift 1,15,384,26,3.41229966455878,1.2032594251581268,True,False,,,,product_anomaly
2016-03-03,1,42,36,S1_E02,Shift 2,21,384,26,3.41229966455878,1.0855771781704675,True,False,,,,product_anomaly
2016-03-03,2,42,61,S2_E01,Shift 1,34,384,38,3.41229966455878,0.9981029329975777,True,False,,,,product_anomaly
2016-03-03,2,42,61,S2_E02,Shift 2,27,384,38,3.41229966455878,0.8585741021382811,True,False,,,,product_anomaly
2016-03-03,3,42,52,S3_E01,Shift 1,22,384,36,3.41229966455878,1.5419135196257072,True,False,,,,product_anomaly
2016-03-03,3,42,52,S3_E02,Shift 2,30,384,36,3.41229966455878,1.0841457315918746,True,False,,,,product_anomaly
2016-03-03,4,42,25,S4_E01,Full Day,25,384,32,3.41229966455878,1.1948929114742026,True,False,,,,product_anomaly
2016-03-03,5,42,33,S5_E01,Full Day,33,384,24,3.41229966455878,0.9640651881711716,True,False,,,,product_anomaly
2016-03-03,6,42,32,S6_E01,Shift 1,16,384,23,3.41229966455878,0.9929652699663675,True,False,,,,product_anomaly
2016-03-03,6,42,32,S6_E02,Shift 2,16,384,23,3.41229966455878,1.3989330325461182,True,False,,,,product_anomaly
2016-03-03,7,42,25,S7_E01,Full Day,25,384,21,3.41229966455878,1.0911059854003895,True,False,,,,product_anomaly
2016-03-03,8,42,56,S8_E01,Shift 1,27,384,38,3.41229966455878,1.0664704020625948,True,False,,,,product_anomaly
2016-03-03,8,42,56,S8_E02,Shift 2,29,384,38,3.41229966455878,1.3222490918540202,True,False,,,,product_anomaly
2016-03-03,9,42,45,S9_E01,Shift 1,21,384,32,3.41229966455878,1.0455400040781258,True,False,,,,product_anomaly
2016-03-03,9,42,45,S9_E02,Shift 2,24,384,32,3.41229966455878,1.1795039164007064,True,False,,,,product_anomaly
2016-03-03,10,42,43,S10_E01,Full Day,43,384,35,3.41229966455878,1.1409951064024806,True,False,,,,product_anomaly
2016-09-05,1,42,28,S1_E01,Shift 1,17,384,41,-4.36344863207986,-2.2447801157470564,True,False,,,,product_anomaly
2016-09-05,1,42,28,S1_E02,Shift 2,11,384,41,-4.36344863207986,-2.2643630866454534,True,False,,,,product_anomaly
2016-09-05,2,42,46,S2_E01,Shift 1,23,384,59,-4.36344863207986,-2.3874722226970597,True,False,,,,product_anomaly
2016-09-05,2,42,46,S2_E02,Shift 2,23,384,59,-4.36344863207986,-2.173922726179428,True,False,,,,product_anomaly
2016-09-05,3,42,39,S3_E01,Shift 1,20,384,50,-4.36344863207986,-2.4149442259824543,True,False,,,,product_anomaly
2016-09-05,3,42,39,S3_E02,Shift 2,19,384,50,-4.36344863207986,-2.0603730290043227,True,False,,,,product_anomaly
2016-09-05,4,42,36,S4_E01,Full Day,36,384,49,-4.36344863207986,-2.1427033991179787,True,False,,,,product_anomaly
2016-09-05,5,42,35,S5_E01,Full Day,35,384,34,-4.36344863207986,-2.3336583485967575,True,False,,,,product_anomaly
2016-09-05,6,42,18,S6_E01,Shift 1,10,384,35,-4.36344863207986,-2.4830607876300252,True,False,,,,product_anomaly
2016-09-05,6,42,18,S6_E02,Shift 2,8,384,35,-4.36344863207986,-1.7767439852171454,True,False,,,,product_anomaly
2016-09-05,7,42,25,S7_E01,Full Day,25,384,32,-4.36344863207986,-2.192425131602225,True,False,,,,product_anomaly
2016-09-05,8,42,45,S8_E01,Shift 1,23,384,55,-4.36344863207986,-1.9242459187059742,True,False,,,,product_anomaly
2016-09-05,8,42,45,S8_E02,Shift 2,22,384,55,-4.36344863207986,-2.681510536311463,True,False,,,,product_anomaly
2016-09-05,9,42,36,S9_E01,Shift 1,16,384,48,-4.36344863207986,-2.18874109000746,True,False,,,,product_anomaly
2016-09-05,9,42,36,S9_E02,Shift 2,20,384,48,-4.36344863207986,-1.8799294270754472,True,False,,,,product_anomaly
2016-09-05,10,42,36,S10_E01,Full Day,36,384,50,-4.36344863207986,-2.096233548955174,True,False,,,,product_anomaly
2016-12-05,2,42,41,S2_E01,Shift 1,23,384,52,-2.2260843902377214,-3.039797685865822,False,True,,,,employee_anomaly
2016-12-05,6,42,19,S6_E01,Shift 1,8,384,31,-2.2260843902377214,-3.552929269017943,False,True,,,,employee_anomaly
2016-12-05,7,42,14,S7_E01,Full Day,14,384,28,-2.2260843902377214,-3.1441222038535632,False,True,,,,employee_anomaly
2016-12-05,8,42,21,S8_E01,Shift 1,8,384,49,-2.2260843902377214,-3.7685143438139015,False,True,,,,employee_anomaly
2016-12-05,8,42,21,S8_E02,Shift 2,13,384,49,-2.2260843902377214,-3.111510025863777,False,True,,,,employee_anomaly
2016-12-05,9,42,21,S9_E02,Shift 2,8,384,46,-2.2260843902377214,-3.3474208166871384,False,True,,,,employee_anomaly
2016-12-05,10,42,29,S10_E01,Full Day,29,384,47,-2.2260843902377214,-3.2437638134469884,False,True,,,,employee_anomaly
2017-04-01,1,42,38,S1_E01,Shift 1,20,384,35,1.82222806557611,3.05140781233218,False,True,,,,employee_anomaly
2017-12-04,1,42,20,S1_E01,Shift 1,12,384,38,-3.0707729135416626,-3.566924808659965,True,True,,,,product_and_employee_anomaly
2017-12-04,1,42,20,S1_E02,Shift 2,8,384,38,-3.0707729135416626,-3.439934189042974,True,True,,,,product_and_employee_anomaly
2017-12-04,2,42,36,S2_E01,Shift 1,20,384,55,-3.0707729135416626,-3.4289887985334744,True,True,,,,product_and_employee_anomaly
2017-12-04,2,42,36,S2_E02,Shift 2,16,384,55,-3.0707729135416626,-3.42560784986891,True,True,,,,product_and_employee_anomaly
2017-12-04,3,42,37,S3_E01,Shift 1,20,384,50,-3.0707729135416626,-4.010676658948157,True,True,,,,product_and_employee_anomaly
2017-12-04,3,42,37,S3_E02,Shift 2,17,384,50,-3.0707729135416626,-3.2163317411983594,True,True,,,,product_and_employee_anomaly
2017-12-04,4,42,31,S4_E01,Full Day,31,384,46,-3.0707729135416626,-3.284111898833113,True,True,,,,product_and_employee_anomaly
2017-12-04,5,42,13,S5_E01,Full Day,13,384,31,-3.0707729135416626,-3.2458225710762023,True,True,,,,product_and_employee_anomaly
2017-12-04,6,42,22,S6_E01,Shift 1,9,384,32,-3.0707729135416626,-3.2986405964081293,True,True,,,,product_and_employee_anomaly
2017-12-04,6,42,22,S6_E02,Shift 2,13,384,32,-3.0707729135416626,-3.3301889302159635,True,True,,,,product_and_employee_anomaly
2017-12-04,7,42,15,S7_E01,Full Day,15,384,31,-3.0707729135416626,-3.144474792045703,True,True,,,,product_and_employee_anomaly
2017-12-04,8,42,29,S8_E01,Shift 1,16,384,53,-3.0707729135416626,-3.5723822669368586,True,True,,,,product_and_employee_anomaly
2017-12-04,8,42,29,S8_E02,Shift 2,13,384,53,-3.0707729135416626,-3.58582252955439,True,True,,,,product_and_employee_anomaly
2017-12-04,9,42,25,S9_E01,Shift 1,11,384,45,-3.0707729135416626,-3.189292177224606,True,True,,,,product_and_employee_anomaly
2017-12-04,9,42,25,S9_E02,Shift 2,14,384,45,-3.0707729135416626,-3.1563508443071124,True,True,,,,product_and_employee_anomaly
2017-12-04,10,42,21,S10_E01,Full Day,21,384,47,-3.0707729135416626,-3.105707653984013,True,True,,,,product_and_employee_anomaly
2013-02-03,1,43,38,S1_E01,Shift 1,19,356,27,3.243524757903957,1.3861739158274642,True,False,,,,product_anomaly
2013-02-03,1,43,38,S1_E02,Shift 2,19,356,27,3.243524757903957,1.2014649818739083,True,False,,,,product_anomaly
2013-02-03,2,43,66,S2_E01,Shift 1,27,356,39,3.243524757903957,1.5564792281365063,True,False,,,,product_anomaly
2013-02-03,2,43,66,S2_E02,Shift 2,39,356,39,3.243524757903957,1.6950611031885698,True,False,,,,product_anomaly
2013-02-03,3,43,52,S3_E01,Shift 1,23,356,34,3.243524757903957,1.2980482294979563,True,False,,,,product_anomaly
2013-02-03,3,43,52,S3_E02,Shift 2,29,356,34,3.243524757903957,1.8967318320261308,True,False,,,,product_anomaly
2013-02-03,4,43,41,S4_E01,Full Day,41,356,32,3.243524757903957,1.8464637810756168,True,False,,,,product_anomaly
2013-02-03,5,43,33,S5_E01,Full Day,33,356,22,3.243524757903957,1.7756728935827266,True,False,,,,product_anomaly
2013-02-03,6,43,33,S6_E01,Shift 1,13,356,21,3.243524757903957,1.887040434735957,True,False,,,,product_anomaly
2013-02-03,6,43,33,S6_E02,Shift 2,20,356,21,3.243524757903957,1.9276968394075247,True,False,,,,product_anomaly
2013-02-03,7,43,26,S7_E01,Full Day,26,356,21,3.243524757903957,1.4232712090741666,True,False,,,,product_anomaly
2013-02-03,8,43,40,S8_E01,Shift 1,16,356,36,3.243524757903957,1.3855204707890951,True,False,,,,product_anomaly
2013-02-03,8,43,40,S8_E02,Shift 2,24,356,36,3.243524757903957,1.5812103070284094,True,False,,,,product_anomaly
2013-02-03,9,43,50,S9_E01,Shift 1,25,356,31,3.243524757903957,2.105184759203714,True,False,,,,product_anomaly
2013-02-03,9,43,50,S9_E02,Shift 2,25,356,31,3.243524757903957,2.413298617476434,True,False,,,,product_anomaly
2013-02-03,10,43,40,S10_E01,Full Day,40,356,32,3.243524757903957,1.5539324807154178,True,False,,,,product_anomaly
2013-03-31,1,43,46,S1_E01,Shift 1,23,356,32,3.1296632247327723,1.3019874350106673,True,False,,,,product_anomaly
2013-03-31,1,43,46,S1_E02,Shift 2,23,356,32,3.1296632247327723,1.6345445961041443,True,False,,,,product_anomaly
2013-03-31,2,43,70,S2_E01,Shift 1,40,356,52,3.1296632247327723,1.581064729832005,True,False,,,,product_anomaly
2013-03-31,2,43,70,S2_E02,Shift 2,30,356,52,3.1296632247327723,1.1137584404597425,True,False,,,,product_anomaly
2013-03-31,3,43,58,S3_E01,Shift 1,33,356,46,3.1296632247327723,2.0717735066206697,True,False,,,,product_anomaly
2013-03-31,3,43,58,S3_E02,Shift 2,25,356,46,3.1296632247327723,1.3675963371423971,True,False,,,,product_anomaly
2013-03-31,4,43,52,S4_E01,Full Day,52,356,38,3.1296632247327723,1.365013310976244,True,False,,,,product_anomaly
2013-03-31,5,43,34,S5_E01,Full Day,34,356,31,3.1296632247327723,1.4862847135013166,True,False,,,,product_anomaly
2013-03-31,6,43,37,S6_E01,Shift 1,18,356,28,3.1296632247327723,1.1551570856469942,True,False,,,,product_anomaly
2013-03-31,6,43,37,S6_E02,Shift 2,19,356,28,3.1296632247327723,1.7129637069430428,True,False,,,,product_anomaly
2013-03-31,7,43,33,S7_E01,Full Day,33,356,27,3.1296632247327723,1.6412046470424053,True,False,,,,product_anomaly
2013-03-31,8,43,69,S8_E01,Shift 1,41,356,47,3.1296632247327723,1.469658225342539,True,False,,,,product_anomaly
2013-03-31,8,43,69,S8_E02,Shift 2,28,356,47,3.1296632247327723,1.7129961295463225,True,False,,,,product_anomaly
2013-03-31,9,43,37,S9_E01,Shift 1,17,356,42,3.1296632247327723,1.1804226042566814,True,False,,,,product_anomaly
2013-03-31,9,43,37,S9_E02,Shift 2,20,356,42,3.1296632247327723,1.2968252533201192,True,False,,,,product_anomaly
2013-03-31,10,43,54,S10_E01,Full Day,54,356,43,3.1296632247327723,1.1184947279301891,True,False,,,,product_anomaly
2013-08-05,1,43,36,S1_E01,Shift 1,16,356,50,-3.6385419941959363,-2.4156234667007204,True,False,,,,product_anomaly
2013-08-05,1,43,36,S1_E02,Shift 2,20,356,50,-3.6385419941959363,-2.6106751492337086,True,False,,,,product_anomaly
2013-08-05,2,43,44,S2_E01,Shift 1,20,356,71,-3.6385419941959363,-3.037931708682254,True,True,,,,product_and_employee_anomaly
2013-08-05,2,43,44,S2_E02,Shift 2,24,356,71,-3.6385419941959363,-3.4857102754090485,True,True,,,,product_and_employee_anomaly
2013-08-05,3,43,29,S3_E01,Shift 1,14,356,62,-3.6385419941959363,-2.471140170469033,True,False,,,,product_anomaly
2013-08-05,3,43,29,S3_E02,Shift 2,15,356,62,-3.6385419941959363,-2.977763708215258,True,False,,,,product_anomaly
2013-08-05,4,43,46,S4_E01,Full Day,46,356,58,-3.6385419941959363,-2.585399372448584,True,False,,,,product_anomaly
2013-08-05,5,43,38,S5_E01,Full Day,38,356,41,-3.6385419941959363,-2.476026680116979,True,False,,,,product_anomaly
2013-08-05,6,43,21,S6_E01,Shift 1,9,356,40,-3.6385419941959363,-2.480769642052181,True,False,,,,product_anomaly
2013-08-05,6,43,21,S6_E02,Shift 2,12,356,40,-3.6385419941959363,-2.281964941758153,True,False,,,,product_anomaly
2013-08-05,7,43,20,S7_E01,Full Day,20,356,38,-3.6385419941959363,-2.3775535177606595,True,False,,,,product_anomaly
2013-08-05,8,43,41,S8_E01,Shift 1,21,356,68,-3.6385419941959363,-2.2496415033443022,True,False,,,,product_anomaly
2013-08-05,8,43,41,S8_E02,Shift 2,20,356,68,-3.6385419941959363,-2.3907326904646378,True,False,,,,product_anomaly
2013-08-05,9,43,44,S9_E01,Shift 1,18,356,59,-3.6385419941959363,-2.1535467339877448,True,False,,,,product_anomaly
2013-08-05,9,43,44,S9_E02,Shift 2,26,356,59,-3.6385419941959363,-2.4560677337350354,True,False,,,,product_anomaly
2013-08-05,10,43,44,S10_E01,Full Day,44,356,65,-3.6385419941959363,-2.25167679317855,True,False,,,,product_anomaly
2013-12-02,1,43,24,S1_E01,Shift 1,11,356,41,-3.4424170049439886,-3.1254292363912257,True,True,,,,product_and_employee_anomaly
2013-12-02,1,43,24,S1_E02,Shift 2,13,356,41,-3.4424170049439886,-2.851006355389951,True,False,,,,product_anomaly
2013-12-02,2,43,27,S2_E01,Shift 1,15,356,57,-3.4424170049439886,-3.412450649859274,True,True,,,,product_and_employee_anomaly
2013-12-02,2,43,27,S2_E02,Shift 2,12,356,57,-3.4424170049439886,-3.2785932441135652,True,True,,,,product_and_employee_anomaly
2013-12-02,3,43,18,S3_E01,Shift 1,9,356,50,-3.4424170049439886,-3.2501487509139597,True,True,,,,product_and_employee_anomaly
2013-12-02,3,43,18,S3_E02,Shift 2,9,356,50,-3.4424170049439886,-3.4328063228458867,True,True,,,,product_and_employee_anomaly
2013-12-02,4,43,32,S4_E01,Full Day,32,356,48,-3.4424170049439886,-3.448513956982832,True,True,,,,product_and_employee_anomaly
2013-12-02,5,43,19,S5_E01,Full Day,19,356,36,-3.4424170049439886,-3.1959090536893515,True,True,,,,product_and_employee_anomaly
2013-12-02,6,43,12,S6_E01,Shift 1,6,356,36,-3.4424170049439886,-2.8345600406685025,True,False,,,,product_anomaly
2013-12-02,6,43,12,S6_E02,Shift 2,6,356,36,-3.4424170049439886,-3.0818675698167812,True,True,,,,product_and_employee_anomaly
2013-12-02,7,43,14,S7_E01,Full Day,14,356,30,-3.4424170049439886,-2.9208666389824898,True,False,,,,product_anomaly
2013-12-02,8,43,30,S8_E01,Shift 1,18,356,57,-3.4424170049439886,-3.3597203284094452,True,True,,,,product_and_employee_anomaly
2013-12-02,8,43,30,S8_E02,Shift 2,12,356,57,-3.4424170049439886,-3.335819773959348,True,True,,,,product_and_employee_anomaly
2013-12-02,9,43,21,S9_E01,Shift 1,12,356,48,-3.4424170049439886,-3.305771183792513,True,True,,,,product_and_employee_anomaly
2013-12-02,9,43,21,S9_E02,Shift 2,9,356,48,-3.4424170049439886,-3.696275698428471,True,True,,,,product_and_employee_anomaly
2013-12-02,10,43,35,S10_E01,Full Day,35,356,50,-3.4424170049439886,-3.0878038047354686,True,True,,,,product_and_employee_anomaly
2014-02-02,1,43,43,S1_E01,Shift 1,21,356,30,3.240142883605305,1.7301707409229723,True,False,,,,product_anomaly
2014-02-02,1,43,43,S1_E02,Shift 2,22,356,30,3.240142883605305,1.8225038907227367,True,False,,,,product_anomaly
2014-02-02,2,43,69,S2_E01,Shift 1,38,356,42,3.240142883605305,1.8991373023791251,True,False,,,,product_anomaly
2014-02-02,2,43,69,S2_E02,Shift 2,31,356,42,3.240142883605305,2.1759926781691243,True,False,,,,product_anomaly
2014-02-02,3,43,46,S3_E01,Shift 1,20,356,38,3.240142883605305,1.951397444908886,True,False,,,,product_anomaly
2014-02-02,3,43,46,S3_E02,Shift 2,26,356,38,3.240142883605305,2.3111531193972077,True,False,,,,product_anomaly
2014-02-02,4,43,39,S4_E01,Full Day,39,356,37,3.240142883605305,2.5314964026210562,True,False,,,,product_anomaly
2014-02-02,5,43,28,S5_E01,Full Day,28,356,23,3.240142883605305,1.796587057319936,True,False,,,,product_anomaly
2014-02-02,6,43,37,S6_E01,Shift 1,15,356,28,3.240142883605305,1.7800150206197523,True,False,,,,product_anomaly
2014-02-02,6,43,37,S6_E02,Shift 2,22,356,28,3.240142883605305,2.042768858010893,True,False,,,,product_anomaly
2014-02-02,7,43,26,S7_E01,Full Day,26,356,24,3.240142883605305,1.900141074693327,True,False,,,,product_anomaly
2014-02-02,8,43,51,S8_E01,Shift 1,30,356,41,3.240142883605305,2.0283846258664506,True,False,,,,product_anomaly
2014-02-02,8,43,51,S8_E02,Shift 2,21,356,41,3.240142883605305,1.5874099102804775,True,False,,,,product_anomaly
2014-02-02,9,43,46,S9_E01,Shift 1,19,356,35,3.240142883605305,1.9557437198170857,True,False,,,,product_anomaly
2014-02-02,9,43,46,S9_E02,Shift 2,27,356,35,3.240142883605305,1.6640941158325946,True,False,,,,product_anomaly
2014-02-02,10,43,50,S10_E01,Full Day,50,356,39,3.240142883605305,2.137136069565836,True,False,,,,product_anomaly
2014-02-17,1,43,25,S1_E01,Shift 1,15,356,32,-3.779069290812917,-1.2944368023794934,True,False,,,,product_anomaly
2014-02-17,1,43,25,S1_E02,Shift 2,10,356,32,-3.779069290812917,-1.4672430118555648,True,False,,,,product_anomaly
2014-02-17,2,43,42,S2_E01,Shift 1,23,356,46,-3.779069290812917,-1.0860942073498285,True,False,,,,product_anomaly
2014-02-17,2,43,42,S2_E02,Shift 2,19,356,46,-3.779069290812917,-1.513847233659906,True,False,,,,product_anomaly
2014-02-17,3,43,27,S3_E01,Shift 1,13,356,39,-3.779069290812917,-1.5199945942350042,True,False,,,,product_anomaly
2014-02-17,3,43,27,S3_E02,Shift 2,14,356,39,-3.779069290812917,-1.4822237874028594,True,False,,,,product_anomaly
2014-02-17,4,43,30,S4_E01,Full Day,30,356,37,-3.779069290812917,-1.5726875854924995,True,False,,,,product_anomaly
2014-02-17,5,43,21,S5_E01,Full Day,21,356,26,-3.779069290812917,-1.623691336905222,True,False,,,,product_anomaly
2014-02-17,6,43,17,S6_E01,Shift 1,8,356,30,-3.779069290812917,-1.8122472926579274,True,False,,,,product_anomaly
2014-02-17,6,43,17,S6_E02,Shift 2,9,356,30,-3.779069290812917,-1.4574586679157322,True,False,,,,product_anomaly
2014-02-17,7,43,23,S7_E01,Full Day,23,356,25,-3.779069290812917,-1.7161211220403232,True,False,,,,product_anomaly
2014-02-17,8,43,22,S8_E01,Shift 1,12,356,43,-3.779069290812917,-1.6285925985854859,True,False,,,,product_anomaly
2014-02-17,8,43,22,S8_E02,Shift 2,10,356,43,-3.779069290812917,-1.478732246325998,True,False,,,,product_anomaly
2014-02-17,9,43,21,S9_E01,Shift 1,11,356,38,-3.779069290812917,-1.8815263541071903,True,False,,,,product_anomaly
2014-02-17,9,43,21,S9_E02,Shift 2,10,356,38,-3.779069290812917,-1.591012049362267,True,False,,,,product_anomaly
2014-02-17,10,43,26,S10_E01,Full Day,26,356,41,-3.779069290812917,-1.548185133704081,True,False,,,,product_anomaly
2014-03-01,2,43,55,S2_E01,Shift 1,30,356,47,2.0451640361405308,3.349005610782279,False,True,,,,employee_anomaly
2014-03-01,5,43,53,S5_E01,Full Day,53,356,27,2.0451640361405308,3.306479451837381,False,True,,,,employee_anomaly
2014-08-04,2,43,44,S2_E01,Shift 1,20,356,81,-2.8703107771852023,-3.2958565872574868,False,True,,,,employee_anomaly
2014-08-04,4,43,43,S4_E01,Full Day,43,356,66,-2.8703107771852023,-3.1397631376093593,False,True,,,,employee_anomaly
2014-08-04,5,43,33,S5_E01,Full Day,33,356,49,-2.8703107771852023,-3.2173712129452325,False,True,,,,employee_anomaly
2014-08-04,6,43,32,S6_E02,Shift 2,16,356,47,-2.8703107771852023,-3.5017544264003857,False,True,,,,employee_anomaly
2014-08-04,7,43,32,S7_E01,Full Day,32,356,44,-2.8703107771852023,-3.4459186430311015,False,True,,,,employee_anomaly
2014-08-04,8,43,54,S8_E01,Shift 1,29,356,78,-2.8703107771852023,-3.8062041584640642,False,True,,,,employee_anomaly
2014-08-04,8,43,54,S8_E02,Shift 2,25,356,78,-2.8703107771852023,-3.16064441974807,False,True,,,,employee_anomaly
2014-09-21,1,43,59,S1_E01,Shift 1,28,356,47,3.0990089508404877,1.8478094167052512,True,False,,,,product_anomaly
2014-09-21,1,43,59,S1_E02,Shift 2,31,356,47,3.0990089508404877,1.26002534842119,True,False,,,,product_anomaly
2014-09-21,2,43,102,S2_E01,Shift 1,60,356,68,3.0990089508404877,1.374403691940149,True,False,,,,product_anomaly
2014-09-21,2,43,102,S2_E02,Shift 2,42,356,68,3.0990089508404877,1.1886968116696233,True,False,,,,product_anomaly
2014-09-21,3,43,72,S3_E01,Shift 1,33,356,58,3.0990089508404877,1.566932474200426,True,False,,,,product_anomaly
2014-09-21,3,43,72,S3_E02,Shift 2,39,356,58,3.0990089508404877,1.031001984230485,True,False,,,,product_anomaly
2014-09-21,4,43,64,S4_E01,Full Day,64,356,58,3.0990089508404877,1.3847327349054528,True,False,,,,product_anomaly
2014-09-21,5,43,56,S5_E01,Full Day,56,356,42,3.0990089508404877,1.04404195832566,True,False,,,,product_anomaly
2014-09-21,6,43,68,S6_E01,Shift 1,29,356,41,3.0990089508404877,1.6196341999537471,True,False,,,,product_anomaly
2014-09-21,6,43,68,S6_E02,Shift 2,39,356,41,3.0990089508404877,1.8678921210397272,True,False,,,,product_anomaly
2014-09-21,7,43,54,S7_E01,Full Day,54,356,35,3.0990089508404877,1.2079551491263594,True,False,,,,product_anomaly
2014-09-21,8,43,84,S8_E01,Shift 1,35,356,66,3.0990089508404877,1.5338784691403784,True,False,,,,product_anomaly
2014-09-21,8,43,84,S8_E02,Shift 2,49,356,66,3.0990089508404877,1.189329109336504,True,False,,,,product_anomaly
2014-09-21,9,43,68,S9_E01,Shift 1,32,356,56,3.0990089508404877,1.5841013180400205,True,False,,,,product_anomaly
2014-09-21,9,43,68,S9_E02,Shift 2,36,356,56,3.0990089508404877,1.279658614503499,True,False,,,,product_anomaly
2014-09-21,10,43,74,S10_E01,Full Day,74,356,58,3.0990089508404877,1.2062186724367017,True,False,,,,product_anomaly
2014-12-01,1,43,31,S1_E01,Shift 1,13,356,47,-3.6781542634287323,-3.1060032038113756,True,True,,,,product_and_employee_anomaly
2014-12-01,1,43,31,S1_E02,Shift 2,18,356,47,-3.6781542634287323,-3.2257952791105735,True,True,,,,product_and_employee_anomaly
2014-12-01,2,43,40,S2_E01,Shift 1,18,356,67,-3.6781542634287323,-3.2103767532981733,True,True,,,,product_and_employee_anomaly
2014-12-01,2,43,40,S2_E02,Shift 2,22,356,67,-3.6781542634287323,-2.9745651825749797,True,False,,,,product_anomaly
2014-12-01,3,43,26,S3_E01,Shift 1,14,356,62,-3.6781542634287323,-3.6842826003636517,True,True,,,,product_and_employee_anomaly
2014-12-01,3,43,26,S3_E02,Shift 2,12,356,62,-3.6781542634287323,-3.7643534802102665,True,True,,,,product_and_employee_anomaly
2014-12-01,4,43,33,S4_E01,Full Day,33,356,55,-3.6781542634287323,-3.5292108233300348,True,True,,,,product_and_employee_anomaly
2014-12-01,5,43,29,S5_E01,Full Day,29,356,41,-3.6781542634287323,-3.5544771735009846,True,True,,,,product_and_employee_anomaly
2014-12-01,6,43,29,S6_E01,Shift 1,14,356,39,-3.6781542634287323,-2.725413037949043,True,False,,,,product_anomaly
2014-12-01,6,43,29,S6_E02,Shift 2,15,356,39,-3.6781542634287323,-3.2677552992025225,True,True,,,,product_and_employee_anomaly
2014-12-01,7,43,21,S7_E01,Full Day,21,356,34,-3.6781542634287323,-3.4795612216587277,True,True,,,,product_and_employee_anomaly
2014-12-01,8,43,28,S8_E01,Shift 1,15,356,65,-3.6781542634287323,-2.754138713991254,True,False,,,,product_anomaly
2014-12-01,8,43,28,S8_E02,Shift 2,13,356,65,-3.6781542634287323,-3.156889714158979,True,True,,,,product_and_employee_anomaly
2014-12-01,9,43,24,S9_E01,Shift 1,13,356,55,-3.6781542634287323,-3.0877445136207187,True,True,,,,product_and_employee_anomaly
2014-12-01,9,43,24,S9_E02,Shift 2,11,356,55,-3.6781542634287323,-2.9294097184846226,True,False,,,,product_anomaly
2014-12-01,10,43,27,S10_E01,Full Day,27,356,62,-3.6781542634287323,-3.4995746414918427,True,True,,,,product_and_employee_anomaly
2015-02-01,1,43,42,S1_E01,Shift 1,24,356,31,2.2441219018104825,3.0557660597940646,False,True,,,,employee_anomaly
2015-03-01,1,43,38,S1_E01,Shift 1,18,356,34,3.461308174913129,3.2063842092808192,True,True,,,,product_and_employee_anomaly
2015-03-01,1,43,38,S1_E02,Shift 2,20,356,34,3.461308174913129,2.7011350015772067,True,False,,,,product_anomaly
2015-03-01,2,43,58,S2_E01,Shift 1,35,356,48,3.461308174913129,3.1204913155838128,True,True,,,,product_and_employee_anomaly
2015-03-01,2,43,58,S2_E02,Shift 2,23,356,48,3.461308174913129,2.9504051632544526,True,False,,,,product_anomaly
2015-03-01,3,43,69,S3_E01,Shift 1,36,356,47,3.461308174913129,2.94608151148025,True,False,,,,product_anomaly
2015-03-01,3,43,69,S3_E02,Shift 2,33,356,47,3.461308174913129,3.4103721242964737,True,True,,,,product_and_employee_anomaly
2015-03-01,4,43,59,S4_E01,Full Day,59,356,39,3.461308174913129,3.1596518128314997,True,True,,,,product_and_employee_anomaly
2015-03-01,5,43,46,S5_E01,Full Day,46,356,29,3.461308174913129,3.6387722164072245,True,True,,,,product_and_employee_anomaly
2015-03-01,6,43,38,S6_E01,Shift 1,16,356,28,3.461308174913129,3.2783227914473976,True,True,,,,product_and_employee_anomaly
2015-03-01,6,43,38,S6_E02,Shift 2,22,356,28,3.461308174913129,3.6075677552682435,True,True,,,,product_and_employee_anomaly
2015-03-01,7,43,42,S7_E01,Full Day,42,356,26,3.461308174913129,2.8190730739031222,True,False,,,,product_anomaly
2015-03-01,8,43,58,S8_E01,Shift 1,30,356,50,3.461308174913129,3.332540228908305,True,True,,,,product_and_employee_anomaly
2015-03-01,8,43,58,S8_E02,Shift 2,28,356,50,3.461308174913129,3.009029860439897,True,True,,,,product_and_employee_anomaly
2015-03-01,9,43,71,S9_E01,Shift 1,40,356,41,3.461308174913129,3.562831793884845,True,True,,,,product_and_employee_anomaly
2015-03-01,9,43,71,S9_E02,Shift 2,31,356,41,3.461308174913129,3.0689769065072365,True,True,,,,product_and_employee_anomaly
2015-03-01,10,43,70,S10_E01,Full Day,70,356,44,3.461308174913129,3.035766134572765,True,True,,,,product_and_employee_anomaly
2015-08-03,1,43,43,S1_E01,Shift 1,24,356,60,-4.772381523658588,-2.431152188562419,True,False,,,,product_anomaly
2015-08-03,1,43,43,S1_E02,Shift 2,19,356,60,-4.772381523658588,-2.6588983591723636,True,False,,,,product_anomaly
2015-08-03,2,43,59,S2_E01,Shift 1,26,356,84,-4.772381523658588,-2.1714259053724394,True,False,,,,product_anomaly
2015-08-03,2,43,59,S2_E02,Shift 2,33,356,84,-4.772381523658588,-2.5727933298725434,True,False,,,,product_anomaly
2015-08-03,3,43,51,S3_E01,Shift 1,23,356,75,-4.772381523658588,-3.230471200097007,True,True,,,,product_and_employee_anomaly
2015-08-03,3,43,51,S3_E02,Shift 2,28,356,75,-4.772381523658588,-3.0968220305556833,True,True,,,,product_and_employee_anomaly
2015-08-03,4,43,52,S4_E01,Full Day,52,356,70,-4.772381523658588,-2.7376755606770606,True,False,,,,product_anomaly
2015-08-03,5,43,34,S5_E01,Full Day,34,356,52,-4.772381523658588,-2.664634525264307,True,False,,,,product_anomaly
2015-08-03,6,43,19,S6_E01,Shift 1,10,356,50,-4.772381523658588,-3.003013866777452,True,True,,,,product_and_employee_anomaly
2015-08-03,6,43,19,S6_E02,Shift 2,9,356,50,-4.772381523658588,-2.5336785743591226,True,False,,,,product_anomaly
2015-08-03,7,43,27,S7_E01,Full Day,27,356,46,-4.772381523658588,-2.3966524315397892,True,False,,,,product_anomaly
2015-08-03,8,43,44,S8_E01,Shift 1,19,356,78,-4.772381523658588,-2.893402768817878,True,False,,,,product_anomaly
2015-08-03,8,43,44,S8_E02,Shift 2,25,356,78,-4.772381523658588,-2.405130863769209,True,False,,,,product_anomaly
2015-08-03,9,43,38,S9_E01,Shift 1,22,356,69,-4.772381523658588,-2.4640677522246373,True,False,,,,product_anomaly
2015-08-03,9,43,38,S9_E02,Shift 2,16,356,69,-4.772381523658588,-3.2324063857303305,True,True,,,,product_and_employee_anomaly
2015-08-03,10,43,49,S10_E01,Full Day,49,356,73,-4.772381523658588,-2.654029610435547,True,False,,,,product_anomaly
2016-12-05,2,43,47,S2_E01,Shift 1,22,356,76,-2.7308794066041515,-3.039797685865822,False,True,,,,employee_anomaly
2016-12-05,6,43,26,S6_E01,Shift 1,15,356,43,-2.7308794066041515,-3.552929269017943,False,True,,,,employee_anomaly
2016-12-05,7,43,30,S7_E01,Full Day,30,356,40,-2.7308794066041515,-3.1441222038535632,False,True,,,,employee_anomaly
2016-12-05,8,43,44,S8_E01,Shift 1,23,356,69,-2.7308794066041515,-3.7685143438139015,False,True,,,,employee_anomaly
2016-12-05,8,43,44,S8_E02,Shift 2,21,356,69,-2.7308794066041515,-3.111510025863777,False,True,,,,employee_anomaly
2016-12-05,9,43,28,S9_E02,Shift 2,14,356,61,-2.7308794066041515,-3.3474208166871384,False,True,,,,employee_anomaly
2016-12-05,10,43,35,S10_E01,Full Day,35,356,66,-2.7308794066041515,-3.2437638134469884,False,True,,,,employee_anomaly
2017-04-01,1,43,72,S1_E01,Shift 1,31,356,46,2.1010711250113476,3.05140781233218,False,True,,,,employee_anomaly
2017-12-04,1,43,35,S1_E01,Shift 1,15,356,53,-3.1035267021539847,-3.566924808659965,True,True,,,,product_and_employee_anomaly
2017-12-04,1,43,35,S1_E02,Shift 2,20,356,53,-3.1035267021539847,-3.439934189042974,True,True,,,,product_and_employee_anomaly
2017-12-04,2,43,53,S2_E01,Shift 1,23,356,78,-3.1035267021539847,-3.4289887985334744,True,True,,,,product_and_employee_anomaly
2017-12-04,2,43,53,S2_E02,Shift 2,30,356,78,-3.1035267021539847,-3.42560784986891,True,True,,,,product_and_employee_anomaly
2017-12-04,3,43,39,S3_E01,Shift 1,17,356,68,-3.1035267021539847,-4.010676658948157,True,True,,,,product_and_employee_anomaly
2017-12-04,3,43,39,S3_E02,Shift 2,22,356,68,-3.1035267021539847,-3.2163317411983594,True,True,,,,product_and_employee_anomaly
2017-12-04,4,43,42,S4_E01,Full Day,42,356,64,-3.1035267021539847,-3.284111898833113,True,True,,,,product_and_employee_anomaly
2017-12-04,5,43,23,S5_E01,Full Day,23,356,46,-3.1035267021539847,-3.2458225710762023,True,True,,,,product_and_employee_anomaly
2017-12-04,6,43,23,S6_E01,Shift 1,10,356,47,-3.1035267021539847,-3.2986405964081293,True,True,,,,product_and_employee_anomaly
2017-12-04,6,43,23,S6_E02,Shift 2,13,356,47,-3.1035267021539847,-3.3301889302159635,True,True,,,,product_and_employee_anomaly
2017-12-04,7,43,28,S7_E01,Full Day,28,356,40,-3.1035267021539847,-3.144474792045703,True,True,,,,product_and_employee_anomaly
2017-12-04,8,43,39,S8_E01,Shift 1,20,356,74,-3.1035267021539847,-3.5723822669368586,True,True,,,,product_and_employee_anomaly
2017-12-04,8,43,39,S8_E02,Shift 2,19,356,74,-3.1035267021539847,-3.58582252955439,True,True,,,,product_and_employee_anomaly
2017-12-04,9,43,38,S9_E01,Shift 1,21,356,63,-3.1035267021539847,-3.189292177224606,True,True,,,,product_and_employee_anomaly
2017-12-04,9,43,38,S9_E02,Shift 2,17,356,63,-3.1035267021539847,-3.1563508443071124,True,True,,,,product_and_employee_anomaly
2017-12-04,10,43,45,S10_E01,Full Day,45,356,67,-3.1035267021539847,-3.105707653984013,True,True,,,,product_and_employee_anomaly
2013-03-01,1,44,21,S1_E01,Shift 1,9,190,15,4.454348297768934,2.074690228680253,True,False,,,,product_anomaly
2013-03-01,1,44,21,S1_E02,Shift 2,12,190,15,4.454348297768934,2.331068838866847,True,False,,,,product_anomaly
2013-03-01,2,44,32,S2_E01,Shift 1,18,190,24,4.454348297768934,2.1822720795452852,True,False,,,,product_anomaly
2013-03-01,2,44,32,S2_E02,Shift 2,14,190,24,4.454348297768934,1.975851852342069,True,False,,,,product_anomaly
2013-03-01,3,44,36,S3_E01,Shift 1,17,190,20,4.454348297768934,2.0066794363270857,True,False,,,,product_anomaly
2013-03-01,3,44,36,S3_E02,Shift 2,19,190,20,4.454348297768934,1.3514044443112787,True,False,,,,product_anomaly
2013-03-01,4,44,19,S4_E01,Full Day,19,190,19,4.454348297768934,1.8722367085890967,True,False,,,,product_anomaly
2013-03-01,5,44,12,S5_E01,Full Day,12,190,15,4.454348297768934,2.2739000103022433,True,False,,,,product_anomaly
2013-03-01,6,44,23,S6_E01,Shift 1,10,190,14,4.454348297768934,2.719586971233084,True,False,,,,product_anomaly
2013-03-01,6,44,23,S6_E02,Shift 2,13,190,14,4.454348297768934,2.23076261156696,True,False,,,,product_anomaly
2013-03-01,7,44,10,S7_E01,Full Day,10,190,12,4.454348297768934,1.920861026702784,True,False,,,,product_anomaly
2013-03-01,8,44,32,S8_E01,Shift 1,13,190,22,4.454348297768934,2.9115199622816244,True,False,,,,product_anomaly
2013-03-01,8,44,32,S8_E02,Shift 2,19,190,22,4.454348297768934,2.036067587360512,True,False,,,,product_anomaly
2013-03-01,9,44,25,S9_E01,Shift 1,10,190,18,4.454348297768934,2.0430723613628916,True,False,,,,product_anomaly
2013-03-01,9,44,25,S9_E02,Shift 2,15,190,18,4.454348297768934,2.0340936824617377,True,False,,,,product_anomaly
2013-03-01,10,44,20,S10_E01,Full Day,20,190,20,4.454348297768934,1.7306432800325182,True,False,,,,product_anomaly
2013-08-05,2,44,23,S2_E01,Shift 1,10,190,42,-1.606395832573867,-3.037931708682254,False,True,,,,employee_anomaly
2013-08-05,2,44,23,S2_E02,Shift 2,13,190,42,-1.606395832573867,-3.4857102754090485,False,True,,,,employee_anomaly
2013-11-25,1,44,20,S1_E01,Shift 1,10,190,25,-3.040256385164156,-1.5869840226164187,True,False,,,,product_anomaly
2013-11-25,1,44,20,S1_E02,Shift 2,10,190,25,-3.040256385164156,-1.8034693367648171,True,False,,,,product_anomaly
2013-11-25,2,44,18,S2_E01,Shift 1,11,190,35,-3.040256385164156,-1.8701393277321197,True,False,,,,product_anomaly
2013-11-25,2,44,18,S2_E02,Shift 2,7,190,35,-3.040256385164156,-1.7770275147177457,True,False,,,,product_anomaly
2013-11-25,3,44,25,S3_E01,Shift 1,12,190,29,-3.040256385164156,-1.6756663979619701,True,False,,,,product_anomaly
2013-11-25,3,44,25,S3_E02,Shift 2,13,190,29,-3.040256385164156,-1.2425896656579405,True,False,,,,product_anomaly
2013-11-25,4,44,9,S4_E01,Full Day,9,190,27,-3.040256385164156,-1.8326095364806918,True,False,,,,product_anomaly
2013-11-25,5,44,16,S5_E01,Full Day,16,190,19,-3.040256385164156,-1.6930146219863165,True,False,,,,product_anomaly
2013-11-25,6,44,11,S6_E01,Shift 1,6,190,20,-3.040256385164156,-1.57855895422775,True,False,,,,product_anomaly
2013-11-25,6,44,11,S6_E02,Shift 2,5,190,20,-3.040256385164156,-1.43010896190049,True,False,,,,product_anomaly
2013-11-25,7,44,13,S7_E01,Full Day,13,190,18,-3.040256385164156,-1.780386923113367,True,False,,,,product_anomaly
2013-11-25,8,44,26,S8_E01,Shift 1,14,190,32,-3.040256385164156,-0.951197735729219,True,False,,,,product_anomaly
2013-11-25,8,44,26,S8_E02,Shift 2,12,190,32,-3.040256385164156,-1.4098185411782926,True,False,,,,product_anomaly
2013-11-25,9,44,15,S9_E01,Shift 1,7,190,27,-3.040256385164156,-1.4808372517148745,True,False,,,,product_anomaly
2013-11-25,9,44,15,S9_E02,Shift 2,8,190,27,-3.040256385164156,-1.049018519017296,True,False,,,,product_anomaly
2013-11-25,10,44,27,S10_E01,Full Day,27,190,29,-3.040256385164156,-1.2720767052042683,True,False,,,,product_anomaly
2013-12-02,1,44,17,S1_E01,Shift 1,7,190,25,-1.5672328152455652,-3.1254292363912257,False,True,,,,employee_anomaly
2013-12-02,2,44,23,S2_E01,Shift 1,13,190,35,-1.5672328152455652,-3.412450649859274,False,True,,,,employee_anomaly
2013-12-02,2,44,23,S2_E02,Shift 2,10,190,35,-1.5672328152455652,-3.2785932441135652,False,True,,,,employee_anomaly
2013-12-02,3,44,15,S3_E01,Shift 1,6,190,30,-1.5672328152455652,-3.2501487509139597,False,True,,,,employee_anomaly
2013-12-02,3,44,15,S3_E02,Shift 2,9,190,30,-1.5672328152455652,-3.4328063228458867,False,True,,,,employee_anomaly
2013-12-02,4,44,19,S4_E01,Full Day,19,190,28,-1.5672328152455652,-3.448513956982832,False,True,,,,employee_anomaly
2013-12-02,5,44,14,S5_E01,Full Day,14,190,20,-1.5672328152455652,-3.1959090536893515,False,True,,,,employee_anomaly
2013-12-02,6,44,11,S6_E02,Shift 2,6,190,20,-1.5672328152455652,-3.0818675698167812,False,True,,,,employee_anomaly
2013-12-02,8,44,33,S8_E01,Shift 1,19,190,31,-1.5672328152455652,-3.3597203284094452,False,True,,,,employee_anomaly
2013-12-02,8,44,33,S8_E02,Shift 2,14,190,31,-1.5672328152455652,-3.335819773959348,False,True,,,,employee_anomaly
2013-12-02,9,44,17,S9_E01,Shift 1,8,190,27,-1.5672328152455652,-3.305771183792513,False,True,,,,employee_anomaly
2013-12-02,9,44,17,S9_E02,Shift 2,9,190,27,-1.5672328152455652,-3.696275698428471,False,True,,,,employee_anomaly
2013-12-02,10,44,19,S10_E01,Full Day,19,190,30,-1.5672328152455652,-3.0878038047354686,False,True,,,,employee_anomaly
2014-02-15,1,44,29,S1_E01,Shift 1,14,190,18,3.2570664934653224,0.9242689406244121,True,False,,,,product_anomaly
2014-02-15,1,44,29,S1_E02,Shift 2,15,190,18,3.2570664934653224,0.9597773760392988,True,False,,,,product_anomaly
2014-02-15,2,44,42,S2_E01,Shift 1,17,190,26,3.2570664934653224,0.6310008846062941,True,False,,,,product_anomaly
2014-02-15,2,44,42,S2_E02,Shift 2,25,190,26,3.2570664934653224,0.7701526152952919,True,False,,,,product_anomaly
2014-02-15,3,44,28,S3_E01,Shift 1,15,190,22,3.2570664934653224,0.7923428455683281,True,False,,,,product_anomaly
2014-02-15,3,44,28,S3_E02,Shift 2,13,190,22,3.2570664934653224,0.5474547394687502,True,False,,,,product_anomaly
2014-02-15,4,44,21,S4_E01,Full Day,21,190,21,3.2570664934653224,1.0368413928608475,True,False,,,,product_anomaly
2014-02-15,5,44,11,S5_E01,Full Day,11,190,15,3.2570664934653224,0.8469963803734045,True,False,,,,product_anomaly
2014-02-15,6,44,12,S6_E01,Shift 1,5,190,15,3.2570664934653224,0.6341114057879632,True,False,,,,product_anomaly
2014-02-15,6,44,12,S6_E02,Shift 2,7,190,15,3.2570664934653224,1.0983552543241881,True,False,,,,product_anomaly
2014-02-15,7,44,12,S7_E01,Full Day,12,190,13,3.2570664934653224,0.43862281182824253,True,False,,,,product_anomaly
2014-02-15,8,44,35,S8_E01,Shift 1,19,190,24,3.2570664934653224,0.5364016727116918,True,False,,,,product_anomaly
2014-02-15,8,44,35,S8_E02,Shift 2,16,190,24,3.2570664934653224,1.033755366696568,True,False,,,,product_anomaly
2014-02-15,9,44,35,S9_E01,Shift 1,15,190,21,3.2570664934653224,0.37170179818446714,True,False,,,,product_anomaly
2014-02-15,9,44,35,S9_E02,Shift 2,20,190,21,3.2570664934653224,0.8368456268955302,True,False,,,,product_anomaly
2014-02-15,10,44,39,S10_E01,Full Day,39,190,22,3.2570664934653224,1.2046407525722718,True,False,,,,product_anomaly
2014-03-01,2,44,46,S2_E01,Shift 1,20,190,27,2.828315646258265,3.349005610782279,False,True,,,,employee_anomaly
2014-03-01,5,44,27,S5_E01,Full Day,27,190,15,2.828315646258265,3.306479451837381,False,True,,,,employee_anomaly
2014-08-04,2,44,47,S2_E01,Shift 1,20,190,45,-2.4164983066059986,-3.2958565872574868,False,True,,,,employee_anomaly
2014-08-04,4,44,24,S4_E01,Full Day,24,190,38,-2.4164983066059986,-3.1397631376093593,False,True,,,,employee_anomaly
2014-08-04,5,44,23,S5_E01,Full Day,23,190,24,-2.4164983066059986,-3.2173712129452325,False,True,,,,employee_anomaly
2014-08-04,6,44,21,S6_E02,Shift 2,12,190,29,-2.4164983066059986,-3.5017544264003857,False,True,,,,employee_anomaly
2014-08-04,7,44,16,S7_E01,Full Day,16,190,27,-2.4164983066059986,-3.4459186430311015,False,True,,,,employee_anomaly
2014-08-04,8,44,27,S8_E01,Shift 1,12,190,43,-2.4164983066059986,-3.8062041584640642,False,True,,,,employee_anomaly
2014-08-04,8,44,27,S8_E02,Shift 2,15,190,43,-2.4164983066059986,-3.16064441974807,False,True,,,,employee_anomaly
2014-12-01,1,44,26,S1_E01,Shift 1,11,190,29,-2.821741547075748,-3.1060032038113756,False,True,,,,employee_anomaly
2014-12-01,1,44,26,S1_E02,Shift 2,15,190,29,-2.821741547075748,-3.2257952791105735,False,True,,,,employee_anomaly
2014-12-01,2,44,22,S2_E01,Shift 1,9,190,39,-2.821741547075748,-3.2103767532981733,False,True,,,,employee_anomaly
2014-12-01,3,44,14,S3_E01,Shift 1,8,190,34,-2.821741547075748,-3.6842826003636517,False,True,,,,employee_anomaly
2014-12-01,3,44,14,S3_E02,Shift 2,6,190,34,-2.821741547075748,-3.7643534802102665,False,True,,,,employee_anomaly
2014-12-01,4,44,17,S4_E01,Full Day,17,190,32,-2.821741547075748,-3.5292108233300348,False,True,,,,employee_anomaly
2014-12-01,5,44,12,S5_E01,Full Day,12,190,23,-2.821741547075748,-3.5544771735009846,False,True,,,,employee_anomaly
2014-12-01,6,44,15,S6_E02,Shift 2,7,190,23,-2.821741547075748,-3.2677552992025225,False,True,,,,employee_anomaly
2014-12-01,7,44,15,S7_E01,Full Day,15,190,20,-2.821741547075748,-3.4795612216587277,False,True,,,,employee_anomaly
2014-12-01,8,44,17,S8_E02,Shift 2,9,190,36,-2.821741547075748,-3.156889714158979,False,True,,,,employee_anomaly
2014-12-01,9,44,15,S9_E01,Shift 1,8,190,31,-2.821741547075748,-3.0877445136207187,False,True,,,,employee_anomaly
2014-12-01,10,44,19,S10_E01,Full Day,19,190,34,-2.821741547075748,-3.4995746414918427,False,True,,,,employee_anomaly
2015-02-01,1,44,26,S1_E01,Shift 1,13,190,17,3.0712477663964894,3.0557660597940646,True,True,,,,product_and_employee_anomaly
2015-02-01,1,44,26,S1_E02,Shift 2,13,190,17,3.0712477663964894,2.1453661731308964,True,False,,,,product_anomaly
2015-02-01,2,44,41,S2_E01,Shift 1,22,190,25,3.0712477663964894,1.953656430143817,True,False,,,,product_anomaly
2015-02-01,2,44,41,S2_E02,Shift 2,19,190,25,3.0712477663964894,2.3500220695901306,True,False,,,,product_anomaly
2015-02-01,3,44,37,S3_E01,Shift 1,19,190,22,3.0712477663964894,2.506888576749633,True,False,,,,product_anomaly
2015-02-01,3,44,37,S3_E02,Shift 2,18,190,22,3.0712477663964894,2.1659096796444564,True,False,,,,product_anomaly
2015-02-01,4,44,24,S4_E01,Full Day,24,190,23,3.0712477663964894,2.8748724820194456,True,False,,,,product_anomaly
2015-02-01,5,44,19,S5_E01,Full Day,19,190,15,3.0712477663964894,2.0848475539632427,True,False,,,,product_anomaly
2015-02-01,6,44,25,S6_E01,Shift 1,13,190,16,3.0712477663964894,2.221679149858128,True,False,,,,product_anomaly
2015-02-01,6,44,25,S6_E02,Shift 2,12,190,16,3.0712477663964894,1.958256602356688,True,False,,,,product_anomaly
2015-02-01,7,44,17,S7_E01,Full Day,17,190,13,3.0712477663964894,2.4352661753448244,True,False,,,,product_anomaly
2015-02-01,8,44,28,S8_E01,Shift 1,13,190,25,3.0712477663964894,2.6942065018192625,True,False,,,,product_anomaly
2015-02-01,8,44,28,S8_E02,Shift 2,15,190,25,3.0712477663964894,2.426072134137516,True,False,,,,product_anomaly
2015-02-01,9,44,24,S9_E01,Shift 1,11,190,22,3.0712477663964894,1.9180924008698985,True,False,,,,product_anomaly
2015-02-01,9,44,24,S9_E02,Shift 2,13,190,22,3.0712477663964894,2.3242398732184264,True,False,,,,product_anomaly
2015-02-01,10,44,27,S10_E01,Full Day,27,190,23,3.0712477663964894,2.0848738868918257,True,False,,,,product_anomaly
2015-03-01,1,44,27,S1_E01,Shift 1,14,190,20,2.5570466461196464,3.2063842092808192,False,True,,,,employee_anomaly
2015-03-01,2,44,46,S2_E01,Shift 1,24,190,29,2.5570466461196464,3.1204913155838128,False,True,,,,employee_anomaly
2015-03-01,3,44,46,S3_E02,Shift 2,24,190,24,2.5570466461196464,3.4103721242964737,False,True,,,,employee_anomaly
2015-03-01,4,44,35,S4_E01,Full Day,35,190,22,2.5570466461196464,3.1596518128314997,False,True,,,,employee_anomaly
2015-03-01,5,44,21,S5_E01,Full Day,21,190,18,2.5570466461196464,3.6387722164072245,False,True,,,,employee_anomaly
2015-03-01,6,44,21,S6_E01,Shift 1,10,190,16,2.5570466461196464,3.2783227914473976,False,True,,,,employee_anomaly
2015-03-01,6,44,21,S6_E02,Shift 2,11,190,16,2.5570466461196464,3.6075677552682435,False,True,,,,employee_anomaly
2015-03-01,8,44,40,S8_E01,Shift 1,22,190,28,2.5570466461196464,3.332540228908305,False,True,,,,employee_anomaly
2015-03-01,8,44,40,S8_E02,Shift 2,18,190,28,2.5570466461196464,3.009029860439897,False,True,,,,employee_anomaly
2015-03-01,9,44,39,S9_E01,Shift 1,17,190,22,2.5570466461196464,3.562831793884845,False,True,,,,employee_anomaly
2015-03-01,9,44,39,S9_E02,Shift 2,22,190,22,2.5570466461196464,3.0689769065072365,False,True,,,,employee_anomaly
2015-03-01,10,44,34,S10_E01,Full Day,34,190,26,2.5570466461196464,3.035766134572765,False,True,,,,employee_anomaly
2015-06-28,1,44,40,S1_E01,Shift 1,17,190,32,3.429264882067054,1.1886587228326675,True,False,,,,product_anomaly
2015-06-28,1,44,40,S1_E02,Shift 2,23,190,32,3.429264882067054,1.5811135387833708,True,False,,,,product_anomaly
2015-06-28,2,44,56,S2_E01,Shift 1,33,190,45,3.429264882067054,1.3280126767834408,True,False,,,,product_anomaly
2015-06-28,2,44,56,S2_E02,Shift 2,23,190,45,3.429264882067054,0.9307829723426915,True,False,,,,product_anomaly
2015-06-28,3,44,46,S3_E01,Shift 1,22,190,39,3.429264882067054,1.5707750286514217,True,False,,,,product_anomaly
2015-06-28,3,44,46,S3_E02,Shift 2,24,190,39,3.429264882067054,1.6500750149196808,True,False,,,,product_anomaly
2015-06-28,4,44,50,S4_E01,Full Day,50,190,36,3.429264882067054,1.4912656198174616,True,False,,,,product_anomaly
2015-06-28,5,44,33,S5_E01,Full Day,33,190,27,3.429264882067054,1.2641286786945876,True,False,,,,product_anomaly
2015-06-28,6,44,39,S6_E01,Shift 1,21,190,27,3.429264882067054,1.529130307503325,True,False,,,,product_anomaly
2015-06-28,6,44,39,S6_E02,Shift 2,18,190,27,3.429264882067054,1.5772473476195314,True,False,,,,product_anomaly
2015-06-28,7,44,43,S7_E01,Full Day,43,190,23,3.429264882067054,1.2281875719320616,True,False,,,,product_anomaly
2015-06-28,8,44,63,S8_E01,Shift 1,27,190,44,3.429264882067054,1.2983341235717643,True,False,,,,product_anomaly
2015-06-28,8,44,63,S8_E02,Shift 2,36,190,44,3.429264882067054,1.0552239305047615,True,False,,,,product_anomaly
2015-06-28,9,44,60,S9_E01,Shift 1,30,190,36,3.429264882067054,1.681641782405113,True,False,,,,product_anomaly
2015-06-28,9,44,60,S9_E02,Shift 2,30,190,36,3.429264882067054,1.4323991824389395,True,False,,,,product_anomaly
2015-06-28,10,44,38,S10_E01,Full Day,38,190,40,3.429264882067054,1.4115625444155537,True,False,,,,product_anomaly
2015-08-03,3,44,23,S3_E01,Shift 1,13,190,42,-1.8301470215539264,-3.230471200097007,False,True,,,,employee_anomaly
2015-08-03,3,44,23,S3_E02,Shift 2,10,190,42,-1.8301470215539264,-3.0968220305556833,False,True,,,,employee_anomaly
2015-08-03,6,44,21,S6_E01,Shift 1,9,190,27,-1.8301470215539264,-3.003013866777452,False,True,,,,employee_anomaly
2015-08-03,9,44,27,S9_E02,Shift 2,15,190,39,-1.8301470215539264,-3.2324063857303305,False,True,,,,employee_anomaly
2016-05-08,1,44,38,S1_E01,Shift 1,21,190,31,3.859917195408806,1.2806034757381064,True,False,,,,product_anomaly
2016-05-08,1,44,38,S1_E02,Shift 2,17,190,31,3.859917195408806,1.5754854441614354,True,False,,,,product_anomaly
2016-05-08,2,44,60,S2_E01,Shift 1,31,190,45,3.859917195408806,1.2966027272902578,True,False,,,,product_anomaly
2016-05-08,2,44,60,S2_E02,Shift 2,29,190,45,3.859917195408806,1.2987349218820146,True,False,,,,product_anomaly
2016-05-08,3,44,55,S3_E01,Shift 1,25,190,39,3.859917195408806,1.5283690572936823,True,False,,,,product_anomaly
2016-05-08,3,44,55,S3_E02,Shift 2,30,190,39,3.859917195408806,0.997163663551135,True,False,,,,product_anomaly
2016-05-08,4,44,49,S4_E01,Full Day,49,190,37,3.859917195408806,1.67252699971676,True,False,,,,product_anomaly
2016-05-08,5,44,37,S5_E01,Full Day,37,190,26,3.859917195408806,1.6061622327175225,True,False,,,,product_anomaly
2016-05-08,6,44,38,S6_E01,Shift 1,17,190,26,3.859917195408806,1.1826846207615758,True,False,,,,product_anomaly
2016-05-08,6,44,38,S6_E02,Shift 2,21,190,26,3.859917195408806,1.9468617784466296,True,False,,,,product_anomaly
2016-05-08,7,44,31,S7_E01,Full Day,31,190,23,3.859917195408806,1.2518697940335073,True,False,,,,product_anomaly
2016-05-08,8,44,33,S8_E01,Shift 1,15,190,43,3.859917195408806,1.9951377821717193,True,False,,,,product_anomaly
2016-05-08,8,44,33,S8_E02,Shift 2,18,190,43,3.859917195408806,1.0884144127529447,True,False,,,,product_anomaly
2016-05-08,9,44,52,S9_E01,Shift 1,31,190,35,3.859917195408806,1.3366364394722614,True,False,,,,product_anomaly
2016-05-08,9,44,52,S9_E02,Shift 2,21,190,35,3.859917195408806,1.5228975085280814,True,False,,,,product_anomaly
2016-05-08,10,44,47,S10_E01,Full Day,47,190,38,3.859917195408806,1.6929656730709715,True,False,,,,product_anomaly
2016-12-05,1,44,12,S1_E01,Shift 1,5,190,27,-4.896665917793902,-2.4321396159735382,True,False,,,,product_anomaly
2016-12-05,1,44,12,S1_E02,Shift 2,7,190,27,-4.896665917793902,-2.580461211183038,True,False,,,,product_anomaly
2016-12-05,2,44,20,S2_E01,Shift 1,10,190,42,-4.896665917793902,-3.039797685865822,True,True,,,,product_and_employee_anomaly
2016-12-05,2,44,20,S2_E02,Shift 2,10,190,42,-4.896665917793902,-2.8411273492839912,True,False,,,,product_anomaly
2016-12-05,3,44,13,S3_E01,Shift 1,7,190,36,-4.896665917793902,-2.6334758693639126,True,False,,,,product_anomaly
2016-12-05,3,44,13,S3_E02,Shift 2,6,190,36,-4.896665917793902,-2.870138019802202,True,False,,,,product_anomaly
2016-12-05,4,44,14,S4_E01,Full Day,14,190,35,-4.896665917793902,-2.803773742586649,True,False,,,,product_anomaly
2016-12-05,5,44,14,S5_E01,Full Day,14,190,26,-4.896665917793902,-2.639685670948698,True,False,,,,product_anomaly
2016-12-05,6,44,14,S6_E01,Shift 1,7,190,25,-4.896665917793902,-3.552929269017943,True,True,,,,product_and_employee_anomaly
2016-12-05,6,44,14,S6_E02,Shift 2,7,190,25,-4.896665917793902,-2.6336470607013553,True,False,,,,product_anomaly
2016-12-05,7,44,13,S7_E01,Full Day,13,190,22,-4.896665917793902,-3.1441222038535632,True,True,,,,product_and_employee_anomaly
2016-12-05,8,44,26,S8_E01,Shift 1,13,190,38,-4.896665917793902,-3.7685143438139015,True,True,,,,product_and_employee_anomaly
2016-12-05,8,44,26,S8_E02,Shift 2,13,190,38,-4.896665917793902,-3.111510025863777,True,True,,,,product_and_employee_anomaly
2016-12-05,9,44,17,S9_E01,Shift 1,7,190,35,-4.896665917793902,-2.9300684022247934,True,False,,,,product_anomaly
2016-12-05,9,44,17,S9_E02,Shift 2,10,190,35,-4.896665917793902,-3.3474208166871384,True,True,,,,product_and_employee_anomaly
2016-12-05,10,44,17,S10_E01,Full Day,17,190,36,-4.896665917793902,-3.2437638134469884,True,True,,,,product_and_employee_anomaly
2017-04-01,1,44,37,S1_E01,Shift 1,18,190,27,1.6130682975511654,3.05140781233218,False,True,,,,employee_anomaly
2017-09-04,1,44,29,S1_E01,Shift 1,16,190,34,-3.724721452293618,-2.315479735259783,True,False,,,,product_anomaly
2017-09-04,1,44,29,S1_E02,Shift 2,13,190,34,-3.724721452293618,-2.0366985866198837,True,False,,,,product_anomaly
2017-09-04,2,44,34,S2_E01,Shift 1,19,190,47,-3.724721452293618,-2.3550568571715633,True,False,,,,product_anomaly
2017-09-04,2,44,34,S2_E02,Shift 2,15,190,47,-3.724721452293618,-2.039463521965245,True,False,,,,product_anomaly
2017-09-04,3,44,19,S3_E01,Shift 1,10,190,43,-3.724721452293618,-2.3968542533212642,True,False,,,,product_anomaly
2017-09-04,3,44,19,S3_E02,Shift 2,9,190,43,-3.724721452293618,-2.152438491437841,True,False,,,,product_anomaly
2017-09-04,4,44,28,S4_E01,Full Day,28,190,39,-3.724721452293618,-2.8758121146720614,True,False,,,,product_anomaly
2017-09-04,5,44,18,S5_E01,Full Day,18,190,27,-3.724721452293618,-1.8585000169183008,True,False,,,,product_anomaly
2017-09-04,6,44,14,S6_E01,Shift 1,6,190,29,-3.724721452293618,-2.5826069495076664,True,False,,,,product_anomaly
2017-09-04,6,44,14,S6_E02,Shift 2,8,190,29,-3.724721452293618,-2.6740290675517415,True,False,,,,product_anomaly
2017-09-04,7,44,24,S7_E01,Full Day,24,190,26,-3.724721452293618,-2.2391586396028047,True,False,,,,product_anomaly
2017-09-04,8,44,32,S8_E01,Shift 1,19,190,44,-3.724721452293618,-2.0115576952992282,True,False,,,,product_anomaly
2017-09-04,8,44,32,S8_E02,Shift 2,13,190,44,-3.724721452293618,-2.0785237571981776,True,False,,,,product_anomaly
2017-09-04,9,44,32,S9_E01,Shift 1,14,190,40,-3.724721452293618,-2.1643040947822056,True,False,,,,product_anomaly
2017-09-04,9,44,32,S9_E02,Shift 2,18,190,40,-3.724721452293618,-1.9022724422738633,True,False,,,,product_anomaly
2017-09-04,10,44,36,S10_E01,Full Day,36,190,42,-3.724721452293618,-2.5456715195503166,True,False,,,,product_anomaly
2017-12-04,1,44,9,S1_E01,Shift 1,5,190,33,-3.328045822340493,-3.566924808659965,True,True,,,,product_and_employee_anomaly
2017-12-04,1,44,9,S1_E02,Shift 2,4,190,33,-3.328045822340493,-3.439934189042974,True,True,,,,product_and_employee_anomaly
2017-12-04,2,44,25,S2_E01,Shift 1,14,190,42,-3.328045822340493,-3.4289887985334744,True,True,,,,product_and_employee_anomaly
2017-12-04,2,44,25,S2_E02,Shift 2,11,190,42,-3.328045822340493,-3.42560784986891,True,True,,,,product_and_employee_anomaly
2017-12-04,3,44,22,S3_E01,Shift 1,12,190,40,-3.328045822340493,-4.010676658948157,True,True,,,,product_and_employee_anomaly
2017-12-04,3,44,22,S3_E02,Shift 2,10,190,40,-3.328045822340493,-3.2163317411983594,True,True,,,,product_and_employee_anomaly
2017-12-04,4,44,24,S4_E01,Full Day,24,190,36,-3.328045822340493,-3.284111898833113,True,True,,,,product_and_employee_anomaly
2017-12-04,5,44,14,S5_E01,Full Day,14,190,26,-3.328045822340493,-3.2458225710762023,True,True,,,,product_and_employee_anomaly
2017-12-04,6,44,12,S6_E01,Shift 1,6,190,26,-3.328045822340493,-3.2986405964081293,True,True,,,,product_and_employee_anomaly
2017-12-04,6,44,12,S6_E02,Shift 2,6,190,26,-3.328045822340493,-3.3301889302159635,True,True,,,,product_and_employee_anomaly
2017-12-04,7,44,12,S7_E01,Full Day,12,190,24,-3.328045822340493,-3.144474792045703,True,True,,,,product_and_employee_anomaly
2017-12-04,8,44,24,S8_E01,Shift 1,14,190,42,-3.328045822340493,-3.5723822669368586,True,True,,,,product_and_employee_anomaly
2017-12-04,8,44,24,S8_E02,Shift 2,10,190,42,-3.328045822340493,-3.58582252955439,True,True,,,,product_and_employee_anomaly
2017-12-04,9,44,28,S9_E01,Shift 1,15,190,33,-3.328045822340493,-3.189292177224606,True,True,,,,product_and_employee_anomaly
2017-12-04,9,44,28,S9_E02,Shift 2,13,190,33,-3.328045822340493,-3.1563508443071124,True,True,,,,product_and_employee_anomaly
2017-12-04,10,44,20,S10_E01,Full Day,20,190,38,-3.328045822340493,-3.105707653984013,True,True,,,,product_and_employee_anomaly
2013-08-05,1,45,58,S1_E01,Shift 1,33,52,82,-3.155669951978165,-2.4156234667007204,True,False,,,,product_anomaly
2013-08-05,1,45,58,S1_E02,Shift 2,25,52,82,-3.155669951978165,-2.6106751492337086,True,False,,,,product_anomaly
2013-08-05,2,45,82,S2_E01,Shift 1,40,52,114,-3.155669951978165,-3.037931708682254,True,True,,,,product_and_employee_anomaly
2013-08-05,2,45,82,S2_E02,Shift 2,42,52,114,-3.155669951978165,-3.4857102754090485,True,True,,,,product_and_employee_anomaly
2013-08-05,3,45,60,S3_E01,Shift 1,27,52,98,-3.155669951978165,-2.471140170469033,True,False,,,,product_anomaly
2013-08-05,3,45,60,S3_E02,Shift 2,33,52,98,-3.155669951978165,-2.977763708215258,True,False,,,,product_anomaly
2013-08-05,4,45,64,S4_E01,Full Day,64,52,90,-3.155669951978165,-2.585399372448584,True,False,,,,product_anomaly
2013-08-05,5,45,47,S5_E01,Full Day,47,52,63,-3.155669951978165,-2.476026680116979,True,False,,,,product_anomaly
2013-08-05,6,45,43,S6_E01,Shift 1,18,52,65,-3.155669951978165,-2.480769642052181,True,False,,,,product_anomaly
2013-08-05,6,45,43,S6_E02,Shift 2,25,52,65,-3.155669951978165,-2.281964941758153,True,False,,,,product_anomaly
2013-08-05,7,45,42,S7_E01,Full Day,42,52,59,-3.155669951978165,-2.3775535177606595,True,False,,,,product_anomaly
2013-08-05,8,45,66,S8_E01,Shift 1,36,52,106,-3.155669951978165,-2.2496415033443022,True,False,,,,product_anomaly
2013-08-05,8,45,66,S8_E02,Shift 2,30,52,106,-3.155669951978165,-2.3907326904646378,True,False,,,,product_anomaly
2013-08-05,9,45,57,S9_E01,Shift 1,34,52,88,-3.155669951978165,-2.1535467339877448,True,False,,,,product_anomaly
2013-08-05,9,45,57,S9_E02,Shift 2,23,52,88,-3.155669951978165,-2.4560677337350354,True,False,,,,product_anomaly
2013-08-05,10,45,51,S10_E01,Full Day,51,52,95,-3.155669951978165,-2.25167679317855,True,False,,,,product_anomaly
2013-12-02,1,45,30,S1_E01,Shift 1,13,52,65,-2.626747552732364,-3.1254292363912257,False,True,,,,employee_anomaly
2013-12-02,2,45,49,S2_E01,Shift 1,22,52,90,-2.626747552732364,-3.412450649859274,False,True,,,,employee_anomaly
2013-12-02,2,45,49,S2_E02,Shift 2,27,52,90,-2.626747552732364,-3.2785932441135652,False,True,,,,employee_anomaly
2013-12-02,3,45,40,S3_E01,Shift 1,21,52,79,-2.626747552732364,-3.2501487509139597,False,True,,,,employee_anomaly
2013-12-02,3,45,40,S3_E02,Shift 2,19,52,79,-2.626747552732364,-3.4328063228458867,False,True,,,,employee_anomaly
2013-12-02,4,45,42,S4_E01,Full Day,42,52,75,-2.626747552732364,-3.448513956982832,False,True,,,,employee_anomaly
2013-12-02,5,45,32,S5_E01,Full Day,32,52,53,-2.626747552732364,-3.1959090536893515,False,True,,,,employee_anomaly
2013-12-02,6,45,37,S6_E02,Shift 2,18,52,53,-2.626747552732364,-3.0818675698167812,False,True,,,,employee_anomaly
2013-12-02,8,45,50,S8_E01,Shift 1,25,52,85,-2.626747552732364,-3.3597203284094452,False,True,,,,employee_anomaly
2013-12-02,8,45,50,S8_E02,Shift 2,25,52,85,-2.626747552732364,-3.335819773959348,False,True,,,,employee_anomaly
2013-12-02,9,45,45,S9_E01,Shift 1,23,52,75,-2.626747552732364,-3.305771183792513,False,True,,,,employee_anomaly
2013-12-02,9,45,45,S9_E02,Shift 2,22,52,75,-2.626747552732364,-3.696275698428471,False,True,,,,employee_anomaly
2013-12-02,10,45,57,S10_E01,Full Day,57,52,77,-2.626747552732364,-3.0878038047354686,False,True,,,,employee_anomaly
2014-03-01,2,45,88,S2_E01,Shift 1,37,52,74,2.330819720342621,3.349005610782279,False,True,,,,employee_anomaly
2014-03-01,5,45,69,S5_E01,Full Day,69,52,44,2.330819720342621,3.306479451837381,False,True,,,,employee_anomaly
2014-08-04,1,45,62,S1_E01,Shift 1,29,52,91,-3.0673841202689065,-2.5453580386408605,True,False,,,,product_anomaly
2014-08-04,1,45,62,S1_E02,Shift 2,33,52,91,-3.0673841202689065,-2.806490994281361,True,False,,,,product_anomaly
2014-08-04,2,45,84,S2_E01,Shift 1,42,52,125,-3.0673841202689065,-3.2958565872574868,True,True,,,,product_and_employee_anomaly
2014-08-04,2,45,84,S2_E02,Shift 2,42,52,125,-3.0673841202689065,-2.3253581907705634,True,False,,,,product_anomaly
2014-08-04,3,45,73,S3_E01,Shift 1,34,52,110,-3.0673841202689065,-2.9193847507418793,True,False,,,,product_anomaly
2014-08-04,3,45,73,S3_E02,Shift 2,39,52,110,-3.0673841202689065,-2.9764440225122466,True,False,,,,product_anomaly
2014-08-04,4,45,87,S4_E01,Full Day,87,52,104,-3.0673841202689065,-3.1397631376093593,True,True,,,,product_and_employee_anomaly
2014-08-04,5,45,45,S5_E01,Full Day,45,52,73,-3.0673841202689065,-3.2173712129452325,True,True,,,,product_and_employee_anomaly
2014-08-04,6,45,56,S6_E01,Shift 1,25,52,75,-3.0673841202689065,-2.2070237185490025,True,False,,,,product_anomaly
2014-08-04,6,45,56,S6_E02,Shift 2,31,52,75,-3.0673841202689065,-3.5017544264003857,True,True,,,,product_and_employee_anomaly
2014-08-04,7,45,36,S7_E01,Full Day,36,52,67,-3.0673841202689065,-3.4459186430311015,True,True,,,,product_and_employee_anomaly
2014-08-04,8,45,81,S8_E01,Shift 1,48,52,126,-3.0673841202689065,-3.8062041584640642,True,True,,,,product_and_employee_anomaly
2014-08-04,8,45,81,S8_E02,Shift 2,33,52,126,-3.0673841202689065,-3.16064441974807,True,True,,,,product_and_employee_anomaly
2014-08-04,9,45,79,S9_E01,Shift 1,34,52,110,-3.0673841202689065,-2.838026611374916,True,False,,,,product_anomaly
2014-08-04,9,45,79,S9_E02,Shift 2,45,52,110,-3.0673841202689065,-2.777144381847396,True,False,,,,product_anomaly
2014-08-04,10,45,60,S10_E01,Full Day,60,52,115,-3.0673841202689065,-2.9356516212828705,True,False,,,,product_anomaly
2014-12-01,1,45,42,S1_E01,Shift 1,21,52,76,-3.319172919227032,-3.1060032038113756,True,True,,,,product_and_employee_anomaly
2014-12-01,1,45,42,S1_E02,Shift 2,21,52,76,-3.319172919227032,-3.2257952791105735,True,True,,,,product_and_employee_anomaly
2014-12-01,2,45,65,S2_E01,Shift 1,38,52,104,-3.319172919227032,-3.2103767532981733,True,True,,,,product_and_employee_anomaly
2014-12-01,2,45,65,S2_E02,Shift 2,27,52,104,-3.319172919227032,-2.9745651825749797,True,False,,,,product_anomaly
2014-12-01,3,45,44,S3_E01,Shift 1,20,52,98,-3.319172919227032,-3.6842826003636517,True,True,,,,product_and_employee_anomaly
2014-12-01,3,45,44,S3_E02,Shift 2,24,52,98,-3.319172919227032,-3.7643534802102665,True,True,,,,product_and_employee_anomaly
2014-12-01,4,45,48,S4_E01,Full Day,48,52,88,-3.319172919227032,-3.5292108233300348,True,True,,,,product_and_employee_anomaly
2014-12-01,5,45,32,S5_E01,Full Day,32,52,65,-3.319172919227032,-3.5544771735009846,True,True,,,,product_and_employee_anomaly
2014-12-01,6,45,36,S6_E01,Shift 1,21,52,61,-3.319172919227032,-2.725413037949043,True,False,,,,product_anomaly
2014-12-01,6,45,36,S6_E02,Shift 2,15,52,61,-3.319172919227032,-3.2677552992025225,True,True,,,,product_and_employee_anomaly
2014-12-01,7,45,36,S7_E01,Full Day,36,52,57,-3.319172919227032,-3.4795612216587277,True,True,,,,product_and_employee_anomaly
2014-12-01,8,45,46,S8_E01,Shift 1,27,52,99,-3.319172919227032,-2.754138713991254,True,False,,,,product_anomaly
2014-12-01,8,45,46,S8_E02,Shift 2,19,52,99,-3.319172919227032,-3.156889714158979,True,True,,,,product_and_employee_anomaly
2014-12-01,9,45,46,S9_E01,Shift 1,20,52,86,-3.319172919227032,-3.0877445136207187,True,True,,,,product_and_employee_anomaly
2014-12-01,9,45,46,S9_E02,Shift 2,26,52,86,-3.319172919227032,-2.9294097184846226,True,False,,,,product_anomaly
2014-12-01,10,45,44,S10_E01,Full Day,44,52,92,-3.319172919227032,-3.4995746414918427,True,True,,,,product_and_employee_anomaly
2015-02-01,1,45,68,S1_E01,Shift 1,36,52,52,2.0930982083210043,3.0557660597940646,False,True,,,,employee_anomaly
2015-03-01,1,45,83,S1_E01,Shift 1,35,52,55,2.7231292348312017,3.2063842092808192,False,True,,,,employee_anomaly
2015-03-01,2,45,131,S2_E01,Shift 1,58,52,78,2.7231292348312017,3.1204913155838128,False,True,,,,employee_anomaly
2015-03-01,3,45,102,S3_E02,Shift 2,51,52,70,2.7231292348312017,3.4103721242964737,False,True,,,,employee_anomaly
2015-03-01,4,45,83,S4_E01,Full Day,83,52,63,2.7231292348312017,3.1596518128314997,False,True,,,,employee_anomaly
2015-03-01,5,45,71,S5_E01,Full Day,71,52,46,2.7231292348312017,3.6387722164072245,False,True,,,,employee_anomaly
2015-03-01,6,45,49,S6_E01,Shift 1,23,52,43,2.7231292348312017,3.2783227914473976,False,True,,,,employee_anomaly
2015-03-01,6,45,49,S6_E02,Shift 2,26,52,43,2.7231292348312017,3.6075677552682435,False,True,,,,employee_anomaly
2015-03-01,8,45,109,S8_E01,Shift 1,44,52,74,2.7231292348312017,3.332540228908305,False,True,,,,employee_anomaly
2015-03-01,8,45,109,S8_E02,Shift 2,65,52,74,2.7231292348312017,3.009029860439897,False,True,,,,employee_anomaly
2015-03-01,9,45,84,S9_E01,Shift 1,47,52,63,2.7231292348312017,3.562831793884845,False,True,,,,employee_anomaly
2015-03-01,9,45,84,S9_E02,Shift 2,37,52,63,2.7231292348312017,3.0689769065072365,False,True,,,,employee_anomaly
2015-03-01,10,45,85,S10_E01,Full Day,85,52,68,2.7231292348312017,3.035766134572765,False,True,,,,employee_anomaly
2015-06-07,1,45,102,S1_E01,Shift 1,56,52,82,3.0599090903158093,1.6708119169395426,True,False,,,,product_anomaly
2015-06-07,1,45,102,S1_E02,Shift 2,46,52,82,3.0599090903158093,1.2945259470442882,True,False,,,,product_anomaly
2015-06-07,2,45,161,S2_E01,Shift 1,96,52,117,3.0599090903158093,1.2871333909123601,True,False,,,,product_anomaly
2015-06-07,2,45,161,S2_E02,Shift 2,65,52,117,3.0599090903158093,1.9097536022867105,True,False,,,,product_anomaly
2015-06-07,3,45,125,S3_E01,Shift 1,57,52,107,3.0599090903158093,1.6990696137094952,True,False,,,,product_anomaly
2015-06-07,3,45,125,S3_E02,Shift 2,68,52,107,3.0599090903158093,1.1585242583036084,True,False,,,,product_anomaly
2015-06-07,4,45,126,S4_E01,Full Day,126,52,97,3.0599090903158093,1.6830255643232137,True,False,,,,product_anomaly
2015-06-07,5,45,108,S5_E01,Full Day,108,52,72,3.0599090903158093,1.8600201170256485,True,False,,,,product_anomaly
2015-06-07,6,45,89,S6_E01,Shift 1,48,52,70,3.0599090903158093,1.3375506559583183,True,False,,,,product_anomaly
2015-06-07,6,45,89,S6_E02,Shift 2,41,52,70,3.0599090903158093,1.4532483718614302,True,False,,,,product_anomaly
2015-06-07,7,45,76,S7_E01,Full Day,76,52,63,3.0599090903158093,2.2610628644740443,True,False,,,,product_anomaly
2015-06-07,8,45,150,S8_E01,Shift 1,85,52,115,3.0599090903158093,1.3761719023477001,True,False,,,,product_anomaly
2015-06-07,8,45,150,S8_E02,Shift 2,65,52,115,3.0599090903158093,1.6681688680392106,True,False,,,,product_anomaly
2015-06-07,9,45,133,S9_E01,Shift 1,70,52,98,3.0599090903158093,1.4993132350348346,True,False,,,,product_anomaly
2015-06-07,9,45,133,S9_E02,Shift 2,63,52,98,3.0599090903158093,1.9657612042472303,True,False,,,,product_anomaly
2015-06-07,10,45,141,S10_E01,Full Day,141,52,105,3.0599090903158093,1.8943581986271802,True,False,,,,product_anomaly
2015-08-03,3,45,71,S3_E01,Shift 1,31,52,121,-2.7315224829289226,-3.230471200097007,False,True,,,,employee_anomaly
2015-08-03,3,45,71,S3_E02,Shift 2,40,52,121,-2.7315224829289226,-3.0968220305556833,False,True,,,,employee_anomaly
2015-08-03,6,45,57,S6_E01,Shift 1,23,52,79,-2.7315224829289226,-3.003013866777452,False,True,,,,employee_anomaly
2015-08-03,9,45,71,S9_E02,Shift 2,41,52,108,-2.7315224829289226,-3.2324063857303305,False,True,,,,employee_anomaly
2016-12-05,2,45,51,S2_E01,Shift 1,30,52,115,-2.5461800795072977,-3.039797685865822,False,True,,,,employee_anomaly
2016-12-05,6,45,50,S6_E01,Shift 1,27,52,70,-2.5461800795072977,-3.552929269017943,False,True,,,,employee_anomaly
2016-12-05,7,45,30,S7_E01,Full Day,30,52,61,-2.5461800795072977,-3.1441222038535632,False,True,,,,employee_anomaly
2016-12-05,8,45,56,S8_E01,Shift 1,25,52,110,-2.5461800795072977,-3.7685143438139015,False,True,,,,employee_anomaly
2016-12-05,8,45,56,S8_E02,Shift 2,31,52,110,-2.5461800795072977,-3.111510025863777,False,True,,,,employee_anomaly
2016-12-05,9,45,73,S9_E02,Shift 2,36,52,91,-2.5461800795072977,-3.3474208166871384,False,True,,,,employee_anomaly
2016-12-05,10,45,54,S10_E01,Full Day,54,52,102,-2.5461800795072977,-3.2437638134469884,False,True,,,,employee_anomaly
2017-04-01,1,45,92,S1_E01,Shift 1,44,52,73,1.3667635095755957,3.05140781233218,False,True,,,,employee_anomaly
2017-12-04,1,45,44,S1_E01,Shift 1,18,52,84,-3.3976594999440137,-3.566924808659965,True,True,,,,product_and_employee_anomaly
2017-12-04,1,45,44,S1_E02,Shift 2,26,52,84,-3.3976594999440137,-3.439934189042974,True,True,,,,product_and_employee_anomaly
2017-12-04,2,45,73,S2_E01,Shift 1,41,52,123,-3.3976594999440137,-3.4289887985334744,True,True,,,,product_and_employee_anomaly
2017-12-04,2,45,73,S2_E02,Shift 2,32,52,123,-3.3976594999440137,-3.42560784986891,True,True,,,,product_and_employee_anomaly
2017-12-04,3,45,66,S3_E01,Shift 1,33,52,104,-3.3976594999440137,-4.010676658948157,True,True,,,,product_and_employee_anomaly
2017-12-04,3,45,66,S3_E02,Shift 2,33,52,104,-3.3976594999440137,-3.2163317411983594,True,True,,,,product_and_employee_anomaly
2017-12-04,4,45,61,S4_E01,Full Day,61,52,98,-3.3976594999440137,-3.284111898833113,True,True,,,,product_and_employee_anomaly
2017-12-04,5,45,34,S5_E01,Full Day,34,52,73,-3.3976594999440137,-3.2458225710762023,True,True,,,,product_and_employee_anomaly
2017-12-04,6,45,45,S6_E01,Shift 1,22,52,68,-3.3976594999440137,-3.2986405964081293,True,True,,,,product_and_employee_anomaly
2017-12-04,6,45,45,S6_E02,Shift 2,23,52,68,-3.3976594999440137,-3.3301889302159635,True,True,,,,product_and_employee_anomaly
2017-12-04,7,45,41,S7_E01,Full Day,41,52,63,-3.3976594999440137,-3.144474792045703,True,True,,,,product_and_employee_anomaly
2017-12-04,8,45,81,S8_E01,Shift 1,40,52,111,-3.3976594999440137,-3.5723822669368586,True,True,,,,product_and_employee_anomaly
2017-12-04,8,45,81,S8_E02,Shift 2,41,52,111,-3.3976594999440137,-3.58582252955439,True,True,,,,product_and_employee_anomaly
2017-12-04,9,45,46,S9_E01,Shift 1,25,52,100,-3.3976594999440137,-3.189292177224606,True,True,,,,product_and_employee_anomaly
2017-12-04,9,45,46,S9_E02,Shift 2,21,52,100,-3.3976594999440137,-3.1563508443071124,True,True,,,,product_and_employee_anomaly
2017-12-04,10,45,55,S10_E01,Full Day,55,52,107,-3.3976594999440137,-3.105707653984013,True,True,,,,product_and_employee_anomaly
2013-08-05,2,46,55,S2_E01,Shift 1,26,486,80,-2.734340767434541,-3.037931708682254,False,True,,,,employee_anomaly
2013-08-05,2,46,55,S2_E02,Shift 2,29,486,80,-2.734340767434541,-3.4857102754090485,False,True,,,,employee_anomaly
2013-12-02,1,46,32,S1_E01,Shift 1,15,486,46,-3.534164668860576,-3.1254292363912257,True,True,,,,product_and_employee_anomaly
2013-12-02,1,46,32,S1_E02,Shift 2,17,486,46,-3.534164668860576,-2.851006355389951,True,False,,,,product_anomaly
2013-12-02,2,46,40,S2_E01,Shift 1,20,486,65,-3.534164668860576,-3.412450649859274,True,True,,,,product_and_employee_anomaly
2013-12-02,2,46,40,S2_E02,Shift 2,20,486,65,-3.534164668860576,-3.2785932441135652,True,True,,,,product_and_employee_anomaly
2013-12-02,3,46,37,S3_E01,Shift 1,16,486,61,-3.534164668860576,-3.2501487509139597,True,True,,,,product_and_employee_anomaly
2013-12-02,3,46,37,S3_E02,Shift 2,21,486,61,-3.534164668860576,-3.4328063228458867,True,True,,,,product_and_employee_anomaly
2013-12-02,4,46,36,S4_E01,Full Day,36,486,56,-3.534164668860576,-3.448513956982832,True,True,,,,product_and_employee_anomaly
2013-12-02,5,46,28,S5_E01,Full Day,28,486,39,-3.534164668860576,-3.1959090536893515,True,True,,,,product_and_employee_anomaly
2013-12-02,6,46,25,S6_E01,Shift 1,11,486,39,-3.534164668860576,-2.8345600406685025,True,False,,,,product_anomaly
2013-12-02,6,46,25,S6_E02,Shift 2,14,486,39,-3.534164668860576,-3.0818675698167812,True,True,,,,product_and_employee_anomaly
2013-12-02,7,46,22,S7_E01,Full Day,22,486,38,-3.534164668860576,-2.9208666389824898,True,False,,,,product_anomaly
2013-12-02,8,46,31,S8_E01,Shift 1,13,486,64,-3.534164668860576,-3.3597203284094452,True,True,,,,product_and_employee_anomaly
2013-12-02,8,46,31,S8_E02,Shift 2,18,486,64,-3.534164668860576,-3.335819773959348,True,True,,,,product_and_employee_anomaly
2013-12-02,9,46,28,S9_E01,Shift 1,11,486,53,-3.534164668860576,-3.305771183792513,True,True,,,,product_and_employee_anomaly
2013-12-02,9,46,28,S9_E02,Shift 2,17,486,53,-3.534164668860576,-3.696275698428471,True,True,,,,product_and_employee_anomaly
2013-12-02,10,46,33,S10_E01,Full Day,33,486,60,-3.534164668860576,-3.0878038047354686,True,True,,,,product_and_employee_anomaly
2014-03-01,2,46,71,S2_E01,Shift 1,42,486,52,1.6338532686798481,3.349005610782279,False,True,,,,employee_anomaly
2014-03-01,5,46,35,S5_E01,Full Day,35,486,33,1.6338532686798481,3.306479451837381,False,True,,,,employee_anomaly
2014-08-04,2,46,77,S2_E01,Shift 1,33,486,88,-2.065757955814571,-3.2958565872574868,False,True,,,,employee_anomaly
2014-08-04,4,46,44,S4_E01,Full Day,44,486,77,-2.065757955814571,-3.1397631376093593,False,True,,,,employee_anomaly
2014-08-04,5,46,38,S5_E01,Full Day,38,486,56,-2.065757955814571,-3.2173712129452325,False,True,,,,employee_anomaly
2014-08-04,6,46,45,S6_E02,Shift 2,26,486,53,-2.065757955814571,-3.5017544264003857,False,True,,,,employee_anomaly
2014-08-04,7,46,30,S7_E01,Full Day,30,486,50,-2.065757955814571,-3.4459186430311015,False,True,,,,employee_anomaly
2014-08-04,8,46,62,S8_E01,Shift 1,29,486,87,-2.065757955814571,-3.8062041584640642,False,True,,,,employee_anomaly
2014-08-04,8,46,62,S8_E02,Shift 2,33,486,87,-2.065757955814571,-3.16064441974807,False,True,,,,employee_anomaly
2014-12-01,1,46,26,S1_E01,Shift 1,11,486,54,-3.5824459578677823,-3.1060032038113756,True,True,,,,product_and_employee_anomaly
2014-12-01,1,46,26,S1_E02,Shift 2,15,486,54,-3.5824459578677823,-3.2257952791105735,True,True,,,,product_and_employee_anomaly
2014-12-01,2,46,41,S2_E01,Shift 1,17,486,76,-3.5824459578677823,-3.2103767532981733,True,True,,,,product_and_employee_anomaly
2014-12-01,2,46,41,S2_E02,Shift 2,24,486,76,-3.5824459578677823,-2.9745651825749797,True,False,,,,product_anomaly
2014-12-01,3,46,31,S3_E01,Shift 1,13,486,73,-3.5824459578677823,-3.6842826003636517,True,True,,,,product_and_employee_anomaly
2014-12-01,3,46,31,S3_E02,Shift 2,18,486,73,-3.5824459578677823,-3.7643534802102665,True,True,,,,product_and_employee_anomaly
2014-12-01,4,46,32,S4_E01,Full Day,32,486,63,-3.5824459578677823,-3.5292108233300348,True,True,,,,product_and_employee_anomaly
2014-12-01,5,46,22,S5_E01,Full Day,22,486,46,-3.5824459578677823,-3.5544771735009846,True,True,,,,product_and_employee_anomaly
2014-12-01,6,46,21,S6_E01,Shift 1,11,486,46,-3.5824459578677823,-2.725413037949043,True,False,,,,product_anomaly
2014-12-01,6,46,21,S6_E02,Shift 2,10,486,46,-3.5824459578677823,-3.2677552992025225,True,True,,,,product_and_employee_anomaly
2014-12-01,7,46,19,S7_E01,Full Day,19,486,42,-3.5824459578677823,-3.4795612216587277,True,True,,,,product_and_employee_anomaly
2014-12-01,8,46,36,S8_E01,Shift 1,15,486,75,-3.5824459578677823,-2.754138713991254,True,False,,,,product_anomaly
2014-12-01,8,46,36,S8_E02,Shift 2,21,486,75,-3.5824459578677823,-3.156889714158979,True,True,,,,product_and_employee_anomaly
2014-12-01,9,46,32,S9_E01,Shift 1,14,486,61,-3.5824459578677823,-3.0877445136207187,True,True,,,,product_and_employee_anomaly
2014-12-01,9,46,32,S9_E02,Shift 2,18,486,61,-3.5824459578677823,-2.9294097184846226,True,False,,,,product_anomaly
2014-12-01,10,46,29,S10_E01,Full Day,29,486,67,-3.5824459578677823,-3.4995746414918427,True,True,,,,product_and_employee_anomaly
2015-02-01,1,46,61,S1_E01,Shift 1,28,486,37,2.9949478819274327,3.0557660597940646,False,True,,,,employee_anomaly
2015-03-01,1,46,57,S1_E01,Shift 1,27,486,42,2.0327147044045626,3.2063842092808192,False,True,,,,employee_anomaly
2015-03-01,2,46,81,S2_E01,Shift 1,40,486,56,2.0327147044045626,3.1204913155838128,False,True,,,,employee_anomaly
2015-03-01,3,46,71,S3_E02,Shift 2,30,486,50,2.0327147044045626,3.4103721242964737,False,True,,,,employee_anomaly
2015-03-01,4,46,67,S4_E01,Full Day,67,486,45,2.0327147044045626,3.1596518128314997,False,True,,,,employee_anomaly
2015-03-01,5,46,61,S5_E01,Full Day,61,486,34,2.0327147044045626,3.6387722164072245,False,True,,,,employee_anomaly
2015-03-01,6,46,43,S6_E01,Shift 1,22,486,33,2.0327147044045626,3.2783227914473976,False,True,,,,employee_anomaly
2015-03-01,6,46,43,S6_E02,Shift 2,21,486,33,2.0327147044045626,3.6075677552682435,False,True,,,,employee_anomaly
2015-03-01,8,46,66,S8_E01,Shift 1,33,486,58,2.0327147044045626,3.332540228908305,False,True,,,,employee_anomaly
2015-03-01,8,46,66,S8_E02,Shift 2,33,486,58,2.0327147044045626,3.009029860439897,False,True,,,,employee_anomaly
2015-03-01,9,46,55,S9_E01,Shift 1,33,486,48,2.0327147044045626,3.562831793884845,False,True,,,,employee_anomaly
2015-03-01,9,46,55,S9_E02,Shift 2,22,486,48,2.0327147044045626,3.0689769065072365,False,True,,,,employee_anomaly
2015-03-01,10,46,80,S10_E01,Full Day,80,486,50,2.0327147044045626,3.035766134572765,False,True,,,,employee_anomaly
2015-08-03,1,46,51,S1_E01,Shift 1,22,486,70,-3.3739849338069434,-2.431152188562419,True,False,,,,product_anomaly
2015-08-03,1,46,51,S1_E02,Shift 2,29,486,70,-3.3739849338069434,-2.6588983591723636,True,False,,,,product_anomaly
2015-08-03,2,46,79,S2_E01,Shift 1,38,486,95,-3.3739849338069434,-2.1714259053724394,True,False,,,,product_anomaly
2015-08-03,2,46,79,S2_E02,Shift 2,41,486,95,-3.3739849338069434,-2.5727933298725434,True,False,,,,product_anomaly
2015-08-03,3,46,51,S3_E01,Shift 1,24,486,86,-3.3739849338069434,-3.230471200097007,True,True,,,,product_and_employee_anomaly
2015-08-03,3,46,51,S3_E02,Shift 2,27,486,86,-3.3739849338069434,-3.0968220305556833,True,True,,,,product_and_employee_anomaly
2015-08-03,4,46,47,S4_E01,Full Day,47,486,80,-3.3739849338069434,-2.7376755606770606,True,False,,,,product_anomaly
2015-08-03,5,46,40,S5_E01,Full Day,40,486,57,-3.3739849338069434,-2.664634525264307,True,False,,,,product_anomaly
2015-08-03,6,46,32,S6_E01,Shift 1,17,486,58,-3.3739849338069434,-3.003013866777452,True,True,,,,product_and_employee_anomaly
2015-08-03,6,46,32,S6_E02,Shift 2,15,486,58,-3.3739849338069434,-2.5336785743591226,True,False,,,,product_anomaly
2015-08-03,7,46,33,S7_E01,Full Day,33,486,52,-3.3739849338069434,-2.3966524315397892,True,False,,,,product_anomaly
2015-08-03,8,46,58,S8_E01,Shift 1,30,486,93,-3.3739849338069434,-2.893402768817878,True,False,,,,product_anomaly
2015-08-03,8,46,58,S8_E02,Shift 2,28,486,93,-3.3739849338069434,-2.405130863769209,True,False,,,,product_anomaly
2015-08-03,9,46,39,S9_E01,Shift 1,20,486,78,-3.3739849338069434,-2.4640677522246373,True,False,,,,product_anomaly
2015-08-03,9,46,39,S9_E02,Shift 2,19,486,78,-3.3739849338069434,-3.2324063857303305,True,True,,,,product_and_employee_anomaly
2015-08-03,10,46,64,S10_E01,Full Day,64,486,87,-3.3739849338069434,-2.654029610435547,True,False,,,,product_anomaly
2016-12-05,2,46,48,S2_E01,Shift 1,23,486,86,-2.615054459342626,-3.039797685865822,False,True,,,,employee_anomaly
2016-12-05,6,46,37,S6_E01,Shift 1,21,486,49,-2.615054459342626,-3.552929269017943,False,True,,,,employee_anomaly
2016-12-05,7,46,20,S7_E01,Full Day,20,486,46,-2.615054459342626,-3.1441222038535632,False,True,,,,employee_anomaly
2016-12-05,8,46,49,S8_E01,Shift 1,21,486,79,-2.615054459342626,-3.7685143438139015,False,True,,,,employee_anomaly
2016-12-05,8,46,49,S8_E02,Shift 2,28,486,79,-2.615054459342626,-3.111510025863777,False,True,,,,employee_anomaly
2016-12-05,9,46,33,S9_E02,Shift 2,17,486,69,-2.615054459342626,-3.3474208166871384,False,True,,,,employee_anomaly
2016-12-05,10,46,47,S10_E01,Full Day,47,486,76,-2.615054459342626,-3.2437638134469884,False,True,,,,employee_anomaly
2017-04-01,1,46,68,S1_E01,Shift 1,34,486,53,1.5307496442886692,3.05140781233218,False,True,,,,employee_anomaly
2017-12-04,1,46,34,S1_E01,Shift 1,17,486,64,-3.627848702386611,-3.566924808659965,True,True,,,,product_and_employee_anomaly
2017-12-04,1,46,34,S1_E02,Shift 2,17,486,64,-3.627848702386611,-3.439934189042974,True,True,,,,product_and_employee_anomaly
2017-12-04,2,46,46,S2_E01,Shift 1,23,486,90,-3.627848702386611,-3.4289887985334744,True,True,,,,product_and_employee_anomaly
2017-12-04,2,46,46,S2_E02,Shift 2,23,486,90,-3.627848702386611,-3.42560784986891,True,True,,,,product_and_employee_anomaly
2017-12-04,3,46,52,S3_E01,Shift 1,30,486,79,-3.627848702386611,-4.010676658948157,True,True,,,,product_and_employee_anomaly
2017-12-04,3,46,52,S3_E02,Shift 2,22,486,79,-3.627848702386611,-3.2163317411983594,True,True,,,,product_and_employee_anomaly
2017-12-04,4,46,37,S4_E01,Full Day,37,486,70,-3.627848702386611,-3.284111898833113,True,True,,,,product_and_employee_anomaly
2017-12-04,5,46,24,S5_E01,Full Day,24,486,51,-3.627848702386611,-3.2458225710762023,True,True,,,,product_and_employee_anomaly
2017-12-04,6,46,27,S6_E01,Shift 1,11,486,52,-3.627848702386611,-3.2986405964081293,True,True,,,,product_and_employee_anomaly
2017-12-04,6,46,27,S6_E02,Shift 2,16,486,52,-3.627848702386611,-3.3301889302159635,True,True,,,,product_and_employee_anomaly
2017-12-04,7,46,28,S7_E01,Full Day,28,486,49,-3.627848702386611,-3.144474792045703,True,True,,,,product_and_employee_anomaly
2017-12-04,8,46,55,S8_E01,Shift 1,25,486,84,-3.627848702386611,-3.5723822669368586,True,True,,,,product_and_employee_anomaly
2017-12-04,8,46,55,S8_E02,Shift 2,30,486,84,-3.627848702386611,-3.58582252955439,True,True,,,,product_and_employee_anomaly
2017-12-04,9,46,40,S9_E01,Shift 1,20,486,72,-3.627848702386611,-3.189292177224606,True,True,,,,product_and_employee_anomaly
2017-12-04,9,46,40,S9_E02,Shift 2,20,486,72,-3.627848702386611,-3.1563508443071124,True,True,,,,product_and_employee_anomaly
2017-12-04,10,46,37,S10_E01,Full Day,37,486,77,-3.627848702386611,-3.105707653984013,True,True,,,,product_and_employee_anomaly
2013-02-17,1,47,14,S1_E01,Shift 1,7,234,12,3.1213893691004846,1.203336458814672,True,False,,,,product_anomaly
2013-02-17,1,47,14,S1_E02,Shift 2,7,234,12,3.1213893691004846,1.8658774176174928,True,False,,,,product_anomaly
2013-02-17,2,47,23,S2_E01,Shift 1,11,234,16,3.1213893691004846,1.3005148567577463,True,False,,,,product_anomaly
2013-02-17,2,47,23,S2_E02,Shift 2,12,234,16,3.1213893691004846,1.120084896452415,True,False,,,,product_anomaly
2013-02-17,3,47,19,S3_E01,Shift 1,8,234,15,3.1213893691004846,1.2985444051721136,True,False,,,,product_anomaly
2013-02-17,3,47,19,S3_E02,Shift 2,11,234,15,3.1213893691004846,1.4383070267571252,True,False,,,,product_anomaly
2013-02-17,4,47,18,S4_E01,Full Day,18,234,15,3.1213893691004846,1.2328238415717792,True,False,,,,product_anomaly
2013-02-17,5,47,16,S5_E01,Full Day,16,234,10,3.1213893691004846,1.360881443676041,True,False,,,,product_anomaly
2013-02-17,6,47,8,S6_E01,Shift 1,4,234,10,3.1213893691004846,1.6131912121235217,True,False,,,,product_anomaly
2013-02-17,6,47,8,S6_E02,Shift 2,4,234,10,3.1213893691004846,1.5665833724338964,True,False,,,,product_anomaly
2013-02-17,7,47,12,S7_E01,Full Day,12,234,9,3.1213893691004846,1.3264364917188756,True,False,,,,product_anomaly
2013-02-17,8,47,30,S8_E01,Shift 1,14,234,17,3.1213893691004846,1.582851224177545,True,False,,,,product_anomaly
2013-02-17,8,47,30,S8_E02,Shift 2,16,234,17,3.1213893691004846,0.7650769019004567,True,False,,,,product_anomaly
2013-02-17,9,47,19,S9_E01,Shift 1,8,234,15,3.1213893691004846,1.471357255158317,True,False,,,,product_anomaly
2013-02-17,9,47,19,S9_E02,Shift 2,11,234,15,3.1213893691004846,1.8214528132797039,True,False,,,,product_anomaly
2013-02-17,10,47,16,S10_E01,Full Day,16,234,14,3.1213893691004846,1.2114655571306074,True,False,,,,product_anomaly
2013-08-05,2,47,17,S2_E01,Shift 1,8,234,30,-1.8499781460993547,-3.037931708682254,False,True,,,,employee_anomaly
2013-08-05,2,47,17,S2_E02,Shift 2,9,234,30,-1.8499781460993547,-3.4857102754090485,False,True,,,,employee_anomaly
2013-09-02,1,47,9,S1_E01,Shift 1,4,234,20,-3.1269533909781253,-2.0370547515043067,True,False,,,,product_anomaly
2013-09-02,1,47,9,S1_E02,Shift 2,5,234,20,-3.1269533909781253,-1.8844196238780926,True,False,,,,product_anomaly
2013-09-02,2,47,18,S2_E01,Shift 1,10,234,26,-3.1269533909781253,-2.138145236258856,True,False,,,,product_anomaly
2013-09-02,2,47,18,S2_E02,Shift 2,8,234,26,-3.1269533909781253,-1.874485181734983,True,False,,,,product_anomaly
2013-09-02,3,47,13,S3_E01,Shift 1,8,234,23,-3.1269533909781253,-1.6565646283965354,True,False,,,,product_anomaly
2013-09-02,3,47,13,S3_E02,Shift 2,5,234,23,-3.1269533909781253,-1.7310996662283702,True,False,,,,product_anomaly
2013-09-02,4,47,16,S4_E01,Full Day,16,234,21,-3.1269533909781253,-1.749338873933826,True,False,,,,product_anomaly
2013-09-02,5,47,13,S5_E01,Full Day,13,234,16,-3.1269533909781253,-2.0106338941434063,True,False,,,,product_anomaly
2013-09-02,6,47,15,S6_E01,Shift 1,7,234,17,-3.1269533909781253,-2.3012019047878436,True,False,,,,product_anomaly
2013-09-02,6,47,15,S6_E02,Shift 2,8,234,17,-3.1269533909781253,-2.090817274988783,True,False,,,,product_anomaly
2013-09-02,7,47,16,S7_E01,Full Day,16,234,15,-3.1269533909781253,-1.97257189701343,True,False,,,,product_anomaly
2013-09-02,8,47,18,S8_E01,Shift 1,10,234,27,-3.1269533909781253,-2.2276993787707897,True,False,,,,product_anomaly
2013-09-02,8,47,18,S8_E02,Shift 2,8,234,27,-3.1269533909781253,-2.018136077865415,True,False,,,,product_anomaly
2013-09-02,9,47,11,S9_E01,Shift 1,6,234,22,-3.1269533909781253,-1.959426997030871,True,False,,,,product_anomaly
2013-09-02,9,47,11,S9_E02,Shift 2,5,234,22,-3.1269533909781253,-2.2577598422731753,True,False,,,,product_anomaly
2013-09-02,10,47,16,S10_E01,Full Day,16,234,23,-3.1269533909781253,-1.7930881097995588,True,False,,,,product_anomaly
2013-09-30,1,47,13,S1_E01,Shift 1,6,234,17,-3.0922416052657833,-1.903231103162652,True,False,,,,product_anomaly
2013-09-30,1,47,13,S1_E02,Shift 2,7,234,17,-3.0922416052657833,-1.68626535163423,True,False,,,,product_anomaly
2013-09-30,2,47,18,S2_E01,Shift 1,10,234,24,-3.0922416052657833,-1.2130346452818621,True,False,,,,product_anomaly
2013-09-30,2,47,18,S2_E02,Shift 2,8,234,24,-3.0922416052657833,-1.8856711791151415,True,False,,,,product_anomaly
2013-09-30,3,47,13,S3_E01,Shift 1,6,234,23,-3.0922416052657833,-1.996144487248958,True,False,,,,product_anomaly
2013-09-30,3,47,13,S3_E02,Shift 2,7,234,23,-3.0922416052657833,-1.3089649881181888,True,False,,,,product_anomaly
2013-09-30,4,47,12,S4_E01,Full Day,12,234,21,-3.0922416052657833,-1.5983253595554883,True,False,,,,product_anomaly
2013-09-30,5,47,11,S5_E01,Full Day,11,234,15,-3.0922416052657833,-1.5087998458625027,True,False,,,,product_anomaly
2013-09-30,6,47,10,S6_E01,Shift 1,5,234,15,-3.0922416052657833,-1.4311113743772836,True,False,,,,product_anomaly
2013-09-30,6,47,10,S6_E02,Shift 2,5,234,15,-3.0922416052657833,-1.4663715092826861,True,False,,,,product_anomaly
2013-09-30,7,47,10,S7_E01,Full Day,10,234,16,-3.0922416052657833,-1.5976971583414545,True,False,,,,product_anomaly
2013-09-30,8,47,14,S8_E01,Shift 1,8,234,24,-3.0922416052657833,-1.593687009632735,True,False,,,,product_anomaly
2013-09-30,8,47,14,S8_E02,Shift 2,6,234,24,-3.0922416052657833,-1.3612032691915301,True,False,,,,product_anomaly
2013-09-30,9,47,15,S9_E01,Shift 1,8,234,19,-3.0922416052657833,-1.5408415599661418,True,False,,,,product_anomaly
2013-09-30,9,47,15,S9_E02,Shift 2,7,234,19,-3.0922416052657833,-1.322688493042648,True,False,,,,product_anomaly
2013-09-30,10,47,11,S10_E01,Full Day,11,234,22,-3.0922416052657833,-1.4368670003780113,True,False,,,,product_anomaly
2013-10-27,1,47,17,S1_E01,Shift 1,7,234,15,3.0544628429775313,1.3913369638568938,True,False,,,,product_anomaly
2013-10-27,1,47,17,S1_E02,Shift 2,10,234,15,3.0544628429775313,1.0517778059634815,True,False,,,,product_anomaly
2013-10-27,2,47,29,S2_E01,Shift 1,15,234,24,3.0544628429775313,1.6774052682727725,True,False,,,,product_anomaly
2013-10-27,2,47,29,S2_E02,Shift 2,14,234,24,3.0544628429775313,0.9304597934111165,True,False,,,,product_anomaly
2013-10-27,3,47,26,S3_E01,Shift 1,12,234,20,3.0544628429775313,1.3644914258007215,True,False,,,,product_anomaly
2013-10-27,3,47,26,S3_E02,Shift 2,14,234,20,3.0544628429775313,1.6670987607627767,True,False,,,,product_anomaly
2013-10-27,4,47,15,S4_E01,Full Day,15,234,19,3.0544628429775313,1.436857135479316,True,False,,,,product_anomaly
2013-10-27,5,47,17,S5_E01,Full Day,17,234,15,3.0544628429775313,1.4502096557544026,True,False,,,,product_anomaly
2013-10-27,6,47,13,S6_E01,Shift 1,5,234,14,3.0544628429775313,1.5058766545490467,True,False,,,,product_anomaly
2013-10-27,6,47,13,S6_E02,Shift 2,8,234,14,3.0544628429775313,1.4755784237364515,True,False,,,,product_anomaly
2013-10-27,7,47,14,S7_E01,Full Day,14,234,12,3.0544628429775313,1.230761837533068,True,False,,,,product_anomaly
2013-10-27,8,47,29,S8_E01,Shift 1,13,234,23,3.0544628429775313,1.3839895656017722,True,False,,,,product_anomaly
2013-10-27,8,47,29,S8_E02,Shift 2,16,234,23,3.0544628429775313,1.5927066928038216,True,False,,,,product_anomaly
2013-10-27,9,47,26,S9_E01,Shift 1,12,234,19,3.0544628429775313,1.0999738316759486,True,False,,,,product_anomaly
2013-10-27,9,47,26,S9_E02,Shift 2,14,234,19,3.0544628429775313,1.3143377721568084,True,False,,,,product_anomaly
2013-10-27,10,47,24,S10_E01,Full Day,24,234,20,3.0544628429775313,1.509545597137239,True,False,,,,product_anomaly
2013-11-03,1,47,23,S1_E01,Shift 1,13,234,15,3.05749461470144,1.546447971745856,True,False,,,,product_anomaly
2013-11-03,1,47,23,S1_E02,Shift 2,10,234,15,3.05749461470144,1.793108791559182,True,False,,,,product_anomaly
2013-11-03,2,47,28,S2_E01,Shift 1,13,234,24,3.05749461470144,1.8268180728547594,True,False,,,,product_anomaly
2013-11-03,2,47,28,S2_E02,Shift 2,15,234,24,3.05749461470144,1.6970299558561885,True,False,,,,product_anomaly
2013-11-03,3,47,26,S3_E01,Shift 1,13,234,20,3.05749461470144,1.3428970218616463,True,False,,,,product_anomaly
2013-11-03,3,47,26,S3_E02,Shift 2,13,234,20,3.05749461470144,1.460947933625635,True,False,,,,product_anomaly
2013-11-03,4,47,20,S4_E01,Full Day,20,234,18,3.05749461470144,1.7069525107726213,True,False,,,,product_anomaly
2013-11-03,5,47,18,S5_E01,Full Day,18,234,15,3.05749461470144,1.214994754588753,True,False,,,,product_anomaly
2013-11-03,6,47,28,S6_E01,Shift 1,16,234,14,3.05749461470144,1.8309409439349364,True,False,,,,product_anomaly
2013-11-03,6,47,28,S6_E02,Shift 2,12,234,14,3.05749461470144,1.549142964588611,True,False,,,,product_anomaly
2013-11-03,7,47,11,S7_E01,Full Day,11,234,12,3.05749461470144,2.1162909505573104,True,False,,,,product_anomaly
2013-11-03,8,47,32,S8_E01,Shift 1,16,234,23,3.05749461470144,1.662040162276739,True,False,,,,product_anomaly
2013-11-03,8,47,32,S8_E02,Shift 2,16,234,23,3.05749461470144,1.3827352851267611,True,False,,,,product_anomaly
2013-11-03,9,47,28,S9_E01,Shift 1,16,234,19,3.05749461470144,1.5567584896164792,True,False,,,,product_anomaly
2013-11-03,9,47,28,S9_E02,Shift 2,12,234,19,3.05749461470144,1.9538751186849992,True,False,,,,product_anomaly
2013-11-03,10,47,35,S10_E01,Full Day,35,234,21,3.05749461470144,1.670105793703601,True,False,,,,product_anomaly
2013-12-02,1,47,10,S1_E01,Shift 1,5,234,16,-5.528528882940183,-3.1254292363912257,True,True,,,,product_and_employee_anomaly
2013-12-02,1,47,10,S1_E02,Shift 2,5,234,16,-5.528528882940183,-2.851006355389951,True,False,,,,product_anomaly
2013-12-02,2,47,14,S2_E01,Shift 1,6,234,25,-5.528528882940183,-3.412450649859274,True,True,,,,product_and_employee_anomaly
2013-12-02,2,47,14,S2_E02,Shift 2,8,234,25,-5.528528882940183,-3.2785932441135652,True,True,,,,product_and_employee_anomaly
2013-12-02,3,47,15,S3_E01,Shift 1,8,234,22,-5.528528882940183,-3.2501487509139597,True,True,,,,product_and_employee_anomaly
2013-12-02,3,47,15,S3_E02,Shift 2,7,234,22,-5.528528882940183,-3.4328063228458867,True,True,,,,product_and_employee_anomaly
2013-12-02,4,47,5,S4_E01,Full Day,5,234,21,-5.528528882940183,-3.448513956982832,True,True,,,,product_and_employee_anomaly
2013-12-02,5,47,12,S5_E01,Full Day,12,234,14,-5.528528882940183,-3.1959090536893515,True,True,,,,product_and_employee_anomaly
2013-12-02,6,47,12,S6_E01,Shift 1,6,234,15,-5.528528882940183,-2.8345600406685025,True,False,,,,product_anomaly
2013-12-02,6,47,12,S6_E02,Shift 2,6,234,15,-5.528528882940183,-3.0818675698167812,True,True,,,,product_and_employee_anomaly
2013-12-02,7,47,6,S7_E01,Full Day,6,234,14,-5.528528882940183,-2.9208666389824898,True,False,,,,product_anomaly
2013-12-02,8,47,16,S8_E01,Shift 1,9,234,24,-5.528528882940183,-3.3597203284094452,True,True,,,,product_and_employee_anomaly
2013-12-02,8,47,16,S8_E02,Shift 2,7,234,24,-5.528528882940183,-3.335819773959348,True,True,,,,product_and_employee_anomaly
2013-12-02,9,47,13,S9_E01,Shift 1,8,234,20,-5.528528882940183,-3.305771183792513,True,True,,,,product_and_employee_anomaly
2013-12-02,9,47,13,S9_E02,Shift 2,5,234,20,-5.528528882940183,-3.696275698428471,True,True,,,,product_and_employee_anomaly
2013-12-02,10,47,10,S10_E01,Full Day,10,234,22,-5.528528882940183,-3.0878038047354686,True,True,,,,product_and_employee_anomaly
2013-12-14,1,47,19,S1_E01,Shift 1,9,234,15,3.185723058830567,0.5183346277900808,True,False,,,,product_anomaly
2013-12-14,1,47,19,S1_E02,Shift 2,10,234,15,3.185723058830567,0.8229751594590057,True,False,,,,product_anomaly
2013-12-14,2,47,21,S2_E01,Shift 1,8,234,22,3.185723058830567,0.9158136492567196,True,False,,,,product_anomaly
2013-12-14,2,47,21,S2_E02,Shift 2,13,234,22,3.185723058830567,0.7104198210890187,True,False,,,,product_anomaly
2013-12-14,3,47,22,S3_E01,Shift 1,12,234,19,3.185723058830567,1.2180699176346146,True,False,,,,product_anomaly
2013-12-14,3,47,22,S3_E02,Shift 2,10,234,19,3.185723058830567,0.4908749179534759,True,False,,,,product_anomaly
2013-12-14,4,47,18,S4_E01,Full Day,18,234,19,3.185723058830567,0.9656780628923769,True,False,,,,product_anomaly
2013-12-14,5,47,10,S5_E01,Full Day,10,234,13,3.185723058830567,0.965694075314548,True,False,,,,product_anomaly
2013-12-14,6,47,9,S6_E01,Shift 1,4,234,12,3.185723058830567,0.9781351042473605,True,False,,,,product_anomaly
2013-12-14,6,47,9,S6_E02,Shift 2,5,234,12,3.185723058830567,0.9346661745407969,True,False,,,,product_anomaly
2013-12-14,7,47,6,S7_E01,Full Day,6,234,13,3.185723058830567,0.8271585008944383,True,False,,,,product_anomaly
2013-12-14,8,47,16,S8_E01,Shift 1,7,234,21,3.185723058830567,0.7210189336557634,True,False,,,,product_anomaly
2013-12-14,8,47,16,S8_E02,Shift 2,9,234,21,3.185723058830567,0.8488388383682015,True,False,,,,product_anomaly
2013-12-14,9,47,18,S9_E01,Shift 1,8,234,17,3.185723058830567,1.269448755928827,True,False,,,,product_anomaly
2013-12-14,9,47,18,S9_E02,Shift 2,10,234,17,3.185723058830567,1.3932330307052128,True,False,,,,product_anomaly
2013-12-14,10,47,16,S10_E01,Full Day,16,234,19,3.185723058830567,0.6629445726075729,True,False,,,,product_anomaly
2013-12-16,1,47,13,S1_E01,Shift 1,6,234,15,-3.0333371072734727,-1.4084662766207345,True,False,,,,product_anomaly
2013-12-16,1,47,13,S1_E02,Shift 2,7,234,15,-3.0333371072734727,-1.5193410818486643,True,False,,,,product_anomaly
2013-12-16,2,47,13,S2_E01,Shift 1,5,234,21,-3.0333371072734727,-1.1775132364398126,True,False,,,,product_anomaly
2013-12-16,2,47,13,S2_E02,Shift 2,8,234,21,-3.0333371072734727,-1.2282153126935975,True,False,,,,product_anomaly
2013-12-16,3,47,15,S3_E01,Shift 1,7,234,19,-3.0333371072734727,-1.4715900548389507,True,False,,,,product_anomaly
2013-12-16,3,47,15,S3_E02,Shift 2,8,234,19,-3.0333371072734727,-1.509591851143713,True,False,,,,product_anomaly
2013-12-16,4,47,13,S4_E01,Full Day,13,234,18,-3.0333371072734727,-1.285715300118613,True,False,,,,product_anomaly
2013-12-16,5,47,13,S5_E01,Full Day,13,234,12,-3.0333371072734727,-1.431151547602391,True,False,,,,product_anomaly
2013-12-16,6,47,8,S6_E01,Shift 1,4,234,12,-3.0333371072734727,-1.3978519975725388,True,False,,,,product_anomaly
2013-12-16,6,47,8,S6_E02,Shift 2,4,234,12,-3.0333371072734727,-1.3747310915551367,True,False,,,,product_anomaly
2013-12-16,7,47,6,S7_E01,Full Day,6,234,12,-3.0333371072734727,-1.7937787931610165,True,False,,,,product_anomaly
2013-12-16,8,47,11,S8_E01,Shift 1,6,234,20,-3.0333371072734727,-1.564220615402135,True,False,,,,product_anomaly
2013-12-16,8,47,11,S8_E02,Shift 2,5,234,20,-3.0333371072734727,-1.6176385857098885,True,False,,,,product_anomaly
2013-12-16,9,47,11,S9_E01,Shift 1,6,234,16,-3.0333371072734727,-1.7217245060355024,True,False,,,,product_anomaly
2013-12-16,9,47,11,S9_E02,Shift 2,5,234,16,-3.0333371072734727,-1.500464380516115,True,False,,,,product_anomaly
2013-12-16,10,47,9,S10_E01,Full Day,9,234,18,-3.0333371072734727,-1.51253086613124,True,False,,,,product_anomaly
2014-02-01,1,47,13,S1_E01,Shift 1,7,234,13,3.4778468885667033,1.7390319014480886,True,False,,,,product_anomaly
2014-02-01,1,47,13,S1_E02,Shift 2,6,234,13,3.4778468885667033,1.4271913713717301,True,False,,,,product_anomaly
2014-02-01,2,47,34,S2_E01,Shift 1,14,234,18,3.4778468885667033,1.9077508800048781,True,False,,,,product_anomaly
2014-02-01,2,47,34,S2_E02,Shift 2,20,234,18,3.4778468885667033,1.9417663753434802,True,False,,,,product_anomaly
2014-02-01,3,47,32,S3_E01,Shift 1,18,234,16,3.4778468885667033,1.5859924196359327,True,False,,,,product_anomaly
2014-02-01,3,47,32,S3_E02,Shift 2,14,234,16,3.4778468885667033,1.7451709315169794,True,False,,,,product_anomaly
2014-02-01,4,47,23,S4_E01,Full Day,23,234,15,3.4778468885667033,1.5383760811466414,True,False,,,,product_anomaly
2014-02-01,5,47,12,S5_E01,Full Day,12,234,11,3.4778468885667033,1.7487251632252563,True,False,,,,product_anomaly
2014-02-01,6,47,20,S6_E01,Shift 1,8,234,11,3.4778468885667033,1.3179368758430823,True,False,,,,product_anomaly
2014-02-01,6,47,20,S6_E02,Shift 2,12,234,11,3.4778468885667033,1.3567072029528322,True,False,,,,product_anomaly
2014-02-01,7,47,13,S7_E01,Full Day,13,234,11,3.4778468885667033,1.6297365116004447,True,False,,,,product_anomaly
2014-02-01,8,47,32,S8_E01,Shift 1,15,234,17,3.4778468885667033,1.787817143001643,True,False,,,,product_anomaly
2014-02-01,8,47,32,S8_E02,Shift 2,17,234,17,3.4778468885667033,2.2939925080572254,True,False,,,,product_anomaly
2014-02-01,9,47,21,S9_E01,Shift 1,12,234,14,3.4778468885667033,1.7002616748596542,True,False,,,,product_anomaly
2014-02-01,9,47,21,S9_E02,Shift 2,9,234,14,3.4778468885667033,1.8755206591790912,True,False,,,,product_anomaly
2014-02-01,10,47,20,S10_E01,Full Day,20,234,15,3.4778468885667033,1.683008845664712,True,False,,,,product_anomaly
2014-03-01,2,47,29,S2_E01,Shift 1,15,234,22,1.87904015395902,3.349005610782279,False,True,,,,employee_anomaly
2014-03-01,5,47,11,S5_E01,Full Day,11,234,12,1.87904015395902,3.306479451837381,False,True,,,,employee_anomaly
2014-08-04,2,47,28,S2_E01,Shift 1,16,234,36,-1.615231832789741,-3.2958565872574868,False,True,,,,employee_anomaly
2014-08-04,4,47,24,S4_E01,Full Day,24,234,31,-1.615231832789741,-3.1397631376093593,False,True,,,,employee_anomaly
2014-08-04,5,47,15,S5_E01,Full Day,15,234,21,-1.615231832789741,-3.2173712129452325,False,True,,,,employee_anomaly
2014-08-04,6,47,17,S6_E02,Shift 2,8,234,19,-1.615231832789741,-3.5017544264003857,False,True,,,,employee_anomaly
2014-08-04,7,47,9,S7_E01,Full Day,9,234,21,-1.615231832789741,-3.4459186430311015,False,True,,,,employee_anomaly
2014-08-04,8,47,25,S8_E01,Shift 1,12,234,34,-1.615231832789741,-3.8062041584640642,False,True,,,,employee_anomaly
2014-08-04,8,47,25,S8_E02,Shift 2,13,234,34,-1.615231832789741,-3.16064441974807,False,True,,,,employee_anomaly
2014-12-01,1,47,6,S1_E01,Shift 1,3,234,20,-3.325146547795475,-3.1060032038113756,True,True,,,,product_and_employee_anomaly
2014-12-01,1,47,6,S1_E02,Shift 2,3,234,20,-3.325146547795475,-3.2257952791105735,True,True,,,,product_and_employee_anomaly
2014-12-01,2,47,14,S2_E01,Shift 1,8,234,29,-3.325146547795475,-3.2103767532981733,True,True,,,,product_and_employee_anomaly
2014-12-01,2,47,14,S2_E02,Shift 2,6,234,29,-3.325146547795475,-2.9745651825749797,True,False,,,,product_anomaly
2014-12-01,3,47,15,S3_E01,Shift 1,7,234,25,-3.325146547795475,-3.6842826003636517,True,True,,,,product_and_employee_anomaly
2014-12-01,3,47,15,S3_E02,Shift 2,8,234,25,-3.325146547795475,-3.7643534802102665,True,True,,,,product_and_employee_anomaly
2014-12-01,4,47,8,S4_E01,Full Day,8,234,24,-3.325146547795475,-3.5292108233300348,True,True,,,,product_and_employee_anomaly
2014-12-01,5,47,7,S5_E01,Full Day,7,234,17,-3.325146547795475,-3.5544771735009846,True,True,,,,product_and_employee_anomaly
2014-12-01,6,47,7,S6_E01,Shift 1,3,234,18,-3.325146547795475,-2.725413037949043,True,False,,,,product_anomaly
2014-12-01,6,47,7,S6_E02,Shift 2,4,234,18,-3.325146547795475,-3.2677552992025225,True,True,,,,product_and_employee_anomaly
2014-12-01,7,47,10,S7_E01,Full Day,10,234,15,-3.325146547795475,-3.4795612216587277,True,True,,,,product_and_employee_anomaly
2014-12-01,8,47,16,S8_E01,Shift 1,7,234,28,-3.325146547795475,-2.754138713991254,True,False,,,,product_anomaly
2014-12-01,8,47,16,S8_E02,Shift 2,9,234,28,-3.325146547795475,-3.156889714158979,True,True,,,,product_and_employee_anomaly
2014-12-01,9,47,15,S9_E01,Shift 1,7,234,24,-3.325146547795475,-3.0877445136207187,True,True,,,,product_and_employee_anomaly
2014-12-01,9,47,15,S9_E02,Shift 2,8,234,24,-3.325146547795475,-2.9294097184846226,True,False,,,,product_anomaly
2014-12-01,10,47,14,S10_E01,Full Day,14,234,25,-3.325146547795475,-3.4995746414918427,True,True,,,,product_and_employee_anomaly
2015-02-01,1,47,24,S1_E01,Shift 1,12,234,13,2.8126111455537046,3.0557660597940646,False,True,,,,employee_anomaly
2015-03-01,1,47,25,S1_E01,Shift 1,12,234,15,4.4433891719522105,3.2063842092808192,True,True,,,,product_and_employee_anomaly
2015-03-01,1,47,25,S1_E02,Shift 2,13,234,15,4.4433891719522105,2.7011350015772067,True,False,,,,product_anomaly
2015-03-01,2,47,34,S2_E01,Shift 1,14,234,20,4.4433891719522105,3.1204913155838128,True,True,,,,product_and_employee_anomaly
2015-03-01,2,47,34,S2_E02,Shift 2,20,234,20,4.4433891719522105,2.9504051632544526,True,False,,,,product_anomaly
2015-03-01,3,47,19,S3_E01,Shift 1,8,234,21,4.4433891719522105,2.94608151148025,True,False,,,,product_anomaly
2015-03-01,3,47,19,S3_E02,Shift 2,11,234,21,4.4433891719522105,3.4103721242964737,True,True,,,,product_and_employee_anomaly
2015-03-01,4,47,21,S4_E01,Full Day,21,234,17,4.4433891719522105,3.1596518128314997,True,True,,,,product_and_employee_anomaly
2015-03-01,5,47,12,S5_E01,Full Day,12,234,12,4.4433891719522105,3.6387722164072245,True,True,,,,product_and_employee_anomaly
2015-03-01,6,47,26,S6_E01,Shift 1,13,234,13,4.4433891719522105,3.2783227914473976,True,True,,,,product_and_employee_anomaly
2015-03-01,6,47,26,S6_E02,Shift 2,13,234,13,4.4433891719522105,3.6075677552682435,True,True,,,,product_and_employee_anomaly
2015-03-01,7,47,16,S7_E01,Full Day,16,234,11,4.4433891719522105,2.8190730739031222,True,False,,,,product_anomaly
2015-03-01,8,47,34,S8_E01,Shift 1,16,234,21,4.4433891719522105,3.332540228908305,True,True,,,,product_and_employee_anomaly
2015-03-01,8,47,34,S8_E02,Shift 2,18,234,21,4.4433891719522105,3.009029860439897,True,True,,,,product_and_employee_anomaly
2015-03-01,9,47,33,S9_E01,Shift 1,15,234,19,4.4433891719522105,3.562831793884845,True,True,,,,product_and_employee_anomaly
2015-03-01,9,47,33,S9_E02,Shift 2,18,234,19,4.4433891719522105,3.0689769065072365,True,True,,,,product_and_employee_anomaly
2015-03-01,10,47,24,S10_E01,Full Day,24,234,18,4.4433891719522105,3.035766134572765,True,True,,,,product_and_employee_anomaly
2015-08-03,1,47,17,S1_E01,Shift 1,10,234,25,-3.222732111609236,-2.431152188562419,True,False,,,,product_anomaly
2015-08-03,1,47,17,S1_E02,Shift 2,7,234,25,-3.222732111609236,-2.6588983591723636,True,False,,,,product_anomaly
2015-08-03,2,47,25,S2_E01,Shift 1,13,234,37,-3.222732111609236,-2.1714259053724394,True,False,,,,product_anomaly
2015-08-03,2,47,25,S2_E02,Shift 2,12,234,37,-3.222732111609236,-2.5727933298725434,True,False,,,,product_anomaly
2015-08-03,3,47,17,S3_E01,Shift 1,9,234,33,-3.222732111609236,-3.230471200097007,True,True,,,,product_and_employee_anomaly
2015-08-03,3,47,17,S3_E02,Shift 2,8,234,33,-3.222732111609236,-3.0968220305556833,True,True,,,,product_and_employee_anomaly
2015-08-03,4,47,18,S4_E01,Full Day,18,234,28,-3.222732111609236,-2.7376755606770606,True,False,,,,product_anomaly
2015-08-03,5,47,19,S5_E01,Full Day,19,234,22,-3.222732111609236,-2.664634525264307,True,False,,,,product_anomaly
2015-08-03,6,47,14,S6_E01,Shift 1,7,234,22,-3.222732111609236,-3.003013866777452,True,True,,,,product_and_employee_anomaly
2015-08-03,6,47,14,S6_E02,Shift 2,7,234,22,-3.222732111609236,-2.5336785743591226,True,False,,,,product_anomaly
2015-08-03,7,47,10,S7_E01,Full Day,10,234,19,-3.222732111609236,-2.3966524315397892,True,False,,,,product_anomaly
2015-08-03,8,47,26,S8_E01,Shift 1,16,234,34,-3.222732111609236,-2.893402768817878,True,False,,,,product_anomaly
2015-08-03,8,47,26,S8_E02,Shift 2,10,234,34,-3.222732111609236,-2.405130863769209,True,False,,,,product_anomaly
2015-08-03,9,47,20,S9_E01,Shift 1,11,234,29,-3.222732111609236,-2.4640677522246373,True,False,,,,product_anomaly
2015-08-03,9,47,20,S9_E02,Shift 2,9,234,29,-3.222732111609236,-3.2324063857303305,True,True,,,,product_and_employee_anomaly
2015-08-03,10,47,25,S10_E01,Full Day,25,234,32,-3.222732111609236,-2.654029610435547,True,False,,,,product_anomaly
2015-08-17,1,47,19,S1_E01,Shift 1,9,234,24,-3.624137632563055,-1.3027025907213354,True,False,,,,product_anomaly
2015-08-17,1,47,19,S1_E02,Shift 2,10,234,24,-3.624137632563055,-1.2799193091248673,True,False,,,,product_anomaly
2015-08-17,2,47,26,S2_E01,Shift 1,14,234,34,-3.624137632563055,-1.2997318332597314,True,False,,,,product_anomaly
2015-08-17,2,47,26,S2_E02,Shift 2,12,234,34,-3.624137632563055,-1.3200305487067647,True,False,,,,product_anomaly
2015-08-17,3,47,26,S3_E01,Shift 1,15,234,32,-3.624137632563055,-1.5523059673721844,True,False,,,,product_anomaly
2015-08-17,3,47,26,S3_E02,Shift 2,11,234,32,-3.624137632563055,-1.6230927313179981,True,False,,,,product_anomaly
2015-08-17,4,47,13,S4_E01,Full Day,13,234,28,-3.624137632563055,-1.6421073031690734,True,False,,,,product_anomaly
2015-08-17,5,47,10,S5_E01,Full Day,10,234,21,-3.624137632563055,-1.3200184649365758,True,False,,,,product_anomaly
2015-08-17,6,47,12,S6_E01,Shift 1,6,234,22,-3.624137632563055,-1.56396088706849,True,False,,,,product_anomaly
2015-08-17,6,47,12,S6_E02,Shift 2,6,234,22,-3.624137632563055,-1.5476957306129577,True,False,,,,product_anomaly
2015-08-17,7,47,12,S7_E01,Full Day,12,234,18,-3.624137632563055,-1.7255679642151962,True,False,,,,product_anomaly
2015-08-17,8,47,15,S8_E01,Shift 1,8,234,34,-3.624137632563055,-1.4502162928285656,True,False,,,,product_anomaly
2015-08-17,8,47,15,S8_E02,Shift 2,7,234,34,-3.624137632563055,-1.3872769944588665,True,False,,,,product_anomaly
2015-08-17,9,47,27,S9_E01,Shift 1,14,234,26,-3.624137632563055,-1.2996148792108273,True,False,,,,product_anomaly
2015-08-17,9,47,27,S9_E02,Shift 2,13,234,26,-3.624137632563055,-1.4611259409671524,True,False,,,,product_anomaly
2015-08-17,10,47,20,S10_E01,Full Day,20,234,30,-3.624137632563055,-1.5266520899338611,True,False,,,,product_anomaly
2015-12-07,1,47,9,S1_E01,Shift 1,5,234,20,-5.535615289480306,-2.137467822138631,True,False,,,,product_anomaly
2015-12-07,1,47,9,S1_E02,Shift 2,4,234,20,-5.535615289480306,-2.3163145218669032,True,False,,,,product_anomaly
2015-12-07,2,47,11,S2_E01,Shift 1,6,234,29,-5.535615289480306,-2.2622746111084022,True,False,,,,product_anomaly
2015-12-07,2,47,11,S2_E02,Shift 2,5,234,29,-5.535615289480306,-2.734706195869,True,False,,,,product_anomaly
2015-12-07,3,47,19,S3_E01,Shift 1,11,234,26,-5.535615289480306,-2.5814790260412823,True,False,,,,product_anomaly
2015-12-07,3,47,19,S3_E02,Shift 2,8,234,26,-5.535615289480306,-2.518162476199348,True,False,,,,product_anomaly
2015-12-07,4,47,15,S4_E01,Full Day,15,234,24,-5.535615289480306,-2.1817952782493784,True,False,,,,product_anomaly
2015-12-07,5,47,9,S5_E01,Full Day,9,234,16,-5.535615289480306,-1.7914761105903116,True,False,,,,product_anomaly
2015-12-07,6,47,9,S6_E01,Shift 1,5,234,15,-5.535615289480306,-2.177570422889973,True,False,,,,product_anomaly
2015-12-07,6,47,9,S6_E02,Shift 2,4,234,15,-5.535615289480306,-1.9810837763297446,True,False,,,,product_anomaly
2015-12-07,7,47,8,S7_E01,Full Day,8,234,16,-5.535615289480306,-2.327809067862889,True,False,,,,product_anomaly
2015-12-07,8,47,8,S8_E01,Shift 1,4,234,27,-5.535615289480306,-2.46070045964776,True,False,,,,product_anomaly
2015-12-07,8,47,8,S8_E02,Shift 2,4,234,27,-5.535615289480306,-2.443928253346677,True,False,,,,product_anomaly
2015-12-07,9,47,9,S9_E01,Shift 1,5,234,24,-5.535615289480306,-2.613927269474191,True,False,,,,product_anomaly
2015-12-07,9,47,9,S9_E02,Shift 2,4,234,24,-5.535615289480306,-2.3250075736587585,True,False,,,,product_anomaly
2015-12-07,10,47,18,S10_E01,Full Day,18,234,23,-5.535615289480306,-2.4039808735535884,True,False,,,,product_anomaly
2016-02-27,1,47,18,S1_E01,Shift 1,7,234,16,3.504041455912148,0.8588012690151606,True,False,,,,product_anomaly
2016-02-27,1,47,18,S1_E02,Shift 2,11,234,16,3.504041455912148,0.5706240560645646,True,False,,,,product_anomaly
2016-02-27,2,47,37,S2_E01,Shift 1,20,234,23,3.504041455912148,0.9272990700932837,True,False,,,,product_anomaly
2016-02-27,2,47,37,S2_E02,Shift 2,17,234,23,3.504041455912148,1.1139264331369785,True,False,,,,product_anomaly
2016-02-27,3,47,37,S3_E01,Shift 1,20,234,19,3.504041455912148,0.7192879816987522,True,False,,,,product_anomaly
2016-02-27,3,47,37,S3_E02,Shift 2,17,234,19,3.504041455912148,0.8173218723789463,True,False,,,,product_anomaly
2016-02-27,4,47,27,S4_E01,Full Day,27,234,18,3.504041455912148,0.9112773967433334,True,False,,,,product_anomaly
2016-02-27,5,47,17,S5_E01,Full Day,17,234,14,3.504041455912148,0.9432494806238879,True,False,,,,product_anomaly
2016-02-27,6,47,19,S6_E01,Shift 1,10,234,12,3.504041455912148,1.3006220293968211,True,False,,,,product_anomaly
2016-02-27,6,47,19,S6_E02,Shift 2,9,234,12,3.504041455912148,0.9466167714138223,True,False,,,,product_anomaly
2016-02-27,7,47,12,S7_E01,Full Day,12,234,12,3.504041455912148,1.1380786623465047,True,False,,,,product_anomaly
2016-02-27,8,47,27,S8_E01,Shift 1,14,234,22,3.504041455912148,0.9249920039389141,True,False,,,,product_anomaly
2016-02-27,8,47,27,S8_E02,Shift 2,13,234,22,3.504041455912148,0.9023693701353321,True,False,,,,product_anomaly
2016-02-27,9,47,30,S9_E01,Shift 1,14,234,19,3.504041455912148,0.9123480643137725,True,False,,,,product_anomaly
2016-02-27,9,47,30,S9_E02,Shift 2,16,234,19,3.504041455912148,0.5781419547259372,True,False,,,,product_anomaly
2016-02-27,10,47,24,S10_E01,Full Day,24,234,20,3.504041455912148,1.1019473765621512,True,False,,,,product_anomaly
2016-06-04,1,47,27,S1_E01,Shift 1,15,234,25,3.0192245518293404,1.419689074537422,True,False,,,,product_anomaly
2016-06-04,1,47,27,S1_E02,Shift 2,12,234,25,3.0192245518293404,1.2319272299557769,True,False,,,,product_anomaly
2016-06-04,2,47,47,S2_E01,Shift 1,21,234,34,3.0192245518293404,1.017743151054749,True,False,,,,product_anomaly
2016-06-04,2,47,47,S2_E02,Shift 2,26,234,34,3.0192245518293404,1.3131954659789296,True,False,,,,product_anomaly
2016-06-04,3,47,48,S3_E01,Shift 1,29,234,29,3.0192245518293404,1.0982329634189765,True,False,,,,product_anomaly
2016-06-04,3,47,48,S3_E02,Shift 2,19,234,29,3.0192245518293404,1.244107164225424,True,False,,,,product_anomaly
2016-06-04,4,47,33,S4_E01,Full Day,33,234,30,3.0192245518293404,0.9040143960502628,True,False,,,,product_anomaly
2016-06-04,5,47,22,S5_E01,Full Day,22,234,20,3.0192245518293404,0.9712139209213567,True,False,,,,product_anomaly
2016-06-04,6,47,23,S6_E01,Shift 1,13,234,22,3.0192245518293404,1.1490167007414855,True,False,,,,product_anomaly
2016-06-04,6,47,23,S6_E02,Shift 2,10,234,22,3.0192245518293404,0.7147299351631476,True,False,,,,product_anomaly
2016-06-04,7,47,24,S7_E01,Full Day,24,234,18,3.0192245518293404,1.3166549364059354,True,False,,,,product_anomaly
2016-06-04,8,47,45,S8_E01,Shift 1,21,234,34,3.0192245518293404,1.293162680082416,True,False,,,,product_anomaly
2016-06-04,8,47,45,S8_E02,Shift 2,24,234,34,3.0192245518293404,1.242320579306578,True,False,,,,product_anomaly
2016-06-04,9,47,52,S9_E01,Shift 1,22,234,30,3.0192245518293404,1.4670575901099379,True,False,,,,product_anomaly
2016-06-04,9,47,52,S9_E02,Shift 2,30,234,30,3.0192245518293404,1.3902417509511955,True,False,,,,product_anomaly
2016-06-04,10,47,39,S10_E01,Full Day,39,234,31,3.0192245518293404,0.9678579412453364,True,False,,,,product_anomaly
2016-12-05,2,47,18,S2_E01,Shift 1,11,234,32,-2.743516047562068,-3.039797685865822,False,True,,,,employee_anomaly
2016-12-05,6,47,13,S6_E01,Shift 1,7,234,18,-2.743516047562068,-3.552929269017943,False,True,,,,employee_anomaly
2016-12-05,7,47,6,S7_E01,Full Day,6,234,17,-2.743516047562068,-3.1441222038535632,False,True,,,,employee_anomaly
2016-12-05,8,47,20,S8_E01,Shift 1,9,234,30,-2.743516047562068,-3.7685143438139015,False,True,,,,employee_anomaly
2016-12-05,8,47,20,S8_E02,Shift 2,11,234,30,-2.743516047562068,-3.111510025863777,False,True,,,,employee_anomaly
2016-12-05,9,47,12,S9_E02,Shift 2,6,234,25,-2.743516047562068,-3.3474208166871384,False,True,,,,employee_anomaly
2016-12-05,10,47,15,S10_E01,Full Day,15,234,28,-2.743516047562068,-3.2437638134469884,False,True,,,,employee_anomaly
2016-12-19,1,47,14,S1_E01,Shift 1,6,234,20,-3.099998842137184,-1.8894329756882822,True,False,,,,product_anomaly
2016-12-19,1,47,14,S1_E02,Shift 2,8,234,20,-3.099998842137184,-1.9143775111454764,True,False,,,,product_anomaly
2016-12-19,2,47,16,S2_E01,Shift 1,8,234,28,-3.099998842137184,-1.4222446100393178,True,False,,,,product_anomaly
2016-12-19,2,47,16,S2_E02,Shift 2,8,234,28,-3.099998842137184,-1.4496213748956113,True,False,,,,product_anomaly
2016-12-19,3,47,14,S3_E01,Shift 1,6,234,23,-3.099998842137184,-1.7651942277163073,True,False,,,,product_anomaly
2016-12-19,3,47,14,S3_E02,Shift 2,8,234,23,-3.099998842137184,-1.6320664677068146,True,False,,,,product_anomaly
2016-12-19,4,47,19,S4_E01,Full Day,19,234,21,-3.099998842137184,-1.6634034784647462,True,False,,,,product_anomaly
2016-12-19,5,47,5,S5_E01,Full Day,5,234,16,-3.099998842137184,-1.6001718646621583,True,False,,,,product_anomaly
2016-12-19,6,47,8,S6_E01,Shift 1,4,234,17,-3.099998842137184,-1.3042677378155814,True,False,,,,product_anomaly
2016-12-19,6,47,8,S6_E02,Shift 2,4,234,17,-3.099998842137184,-1.3205614276279545,True,False,,,,product_anomaly
2016-12-19,7,47,6,S7_E01,Full Day,6,234,15,-3.099998842137184,-1.5607591902907962,True,False,,,,product_anomaly
2016-12-19,8,47,16,S8_E01,Shift 1,9,234,26,-3.099998842137184,-1.5673246155148115,True,False,,,,product_anomaly
2016-12-19,8,47,16,S8_E02,Shift 2,7,234,26,-3.099998842137184,-1.3914081957750928,True,False,,,,product_anomaly
2016-12-19,9,47,12,S9_E01,Shift 1,7,234,20,-3.099998842137184,-1.1808902736495939,True,False,,,,product_anomaly
2016-12-19,9,47,12,S9_E02,Shift 2,5,234,20,-3.099998842137184,-1.7675041685573998,True,False,,,,product_anomaly
2016-12-19,10,47,8,S10_E01,Full Day,8,234,23,-3.099998842137184,-1.8328046023114755,True,False,,,,product_anomaly
2017-04-01,1,47,21,S1_E01,Shift 1,11,234,19,2.698801365760479,3.05140781233218,False,True,,,,employee_anomaly
2017-12-04,1,47,15,S1_E01,Shift 1,9,234,23,-3.411051905616849,-3.566924808659965,True,True,,,,product_and_employee_anomaly
2017-12-04,1,47,15,S1_E02,Shift 2,6,234,23,-3.411051905616849,-3.439934189042974,True,True,,,,product_and_employee_anomaly
2017-12-04,2,47,20,S2_E01,Shift 1,9,234,31,-3.411051905616849,-3.4289887985334744,True,True,,,,product_and_employee_anomaly
2017-12-04,2,47,20,S2_E02,Shift 2,11,234,31,-3.411051905616849,-3.42560784986891,True,True,,,,product_and_employee_anomaly
2017-12-04,3,47,24,S3_E01,Shift 1,10,234,29,-3.411051905616849,-4.010676658948157,True,True,,,,product_and_employee_anomaly
2017-12-04,3,47,24,S3_E02,Shift 2,14,234,29,-3.411051905616849,-3.2163317411983594,True,True,,,,product_and_employee_anomaly
2017-12-04,4,47,20,S4_E01,Full Day,20,234,28,-3.411051905616849,-3.284111898833113,True,True,,,,product_and_employee_anomaly
2017-12-04,5,47,19,S5_E01,Full Day,19,234,20,-3.411051905616849,-3.2458225710762023,True,True,,,,product_and_employee_anomaly
2017-12-04,6,47,14,S6_E01,Shift 1,6,234,19,-3.411051905616849,-3.2986405964081293,True,True,,,,product_and_employee_anomaly
2017-12-04,6,47,14,S6_E02,Shift 2,8,234,19,-3.411051905616849,-3.3301889302159635,True,True,,,,product_and_employee_anomaly
2017-12-04,7,47,11,S7_E01,Full Day,11,234,18,-3.411051905616849,-3.144474792045703,True,True,,,,product_and_employee_anomaly
2017-12-04,8,47,16,S8_E01,Shift 1,8,234,31,-3.411051905616849,-3.5723822669368586,True,True,,,,product_and_employee_anomaly
2017-12-04,8,47,16,S8_E02,Shift 2,8,234,31,-3.411051905616849,-3.58582252955439,True,True,,,,product_and_employee_anomaly
2017-12-04,9,47,22,S9_E01,Shift 1,9,234,27,-3.411051905616849,-3.189292177224606,True,True,,,,product_and_employee_anomaly
2017-12-04,9,47,22,S9_E02,Shift 2,13,234,27,-3.411051905616849,-3.1563508443071124,True,True,,,,product_and_employee_anomaly
2017-12-04,10,47,13,S10_E01,Full Day,13,234,29,-3.411051905616849,-3.105707653984013,True,True,,,,product_and_employee_anomaly
2013-08-05,2,48,38,S2_E01,Shift 1,15,449,70,-2.4099361285814016,-3.037931708682254,False,True,,,,employee_anomaly
2013-08-05,2,48,38,S2_E02,Shift 2,23,449,70,-2.4099361285814016,-3.4857102754090485,False,True,,,,employee_anomaly
2013-12-02,1,48,17,S1_E01,Shift 1,8,449,42,-2.940167717043407,-3.1254292363912257,False,True,,,,employee_anomaly
2013-12-02,2,48,26,S2_E01,Shift 1,13,449,58,-2.940167717043407,-3.412450649859274,False,True,,,,employee_anomaly
2013-12-02,2,48,26,S2_E02,Shift 2,13,449,58,-2.940167717043407,-3.2785932441135652,False,True,,,,employee_anomaly
2013-12-02,3,48,26,S3_E01,Shift 1,14,449,52,-2.940167717043407,-3.2501487509139597,False,True,,,,employee_anomaly
2013-12-02,3,48,26,S3_E02,Shift 2,12,449,52,-2.940167717043407,-3.4328063228458867,False,True,,,,employee_anomaly
2013-12-02,4,48,27,S4_E01,Full Day,27,449,46,-2.940167717043407,-3.448513956982832,False,True,,,,employee_anomaly
2013-12-02,5,48,18,S5_E01,Full Day,18,449,34,-2.940167717043407,-3.1959090536893515,False,True,,,,employee_anomaly
2013-12-02,6,48,20,S6_E02,Shift 2,10,449,34,-2.940167717043407,-3.0818675698167812,False,True,,,,employee_anomaly
2013-12-02,8,48,37,S8_E01,Shift 1,20,449,57,-2.940167717043407,-3.3597203284094452,False,True,,,,employee_anomaly
2013-12-02,8,48,37,S8_E02,Shift 2,17,449,57,-2.940167717043407,-3.335819773959348,False,True,,,,employee_anomaly
2013-12-02,9,48,26,S9_E01,Shift 1,12,449,47,-2.940167717043407,-3.305771183792513,False,True,,,,employee_anomaly
2013-12-02,9,48,26,S9_E02,Shift 2,14,449,47,-2.940167717043407,-3.696275698428471,False,True,,,,employee_anomaly
2013-12-02,10,48,36,S10_E01,Full Day,36,449,52,-2.940167717043407,-3.0878038047354686,False,True,,,,employee_anomaly
2014-03-01,2,48,54,S2_E01,Shift 1,31,449,48,2.620718966843102,3.349005610782279,False,True,,,,employee_anomaly
2014-03-01,5,48,35,S5_E01,Full Day,35,449,29,2.620718966843102,3.306479451837381,False,True,,,,employee_anomaly
2014-08-04,2,48,64,S2_E01,Shift 1,38,449,81,-2.70428445026932,-3.2958565872574868,False,True,,,,employee_anomaly
2014-08-04,4,48,50,S4_E01,Full Day,50,449,67,-2.70428445026932,-3.1397631376093593,False,True,,,,employee_anomaly
2014-08-04,5,48,40,S5_E01,Full Day,40,449,48,-2.70428445026932,-3.2173712129452325,False,True,,,,employee_anomaly
2014-08-04,6,48,33,S6_E02,Shift 2,19,449,49,-2.70428445026932,-3.5017544264003857,False,True,,,,employee_anomaly
2014-08-04,7,48,30,S7_E01,Full Day,30,449,44,-2.70428445026932,-3.4459186430311015,False,True,,,,employee_anomaly
2014-08-04,8,48,46,S8_E01,Shift 1,19,449,76,-2.70428445026932,-3.8062041584640642,False,True,,,,employee_anomaly
2014-08-04,8,48,46,S8_E02,Shift 2,27,449,76,-2.70428445026932,-3.16064441974807,False,True,,,,employee_anomaly
2014-12-01,1,48,17,S1_E01,Shift 1,9,449,46,-3.292257829335971,-3.1060032038113756,True,True,,,,product_and_employee_anomaly
2014-12-01,1,48,17,S1_E02,Shift 2,8,449,46,-3.292257829335971,-3.2257952791105735,True,True,,,,product_and_employee_anomaly
2014-12-01,2,48,45,S2_E01,Shift 1,19,449,68,-3.292257829335971,-3.2103767532981733,True,True,,,,product_and_employee_anomaly
2014-12-01,2,48,45,S2_E02,Shift 2,26,449,68,-3.292257829335971,-2.9745651825749797,True,False,,,,product_anomaly
2014-12-01,3,48,35,S3_E01,Shift 1,15,449,60,-3.292257829335971,-3.6842826003636517,True,True,,,,product_and_employee_anomaly
2014-12-01,3,48,35,S3_E02,Shift 2,20,449,60,-3.292257829335971,-3.7643534802102665,True,True,,,,product_and_employee_anomaly
2014-12-01,4,48,30,S4_E01,Full Day,30,449,54,-3.292257829335971,-3.5292108233300348,True,True,,,,product_and_employee_anomaly
2014-12-01,5,48,19,S5_E01,Full Day,19,449,38,-3.292257829335971,-3.5544771735009846,True,True,,,,product_and_employee_anomaly
2014-12-01,6,48,26,S6_E01,Shift 1,12,449,40,-3.292257829335971,-2.725413037949043,True,False,,,,product_anomaly
2014-12-01,6,48,26,S6_E02,Shift 2,14,449,40,-3.292257829335971,-3.2677552992025225,True,True,,,,product_and_employee_anomaly
2014-12-01,7,48,15,S7_E01,Full Day,15,449,35,-3.292257829335971,-3.4795612216587277,True,True,,,,product_and_employee_anomaly
2014-12-01,8,48,41,S8_E01,Shift 1,24,449,63,-3.292257829335971,-2.754138713991254,True,False,,,,product_anomaly
2014-12-01,8,48,41,S8_E02,Shift 2,17,449,63,-3.292257829335971,-3.156889714158979,True,True,,,,product_and_employee_anomaly
2014-12-01,9,48,31,S9_E01,Shift 1,18,449,55,-3.292257829335971,-3.0877445136207187,True,True,,,,product_and_employee_anomaly
2014-12-01,9,48,31,S9_E02,Shift 2,13,449,55,-3.292257829335971,-2.9294097184846226,True,False,,,,product_anomaly
2014-12-01,10,48,39,S10_E01,Full Day,39,449,58,-3.292257829335971,-3.4995746414918427,True,True,,,,product_and_employee_anomaly
2015-02-01,1,48,29,S1_E01,Shift 1,15,449,33,2.0013286543065365,3.0557660597940646,False,True,,,,employee_anomaly
2015-03-01,1,48,40,S1_E01,Shift 1,23,449,36,2.0616730805797756,3.2063842092808192,False,True,,,,employee_anomaly
2015-03-01,2,48,67,S2_E01,Shift 1,38,449,48,2.0616730805797756,3.1204913155838128,False,True,,,,employee_anomaly
2015-03-01,3,48,55,S3_E02,Shift 2,29,449,46,2.0616730805797756,3.4103721242964737,False,True,,,,employee_anomaly
2015-03-01,4,48,63,S4_E01,Full Day,63,449,42,2.0616730805797756,3.1596518128314997,False,True,,,,employee_anomaly
2015-03-01,5,48,42,S5_E01,Full Day,42,449,28,2.0616730805797756,3.6387722164072245,False,True,,,,employee_anomaly
2015-03-01,6,48,42,S6_E01,Shift 1,21,449,30,2.0616730805797756,3.2783227914473976,False,True,,,,employee_anomaly
2015-03-01,6,48,42,S6_E02,Shift 2,21,449,30,2.0616730805797756,3.6075677552682435,False,True,,,,employee_anomaly
2015-03-01,8,48,54,S8_E01,Shift 1,25,449,47,2.0616730805797756,3.332540228908305,False,True,,,,employee_anomaly
2015-03-01,8,48,54,S8_E02,Shift 2,29,449,47,2.0616730805797756,3.009029860439897,False,True,,,,employee_anomaly
2015-03-01,9,48,50,S9_E01,Shift 1,29,449,41,2.0616730805797756,3.562831793884845,False,True,,,,employee_anomaly
2015-03-01,9,48,50,S9_E02,Shift 2,21,449,41,2.0616730805797756,3.0689769065072365,False,True,,,,employee_anomaly
2015-03-01,10,48,72,S10_E01,Full Day,72,449,44,2.0616730805797756,3.035766134572765,False,True,,,,employee_anomaly
2015-08-03,3,48,48,S3_E01,Shift 1,23,449,74,-2.303363695752493,-3.230471200097007,False,True,,,,employee_anomaly
2015-08-03,3,48,48,S3_E02,Shift 2,25,449,74,-2.303363695752493,-3.0968220305556833,False,True,,,,employee_anomaly
2015-08-03,6,48,32,S6_E01,Shift 1,16,449,49,-2.303363695752493,-3.003013866777452,False,True,,,,employee_anomaly
2015-08-03,9,48,61,S9_E02,Shift 2,29,449,68,-2.303363695752493,-3.2324063857303305,False,True,,,,employee_anomaly
2015-12-07,1,48,20,S1_E01,Shift 1,10,449,46,-3.9779845620964176,-2.137467822138631,True,False,,,,product_anomaly
2015-12-07,1,48,20,S1_E02,Shift 2,10,449,46,-3.9779845620964176,-2.3163145218669032,True,False,,,,product_anomaly
2015-12-07,2,48,36,S2_E01,Shift 1,17,449,65,-3.9779845620964176,-2.2622746111084022,True,False,,,,product_anomaly
2015-12-07,2,48,36,S2_E02,Shift 2,19,449,65,-3.9779845620964176,-2.734706195869,True,False,,,,product_anomaly
2015-12-07,3,48,40,S3_E01,Shift 1,22,449,59,-3.9779845620964176,-2.5814790260412823,True,False,,,,product_anomaly
2015-12-07,3,48,40,S3_E02,Shift 2,18,449,59,-3.9779845620964176,-2.518162476199348,True,False,,,,product_anomaly
2015-12-07,4,48,34,S4_E01,Full Day,34,449,52,-3.9779845620964176,-2.1817952782493784,True,False,,,,product_anomaly
2015-12-07,5,48,35,S5_E01,Full Day,35,449,40,-3.9779845620964176,-1.7914761105903116,True,False,,,,product_anomaly
2015-12-07,6,48,14,S6_E01,Shift 1,8,449,41,-3.9779845620964176,-2.177570422889973,True,False,,,,product_anomaly
2015-12-07,6,48,14,S6_E02,Shift 2,6,449,41,-3.9779845620964176,-1.9810837763297446,True,False,,,,product_anomaly
2015-12-07,7,48,19,S7_E01,Full Day,19,449,34,-3.9779845620964176,-2.327809067862889,True,False,,,,product_anomaly
2015-12-07,8,48,38,S8_E01,Shift 1,22,449,65,-3.9779845620964176,-2.46070045964776,True,False,,,,product_anomaly
2015-12-07,8,48,38,S8_E02,Shift 2,16,449,65,-3.9779845620964176,-2.443928253346677,True,False,,,,product_anomaly
2015-12-07,9,48,36,S9_E01,Shift 1,15,449,55,-3.9779845620964176,-2.613927269474191,True,False,,,,product_anomaly
2015-12-07,9,48,36,S9_E02,Shift 2,21,449,55,-3.9779845620964176,-2.3250075736587585,True,False,,,,product_anomaly
2015-12-07,10,48,23,S10_E01,Full Day,23,449,58,-3.9779845620964176,-2.4039808735535884,True,False,,,,product_anomaly
2016-10-03,1,48,45,S1_E01,Shift 1,19,449,55,-3.316078678802964,-2.1905260538091147,True,False,,,,product_anomaly
2016-10-03,1,48,45,S1_E02,Shift 2,26,449,55,-3.316078678802964,-2.087180834728177,True,False,,,,product_anomaly
2016-10-03,2,48,49,S2_E01,Shift 1,25,449,73,-3.316078678802964,-2.2837488266365495,True,False,,,,product_anomaly
2016-10-03,2,48,49,S2_E02,Shift 2,24,449,73,-3.316078678802964,-2.063896311448621,True,False,,,,product_anomaly
2016-10-03,3,48,52,S3_E01,Shift 1,24,449,67,-3.316078678802964,-2.537455404672618,True,False,,,,product_anomaly
2016-10-03,3,48,52,S3_E02,Shift 2,28,449,67,-3.316078678802964,-2.4427320863025472,True,False,,,,product_anomaly
2016-10-03,4,48,47,S4_E01,Full Day,47,449,63,-3.316078678802964,-2.3655568341770556,True,False,,,,product_anomaly
2016-10-03,5,48,39,S5_E01,Full Day,39,449,46,-3.316078678802964,-1.8588637191666715,True,False,,,,product_anomaly
2016-10-03,6,48,29,S6_E01,Shift 1,15,449,44,-3.316078678802964,-2.4590108032956506,True,False,,,,product_anomaly
2016-10-03,6,48,29,S6_E02,Shift 2,14,449,44,-3.316078678802964,-2.3497815071160226,True,False,,,,product_anomaly
2016-10-03,7,48,22,S7_E01,Full Day,22,449,40,-3.316078678802964,-2.1479819264030984,True,False,,,,product_anomaly
2016-10-03,8,48,55,S8_E01,Shift 1,27,449,72,-3.316078678802964,-2.3452280238517345,True,False,,,,product_anomaly
2016-10-03,8,48,55,S8_E02,Shift 2,28,449,72,-3.316078678802964,-1.8757632699289268,True,False,,,,product_anomaly
2016-10-03,9,48,36,S9_E01,Shift 1,15,449,60,-3.316078678802964,-2.4498281765001373,True,False,,,,product_anomaly
2016-10-03,9,48,36,S9_E02,Shift 2,21,449,60,-3.316078678802964,-1.7761058750967258,True,False,,,,product_anomaly
2016-10-03,10,48,51,S10_E01,Full Day,51,449,66,-3.316078678802964,-2.04523032090702,True,False,,,,product_anomaly
2016-12-05,1,48,19,S1_E01,Shift 1,11,449,50,-4.097169699257531,-2.4321396159735382,True,False,,,,product_anomaly
2016-12-05,1,48,19,S1_E02,Shift 2,8,449,50,-4.097169699257531,-2.580461211183038,True,False,,,,product_anomaly
2016-12-05,2,48,45,S2_E01,Shift 1,22,449,74,-4.097169699257531,-3.039797685865822,True,True,,,,product_and_employee_anomaly
2016-12-05,2,48,45,S2_E02,Shift 2,23,449,74,-4.097169699257531,-2.8411273492839912,True,False,,,,product_anomaly
2016-12-05,3,48,37,S3_E01,Shift 1,18,449,65,-4.097169699257531,-2.6334758693639126,True,False,,,,product_anomaly
2016-12-05,3,48,37,S3_E02,Shift 2,19,449,65,-4.097169699257531,-2.870138019802202,True,False,,,,product_anomaly
2016-12-05,4,48,36,S4_E01,Full Day,36,449,60,-4.097169699257531,-2.803773742586649,True,False,,,,product_anomaly
2016-12-05,5,48,22,S5_E01,Full Day,22,449,41,-4.097169699257531,-2.639685670948698,True,False,,,,product_anomaly
2016-12-05,6,48,23,S6_E01,Shift 1,14,449,42,-4.097169699257531,-3.552929269017943,True,True,,,,product_and_employee_anomaly
2016-12-05,6,48,23,S6_E02,Shift 2,9,449,42,-4.097169699257531,-2.6336470607013553,True,False,,,,product_anomaly
2016-12-05,7,48,19,S7_E01,Full Day,19,449,41,-4.097169699257531,-3.1441222038535632,True,True,,,,product_and_employee_anomaly
2016-12-05,8,48,35,S8_E01,Shift 1,17,449,68,-4.097169699257531,-3.7685143438139015,True,True,,,,product_and_employee_anomaly
2016-12-05,8,48,35,S8_E02,Shift 2,18,449,68,-4.097169699257531,-3.111510025863777,True,True,,,,product_and_employee_anomaly
2016-12-05,9,48,23,S9_E01,Shift 1,13,449,61,-4.097169699257531,-2.9300684022247934,True,False,,,,product_anomaly
2016-12-05,9,48,23,S9_E02,Shift 2,10,449,61,-4.097169699257531,-3.3474208166871384,True,True,,,,product_and_employee_anomaly
2016-12-05,10,48,34,S10_E01,Full Day,34,449,65,-4.097169699257531,-3.2437638134469884,True,True,,,,product_and_employee_anomaly
2017-04-01,1,48,68,S1_E01,Shift 1,36,449,49,1.8398358411338602,3.05140781233218,False,True,,,,employee_anomaly
2017-12-04,1,48,25,S1_E01,Shift 1,10,449,54,-2.630338885063675,-3.566924808659965,False,True,,,,employee_anomaly
2017-12-04,1,48,25,S1_E02,Shift 2,15,449,54,-2.630338885063675,-3.439934189042974,False,True,,,,employee_anomaly
2017-12-04,2,48,39,S2_E01,Shift 1,17,449,78,-2.630338885063675,-3.4289887985334744,False,True,,,,employee_anomaly
2017-12-04,2,48,39,S2_E02,Shift 2,22,449,78,-2.630338885063675,-3.42560784986891,False,True,,,,employee_anomaly
2017-12-04,3,48,40,S3_E01,Shift 1,18,449,69,-2.630338885063675,-4.010676658948157,False,True,,,,employee_anomaly
2017-12-04,3,48,40,S3_E02,Shift 2,22,449,69,-2.630338885063675,-3.2163317411983594,False,True,,,,employee_anomaly
2017-12-04,4,48,26,S4_E01,Full Day,26,449,64,-2.630338885063675,-3.284111898833113,False,True,,,,employee_anomaly
2017-12-04,5,48,30,S5_E01,Full Day,30,449,46,-2.630338885063675,-3.2458225710762023,False,True,,,,employee_anomaly
2017-12-04,6,48,29,S6_E01,Shift 1,14,449,46,-2.630338885063675,-3.2986405964081293,False,True,,,,employee_anomaly
2017-12-04,6,48,29,S6_E02,Shift 2,15,449,46,-2.630338885063675,-3.3301889302159635,False,True,,,,employee_anomaly
2017-12-04,7,48,29,S7_E01,Full Day,29,449,43,-2.630338885063675,-3.144474792045703,False,True,,,,employee_anomaly
2017-12-04,8,48,40,S8_E01,Shift 1,21,449,76,-2.630338885063675,-3.5723822669368586,False,True,,,,employee_anomaly
2017-12-04,8,48,40,S8_E02,Shift 2,19,449,76,-2.630338885063675,-3.58582252955439,False,True,,,,employee_anomaly
2017-12-04,9,48,34,S9_E01,Shift 1,19,449,62,-2.630338885063675,-3.189292177224606,False,True,,,,employee_anomaly
2017-12-04,9,48,34,S9_E02,Shift 2,15,449,62,-2.630338885063675,-3.1563508443071124,False,True,,,,employee_anomaly
2017-12-04,10,48,49,S10_E01,Full Day,49,449,67,-2.630338885063675,-3.105707653984013,False,True,,,,employee_anomaly
2013-03-18,1,49,14,S1_E01,Shift 1,6,346,19,-3.6898238745363523,-0.8586321714811649,True,False,,,,product_anomaly
2013-03-18,1,49,14,S1_E02,Shift 2,8,346,19,-3.6898238745363523,-1.2305383031935744,True,False,,,,product_anomaly
2013-03-18,2,49,17,S2_E01,Shift 1,7,346,26,-3.6898238745363523,-1.498913327285673,True,False,,,,product_anomaly
2013-03-18,2,49,17,S2_E02,Shift 2,10,346,26,-3.6898238745363523,-1.2727481820055528,True,False,,,,product_anomaly
2013-03-18,3,49,17,S3_E01,Shift 1,10,346,24,-3.6898238745363523,-1.4220952558206643,True,False,,,,product_anomaly
2013-03-18,3,49,17,S3_E02,Shift 2,7,346,24,-3.6898238745363523,-1.4314789940753732,True,False,,,,product_anomaly
2013-03-18,4,49,14,S4_E01,Full Day,14,346,21,-3.6898238745363523,-1.7210651775627746,True,False,,,,product_anomaly
2013-03-18,5,49,10,S5_E01,Full Day,10,346,17,-3.6898238745363523,-1.4046100290172276,True,False,,,,product_anomaly
2013-03-18,6,49,13,S6_E01,Shift 1,7,346,17,-3.6898238745363523,-1.4831564556886228,True,False,,,,product_anomaly
2013-03-18,6,49,13,S6_E02,Shift 2,6,346,17,-3.6898238745363523,-1.5624479838632657,True,False,,,,product_anomaly
2013-03-18,7,49,10,S7_E01,Full Day,10,346,13,-3.6898238745363523,-1.3740800920604717,True,False,,,,product_anomaly
2013-03-18,8,49,22,S8_E01,Shift 1,13,346,25,-3.6898238745363523,-2.005672592044358,True,False,,,,product_anomaly
2013-03-18,8,49,22,S8_E02,Shift 2,9,346,25,-3.6898238745363523,-1.478757118955672,True,False,,,,product_anomaly
2013-03-18,9,49,16,S9_E01,Shift 1,8,346,22,-3.6898238745363523,-1.8446012969184051,True,False,,,,product_anomaly
2013-03-18,9,49,16,S9_E02,Shift 2,8,346,22,-3.6898238745363523,-1.7339876906965177,True,False,,,,product_anomaly
2013-03-18,10,49,15,S10_E01,Full Day,15,346,24,-3.6898238745363523,-1.319659742545012,True,False,,,,product_anomaly
2013-04-07,1,49,39,S1_E01,Shift 1,22,346,21,5.79724189618041,1.9452721173924017,True,False,,,,product_anomaly
2013-04-07,1,49,39,S1_E02,Shift 2,17,346,21,5.79724189618041,1.4929410077738643,True,False,,,,product_anomaly
2013-04-07,2,49,38,S2_E01,Shift 1,22,346,29,5.79724189618041,1.625967640483717,True,False,,,,product_anomaly
2013-04-07,2,49,38,S2_E02,Shift 2,16,346,29,5.79724189618041,2.1081463753192864,True,False,,,,product_anomaly
2013-04-07,3,49,30,S3_E01,Shift 1,13,346,26,5.79724189618041,1.9528026399222467,True,False,,,,product_anomaly
2013-04-07,3,49,30,S3_E02,Shift 2,17,346,26,5.79724189618041,1.5418836030793486,True,False,,,,product_anomaly
2013-04-07,4,49,38,S4_E01,Full Day,38,346,24,5.79724189618041,2.098526122150805,True,False,,,,product_anomaly
2013-04-07,5,49,15,S5_E01,Full Day,15,346,18,5.79724189618041,1.845629155286403,True,False,,,,product_anomaly
2013-04-07,6,49,34,S6_E01,Shift 1,16,346,18,5.79724189618041,2.1811995559757817,True,False,,,,product_anomaly
2013-04-07,6,49,34,S6_E02,Shift 2,18,346,18,5.79724189618041,1.3175106523568374,True,False,,,,product_anomaly
2013-04-07,7,49,22,S7_E01,Full Day,22,346,16,5.79724189618041,2.0352377839963594,True,False,,,,product_anomaly
2013-04-07,8,49,50,S8_E01,Shift 1,23,346,28,5.79724189618041,1.3724285115056993,True,False,,,,product_anomaly
2013-04-07,8,49,50,S8_E02,Shift 2,27,346,28,5.79724189618041,1.6910487631062119,True,False,,,,product_anomaly
2013-04-07,9,49,37,S9_E01,Shift 1,19,346,24,5.79724189618041,2.0061398868710447,True,False,,,,product_anomaly
2013-04-07,9,49,37,S9_E02,Shift 2,18,346,24,5.79724189618041,1.3990524103865374,True,False,,,,product_anomaly
2013-04-07,10,49,40,S10_E01,Full Day,40,346,27,5.79724189618041,2.8165503713440363,True,False,,,,product_anomaly
2013-04-22,1,49,18,S1_E01,Shift 1,9,346,23,-3.4011257424105374,-1.7241108510120604,True,False,,,,product_anomaly
2013-04-22,1,49,18,S1_E02,Shift 2,9,346,23,-3.4011257424105374,-1.2381813758937514,True,False,,,,product_anomaly
2013-04-22,2,49,21,S2_E01,Shift 1,9,346,34,-3.4011257424105374,-1.238582968645334,True,False,,,,product_anomaly
2013-04-22,2,49,21,S2_E02,Shift 2,12,346,34,-3.4011257424105374,-1.5937208206199929,True,False,,,,product_anomaly
2013-04-22,3,49,20,S3_E01,Shift 1,8,346,28,-3.4011257424105374,-1.1003782637372543,True,False,,,,product_anomaly
2013-04-22,3,49,20,S3_E02,Shift 2,12,346,28,-3.4011257424105374,-1.3529083976026388,True,False,,,,product_anomaly
2013-04-22,4,49,16,S4_E01,Full Day,16,346,26,-3.4011257424105374,-1.7104214143913397,True,False,,,,product_anomaly
2013-04-22,5,49,16,S5_E01,Full Day,16,346,19,-3.4011257424105374,-1.1300688358580435,True,False,,,,product_anomaly
2013-04-22,6,49,12,S6_E01,Shift 1,6,346,19,-3.4011257424105374,-1.4015236952119898,True,False,,,,product_anomaly
2013-04-22,6,49,12,S6_E02,Shift 2,6,346,19,-3.4011257424105374,-1.615570145971502,True,False,,,,product_anomaly
2013-04-22,7,49,10,S7_E01,Full Day,10,346,17,-3.4011257424105374,-1.6336353842778264,True,False,,,,product_anomaly
2013-04-22,8,49,18,S8_E01,Shift 1,8,346,29,-3.4011257424105374,-1.3535410965591883,True,False,,,,product_anomaly
2013-04-22,8,49,18,S8_E02,Shift 2,10,346,29,-3.4011257424105374,-1.405358275083983,True,False,,,,product_anomaly
2013-04-22,9,49,22,S9_E01,Shift 1,12,346,26,-3.4011257424105374,-1.4138498233599797,True,False,,,,product_anomaly
2013-04-22,9,49,22,S9_E02,Shift 2,10,346,26,-3.4011257424105374,-1.4890162982692634,True,False,,,,product_anomaly
2013-04-22,10,49,23,S10_E01,Full Day,23,346,30,-3.4011257424105374,-1.6482276893715315,True,False,,,,product_anomaly
2013-08-05,2,49,22,S2_E01,Shift 1,11,346,38,-2.7363170633877534,-3.037931708682254,False,True,,,,employee_anomaly
2013-08-05,2,49,22,S2_E02,Shift 2,11,346,38,-2.7363170633877534,-3.4857102754090485,False,True,,,,employee_anomaly
2013-08-31,1,49,32,S1_E01,Shift 1,14,346,26,3.43048116389295,1.1390462848275873,True,False,,,,product_anomaly
2013-08-31,1,49,32,S1_E02,Shift 2,18,346,26,3.43048116389295,0.9987351629966312,True,False,,,,product_anomaly
2013-08-31,2,49,51,S2_E01,Shift 1,26,346,36,3.43048116389295,1.0843375694046429,True,False,,,,product_anomaly
2013-08-31,2,49,51,S2_E02,Shift 2,25,346,36,3.43048116389295,0.7096369170963158,True,False,,,,product_anomaly
2013-08-31,3,49,24,S3_E01,Shift 1,13,346,31,3.43048116389295,0.906185501442616,True,False,,,,product_anomaly
2013-08-31,3,49,24,S3_E02,Shift 2,11,346,31,3.43048116389295,0.8354876831775584,True,False,,,,product_anomaly
2013-08-31,4,49,37,S4_E01,Full Day,37,346,29,3.43048116389295,1.1716985965140627,True,False,,,,product_anomaly
2013-08-31,5,49,26,S5_E01,Full Day,26,346,20,3.43048116389295,0.881541149582096,True,False,,,,product_anomaly
2013-08-31,6,49,27,S6_E01,Shift 1,13,346,21,3.43048116389295,0.48921337986857116,True,False,,,,product_anomaly
2013-08-31,6,49,27,S6_E02,Shift 2,14,346,21,3.43048116389295,0.6375684327925122,True,False,,,,product_anomaly
2013-08-31,7,49,24,S7_E01,Full Day,24,346,19,3.43048116389295,0.7606135204243821,True,False,,,,product_anomaly
2013-08-31,8,49,45,S8_E01,Shift 1,27,346,32,3.43048116389295,0.6424251433761383,True,False,,,,product_anomaly
2013-08-31,8,49,45,S8_E02,Shift 2,18,346,32,3.43048116389295,0.33185722820472585,True,False,,,,product_anomaly
2013-08-31,9,49,43,S9_E01,Shift 1,23,346,28,3.43048116389295,0.8568212755347795,True,False,,,,product_anomaly
2013-08-31,9,49,43,S9_E02,Shift 2,20,346,28,3.43048116389295,0.8413987989741343,True,False,,,,product_anomaly
2013-08-31,10,49,34,S10_E01,Full Day,34,346,28,3.43048116389295,1.0758980220092342,True,False,,,,product_anomaly
2013-11-02,1,49,28,S1_E01,Shift 1,14,346,21,3.0486942413356664,1.6637806626766225,True,False,,,,product_anomaly
2013-11-02,1,49,28,S1_E02,Shift 2,14,346,21,3.0486942413356664,1.215854070837563,True,False,,,,product_anomaly
2013-11-02,2,49,39,S2_E01,Shift 1,22,346,30,3.0486942413356664,1.6175313581360684,True,False,,,,product_anomaly
2013-11-02,2,49,39,S2_E02,Shift 2,17,346,30,3.0486942413356664,1.25151637391855,True,False,,,,product_anomaly
2013-11-02,3,49,35,S3_E01,Shift 1,19,346,27,3.0486942413356664,1.3144844814359056,True,False,,,,product_anomaly
2013-11-02,3,49,35,S3_E02,Shift 2,16,346,27,3.0486942413356664,1.5497058510579282,True,False,,,,product_anomaly
2013-11-02,4,49,23,S4_E01,Full Day,23,346,25,3.0486942413356664,1.313893021028517,True,False,,,,product_anomaly
2013-11-02,5,49,27,S5_E01,Full Day,27,346,19,3.0486942413356664,1.6334332100826114,True,False,,,,product_anomaly
2013-11-02,6,49,25,S6_E01,Shift 1,13,346,19,3.0486942413356664,1.1869860483670416,True,False,,,,product_anomaly
2013-11-02,6,49,25,S6_E02,Shift 2,12,346,19,3.0486942413356664,0.8426823763812481,True,False,,,,product_anomaly
2013-11-02,7,49,30,S7_E01,Full Day,30,346,16,3.0486942413356664,1.4163665494761095,True,False,,,,product_anomaly
2013-11-02,8,49,35,S8_E01,Shift 1,19,346,30,3.0486942413356664,1.2849374952110577,True,False,,,,product_anomaly
2013-11-02,8,49,35,S8_E02,Shift 2,16,346,30,3.0486942413356664,1.2964082925708036,True,False,,,,product_anomaly
2013-11-02,9,49,35,S9_E01,Shift 1,20,346,26,3.0486942413356664,1.1530536401090803,True,False,,,,product_anomaly
2013-11-02,9,49,35,S9_E02,Shift 2,15,346,26,3.0486942413356664,1.083439066808485,True,False,,,,product_anomaly
2013-11-02,10,49,35,S10_E01,Full Day,35,346,27,3.0486942413356664,1.135135594260886,True,False,,,,product_anomaly
2013-12-02,1,49,10,S1_E01,Shift 1,5,346,23,-2.258907294751638,-3.1254292363912257,False,True,,,,employee_anomaly
2013-12-02,2,49,19,S2_E01,Shift 1,8,346,34,-2.258907294751638,-3.412450649859274,False,True,,,,employee_anomaly
2013-12-02,2,49,19,S2_E02,Shift 2,11,346,34,-2.258907294751638,-3.2785932441135652,False,True,,,,employee_anomaly
2013-12-02,3,49,15,S3_E01,Shift 1,7,346,30,-2.258907294751638,-3.2501487509139597,False,True,,,,employee_anomaly
2013-12-02,3,49,15,S3_E02,Shift 2,8,346,30,-2.258907294751638,-3.4328063228458867,False,True,,,,employee_anomaly
2013-12-02,4,49,19,S4_E01,Full Day,19,346,27,-2.258907294751638,-3.448513956982832,False,True,,,,employee_anomaly
2013-12-02,5,49,11,S5_E01,Full Day,11,346,20,-2.258907294751638,-3.1959090536893515,False,True,,,,employee_anomaly
2013-12-02,6,49,15,S6_E02,Shift 2,9,346,20,-2.258907294751638,-3.0818675698167812,False,True,,,,employee_anomaly
2013-12-02,8,49,21,S8_E01,Shift 1,12,346,30,-2.258907294751638,-3.3597203284094452,False,True,,,,employee_anomaly
2013-12-02,8,49,21,S8_E02,Shift 2,9,346,30,-2.258907294751638,-3.335819773959348,False,True,,,,employee_anomaly
2013-12-02,9,49,20,S9_E01,Shift 1,9,346,26,-2.258907294751638,-3.305771183792513,False,True,,,,employee_anomaly
2013-12-02,9,49,20,S9_E02,Shift 2,11,346,26,-2.258907294751638,-3.696275698428471,False,True,,,,employee_anomaly
2013-12-02,10,49,14,S10_E01,Full Day,14,346,28,-2.258907294751638,-3.0878038047354686,False,True,,,,employee_anomaly
2014-02-06,1,49,26,S1_E01,Shift 1,11,346,16,3.2659883000298584,0.4930502019489748,True,False,,,,product_anomaly
2014-02-06,1,49,26,S1_E02,Shift 2,15,346,16,3.2659883000298584,0.2295480887787762,True,False,,,,product_anomaly
2014-02-06,2,49,28,S2_E01,Shift 1,15,346,24,3.2659883000298584,-0.12705997997353852,True,False,,,,product_anomaly
2014-02-06,2,49,28,S2_E02,Shift 2,13,346,24,3.2659883000298584,0.025704154708632486,True,False,,,,product_anomaly
2014-02-06,3,49,35,S3_E01,Shift 1,15,346,21,3.2659883000298584,0.46945168485066585,True,False,,,,product_anomaly
2014-02-06,3,49,35,S3_E02,Shift 2,20,346,21,3.2659883000298584,0.1935920406420978,True,False,,,,product_anomaly
2014-02-06,4,49,25,S4_E01,Full Day,25,346,20,3.2659883000298584,-0.0269322106725689,True,False,,,,product_anomaly
2014-02-06,5,49,19,S5_E01,Full Day,19,346,15,3.2659883000298584,0.1310317019274344,True,False,,,,product_anomaly
2014-02-06,6,49,19,S6_E01,Shift 1,8,346,14,3.2659883000298584,0.22513170235755858,True,False,,,,product_anomaly
2014-02-06,6,49,19,S6_E02,Shift 2,11,346,14,3.2659883000298584,0.450608509470719,True,False,,,,product_anomaly
2014-02-06,7,49,16,S7_E01,Full Day,16,346,14,3.2659883000298584,0.3166558604837439,True,False,,,,product_anomaly
2014-02-06,8,49,33,S8_E01,Shift 1,14,346,24,3.2659883000298584,0.25383780132008227,True,False,,,,product_anomaly
2014-02-06,8,49,33,S8_E02,Shift 2,19,346,24,3.2659883000298584,0.12119037908593615,True,False,,,,product_anomaly
2014-02-06,9,49,16,S9_E01,Shift 1,8,346,19,3.2659883000298584,0.20192219342014586,True,False,,,,product_anomaly
2014-02-06,9,49,16,S9_E02,Shift 2,8,346,19,3.2659883000298584,-0.14869791024759865,True,False,,,,product_anomaly
2014-02-06,10,49,28,S10_E01,Full Day,28,346,20,3.2659883000298584,0.10947228785406432,True,False,,,,product_anomaly
2014-03-01,2,49,36,S2_E01,Shift 1,15,346,27,2.036924303159711,3.349005610782279,False,True,,,,employee_anomaly
2014-03-01,5,49,19,S5_E01,Full Day,19,346,16,2.036924303159711,3.306479451837381,False,True,,,,employee_anomaly
2014-03-02,1,49,37,S1_E01,Shift 1,18,346,18,3.4428818538086197,2.0972603927166844,True,False,,,,product_anomaly
2014-03-02,1,49,37,S1_E02,Shift 2,19,346,18,3.4428818538086197,2.0083018413687155,True,False,,,,product_anomaly
2014-03-02,2,49,39,S2_E01,Shift 1,16,346,28,3.4428818538086197,2.151181835466456,True,False,,,,product_anomaly
2014-03-02,2,49,39,S2_E02,Shift 2,23,346,28,3.4428818538086197,2.498946389655089,True,False,,,,product_anomaly
2014-03-02,3,49,45,S3_E01,Shift 1,20,346,23,3.4428818538086197,1.8529684587957835,True,False,,,,product_anomaly
2014-03-02,3,49,45,S3_E02,Shift 2,25,346,23,3.4428818538086197,2.286165350205798,True,False,,,,product_anomaly
2014-03-02,4,49,28,S4_E01,Full Day,28,346,22,3.4428818538086197,2.3450285276452933,True,False,,,,product_anomaly
2014-03-02,5,49,21,S5_E01,Full Day,21,346,16,3.4428818538086197,1.9962764691925785,True,False,,,,product_anomaly
2014-03-02,6,49,27,S6_E01,Shift 1,16,346,16,3.4428818538086197,1.6853864138452233,True,False,,,,product_anomaly
2014-03-02,6,49,27,S6_E02,Shift 2,11,346,16,3.4428818538086197,2.5123028543625576,True,False,,,,product_anomaly
2014-03-02,7,49,20,S7_E01,Full Day,20,346,15,3.4428818538086197,2.211401877649044,True,False,,,,product_anomaly
2014-03-02,8,49,36,S8_E01,Shift 1,18,346,28,3.4428818538086197,2.261071680077015,True,False,,,,product_anomaly
2014-03-02,8,49,36,S8_E02,Shift 2,18,346,28,3.4428818538086197,1.9643113763137205,True,False,,,,product_anomaly
2014-03-02,9,49,36,S9_E01,Shift 1,20,346,22,3.4428818538086197,2.388966182717783,True,False,,,,product_anomaly
2014-03-02,9,49,36,S9_E02,Shift 2,16,346,22,3.4428818538086197,1.8326046412401789,True,False,,,,product_anomaly
2014-03-02,10,49,33,S10_E01,Full Day,33,346,24,3.4428818538086197,2.257695764346355,True,False,,,,product_anomaly
2014-08-04,2,49,32,S2_E01,Shift 1,19,346,50,-2.2345464677916755,-3.2958565872574868,False,True,,,,employee_anomaly
2014-08-04,4,49,20,S4_E01,Full Day,20,346,39,-2.2345464677916755,-3.1397631376093593,False,True,,,,employee_anomaly
2014-08-04,5,49,16,S5_E01,Full Day,16,346,27,-2.2345464677916755,-3.2173712129452325,False,True,,,,employee_anomaly
2014-08-04,6,49,20,S6_E02,Shift 2,10,346,28,-2.2345464677916755,-3.5017544264003857,False,True,,,,employee_anomaly
2014-08-04,7,49,18,S7_E01,Full Day,18,346,25,-2.2345464677916755,-3.4459186430311015,False,True,,,,employee_anomaly
2014-08-04,8,49,30,S8_E01,Shift 1,14,346,44,-2.2345464677916755,-3.8062041584640642,False,True,,,,employee_anomaly
2014-08-04,8,49,30,S8_E02,Shift 2,16,346,44,-2.2345464677916755,-3.16064441974807,False,True,,,,employee_anomaly
2014-12-01,1,49,21,S1_E01,Shift 1,11,346,27,-2.8987402879394404,-3.1060032038113756,False,True,,,,employee_anomaly
2014-12-01,1,49,21,S1_E02,Shift 2,10,346,27,-2.8987402879394404,-3.2257952791105735,False,True,,,,employee_anomaly
2014-12-01,2,49,27,S2_E01,Shift 1,16,346,39,-2.8987402879394404,-3.2103767532981733,False,True,,,,employee_anomaly
2014-12-01,3,49,17,S3_E01,Shift 1,9,346,34,-2.8987402879394404,-3.6842826003636517,False,True,,,,employee_anomaly
2014-12-01,3,49,17,S3_E02,Shift 2,8,346,34,-2.8987402879394404,-3.7643534802102665,False,True,,,,employee_anomaly
2014-12-01,4,49,19,S4_E01,Full Day,19,346,32,-2.8987402879394404,-3.5292108233300348,False,True,,,,employee_anomaly
2014-12-01,5,49,11,S5_E01,Full Day,11,346,22,-2.8987402879394404,-3.5544771735009846,False,True,,,,employee_anomaly
2014-12-01,6,49,11,S6_E02,Shift 2,6,346,22,-2.8987402879394404,-3.2677552992025225,False,True,,,,employee_anomaly
2014-12-01,7,49,14,S7_E01,Full Day,14,346,22,-2.8987402879394404,-3.4795612216587277,False,True,,,,employee_anomaly
2014-12-01,8,49,16,S8_E02,Shift 2,7,346,37,-2.8987402879394404,-3.156889714158979,False,True,,,,employee_anomaly
2014-12-01,9,49,20,S9_E01,Shift 1,10,346,31,-2.8987402879394404,-3.0877445136207187,False,True,,,,employee_anomaly
2014-12-01,10,49,16,S10_E01,Full Day,16,346,36,-2.8987402879394404,-3.4995746414918427,False,True,,,,employee_anomaly
2015-01-25,1,49,27,S1_E01,Shift 1,14,346,17,3.080717174280206,0.9183082818530819,True,False,,,,product_anomaly
2015-01-25,1,49,27,S1_E02,Shift 2,13,346,17,3.080717174280206,1.635410743148053,True,False,,,,product_anomaly
2015-01-25,2,49,35,S2_E01,Shift 1,19,346,27,3.080717174280206,1.7657013230933347,True,False,,,,product_anomaly
2015-01-25,2,49,35,S2_E02,Shift 2,16,346,27,3.080717174280206,1.754357437332675,True,False,,,,product_anomaly
2015-01-25,3,49,29,S3_E01,Shift 1,15,346,24,3.080717174280206,1.4337913141899656,True,False,,,,product_anomaly
2015-01-25,3,49,29,S3_E02,Shift 2,14,346,24,3.080717174280206,1.1259904145079673,True,False,,,,product_anomaly
2015-01-25,4,49,23,S4_E01,Full Day,23,346,22,3.080717174280206,1.6333325155166951,True,False,,,,product_anomaly
2015-01-25,5,49,23,S5_E01,Full Day,23,346,15,3.080717174280206,1.5609330630534206,True,False,,,,product_anomaly
2015-01-25,6,49,25,S6_E01,Shift 1,13,346,16,3.080717174280206,1.6319233478757238,True,False,,,,product_anomaly
2015-01-25,6,49,25,S6_E02,Shift 2,12,346,16,3.080717174280206,1.7441404960511084,True,False,,,,product_anomaly
2015-01-25,7,49,16,S7_E01,Full Day,16,346,13,3.080717174280206,1.3995534821501545,True,False,,,,product_anomaly
2015-01-25,8,49,22,S8_E01,Shift 1,9,346,24,3.080717174280206,1.0529944265437752,True,False,,,,product_anomaly
2015-01-25,8,49,22,S8_E02,Shift 2,13,346,24,3.080717174280206,1.2364026582706882,True,False,,,,product_anomaly
2015-01-25,9,49,37,S9_E01,Shift 1,19,346,21,3.080717174280206,1.7422988381119915,True,False,,,,product_anomaly
2015-01-25,9,49,37,S9_E02,Shift 2,18,346,21,3.080717174280206,1.2534293916546004,True,False,,,,product_anomaly
2015-01-25,10,49,22,S10_E01,Full Day,22,346,23,3.080717174280206,1.5618053463291919,True,False,,,,product_anomaly
2015-02-01,1,49,24,S1_E01,Shift 1,14,346,18,2.092825777571339,3.0557660597940646,False,True,,,,employee_anomaly
2015-03-01,1,49,25,S1_E01,Shift 1,13,346,19,3.4390716513172035,3.2063842092808192,True,True,,,,product_and_employee_anomaly
2015-03-01,1,49,25,S1_E02,Shift 2,12,346,19,3.4390716513172035,2.7011350015772067,True,False,,,,product_anomaly
2015-03-01,2,49,47,S2_E01,Shift 1,28,346,28,3.4390716513172035,3.1204913155838128,True,True,,,,product_and_employee_anomaly
2015-03-01,2,49,47,S2_E02,Shift 2,19,346,28,3.4390716513172035,2.9504051632544526,True,False,,,,product_anomaly
2015-03-01,3,49,30,S3_E01,Shift 1,15,346,26,3.4390716513172035,2.94608151148025,True,False,,,,product_anomaly
2015-03-01,3,49,30,S3_E02,Shift 2,15,346,26,3.4390716513172035,3.4103721242964737,True,True,,,,product_and_employee_anomaly
2015-03-01,4,49,32,S4_E01,Full Day,32,346,24,3.4390716513172035,3.1596518128314997,True,True,,,,product_and_employee_anomaly
2015-03-01,5,49,23,S5_E01,Full Day,23,346,18,3.4390716513172035,3.6387722164072245,True,True,,,,product_and_employee_anomaly
2015-03-01,6,49,25,S6_E01,Shift 1,14,346,17,3.4390716513172035,3.2783227914473976,True,True,,,,product_and_employee_anomaly
2015-03-01,6,49,25,S6_E02,Shift 2,11,346,17,3.4390716513172035,3.6075677552682435,True,True,,,,product_and_employee_anomaly
2015-03-01,7,49,20,S7_E01,Full Day,20,346,15,3.4390716513172035,2.8190730739031222,True,False,,,,product_anomaly
2015-03-01,8,49,38,S8_E01,Shift 1,19,346,28,3.4390716513172035,3.332540228908305,True,True,,,,product_and_employee_anomaly
2015-03-01,8,49,38,S8_E02,Shift 2,19,346,28,3.4390716513172035,3.009029860439897,True,True,,,,product_and_employee_anomaly
2015-03-01,9,49,33,S9_E01,Shift 1,19,346,23,3.4390716513172035,3.562831793884845,True,True,,,,product_and_employee_anomaly
2015-03-01,9,49,33,S9_E02,Shift 2,14,346,23,3.4390716513172035,3.0689769065072365,True,True,,,,product_and_employee_anomaly
2015-03-01,10,49,31,S10_E01,Full Day,31,346,23,3.4390716513172035,3.035766134572765,True,True,,,,product_and_employee_anomaly
2015-08-03,3,49,37,S3_E01,Shift 1,17,346,42,-2.405623793476203,-3.230471200097007,False,True,,,,employee_anomaly
2015-08-03,3,49,37,S3_E02,Shift 2,20,346,42,-2.405623793476203,-3.0968220305556833,False,True,,,,employee_anomaly
2015-08-03,6,49,17,S6_E01,Shift 1,10,346,29,-2.405623793476203,-3.003013866777452,False,True,,,,employee_anomaly
2015-08-03,9,49,26,S9_E02,Shift 2,15,346,42,-2.405623793476203,-3.2324063857303305,False,True,,,,employee_anomaly
2015-09-27,1,49,43,S1_E01,Shift 1,23,346,29,3.2406209669416457,1.5249430687930863,True,False,,,,product_anomaly
2015-09-27,1,49,43,S1_E02,Shift 2,20,346,29,3.2406209669416457,1.3743150081499045,True,False,,,,product_anomaly
2015-09-27,2,49,56,S2_E01,Shift 1,29,346,41,3.2406209669416457,1.8045889541147537,True,False,,,,product_anomaly
2015-09-27,2,49,56,S2_E02,Shift 2,27,346,41,3.2406209669416457,1.1637159081463293,True,False,,,,product_anomaly
2015-09-27,3,49,53,S3_E01,Shift 1,29,346,34,3.2406209669416457,1.0231841305366585,True,False,,,,product_anomaly
2015-09-27,3,49,53,S3_E02,Shift 2,24,346,34,3.2406209669416457,1.1164908769697506,True,False,,,,product_anomaly
2015-09-27,4,49,31,S4_E01,Full Day,31,346,33,3.2406209669416457,1.1151309025636102,True,False,,,,product_anomaly
2015-09-27,5,49,20,S5_E01,Full Day,20,346,26,3.2406209669416457,1.507237907050817,True,False,,,,product_anomaly
2015-09-27,6,49,25,S6_E01,Shift 1,13,346,23,3.2406209669416457,1.5997759241785106,True,False,,,,product_anomaly
2015-09-27,6,49,25,S6_E02,Shift 2,12,346,23,3.2406209669416457,1.5871524154939352,True,False,,,,product_anomaly
2015-09-27,7,49,27,S7_E01,Full Day,27,346,23,3.2406209669416457,1.2945970990170061,True,False,,,,product_anomaly
2015-09-27,8,49,52,S8_E01,Shift 1,30,346,39,3.2406209669416457,1.233966317337962,True,False,,,,product_anomaly
2015-09-27,8,49,52,S8_E02,Shift 2,22,346,39,3.2406209669416457,1.7477444282270167,True,False,,,,product_anomaly
2015-09-27,9,49,42,S9_E01,Shift 1,19,346,34,3.2406209669416457,1.7241393173872923,True,False,,,,product_anomaly
2015-09-27,9,49,42,S9_E02,Shift 2,23,346,34,3.2406209669416457,1.3145588670798662,True,False,,,,product_anomaly
2015-09-27,10,49,47,S10_E01,Full Day,47,346,35,3.2406209669416457,1.4250103976576858,True,False,,,,product_anomaly
2015-10-05,1,49,20,S1_E01,Shift 1,8,346,28,-4.0534494326462855,-2.4737482474452275,True,False,,,,product_anomaly
2015-10-05,1,49,20,S1_E02,Shift 2,12,346,28,-4.0534494326462855,-1.9708503470542116,True,False,,,,product_anomaly
2015-10-05,2,49,27,S2_E01,Shift 1,15,346,40,-4.0534494326462855,-2.1127898474724254,True,False,,,,product_anomaly
2015-10-05,2,49,27,S2_E02,Shift 2,12,346,40,-4.0534494326462855,-2.6180726224955766,True,False,,,,product_anomaly
2015-10-05,3,49,19,S3_E01,Shift 1,10,346,34,-4.0534494326462855,-2.0328773210416378,True,False,,,,product_anomaly
2015-10-05,3,49,19,S3_E02,Shift 2,9,346,34,-4.0534494326462855,-2.321202123267586,True,False,,,,product_anomaly
2015-10-05,4,49,20,S4_E01,Full Day,20,346,32,-4.0534494326462855,-2.1952336093381053,True,False,,,,product_anomaly
2015-10-05,5,49,16,S5_E01,Full Day,16,346,24,-4.0534494326462855,-1.7504223088043502,True,False,,,,product_anomaly
2015-10-05,6,49,16,S6_E01,Shift 1,7,346,22,-4.0534494326462855,-2.269104299799935,True,False,,,,product_anomaly
2015-10-05,6,49,16,S6_E02,Shift 2,9,346,22,-4.0534494326462855,-2.918706257070731,True,False,,,,product_anomaly
2015-10-05,7,49,12,S7_E01,Full Day,12,346,23,-4.0534494326462855,-2.4711830609515686,True,False,,,,product_anomaly
2015-10-05,8,49,27,S8_E01,Shift 1,13,346,39,-4.0534494326462855,-2.6018985889264803,True,False,,,,product_anomaly
2015-10-05,8,49,27,S8_E02,Shift 2,14,346,39,-4.0534494326462855,-1.5497983085193163,True,False,,,,product_anomaly
2015-10-05,9,49,21,S9_E01,Shift 1,9,346,34,-4.0534494326462855,-2.031061682364446,True,False,,,,product_anomaly
2015-10-05,9,49,21,S9_E02,Shift 2,12,346,34,-4.0534494326462855,-1.8740827655285102,True,False,,,,product_anomaly
2015-10-05,10,49,25,S10_E01,Full Day,25,346,35,-4.0534494326462855,-2.043869560783522,True,False,,,,product_anomaly
2016-01-04,1,49,15,S1_E01,Shift 1,7,346,21,-3.519847487350591,-1.612614473694911,True,False,,,,product_anomaly
2016-01-04,1,49,15,S1_E02,Shift 2,8,346,21,-3.519847487350591,-1.4456089240544021,True,False,,,,product_anomaly
2016-01-04,2,49,17,S2_E01,Shift 1,9,346,29,-3.519847487350591,-1.7351023268420933,True,False,,,,product_anomaly
2016-01-04,2,49,17,S2_E02,Shift 2,8,346,29,-3.519847487350591,-1.8288119597896741,True,False,,,,product_anomaly
2016-01-04,3,49,17,S3_E01,Shift 1,10,346,24,-3.519847487350591,-1.9432264158734258,True,False,,,,product_anomaly
2016-01-04,3,49,17,S3_E02,Shift 2,7,346,24,-3.519847487350591,-1.621329012785046,True,False,,,,product_anomaly
2016-01-04,4,49,18,S4_E01,Full Day,18,346,24,-3.519847487350591,-2.0201929403872834,True,False,,,,product_anomaly
2016-01-04,5,49,9,S5_E01,Full Day,9,346,17,-3.519847487350591,-2.0415794697938447,True,False,,,,product_anomaly
2016-01-04,6,49,12,S6_E01,Shift 1,5,346,17,-3.519847487350591,-1.72863836655051,True,False,,,,product_anomaly
2016-01-04,6,49,12,S6_E02,Shift 2,7,346,17,-3.519847487350591,-1.8950438646563674,True,False,,,,product_anomaly
2016-01-04,7,49,10,S7_E01,Full Day,10,346,15,-3.519847487350591,-1.349710262612363,True,False,,,,product_anomaly
2016-01-04,8,49,18,S8_E01,Shift 1,7,346,27,-3.519847487350591,-1.5301676122797672,True,False,,,,product_anomaly
2016-01-04,8,49,18,S8_E02,Shift 2,11,346,27,-3.519847487350591,-1.6263754823465362,True,False,,,,product_anomaly
2016-01-04,9,49,16,S9_E01,Shift 1,6,346,23,-3.519847487350591,-2.093999272478544,True,False,,,,product_anomaly
2016-01-04,9,49,16,S9_E02,Shift 2,10,346,23,-3.519847487350591,-1.7233554355413396,True,False,,,,product_anomaly
2016-01-04,10,49,19,S10_E01,Full Day,19,346,27,-3.519847487350591,-1.737791732982391,True,False,,,,product_anomaly
2016-03-13,1,49,35,S1_E01,Shift 1,17,346,22,3.963234910037818,1.338720355770916,True,False,,,,product_anomaly
2016-03-13,1,49,35,S1_E02,Shift 2,18,346,22,3.963234910037818,1.7742953419392478,True,False,,,,product_anomaly
2016-03-13,2,49,51,S2_E01,Shift 1,28,346,33,3.963234910037818,1.3424176161369494,True,False,,,,product_anomaly
2016-03-13,2,49,51,S2_E02,Shift 2,23,346,33,3.963234910037818,1.3097830973668,True,False,,,,product_anomaly
2016-03-13,3,49,37,S3_E01,Shift 1,16,346,30,3.963234910037818,1.493632853255807,True,False,,,,product_anomaly
2016-03-13,3,49,37,S3_E02,Shift 2,21,346,30,3.963234910037818,1.3297320310064966,True,False,,,,product_anomaly
2016-03-13,4,49,36,S4_E01,Full Day,36,346,27,3.963234910037818,1.4479357596673201,True,False,,,,product_anomaly
2016-03-13,5,49,24,S5_E01,Full Day,24,346,20,3.963234910037818,1.7166677325635975,True,False,,,,product_anomaly
2016-03-13,6,49,26,S6_E01,Shift 1,13,346,19,3.963234910037818,1.3553221680880323,True,False,,,,product_anomaly
2016-03-13,6,49,26,S6_E02,Shift 2,13,346,19,3.963234910037818,1.0196361818982551,True,False,,,,product_anomaly
2016-03-13,7,49,28,S7_E01,Full Day,28,346,19,3.963234910037818,1.135744146788404,True,False,,,,product_anomaly
2016-03-13,8,49,34,S8_E01,Shift 1,14,346,31,3.963234910037818,1.0163796363733086,True,False,,,,product_anomaly
2016-03-13,8,49,34,S8_E02,Shift 2,20,346,31,3.963234910037818,1.3543529700384656,True,False,,,,product_anomaly
2016-03-13,9,49,42,S9_E01,Shift 1,18,346,28,3.963234910037818,1.3430653155592895,True,False,,,,product_anomaly
2016-03-13,9,49,42,S9_E02,Shift 2,24,346,28,3.963234910037818,1.019328101877006,True,False,,,,product_anomaly
2016-03-13,10,49,44,S10_E01,Full Day,44,346,29,3.963234910037818,1.3730700580906359,True,False,,,,product_anomaly
2016-04-18,1,49,21,S1_E01,Shift 1,12,346,29,-3.066413493269783,-1.5760985289902607,True,False,,,,product_anomaly
2016-04-18,1,49,21,S1_E02,Shift 2,9,346,29,-3.066413493269783,-1.5461845032850225,True,False,,,,product_anomaly
2016-04-18,2,49,31,S2_E01,Shift 1,15,346,39,-3.066413493269783,-1.3573341300136648,True,False,,,,product_anomaly
2016-04-18,2,49,31,S2_E02,Shift 2,16,346,39,-3.066413493269783,-1.3300138599797369,True,False,,,,product_anomaly
2016-04-18,3,49,30,S3_E01,Shift 1,16,346,35,-3.066413493269783,-1.6587044545915046,True,False,,,,product_anomaly
2016-04-18,3,49,30,S3_E02,Shift 2,14,346,35,-3.066413493269783,-1.9917568603746123,True,False,,,,product_anomaly
2016-04-18,4,49,34,S4_E01,Full Day,34,346,33,-3.066413493269783,-1.615503529012271,True,False,,,,product_anomaly
2016-04-18,5,49,20,S5_E01,Full Day,20,346,25,-3.066413493269783,-1.438607880008052,True,False,,,,product_anomaly
2016-04-18,6,49,18,S6_E01,Shift 1,9,346,25,-3.066413493269783,-1.5780609031731647,True,False,,,,product_anomaly
2016-04-18,6,49,18,S6_E02,Shift 2,9,346,25,-3.066413493269783,-1.5718873962033646,True,False,,,,product_anomaly
2016-04-18,7,49,14,S7_E01,Full Day,14,346,22,-3.066413493269783,-1.3256083776985186,True,False,,,,product_anomaly
2016-04-18,8,49,29,S8_E01,Shift 1,13,346,39,-3.066413493269783,-1.4002973999689707,True,False,,,,product_anomaly
2016-04-18,8,49,29,S8_E02,Shift 2,16,346,39,-3.066413493269783,-1.5084054195986334,True,False,,,,product_anomaly
2016-04-18,9,49,29,S9_E01,Shift 1,15,346,34,-3.066413493269783,-1.4090210541391432,True,False,,,,product_anomaly
2016-04-18,9,49,29,S9_E02,Shift 2,14,346,34,-3.066413493269783,-1.8483366627694515,True,False,,,,product_anomaly
2016-04-18,10,49,23,S10_E01,Full Day,23,346,35,-3.066413493269783,-1.5263675658917601,True,False,,,,product_anomaly
2016-12-05,2,49,32,S2_E01,Shift 1,13,346,42,-2.5073163936044893,-3.039797685865822,False,True,,,,employee_anomaly
2016-12-05,6,49,16,S6_E01,Shift 1,9,346,24,-2.5073163936044893,-3.552929269017943,False,True,,,,employee_anomaly
2016-12-05,7,49,9,S7_E01,Full Day,9,346,22,-2.5073163936044893,-3.1441222038535632,False,True,,,,employee_anomaly
2016-12-05,8,49,19,S8_E01,Shift 1,9,346,39,-2.5073163936044893,-3.7685143438139015,False,True,,,,employee_anomaly
2016-12-05,8,49,19,S8_E02,Shift 2,10,346,39,-2.5073163936044893,-3.111510025863777,False,True,,,,employee_anomaly
2016-12-05,9,49,18,S9_E02,Shift 2,10,346,34,-2.5073163936044893,-3.3474208166871384,False,True,,,,employee_anomaly
2016-12-05,10,49,19,S10_E01,Full Day,19,346,36,-2.5073163936044893,-3.2437638134469884,False,True,,,,employee_anomaly
2017-04-01,1,49,40,S1_E01,Shift 1,17,346,27,1.290627975398634,3.05140781233218,False,True,,,,employee_anomaly
2017-08-19,1,49,44,S1_E01,Shift 1,24,346,35,3.1953682763747144,0.6964339735995312,True,False,,,,product_anomaly
2017-08-19,1,49,44,S1_E02,Shift 2,20,346,35,3.1953682763747144,1.037383302020068,True,False,,,,product_anomaly
2017-08-19,2,49,62,S2_E01,Shift 1,32,346,50,3.1953682763747144,0.9274933210921709,True,False,,,,product_anomaly
2017-08-19,2,49,62,S2_E02,Shift 2,30,346,50,3.1953682763747144,0.8864985416973918,True,False,,,,product_anomaly
2017-08-19,3,49,59,S3_E01,Shift 1,34,346,44,3.1953682763747144,0.7572250408549943,True,False,,,,product_anomaly
2017-08-19,3,49,59,S3_E02,Shift 2,25,346,44,3.1953682763747144,0.68700359410952,True,False,,,,product_anomaly
2017-08-19,4,49,42,S4_E01,Full Day,42,346,41,3.1953682763747144,0.9277566228020641,True,False,,,,product_anomaly
2017-08-19,5,49,30,S5_E01,Full Day,30,346,31,3.1953682763747144,1.0299712922126858,True,False,,,,product_anomaly
2017-08-19,6,49,42,S6_E01,Shift 1,18,346,28,3.1953682763747144,0.8634807146946635,True,False,,,,product_anomaly
2017-08-19,6,49,42,S6_E02,Shift 2,24,346,28,3.1953682763747144,1.3448343922667336,True,False,,,,product_anomaly
2017-08-19,7,49,38,S7_E01,Full Day,38,346,27,3.1953682763747144,1.1201545896072787,True,False,,,,product_anomaly
2017-08-19,8,49,58,S8_E01,Shift 1,31,346,49,3.1953682763747144,0.6268593628416892,True,False,,,,product_anomaly
2017-08-19,8,49,58,S8_E02,Shift 2,27,346,49,3.1953682763747144,1.1446804081113853,True,False,,,,product_anomaly
2017-08-19,9,49,59,S9_E01,Shift 1,35,346,44,3.1953682763747144,0.97129424976167,True,False,,,,product_anomaly
2017-08-19,9,49,59,S9_E02,Shift 2,24,346,44,3.1953682763747144,1.3691195832379213,True,False,,,,product_anomaly
2017-08-19,10,49,53,S10_E01,Full Day,53,346,44,3.1953682763747144,0.8976280766951188,True,False,,,,product_anomaly
2017-12-04,1,49,22,S1_E01,Shift 1,11,346,31,-2.835708964335633,-3.566924808659965,False,True,,,,employee_anomaly
2017-12-04,1,49,22,S1_E02,Shift 2,11,346,31,-2.835708964335633,-3.439934189042974,False,True,,,,employee_anomaly
2017-12-04,2,49,25,S2_E01,Shift 1,14,346,45,-2.835708964335633,-3.4289887985334744,False,True,,,,employee_anomaly
2017-12-04,2,49,25,S2_E02,Shift 2,11,346,45,-2.835708964335633,-3.42560784986891,False,True,,,,employee_anomaly
2017-12-04,3,49,22,S3_E01,Shift 1,10,346,38,-2.835708964335633,-4.010676658948157,False,True,,,,employee_anomaly
2017-12-04,3,49,22,S3_E02,Shift 2,12,346,38,-2.835708964335633,-3.2163317411983594,False,True,,,,employee_anomaly
2017-12-04,4,49,19,S4_E01,Full Day,19,346,35,-2.835708964335633,-3.284111898833113,False,True,,,,employee_anomaly
2017-12-04,5,49,12,S5_E01,Full Day,12,346,26,-2.835708964335633,-3.2458225710762023,False,True,,,,employee_anomaly
2017-12-04,6,49,15,S6_E01,Shift 1,8,346,26,-2.835708964335633,-3.2986405964081293,False,True,,,,employee_anomaly
2017-12-04,6,49,15,S6_E02,Shift 2,7,346,26,-2.835708964335633,-3.3301889302159635,False,True,,,,employee_anomaly
2017-12-04,7,49,19,S7_E01,Full Day,19,346,23,-2.835708964335633,-3.144474792045703,False,True,,,,employee_anomaly
2017-12-04,8,49,26,S8_E01,Shift 1,14,346,42,-2.835708964335633,-3.5723822669368586,False,True,,,,employee_anomaly
2017-12-04,8,49,26,S8_E02,Shift 2,12,346,42,-2.835708964335633,-3.58582252955439,False,True,,,,employee_anomaly
2017-12-04,9,49,17,S9_E01,Shift 1,8,346,36,-2.835708964335633,-3.189292177224606,False,True,,,,employee_anomaly
2017-12-04,9,49,17,S9_E02,Shift 2,9,346,36,-2.835708964335633,-3.1563508443071124,False,True,,,,employee_anomaly
2017-12-04,10,49,18,S10_E01,Full Day,18,346,37,-2.835708964335633,-3.105707653984013,False,True,,,,employee_anomaly
2013-08-05,2,50,67,S2_E01,Shift 1,35,394,91,-2.4541733097350225,-3.037931708682254,False,True,,,,employee_anomaly
2013-08-05,2,50,67,S2_E02,Shift 2,32,394,91,-2.4541733097350225,-3.4857102754090485,False,True,,,,employee_anomaly
2013-12-02,1,50,34,S1_E01,Shift 1,16,394,51,-2.5540658659324897,-3.1254292363912257,False,True,,,,employee_anomaly
2013-12-02,2,50,55,S2_E01,Shift 1,25,394,72,-2.5540658659324897,-3.412450649859274,False,True,,,,employee_anomaly
2013-12-02,2,50,55,S2_E02,Shift 2,30,394,72,-2.5540658659324897,-3.2785932441135652,False,True,,,,employee_anomaly
2013-12-02,3,50,47,S3_E01,Shift 1,26,394,66,-2.5540658659324897,-3.2501487509139597,False,True,,,,employee_anomaly
2013-12-02,3,50,47,S3_E02,Shift 2,21,394,66,-2.5540658659324897,-3.4328063228458867,False,True,,,,employee_anomaly
2013-12-02,4,50,26,S4_E01,Full Day,26,394,60,-2.5540658659324897,-3.448513956982832,False,True,,,,employee_anomaly
2013-12-02,5,50,20,S5_E01,Full Day,20,394,45,-2.5540658659324897,-3.1959090536893515,False,True,,,,employee_anomaly
2013-12-02,6,50,18,S6_E02,Shift 2,9,394,44,-2.5540658659324897,-3.0818675698167812,False,True,,,,employee_anomaly
2013-12-02,8,50,38,S8_E01,Shift 1,16,394,70,-2.5540658659324897,-3.3597203284094452,False,True,,,,employee_anomaly
2013-12-02,8,50,38,S8_E02,Shift 2,22,394,70,-2.5540658659324897,-3.335819773959348,False,True,,,,employee_anomaly
2013-12-02,9,50,35,S9_E01,Shift 1,21,394,64,-2.5540658659324897,-3.305771183792513,False,True,,,,employee_anomaly
2013-12-02,9,50,35,S9_E02,Shift 2,14,394,64,-2.5540658659324897,-3.696275698428471,False,True,,,,employee_anomaly
2013-12-02,10,50,42,S10_E01,Full Day,42,394,61,-2.5540658659324897,-3.0878038047354686,False,True,,,,employee_anomaly
2014-03-01,1,50,64,S1_E01,Shift 1,34,394,44,3.009728526241949,1.8242545275228967,True,False,,,,product_anomaly
2014-03-01,1,50,64,S1_E02,Shift 2,30,394,44,3.009728526241949,2.6015673164242665,True,False,,,,product_anomaly
2014-03-01,2,50,86,S2_E01,Shift 1,40,394,61,3.009728526241949,3.349005610782279,True,True,,,,product_and_employee_anomaly
2014-03-01,2,50,86,S2_E02,Shift 2,46,394,61,3.009728526241949,2.8461099331193718,True,False,,,,product_anomaly
2014-03-01,3,50,71,S3_E01,Shift 1,42,394,55,3.009728526241949,1.9584902781729174,True,False,,,,product_anomaly
2014-03-01,3,50,71,S3_E02,Shift 2,29,394,55,3.009728526241949,2.4343516400715948,True,False,,,,product_anomaly
2014-03-01,4,50,62,S4_E01,Full Day,62,394,47,3.009728526241949,2.5055749314209104,True,False,,,,product_anomaly
2014-03-01,5,50,51,S5_E01,Full Day,51,394,36,3.009728526241949,3.306479451837381,True,True,,,,product_and_employee_anomaly
2014-03-01,6,50,62,S6_E01,Shift 1,35,394,36,3.009728526241949,2.323386541300781,True,False,,,,product_anomaly
2014-03-01,6,50,62,S6_E02,Shift 2,27,394,36,3.009728526241949,2.9878245936140457,True,False,,,,product_anomaly
2014-03-01,7,50,48,S7_E01,Full Day,48,394,32,3.009728526241949,2.157297689436117,True,False,,,,product_anomaly
2014-03-01,8,50,73,S8_E01,Shift 1,33,394,59,3.009728526241949,2.488561115036944,True,False,,,,product_anomaly
2014-03-01,8,50,73,S8_E02,Shift 2,40,394,59,3.009728526241949,2.2777673761291855,True,False,,,,product_anomaly
2014-03-01,9,50,59,S9_E01,Shift 1,32,394,48,3.009728526241949,2.0575462095889767,True,False,,,,product_anomaly
2014-03-01,9,50,59,S9_E02,Shift 2,27,394,48,3.009728526241949,2.25800157879476,True,False,,,,product_anomaly
2014-03-01,10,50,75,S10_E01,Full Day,75,394,54,3.009728526241949,2.822284998497931,True,False,,,,product_anomaly
2014-08-04,2,50,82,S2_E01,Shift 1,42,394,103,-2.923412694325829,-3.2958565872574868,False,True,,,,employee_anomaly
2014-08-04,4,50,56,S4_E01,Full Day,56,394,84,-2.923412694325829,-3.1397631376093593,False,True,,,,employee_anomaly
2014-08-04,5,50,48,S5_E01,Full Day,48,394,63,-2.923412694325829,-3.2173712129452325,False,True,,,,employee_anomaly
2014-08-04,6,50,37,S6_E02,Shift 2,16,394,62,-2.923412694325829,-3.5017544264003857,False,True,,,,employee_anomaly
2014-08-04,7,50,41,S7_E01,Full Day,41,394,55,-2.923412694325829,-3.4459186430311015,False,True,,,,employee_anomaly
2014-08-04,8,50,68,S8_E01,Shift 1,31,394,96,-2.923412694325829,-3.8062041584640642,False,True,,,,employee_anomaly
2014-08-04,8,50,68,S8_E02,Shift 2,37,394,96,-2.923412694325829,-3.16064441974807,False,True,,,,employee_anomaly
2014-12-01,1,50,36,S1_E01,Shift 1,18,394,62,-3.1493059588085788,-3.1060032038113756,True,True,,,,product_and_employee_anomaly
2014-12-01,1,50,36,S1_E02,Shift 2,18,394,62,-3.1493059588085788,-3.2257952791105735,True,True,,,,product_and_employee_anomaly
2014-12-01,2,50,41,S2_E01,Shift 1,18,394,88,-3.1493059588085788,-3.2103767532981733,True,True,,,,product_and_employee_anomaly
2014-12-01,2,50,41,S2_E02,Shift 2,23,394,88,-3.1493059588085788,-2.9745651825749797,True,False,,,,product_anomaly
2014-12-01,3,50,35,S3_E01,Shift 1,21,394,76,-3.1493059588085788,-3.6842826003636517,True,True,,,,product_and_employee_anomaly
2014-12-01,3,50,35,S3_E02,Shift 2,14,394,76,-3.1493059588085788,-3.7643534802102665,True,True,,,,product_and_employee_anomaly
2014-12-01,4,50,44,S4_E01,Full Day,44,394,75,-3.1493059588085788,-3.5292108233300348,True,True,,,,product_and_employee_anomaly
2014-12-01,5,50,25,S5_E01,Full Day,25,394,50,-3.1493059588085788,-3.5544771735009846,True,True,,,,product_and_employee_anomaly
2014-12-01,6,50,30,S6_E01,Shift 1,17,394,51,-3.1493059588085788,-2.725413037949043,True,False,,,,product_anomaly
2014-12-01,6,50,30,S6_E02,Shift 2,13,394,51,-3.1493059588085788,-3.2677552992025225,True,True,,,,product_and_employee_anomaly
2014-12-01,7,50,22,S7_E01,Full Day,22,394,49,-3.1493059588085788,-3.4795612216587277,True,True,,,,product_and_employee_anomaly
2014-12-01,8,50,43,S8_E01,Shift 1,23,394,85,-3.1493059588085788,-2.754138713991254,True,False,,,,product_anomaly
2014-12-01,8,50,43,S8_E02,Shift 2,20,394,85,-3.1493059588085788,-3.156889714158979,True,True,,,,product_and_employee_anomaly
2014-12-01,9,50,36,S9_E01,Shift 1,15,394,70,-3.1493059588085788,-3.0877445136207187,True,True,,,,product_and_employee_anomaly
2014-12-01,9,50,36,S9_E02,Shift 2,21,394,70,-3.1493059588085788,-2.9294097184846226,True,False,,,,product_anomaly
2014-12-01,10,50,45,S10_E01,Full Day,45,394,76,-3.1493059588085788,-3.4995746414918427,True,True,,,,product_and_employee_anomaly
2015-02-01,1,50,43,S1_E01,Shift 1,25,394,40,2.2600403451319266,3.0557660597940646,False,True,,,,employee_anomaly
2015-03-01,1,50,61,S1_E01,Shift 1,26,394,43,2.619922818768979,3.2063842092808192,False,True,,,,employee_anomaly
2015-03-01,2,50,75,S2_E01,Shift 1,44,394,63,2.619922818768979,3.1204913155838128,False,True,,,,employee_anomaly
2015-03-01,3,50,83,S3_E02,Shift 2,44,394,58,2.619922818768979,3.4103721242964737,False,True,,,,employee_anomaly
2015-03-01,4,50,69,S4_E01,Full Day,69,394,50,2.619922818768979,3.1596518128314997,False,True,,,,employee_anomaly
2015-03-01,5,50,63,S5_E01,Full Day,63,394,40,2.619922818768979,3.6387722164072245,False,True,,,,employee_anomaly
2015-03-01,6,50,56,S6_E01,Shift 1,25,394,38,2.619922818768979,3.2783227914473976,False,True,,,,employee_anomaly
2015-03-01,6,50,56,S6_E02,Shift 2,31,394,38,2.619922818768979,3.6075677552682435,False,True,,,,employee_anomaly
2015-03-01,8,50,77,S8_E01,Shift 1,37,394,64,2.619922818768979,3.332540228908305,False,True,,,,employee_anomaly
2015-03-01,8,50,77,S8_E02,Shift 2,40,394,64,2.619922818768979,3.009029860439897,False,True,,,,employee_anomaly
2015-03-01,9,50,82,S9_E01,Shift 1,43,394,52,2.619922818768979,3.562831793884845,False,True,,,,employee_anomaly
2015-03-01,9,50,82,S9_E02,Shift 2,39,394,52,2.619922818768979,3.0689769065072365,False,True,,,,employee_anomaly
2015-03-01,10,50,78,S10_E01,Full Day,78,394,56,2.619922818768979,3.035766134572765,False,True,,,,employee_anomaly
2015-08-03,1,50,31,S1_E01,Shift 1,18,394,75,-3.279788503219545,-2.431152188562419,True,False,,,,product_anomaly
2015-08-03,1,50,31,S1_E02,Shift 2,13,394,75,-3.279788503219545,-2.6588983591723636,True,False,,,,product_anomaly
2015-08-03,2,50,84,S2_E01,Shift 1,41,394,108,-3.279788503219545,-2.1714259053724394,True,False,,,,product_anomaly
2015-08-03,2,50,84,S2_E02,Shift 2,43,394,108,-3.279788503219545,-2.5727933298725434,True,False,,,,product_anomaly
2015-08-03,3,50,81,S3_E01,Shift 1,41,394,97,-3.279788503219545,-3.230471200097007,True,True,,,,product_and_employee_anomaly
2015-08-03,3,50,81,S3_E02,Shift 2,40,394,97,-3.279788503219545,-3.0968220305556833,True,True,,,,product_and_employee_anomaly
2015-08-03,4,50,68,S4_E01,Full Day,68,394,88,-3.279788503219545,-2.7376755606770606,True,False,,,,product_anomaly
2015-08-03,5,50,40,S5_E01,Full Day,40,394,66,-3.279788503219545,-2.664634525264307,True,False,,,,product_anomaly
2015-08-03,6,50,39,S6_E01,Shift 1,22,394,67,-3.279788503219545,-3.003013866777452,True,True,,,,product_and_employee_anomaly
2015-08-03,6,50,39,S6_E02,Shift 2,17,394,67,-3.279788503219545,-2.5336785743591226,True,False,,,,product_anomaly
2015-08-03,7,50,47,S7_E01,Full Day,47,394,59,-3.279788503219545,-2.3966524315397892,True,False,,,,product_anomaly
2015-08-03,8,50,74,S8_E01,Shift 1,33,394,104,-3.279788503219545,-2.893402768817878,True,False,,,,product_anomaly
2015-08-03,8,50,74,S8_E02,Shift 2,41,394,104,-3.279788503219545,-2.405130863769209,True,False,,,,product_anomaly
2015-08-03,9,50,58,S9_E01,Shift 1,33,394,88,-3.279788503219545,-2.4640677522246373,True,False,,,,product_anomaly
2015-08-03,9,50,58,S9_E02,Shift 2,25,394,88,-3.279788503219545,-3.2324063857303305,True,True,,,,product_and_employee_anomaly
2015-08-03,10,50,61,S10_E01,Full Day,61,394,93,-3.279788503219545,-2.654029610435547,True,False,,,,product_anomaly
2016-12-05,2,50,36,S2_E01,Shift 1,18,394,95,-2.7531572235758177,-3.039797685865822,False,True,,,,employee_anomaly
2016-12-05,6,50,41,S6_E01,Shift 1,23,394,56,-2.7531572235758177,-3.552929269017943,False,True,,,,employee_anomaly
2016-12-05,7,50,26,S7_E01,Full Day,26,394,49,-2.7531572235758177,-3.1441222038535632,False,True,,,,employee_anomaly
2016-12-05,8,50,54,S8_E01,Shift 1,26,394,87,-2.7531572235758177,-3.7685143438139015,False,True,,,,employee_anomaly
2016-12-05,8,50,54,S8_E02,Shift 2,28,394,87,-2.7531572235758177,-3.111510025863777,False,True,,,,employee_anomaly
2016-12-05,9,50,44,S9_E02,Shift 2,18,394,80,-2.7531572235758177,-3.3474208166871384,False,True,,,,employee_anomaly
2016-12-05,10,50,58,S10_E01,Full Day,58,394,84,-2.7531572235758177,-3.2437638134469884,False,True,,,,employee_anomaly
2017-04-01,1,50,72,S1_E01,Shift 1,43,394,63,1.88134405844838,3.05140781233218,False,True,,,,employee_anomaly
2017-12-04,1,50,31,S1_E01,Shift 1,14,394,68,-4.107978067783581,-3.566924808659965,True,True,,,,product_and_employee_anomaly
2017-12-04,1,50,31,S1_E02,Shift 2,17,394,68,-4.107978067783581,-3.439934189042974,True,True,,,,product_and_employee_anomaly
2017-12-04,2,50,45,S2_E01,Shift 1,19,394,99,-4.107978067783581,-3.4289887985334744,True,True,,,,product_and_employee_anomaly
2017-12-04,2,50,45,S2_E02,Shift 2,26,394,99,-4.107978067783581,-3.42560784986891,True,True,,,,product_and_employee_anomaly
2017-12-04,3,50,46,S3_E01,Shift 1,23,394,86,-4.107978067783581,-4.010676658948157,True,True,,,,product_and_employee_anomaly
2017-12-04,3,50,46,S3_E02,Shift 2,23,394,86,-4.107978067783581,-3.2163317411983594,True,True,,,,product_and_employee_anomaly
2017-12-04,4,50,37,S4_E01,Full Day,37,394,83,-4.107978067783581,-3.284111898833113,True,True,,,,product_and_employee_anomaly
2017-12-04,5,50,29,S5_E01,Full Day,29,394,59,-4.107978067783581,-3.2458225710762023,True,True,,,,product_and_employee_anomaly
2017-12-04,6,50,23,S6_E01,Shift 1,10,394,58,-4.107978067783581,-3.2986405964081293,True,True,,,,product_and_employee_anomaly
2017-12-04,6,50,23,S6_E02,Shift 2,13,394,58,-4.107978067783581,-3.3301889302159635,True,True,,,,product_and_employee_anomaly
2017-12-04,7,50,29,S7_E01,Full Day,29,394,55,-4.107978067783581,-3.144474792045703,True,True,,,,product_and_employee_anomaly
2017-12-04,8,50,62,S8_E01,Shift 1,35,394,94,-4.107978067783581,-3.5723822669368586,True,True,,,,product_and_employee_anomaly
2017-12-04,8,50,62,S8_E02,Shift 2,27,394,94,-4.107978067783581,-3.58582252955439,True,True,,,,product_and_employee_anomaly
2017-12-04,9,50,43,S9_E01,Shift 1,22,394,80,-4.107978067783581,-3.189292177224606,True,True,,,,product_and_employee_anomaly
2017-12-04,9,50,43,S9_E02,Shift 2,21,394,80,-4.107978067783581,-3.1563508443071124,True,True,,,,product_and_employee_anomaly
2017-12-04,10,50,54,S10_E01,Full Day,54,394,84,-4.107978067783581,-3.105707653984013,True,True,,,,product_and_employee_anomaly
