date,store,item,sales,rolling_mean,rolling_std,deviation_ratio,potential_anomaly,iforest_prediction,final_anomaly,severity
2013-01-10,1,1,5,11.428571428571429,1.8126539343499306,0.4375,True,-1,True,MEDIUM
2013-01-17,1,1,16,7.857142857142857,2.609506430251473,2.0363636363636366,True,-1,True,MEDIUM
2013-01-19,1,1,18,9.142857142857142,3.8047589248453657,1.96875,True,-1,True,MEDIUM
2013-02-02,1,1,21,10.571428571428571,2.370453040886406,1.9864864864864866,True,-1,True,MEDIUM
2013-03-03,1,1,20,10.571428571428571,2.699206232527312,1.8918918918918919,True,-1,True,MEDIUM
2013-03-17,1,1,22,12.857142857142858,2.853569193634025,1.711111111111111,True,-1,True,MEDIUM
2013-05-27,1,1,7,21.571428571428573,5.318431562567523,0.32450331125827814,True,-1,True,MEDIUM
2013-06-06,1,1,9,20.714285714285715,5.648430038936662,0.43448275862068964,True,-1,True,MEDIUM
2013-06-09,1,1,38,17.571428571428573,5.623081683476392,2.16260162601626,True,-1,True,MEDIUM
2013-07-29,1,1,8,21.714285714285715,4.85504156227613,0.3684210526315789,True,-1,True,MEDIUM
2013-08-06,1,1,10,22.857142857142858,3.891382420536073,0.4375,True,-1,True,MEDIUM
2013-10-20,1,1,25,14.714285714285714,3.728908942943229,1.6990291262135924,True,-1,True,MEDIUM
2013-11-14,1,1,9,19.428571428571427,2.572750982712419,0.4632352941176471,True,-1,True,MEDIUM
2013-11-23,1,1,31,16.428571428571427,1.618347187425412,1.8869565217391306,True,-1,True,MEDIUM
2013-12-02,1,1,8,21.142857142857142,5.520524474738838,0.3783783783783784,True,-1,True,MEDIUM
2013-12-04,1,1,6,19.428571428571427,6.996597812678748,0.3088235294117647,True,-1,True,MEDIUM
2013-12-12,1,1,5,13.0,4.0414518843274045,0.38461538461538464,True,-1,True,MEDIUM
2013-12-24,1,1,17,10.571428571428571,3.8668308667927493,1.6081081081081081,True,-1,True,MEDIUM
2013-12-30,1,1,5,13.714285714285714,4.785891965429444,0.36458333333333337,True,-1,True,MEDIUM
2014-01-04,1,1,20,12.142857142857142,4.099941927579465,1.647058823529412,True,-1,True,MEDIUM
2014-01-20,1,1,6,15.142857142857142,2.410295378065521,0.39622641509433965,True,-1,True,MEDIUM
2014-01-21,1,1,7,14.285714285714286,4.151878519188085,0.49,True,-1,True,MEDIUM
2014-01-28,1,1,6,15.571428571428571,5.79819347892495,0.3853211009174312,True,-1,True,MEDIUM
2014-02-05,1,1,21,12.857142857142858,3.2366943748507877,1.6333333333333333,True,-1,True,MEDIUM
2014-02-24,1,1,7,14.714285714285714,3.0937725468154227,0.47572815533980584,True,-1,True,MEDIUM
2014-03-24,1,1,4,20.571428571428573,2.992052966172384,0.19444444444444442,True,-1,True,HIGH
2014-05-18,1,1,36,21.285714285714285,3.545621041711669,1.691275167785235,True,-1,True,MEDIUM
2014-08-13,1,1,11,23.428571428571427,2.8784916685156716,0.46951219512195125,True,-1,True,MEDIUM
2014-10-06,1,1,9,20.571428571428573,7.634508123364222,0.43749999999999994,True,-1,True,MEDIUM
2014-10-13,1,1,6,19.714285714285715,8.118174789000417,0.3043478260869565,True,-1,True,MEDIUM
2014-10-20,1,1,8,16.714285714285715,5.58910504804619,0.4786324786324786,True,-1,True,MEDIUM
2014-11-02,1,1,33,15.571428571428571,4.276179870598815,2.1192660550458715,True,-1,True,MEDIUM
2014-12-01,1,1,10,22.714285714285715,3.3523268393901025,0.440251572327044,True,-1,True,MEDIUM
2014-12-03,1,1,9,21.285714285714285,5.936168397046639,0.4228187919463087,True,-1,True,MEDIUM
2015-01-24,1,1,20,12.428571428571429,2.8199966227605757,1.6091954022988506,True,-1,True,MEDIUM
2015-01-29,1,1,7,14.142857142857142,4.140393356054137,0.494949494949495,True,-1,True,MEDIUM
2015-02-02,1,1,6,13.285714285714286,3.860668582611308,0.45161290322580644,True,-1,True,MEDIUM
2015-03-20,1,1,31,17.285714285714285,4.0296519996266875,1.7933884297520661,True,-1,True,MEDIUM
2015-05-30,1,1,36,21.714285714285715,3.251373336211742,1.657894736842105,True,-1,True,MEDIUM
2015-09-19,1,1,40,21.857142857142858,3.8047589248453746,1.8300653594771241,True,-1,True,MEDIUM
2015-10-28,1,1,8,23.142857142857142,5.956189257922424,0.345679012345679,True,-1,True,MEDIUM
2015-11-14,1,1,37,20.714285714285715,4.191828786034638,1.7862068965517242,True,-1,True,MEDIUM
2015-11-30,1,1,5,22.857142857142858,5.698788509515903,0.21875,True,-1,True,HIGH
2015-12-24,1,1,7,14.714285714285714,4.498677054212223,0.47572815533980584,True,-1,True,MEDIUM
2015-12-28,1,1,4,13.285714285714286,4.029651999626719,0.3010752688172043,True,-1,True,MEDIUM
2016-01-10,1,1,26,13.142857142857142,1.9518001458971626,1.9782608695652175,True,-1,True,MEDIUM
2016-01-11,1,1,7,15.142857142857142,5.14550196542483,0.46226415094339623,True,-1,True,MEDIUM
2016-01-23,1,1,23,12.142857142857142,3.579039509355017,1.8941176470588237,True,-1,True,MEDIUM
2016-02-14,1,1,23,14.142857142857142,2.6095064302515416,1.6262626262626263,True,-1,True,MEDIUM
2016-02-17,1,1,29,15.0,5.099019513592816,1.9333333333333333,True,-1,True,MEDIUM
2016-03-08,1,1,9,18.0,2.1602468994693367,0.5,True,-1,True,MEDIUM
2016-10-30,1,1,33,18.857142857142858,4.298393941484445,1.75,True,-1,True,MEDIUM
2016-11-13,1,1,36,20.857142857142858,3.8483144114694685,1.726027397260274,True,-1,True,MEDIUM
2016-12-09,1,1,7,15.571428571428571,4.894116973712472,0.44954128440366975,True,-1,True,MEDIUM
2017-01-13,1,1,7,16.857142857142858,4.336994790119471,0.4152542372881356,True,-1,True,MEDIUM
2017-01-15,1,1,29,14.714285714285714,4.4614753058558385,1.970873786407767,True,-1,True,MEDIUM
2017-02-20,1,1,5,16.571428571428573,4.5773770821705915,0.3017241379310345,True,-1,True,MEDIUM
2017-02-23,1,1,26,14.142857142857142,5.520524474738786,1.8383838383838385,True,-1,True,MEDIUM
2017-02-26,1,1,28,15.142857142857142,6.335839103296158,1.849056603773585,True,-1,True,MEDIUM
2017-04-16,1,1,32,19.571428571428573,3.154739442866996,1.6350364963503647,True,-1,True,MEDIUM
2017-06-28,1,1,50,26.428571428571427,3.6449573777637703,1.891891891891892,True,-1,True,MEDIUM
2017-11-27,1,1,10,25.285714285714285,3.199702367110937,0.3954802259887006,True,-1,True,MEDIUM
2017-12-04,1,1,7,19.0,7.702813338860896,0.3684210526315789,True,-1,True,MEDIUM
2017-12-19,1,1,7,16.571428571428573,3.101458950082619,0.42241379310344823,True,-1,True,MEDIUM
2017-12-22,1,1,6,15.285714285714286,4.820590756130952,0.3925233644859813,True,-1,True,MEDIUM
2017-12-30,1,1,27,16.285714285714285,2.429971585175813,1.6578947368421053,True,-1,True,MEDIUM
2014-03-30,1,2,70,41.0,6.633249580710862,1.7073170731707317,True,-1,True,MEDIUM
2014-04-20,1,2,87,52.57142857142857,11.616900660347476,1.6548913043478262,True,-1,True,MEDIUM
2014-07-13,1,2,102,59.285714285714285,12.828539611796405,1.7204819277108434,True,-1,True,MEDIUM
2015-10-11,1,2,81,48.57142857142857,8.638231741453204,1.6676470588235295,True,-1,True,MEDIUM
2017-06-03,1,2,106,64.85714285714286,18.56006978640419,1.634361233480176,True,-1,True,MEDIUM
2013-02-02,1,3,32,17.571428571428573,3.952094080237414,1.8211382113821137,True,-1,True,MEDIUM
2015-02-07,1,3,38,21.285714285714285,6.421689437998092,1.7852348993288591,True,-1,True,MEDIUM
2015-09-12,1,3,60,37.142857142857146,3.1847852585156007,1.6153846153846152,True,-1,True,MEDIUM
2015-12-03,1,3,12,32.714285714285715,11.484979839110022,0.3668122270742358,True,-1,True,MEDIUM
2015-12-28,1,3,8,23.285714285714285,5.2824958026262765,0.34355828220858897,True,-1,True,MEDIUM
2016-01-08,1,3,40,23.0,4.082482904638918,1.7391304347826086,True,-1,True,MEDIUM
2016-04-10,1,3,67,38.857142857142854,6.067085281214178,1.724264705882353,True,-1,True,MEDIUM
2017-08-05,1,3,68,41.142857142857146,10.807845474909712,1.6527777777777777,True,-1,True,MEDIUM
2017-08-28,1,3,21,48.142857142857146,2.9113897843114636,0.43620178041543023,True,-1,True,MEDIUM
2013-01-14,1,4,5,11.285714285714286,4.498677054212186,0.4430379746835443,True,-1,True,MEDIUM
2013-01-20,1,4,20,8.714285714285714,2.984084768360623,2.295081967213115,True,-1,True,MEDIUM
2013-01-26,1,4,5,11.714285714285714,4.535573676110726,0.426829268292683,True,-1,True,MEDIUM
2013-01-31,1,4,19,9.428571428571429,3.207134902949087,2.015151515151515,True,-1,True,MEDIUM
2013-02-01,1,4,21,11.0,4.725815626252607,1.9090909090909092,True,-1,True,MEDIUM
2013-02-03,1,4,6,13.0,5.322906474223772,0.46153846153846156,True,-1,True,MEDIUM
2013-02-26,1,4,16,10.0,2.4494897427831708,1.6,True,-1,True,MEDIUM
2013-03-02,1,4,25,12.285714285714286,3.6384193323605847,2.0348837209302326,True,-1,True,MEDIUM
2013-03-24,1,4,22,13.428571428571429,1.902379462422691,1.6382978723404256,True,-1,True,MEDIUM
2013-04-08,1,4,6,16.0,4.281744192888385,0.375,True,-1,True,MEDIUM
2013-04-13,1,4,27,13.857142857142858,4.598136268408885,1.9484536082474226,True,-1,True,MEDIUM
2013-04-14,1,4,27,15.142857142857142,6.718843437888489,1.7830188679245285,True,-1,True,MEDIUM
2013-05-06,1,4,5,19.428571428571427,5.968169536721268,0.2573529411764706,True,-1,True,HIGH
2013-06-15,1,4,29,17.571428571428573,3.154739442867027,1.6504065040650404,True,-1,True,MEDIUM
2013-07-01,1,4,9,20.714285714285715,4.461475305855913,0.43448275862068964,True,-1,True,MEDIUM
2013-07-29,1,4,9,20.428571428571427,4.961758520831889,0.4405594405594406,True,-1,True,MEDIUM
2013-08-10,1,4,34,18.857142857142858,4.017817460121509,1.803030303030303,True,-1,True,MEDIUM
2013-09-09,1,4,4,19.714285714285715,6.210590034081202,0.20289855072463767,True,-1,True,HIGH
2013-09-18,1,4,10,20.428571428571427,3.1547394428670654,0.48951048951048953,True,-1,True,MEDIUM
2013-09-22,1,4,31,17.428571428571427,3.5523298860110883,1.778688524590164,True,-1,True,MEDIUM
2013-10-14,1,4,7,14.428571428571429,3.5989416433696935,0.48514851485148514,True,-1,True,MEDIUM
2013-10-30,1,4,9,18.142857142857142,3.9339789623472172,0.49606299212598426,True,-1,True,MEDIUM
2013-11-16,1,4,25,14.285714285714286,2.497617912751043,1.75,True,-1,True,MEDIUM
2013-11-28,1,4,29,16.428571428571427,3.735288603626341,1.765217391304348,True,-1,True,MEDIUM
2013-12-02,1,4,8,16.428571428571427,6.187545093630765,0.48695652173913045,True,-1,True,MEDIUM
2013-12-10,1,4,5,14.0,3.265986323710847,0.35714285714285715,True,-1,True,MEDIUM
2013-12-11,1,4,6,12.857142857142858,4.740906081772764,0.4666666666666667,True,-1,True,MEDIUM
2013-12-28,1,4,22,12.0,2.1602468994691546,1.8333333333333333,True,-1,True,MEDIUM
2014-01-11,1,4,21,12.571428571428571,2.1491969707421212,1.6704545454545454,True,-1,True,MEDIUM
2014-01-13,1,4,4,13.714285714285714,3.9036002917940804,0.2916666666666667,True,-1,True,HIGH
2014-02-01,1,4,24,11.142857142857142,3.760699023167966,2.1538461538461537,True,-1,True,MEDIUM
2014-02-12,1,4,6,13.428571428571429,3.309438162646418,0.44680851063829785,True,-1,True,MEDIUM
2014-02-14,1,4,24,13.0,4.654746681256261,1.8461538461538463,True,-1,True,MEDIUM
2014-03-02,1,4,22,12.857142857142858,4.947341758580051,1.711111111111111,True,-1,True,MEDIUM
2014-03-15,1,4,27,15.857142857142858,1.951800145896999,1.7027027027027026,True,-1,True,MEDIUM
2014-03-31,1,4,7,18.285714285714285,2.751622897751166,0.3828125,True,-1,True,MEDIUM
2014-04-05,1,4,38,19.857142857142858,6.011892975000239,1.9136690647482013,True,-1,True,MEDIUM
2014-04-14,1,4,8,21.142857142857142,6.542898731412857,0.3783783783783784,True,-1,True,MEDIUM
2014-05-03,1,4,35,20.714285714285715,3.638419332360596,1.689655172413793,True,-1,True,MEDIUM
2014-11-09,1,4,33,19.428571428571427,3.1014589500826113,1.698529411764706,True,-1,True,MEDIUM
2014-11-17,1,4,12,24.857142857142858,1.6761634196952038,0.48275862068965514,True,-1,True,MEDIUM
2014-12-15,1,4,8,16.428571428571427,4.276179870598748,0.48695652173913045,True,-1,True,MEDIUM
2014-12-29,1,4,7,16.142857142857142,4.017817460121448,0.4336283185840708,True,-1,True,MEDIUM
2015-01-13,1,4,6,17.142857142857142,5.520524474738807,0.35000000000000003,True,-1,True,MEDIUM
2015-01-22,1,4,6,14.142857142857142,3.579039509354892,0.42424242424242425,True,-1,True,MEDIUM
2015-02-08,1,4,23,13.428571428571429,2.4397501823712187,1.7127659574468084,True,-1,True,MEDIUM
2015-02-09,1,4,5,14.571428571428571,4.391550328268345,0.3431372549019608,True,-1,True,MEDIUM
2015-02-18,1,4,6,16.0,2.2360679774997028,0.375,True,-1,True,MEDIUM
2015-02-27,1,4,21,12.714285714285714,3.199702367110826,1.651685393258427,True,-1,True,MEDIUM
2015-02-28,1,4,22,13.0,3.8729833462073406,1.6923076923076923,True,-1,True,MEDIUM
2015-03-06,1,4,7,19.714285714285715,4.889249625940752,0.3550724637681159,True,-1,True,MEDIUM
2015-03-29,1,4,26,15.285714285714286,2.751622897751098,1.7009345794392523,True,-1,True,MEDIUM
2015-08-13,1,4,34,20.0,2.2360679774997068,1.7,True,-1,True,MEDIUM
2015-10-05,1,4,9,22.428571428571427,3.8234863173610973,0.4012738853503185,True,-1,True,MEDIUM
2015-10-12,1,4,8,17.285714285714285,5.618845839799106,0.4628099173553719,True,-1,True,MEDIUM
2015-11-18,1,4,9,20.142857142857142,4.336994790119466,0.4468085106382979,True,-1,True,MEDIUM
2015-12-11,1,4,7,16.142857142857142,5.956189257922345,0.4336283185840708,True,-1,True,MEDIUM
2015-12-18,1,4,24,13.857142857142858,3.9761191895518615,1.7319587628865978,True,-1,True,MEDIUM
2015-12-28,1,4,5,14.142857142857142,2.911389784310795,0.35353535353535354,True,-1,True,MEDIUM
2016-01-24,1,4,25,13.857142857142858,4.259443290250014,1.8041237113402062,True,-1,True,MEDIUM
2016-02-16,1,4,8,17.571428571428573,5.826867164470131,0.45528455284552843,True,-1,True,MEDIUM
2016-02-19,1,4,24,13.714285714285714,4.347960660443084,1.75,True,-1,True,MEDIUM
2016-09-15,1,4,40,19.857142857142858,4.18045338165487,2.014388489208633,True,-1,True,MEDIUM
2016-10-17,1,4,10,23.714285714285715,3.199702367110922,0.4216867469879518,True,-1,True,MEDIUM
2017-01-09,1,4,5,14.0,3.8729833462071452,0.35714285714285715,True,-1,True,MEDIUM
2017-01-22,1,4,29,15.571428571428571,3.552329886010851,1.8623853211009174,True,-1,True,MEDIUM
2017-02-09,1,4,8,16.142857142857142,3.078342163598588,0.49557522123893805,True,-1,True,MEDIUM
2017-02-11,1,4,28,15.0,4.472135954999367,1.8666666666666667,True,-1,True,MEDIUM
2017-02-19,1,4,32,16.142857142857142,3.84831441146928,1.9823008849557522,True,-1,True,MEDIUM
2017-02-24,1,4,9,18.428571428571427,6.679749068568855,0.48837209302325585,True,-1,True,MEDIUM
2017-04-01,1,4,37,20.285714285714285,3.903600291794039,1.823943661971831,True,-1,True,MEDIUM
2017-08-12,1,4,39,23.714285714285715,1.7994708216848538,1.644578313253012,True,-1,True,MEDIUM
2017-10-30,1,4,7,23.714285714285715,5.707138387268046,0.29518072289156627,True,-1,True,HIGH
2017-12-29,1,4,25,15.142857142857142,3.2366943748504595,1.650943396226415,True,-1,True,MEDIUM
2013-01-27,1,5,18,7.428571428571429,2.7602622373694174,2.423076923076923,True,-1,True,MEDIUM
2013-02-18,1,5,5,10.857142857142858,1.7728105208558274,0.4605263157894737,True,-1,True,MEDIUM
2013-02-22,1,5,15,9.285714285714286,2.3603873774083284,1.6153846153846152,True,-1,True,MEDIUM
2013-02-25,1,5,3,10.0,3.4156502553198633,0.3,True,-1,True,HIGH
2013-03-02,1,5,16,9.0,3.5118845842842474,1.7777777777777777,True,-1,True,MEDIUM
2013-03-10,1,5,18,9.571428571428571,2.9358214555806366,1.8805970149253732,True,-1,True,MEDIUM
2013-04-04,1,5,22,13.142857142857142,2.7945525240230715,1.673913043478261,True,-1,True,MEDIUM
2013-04-09,1,5,7,14.285714285714286,4.608480795022924,0.49,True,-1,True,MEDIUM
2013-05-13,1,5,5,15.857142857142858,3.976119189551996,0.3153153153153153,True,-1,True,MEDIUM
2013-06-13,1,5,8,17.0,3.3166247903553647,0.47058823529411764,True,-1,True,MEDIUM
2013-06-30,1,5,30,17.714285714285715,3.4982989063393366,1.693548387096774,True,-1,True,MEDIUM
2013-07-02,1,5,9,19.571428571428573,5.769377287516738,0.4598540145985401,True,-1,True,MEDIUM
2013-07-18,1,5,26,15.285714285714286,2.8702082220799046,1.7009345794392523,True,-1,True,MEDIUM
2013-08-05,1,5,6,14.571428571428571,2.9358214555806113,0.4117647058823529,True,-1,True,MEDIUM
2013-08-14,1,5,22,13.428571428571429,3.3594217189442266,1.6382978723404256,True,-1,True,MEDIUM
2013-09-04,1,5,6,16.428571428571427,5.740416444159839,0.3652173913043479,True,-1,True,MEDIUM
2013-09-26,1,5,7,16.285714285714285,2.811540841738154,0.4298245614035088,True,-1,True,MEDIUM
2013-10-07,1,5,8,17.142857142857142,3.760699023168017,0.4666666666666667,True,-1,True,MEDIUM
2013-10-09,1,5,8,16.285714285714285,4.956957592256399,0.4912280701754386,True,-1,True,MEDIUM
2013-10-21,1,5,7,14.571428571428571,3.3094381626464675,0.4803921568627451,True,-1,True,MEDIUM
2013-10-24,1,5,23,13.428571428571429,3.9520940802374076,1.7127659574468084,True,-1,True,MEDIUM
2013-11-04,1,5,3,14.0,2.943920288775934,0.21428571428571427,True,-1,True,HIGH
2013-11-18,1,5,6,13.285714285714286,2.5634797778466134,0.45161290322580644,True,-1,True,MEDIUM
2013-11-20,1,5,22,12.571428571428571,3.7352886036263557,1.75,True,-1,True,MEDIUM
2013-12-25,1,5,5,13.0,3.3665016461206836,0.38461538461538464,True,-1,True,MEDIUM
2014-01-26,1,5,24,10.571428571428571,2.225394561056748,2.27027027027027,True,-1,True,MEDIUM
2014-02-06,1,5,5,11.0,2.449489742783178,0.45454545454545453,True,-1,True,MEDIUM
2014-02-07,1,5,17,10.571428571428571,3.2071349029490945,1.6081081081081081,True,-1,True,MEDIUM
2014-02-23,1,5,19,11.0,3.5590260840104375,1.7272727272727273,True,-1,True,MEDIUM
2014-03-08,1,5,7,15.0,2.9439202887759266,0.4666666666666667,True,-1,True,MEDIUM
2014-03-27,1,5,23,13.857142857142858,1.5735915849388473,1.6597938144329896,True,-1,True,MEDIUM
2014-05-27,1,5,9,20.571428571428573,4.961758520831837,0.43749999999999994,True,-1,True,MEDIUM
2014-06-30,1,5,9,20.0,3.7416573867739022,0.45,True,-1,True,MEDIUM
2014-07-14,1,5,9,21.714285714285715,4.715728494951223,0.41447368421052627,True,-1,True,MEDIUM
2014-07-28,1,5,6,19.857142857142858,3.625307868699824,0.302158273381295,True,-1,True,MEDIUM
2014-08-15,1,5,32,18.142857142857142,2.0354009783963654,1.763779527559055,True,-1,True,MEDIUM
2014-08-27,1,5,5,16.142857142857142,3.6709931185157747,0.3097345132743363,True,-1,True,MEDIUM
2014-09-01,1,5,8,22.0,8.717797887081336,0.36363636363636365,True,-1,True,MEDIUM
2014-10-27,1,5,7,15.0,4.396968652757603,0.4666666666666667,True,-1,True,MEDIUM
2014-10-29,1,5,23,12.857142857142858,4.670066788550617,1.7888888888888888,True,-1,True,MEDIUM
2014-11-11,1,5,7,15.571428571428571,5.159365040297818,0.44954128440366975,True,-1,True,MEDIUM
2014-12-03,1,5,7,17.0,4.123105625617621,0.4117647058823529,True,-1,True,MEDIUM
2014-12-08,1,5,6,13.571428571428571,6.1875450936307494,0.4421052631578947,True,-1,True,MEDIUM
2014-12-15,1,5,4,9.857142857142858,2.7945525240230356,0.40579710144927533,True,-1,True,MEDIUM
2014-12-29,1,5,6,12.428571428571429,2.6992062325272483,0.48275862068965514,True,-1,True,MEDIUM
2014-12-30,1,5,6,12.0,3.464101615137706,0.5,True,-1,True,MEDIUM
2015-01-10,1,5,6,12.285714285714286,3.1471831698777186,0.4883720930232558,True,-1,True,MEDIUM
2015-01-11,1,5,19,11.857142857142858,3.804758924845324,1.6024096385542168,True,-1,True,MEDIUM
2015-01-22,1,5,16,10.0,1.5275252316518513,1.6,True,-1,True,MEDIUM
2015-02-10,1,5,17,10.285714285714286,4.30945803685664,1.6527777777777777,True,-1,True,MEDIUM
2015-02-21,1,5,4,12.857142857142858,3.023715784073758,0.3111111111111111,True,-1,True,MEDIUM
2015-02-25,1,5,4,12.571428571428571,5.3184315625674765,0.3181818181818182,True,-1,True,MEDIUM
2015-02-28,1,5,19,10.571428571428571,5.442338432975967,1.7972972972972974,True,-1,True,MEDIUM
2015-04-03,1,5,29,13.857142857142858,4.5981362684088385,2.0927835051546393,True,-1,True,MEDIUM
2015-04-13,1,5,9,18.428571428571427,4.353433237386386,0.48837209302325585,True,-1,True,MEDIUM
2015-04-16,1,5,8,17.428571428571427,5.028490259085113,0.459016393442623,True,-1,True,MEDIUM
2015-04-27,1,5,8,17.0,3.9157800414901924,0.47058823529411764,True,-1,True,MEDIUM
2015-05-13,1,5,7,19.428571428571427,5.38074167307635,0.3602941176470589,True,-1,True,MEDIUM
2015-06-24,1,5,31,18.0,3.366501646120619,1.7222222222222223,True,-1,True,MEDIUM
2015-07-20,1,5,8,20.428571428571427,3.5989416433696735,0.3916083916083916,True,-1,True,MEDIUM
2015-07-28,1,5,10,23.571428571428573,4.353433237386367,0.4242424242424242,True,-1,True,MEDIUM
2015-10-12,1,5,9,18.0,2.9999999999999147,0.5,True,-1,True,MEDIUM
2015-10-13,1,5,6,16.857142857142858,4.561745697594651,0.3559322033898305,True,-1,True,MEDIUM
2015-10-18,1,5,26,12.857142857142858,4.525062483125512,2.022222222222222,True,-1,True,MEDIUM
2015-10-26,1,5,7,17.428571428571427,3.6449573777636677,0.40163934426229514,True,-1,True,MEDIUM
2015-11-09,1,5,3,18.0,4.396968652757583,0.16666666666666666,True,-1,True,HIGH
2015-11-20,1,5,23,14.0,2.8284271247461072,1.6428571428571428,True,-1,True,MEDIUM
2015-12-02,1,5,7,20.857142857142858,6.542898731412801,0.3356164383561644,True,-1,True,MEDIUM
2015-12-03,1,5,9,19.428571428571427,8.363753998796257,0.4632352941176471,True,-1,True,MEDIUM
2015-12-29,1,5,5,13.142857142857142,3.891382420536003,0.3804347826086957,True,-1,True,MEDIUM
2016-01-04,1,5,5,11.428571428571429,3.4572215654164347,0.4375,True,-1,True,MEDIUM
2016-01-10,1,5,22,12.142857142857142,4.140393356054065,1.811764705882353,True,-1,True,MEDIUM
2016-01-11,1,5,3,13.285714285714286,5.58910504804613,0.22580645161290322,True,-1,True,HIGH
2016-02-08,1,5,6,15.428571428571429,2.299068134204323,0.3888888888888889,True,-1,True,MEDIUM
2016-03-15,1,5,7,16.857142857142858,4.8107023544235785,0.4152542372881356,True,-1,True,MEDIUM
2016-03-30,1,5,8,17.0,3.3665016461206068,0.47058823529411764,True,-1,True,MEDIUM
2016-04-23,1,5,36,18.571428571428573,3.359421718944161,1.9384615384615382,True,-1,True,MEDIUM
2016-06-14,1,5,7,23.0,4.830458915396437,0.30434782608695654,True,-1,True,MEDIUM
2016-06-23,1,5,9,21.428571428571427,5.0284902590851095,0.42000000000000004,True,-1,True,MEDIUM
2016-06-30,1,5,33,18.428571428571427,6.347102826149408,1.7906976744186047,True,-1,True,MEDIUM
2016-08-21,1,5,33,20.0,3.265986323710832,1.65,True,-1,True,MEDIUM
2016-10-05,1,5,8,16.571428571428573,4.391550328268337,0.48275862068965514,True,-1,True,MEDIUM
2016-11-24,1,5,28,16.857142857142858,3.387652649872753,1.6610169491525424,True,-1,True,MEDIUM
2016-12-13,1,5,4,13.857142857142858,4.099941927579359,0.28865979381443296,True,-1,True,HIGH
2016-12-24,1,5,23,13.428571428571429,4.035556254807213,1.7127659574468084,True,-1,True,MEDIUM
2017-01-01,1,5,25,13.857142857142858,3.1847852585153196,1.8041237113402062,True,-1,True,MEDIUM
2017-01-30,1,5,4,12.142857142857142,1.8644544714714417,0.32941176470588235,True,-1,True,MEDIUM
2017-02-01,1,5,19,10.285714285714286,3.5456210417115863,1.847222222222222,True,-1,True,MEDIUM
2017-02-10,1,5,6,14.714285714285714,2.4299715851756942,0.4077669902912622,True,-1,True,MEDIUM
2017-02-14,1,5,7,14.714285714285714,5.707138387267996,0.47572815533980584,True,-1,True,MEDIUM
2017-02-17,1,5,26,12.285714285714286,6.047431568147585,2.1162790697674416,True,-1,True,MEDIUM
2017-03-05,1,5,26,15.714285714285714,1.3801311186844791,1.6545454545454545,True,-1,True,MEDIUM
2017-03-06,1,5,5,17.0,4.163331998932187,0.29411764705882354,True,-1,True,HIGH
2017-03-10,1,5,28,15.142857142857142,6.817344825970728,1.849056603773585,True,-1,True,MEDIUM
2017-04-10,1,5,9,19.857142857142858,3.6709931185157227,0.45323741007194246,True,-1,True,MEDIUM
2017-07-15,1,5,37,20.428571428571427,4.353433237386368,1.8111888111888113,True,-1,True,MEDIUM
2017-07-31,1,5,11,24.571428571428573,2.3704530408862126,0.4476744186046511,True,-1,True,MEDIUM
2017-09-05,1,5,7,21.285714285714285,4.1518785191879815,0.3288590604026846,True,-1,True,MEDIUM
2017-10-14,1,5,28,15.714285714285714,2.9840847683606366,1.781818181818182,True,-1,True,MEDIUM
2017-11-05,1,5,28,16.714285714285715,3.6839419880650244,1.675213675213675,True,-1,True,MEDIUM
2017-11-29,1,5,9,22.285714285714285,5.736267244886793,0.40384615384615385,True,-1,True,MEDIUM
2017-12-08,1,5,6,14.857142857142858,3.132015933791508,0.40384615384615385,True,-1,True,MEDIUM
2017-12-15,1,5,23,12.428571428571429,4.117326918327145,1.8505747126436782,True,-1,True,MEDIUM
2017-12-22,1,5,6,15.142857142857142,5.871642911161281,0.39622641509433965,True,-1,True,MEDIUM
2017-12-27,1,5,6,12.428571428571429,4.117326918327145,0.48275862068965514,True,-1,True,MEDIUM
2014-12-01,1,6,27,56.0,15.74801574802367,0.48214285714285715,True,-1,True,MEDIUM
2015-08-30,1,6,93,55.857142857142854,11.880355935023955,1.6649616368286446,True,-1,True,MEDIUM
2014-03-02,1,7,63,36.42857142857143,10.438025721005959,1.7294117647058822,True,-1,True,MEDIUM
2016-07-24,1,7,115,71.85714285714286,12.889641466808081,1.6003976143141152,True,-1,True,MEDIUM
2016-11-06,1,7,96,57.285714285714285,14.48809034706669,1.6758104738154613,True,-1,True,MEDIUM
2017-04-01,1,7,86,52.57142857142857,9.589180410879093,1.6358695652173914,True,-1,True,MEDIUM
2014-02-10,1,8,24,56.57142857142857,14.478226673838531,0.42424242424242425,True,-1,True,MEDIUM
2017-01-07,1,8,84,51.57142857142857,12.081075322685235,1.628808864265928,True,-1,True,MEDIUM
2013-02-24,1,9,50,27.0,4.082482904638639,1.8518518518518519,True,-1,True,MEDIUM
2014-03-01,1,9,55,29.0,4.760952285695239,1.896551724137931,True,-1,True,MEDIUM
2014-12-01,1,9,20,52.857142857142854,13.94547204207129,0.3783783783783784,True,-1,True,MEDIUM
2014-12-03,1,9,21,48.142857142857146,19.70979935149497,0.43620178041543023,True,-1,True,MEDIUM
2015-01-11,1,9,50,28.428571428571427,4.237025012007889,1.7587939698492463,True,-1,True,MEDIUM
2013-02-11,1,10,16,42.714285714285715,3.8172540616821276,0.3745819397993311,True,-1,True,MEDIUM
2014-03-02,1,10,80,49.142857142857146,8.02970674907801,1.627906976744186,True,-1,True,MEDIUM
2014-05-11,1,10,111,65.0,9.93310961716769,1.7076923076923076,True,-1,True,MEDIUM
2017-07-02,1,10,131,81.71428571428571,13.46246987881853,1.6031468531468533,True,-1,True,MEDIUM
2013-01-27,1,11,55,31.0,5.944184833375664,1.7741935483870968,True,-1,True,MEDIUM
2013-03-03,1,11,74,42.142857142857146,10.60547926668996,1.7559322033898304,True,-1,True,MEDIUM
2016-10-22,1,11,108,63.714285714285715,9.759000729484992,1.695067264573991,True,-1,True,MEDIUM
2015-03-01,1,13,96,51.285714285714285,10.95010328283613,1.871866295264624,True,-1,True,MEDIUM
2017-04-02,1,13,132,76.71428571428571,13.889015872435353,1.7206703910614527,True,-1,True,MEDIUM
2014-11-24,1,14,22,53.857142857142854,14.205967894146596,0.40848806366047746,True,-1,True,MEDIUM
2016-09-10,1,14,104,59.857142857142854,9.136530549184942,1.7374701670644392,True,-1,True,MEDIUM
2017-04-15,1,14,96,58.57142857142857,9.964221709983873,1.6390243902439026,True,-1,True,MEDIUM
2013-01-14,1,15,17,46.714285714285715,4.231401884099632,0.363914373088685,True,-1,True,MEDIUM
2015-02-01,1,15,86,50.857142857142854,7.289914755527398,1.6910112359550562,True,-1,True,MEDIUM
2017-04-02,1,15,136,82.71428571428571,21.661904238503535,1.6442141623488775,True,-1,True,MEDIUM
2013-02-02,1,16,21,11.857142857142858,1.7728105208558365,1.7710843373493974,True,-1,True,MEDIUM
2013-02-03,1,16,26,13.285714285714286,3.817254061682112,1.9569892473118278,True,-1,True,MEDIUM
2013-02-11,1,16,6,13.571428571428571,4.237025012007948,0.4421052631578947,True,-1,True,MEDIUM
2013-02-20,1,16,9,19.0,3.000000000000009,0.47368421052631576,True,-1,True,MEDIUM
2013-02-25,1,16,7,14.714285714285714,5.250850271282607,0.47572815533980584,True,-1,True,MEDIUM
2013-02-26,1,16,5,12.428571428571429,4.466808810815727,0.40229885057471265,True,-1,True,MEDIUM
2013-02-28,1,16,21,10.428571428571429,3.258688021128698,2.0136986301369864,True,-1,True,MEDIUM
2013-03-16,1,16,31,16.142857142857142,3.023715784073831,1.920353982300885,True,-1,True,MEDIUM
2013-03-20,1,16,5,19.571428571428573,5.826867164470205,0.2554744525547445,True,-1,True,HIGH
2013-08-08,1,16,9,24.0,5.416025603090667,0.375,True,-1,True,MEDIUM
2013-10-06,1,16,35,19.285714285714285,5.250850271282617,1.8148148148148149,True,-1,True,MEDIUM
2013-10-10,1,16,9,21.857142857142858,8.454359258760578,0.4117647058823529,True,-1,True,MEDIUM
2013-11-28,1,16,36,20.285714285714285,3.7733400639347905,1.7746478873239437,True,-1,True,MEDIUM
2013-12-02,1,16,9,22.714285714285715,6.82432623571212,0.3962264150943396,True,-1,True,MEDIUM
2014-01-03,1,16,6,13.0,2.7688746209727157,0.46153846153846156,True,-1,True,MEDIUM
2014-01-04,1,16,21,12.0,3.829708431025369,1.75,True,-1,True,MEDIUM
2014-01-06,1,16,6,12.857142857142858,5.080307452263489,0.4666666666666667,True,-1,True,MEDIUM
2014-01-24,1,16,8,16.428571428571427,3.9520940802374347,0.48695652173913045,True,-1,True,MEDIUM
2014-02-01,1,16,20,11.857142857142858,3.184785258515443,1.686746987951807,True,-1,True,MEDIUM
2014-02-04,1,16,24,12.714285714285714,4.956957592256434,1.8876404494382024,True,-1,True,MEDIUM
2014-11-08,1,16,38,20.428571428571427,6.3471028261494515,1.8601398601398602,True,-1,True,MEDIUM
2015-01-02,1,16,8,17.714285714285715,4.680252333449769,0.45161290322580644,True,-1,True,MEDIUM
2015-01-30,1,16,24,13.857142857142858,3.4364987719369084,1.7319587628865978,True,-1,True,MEDIUM
2015-02-08,1,16,33,17.857142857142858,5.1455019654248115,1.8479999999999999,True,-1,True,MEDIUM
2015-03-20,1,16,31,18.142857142857142,3.078342163598873,1.7086614173228347,True,-1,True,MEDIUM
2015-10-24,1,16,34,19.571428571428573,3.309438162646472,1.7372262773722627,True,-1,True,MEDIUM
2016-01-31,1,16,32,16.142857142857142,4.140393356054081,1.9823008849557522,True,-1,True,MEDIUM
2016-02-18,1,16,9,20.285714285714285,4.680252333449747,0.44366197183098594,True,-1,True,MEDIUM
2016-02-29,1,16,7,18.428571428571427,3.1547394428669984,0.3798449612403101,True,-1,True,MEDIUM
2016-10-31,1,16,9,24.0,4.618802153516994,0.375,True,-1,True,MEDIUM
2017-01-30,1,16,7,17.571428571428573,3.9096949095440143,0.39837398373983735,True,-1,True,MEDIUM
2017-05-17,1,16,15,31.428571428571427,3.994043183589865,0.4772727272727273,True,-1,True,MEDIUM
2017-08-05,1,16,55,29.571428571428573,6.078847008469658,1.859903381642512,True,-1,True,MEDIUM
2017-10-14,1,16,38,20.285714285714285,5.407226205560015,1.8732394366197185,True,-1,True,MEDIUM
2017-12-31,1,16,38,18.857142857142858,5.843188953205,2.015151515151515,True,-1,True,MEDIUM
2013-02-07,1,17,9,20.0,4.65474668125632,0.45,True,-1,True,MEDIUM
2013-08-28,1,17,14,30.285714285714285,11.36829341801553,0.46226415094339623,True,-1,True,MEDIUM
2014-01-11,1,17,10,22.142857142857142,3.97611918955211,0.45161290322580644,True,-1,True,MEDIUM
2014-03-01,1,17,34,17.285714285714285,6.210590034081285,1.9669421487603307,True,-1,True,MEDIUM
2014-06-01,1,17,53,30.857142857142858,2.6726124191241674,1.7175925925925926,True,-1,True,MEDIUM
2016-01-02,1,17,36,20.285714285714285,3.4503277967120543,1.7746478873239437,True,-1,True,MEDIUM
2016-12-18,1,17,38,22.714285714285715,3.352326839390449,1.6729559748427671,True,-1,True,MEDIUM
2014-12-01,1,18,34,78.85714285714286,12.876704695283069,0.43115942028985504,True,-1,True,MEDIUM
2017-03-02,1,18,89,54.0,9.291573243176858,1.6481481481481481,True,-1,True,MEDIUM
2017-03-03,1,18,101,58.857142857142854,16.21140104400335,1.7160194174757282,True,-1,True,MEDIUM
2013-02-01,1,19,40,20.428571428571427,4.429339411136563,1.9580419580419581,True,-1,True,MEDIUM
2013-04-22,1,19,13,34.285714285714285,9.77606406338605,0.37916666666666665,True,-1,True,MEDIUM
2014-10-19,1,19,59,33.857142857142854,9.668308563352248,1.7426160337552745,True,-1,True,MEDIUM
2014-12-05,1,19,19,39.57142857142857,13.125765283811559,0.48014440433213,True,-1,True,MEDIUM
2015-12-05,1,19,43,25.857142857142858,11.610750355146134,1.6629834254143645,True,-1,True,MEDIUM
2016-04-01,1,19,60,33.42857142857143,7.828519290754438,1.7948717948717947,True,-1,True,MEDIUM
2017-01-20,1,19,45,25.428571428571427,3.5523298860114654,1.7696629213483148,True,-1,True,MEDIUM
2017-03-04,1,19,55,32.0,3.0550504633039255,1.71875,True,-1,True,MEDIUM
2013-01-15,1,20,11,26.714285714285715,4.498677054212186,0.4117647058823529,True,-1,True,MEDIUM
2013-09-29,1,20,65,33.42857142857143,6.553806600166104,1.9444444444444444,True,-1,True,MEDIUM
2016-02-21,1,20,57,32.42857142857143,10.967484410096592,1.7577092511013215,True,-1,True,MEDIUM
2017-08-20,1,20,85,49.142857142857146,9.685531674075753,1.7296511627906976,True,-1,True,MEDIUM
2017-09-23,1,20,85,44.285714285714285,10.307186582093813,1.9193548387096775,True,-1,True,MEDIUM
2013-02-15,1,21,34,19.857142857142858,3.4846602621858493,1.7122302158273381,True,-1,True,MEDIUM
2013-02-17,1,21,40,21.857142857142858,6.693991620066748,1.8300653594771241,True,-1,True,MEDIUM
2013-03-29,1,21,44,24.857142857142858,4.05908739450021,1.7701149425287357,True,-1,True,MEDIUM
2013-04-28,1,21,49,29.0,3.9581140290126475,1.6896551724137931,True,-1,True,MEDIUM
2013-12-09,1,21,9,24.857142857142858,5.398412465054549,0.3620689655172414,True,-1,True,MEDIUM
2014-04-20,1,21,62,36.714285714285715,5.376314900074417,1.688715953307393,True,-1,True,MEDIUM
2014-10-12,1,21,60,32.285714285714285,6.01980857154912,1.8584070796460177,True,-1,True,MEDIUM
2014-12-21,1,22,96,47.857142857142854,6.362090102803952,2.0059701492537316,True,-1,True,MEDIUM
2017-03-26,1,22,114,68.0,12.476644848141799,1.6764705882352942,True,-1,True,MEDIUM
2013-01-30,1,23,5,16.285714285714285,3.6384193323605816,0.30701754385964913,True,-1,True,MEDIUM
2013-02-25,1,23,8,17.0,4.966554808583779,0.47058823529411764,True,-1,True,MEDIUM
2013-02-27,1,23,6,16.857142857142858,5.33630869386231,0.3559322033898305,True,-1,True,MEDIUM
2013-04-06,1,23,42,20.571428571428573,7.412987316351007,2.0416666666666665,True,-1,True,MEDIUM
2013-05-12,1,23,44,23.714285714285715,4.4239607334862745,1.855421686746988,True,-1,True,MEDIUM
2013-09-07,1,23,39,21.714285714285715,3.545621041711685,1.7960526315789473,True,-1,True,MEDIUM
2013-12-23,1,23,5,17.571428571428573,7.067699834626628,0.2845528455284553,True,-1,True,HIGH
2014-01-01,1,23,24,13.857142857142858,1.5735915849390567,1.7319587628865978,True,-1,True,MEDIUM
2014-01-13,1,23,7,17.142857142857142,3.933978962347257,0.4083333333333333,True,-1,True,MEDIUM
2014-02-05,1,23,9,19.428571428571427,4.429339411136581,0.4632352941176471,True,-1,True,MEDIUM
2014-02-13,1,23,7,18.714285714285715,5.529143565818197,0.3740458015267175,True,-1,True,MEDIUM
2014-02-23,1,23,28,16.142857142857142,2.2677868380554487,1.7345132743362832,True,-1,True,MEDIUM
2014-11-10,1,23,12,25.285714285714285,3.251373336211835,0.4745762711864407,True,-1,True,MEDIUM
2014-12-01,1,23,5,24.571428571428573,4.720774754816746,0.20348837209302326,True,-1,True,HIGH
2015-01-05,1,23,7,18.0,5.38516480713465,0.3888888888888889,True,-1,True,MEDIUM
2015-02-01,1,23,32,18.428571428571427,3.5050983275388727,1.736434108527132,True,-1,True,MEDIUM
2015-03-01,1,23,41,16.714285714285715,3.7289089429434483,2.4529914529914527,True,-1,True,MEDIUM
2015-05-18,1,23,11,26.857142857142858,8.877472827867427,0.4095744680851064,True,-1,True,MEDIUM
2015-10-12,1,23,12,26.428571428571427,3.0472470011002586,0.4540540540540541,True,-1,True,MEDIUM
2015-10-26,1,23,10,29.428571428571427,4.8941169737125305,0.33980582524271846,True,-1,True,MEDIUM
2015-12-24,1,23,9,20.571428571428573,5.593363414414883,0.43749999999999994,True,-1,True,MEDIUM
2015-12-31,1,23,30,16.857142857142858,6.229729031789802,1.7796610169491525,True,-1,True,MEDIUM
2016-12-14,1,23,30,18.142857142857142,2.193062655175539,1.6535433070866141,True,-1,True,MEDIUM
2017-01-29,1,23,32,20.0,2.5819888974719207,1.6,True,-1,True,MEDIUM
2017-03-18,1,23,46,27.428571428571427,3.7796447300923726,1.6770833333333335,True,-1,True,MEDIUM
2013-03-31,1,24,76,44.57142857142857,8.243323416704028,1.7051282051282053,True,-1,True,MEDIUM
2013-07-06,1,24,96,59.142857142857146,8.493695140682727,1.6231884057971013,True,-1,True,MEDIUM
2013-07-14,1,24,97,57.857142857142854,7.12807995252046,1.6765432098765434,True,-1,True,MEDIUM
2013-10-27,1,24,71,42.857142857142854,5.984105932344834,1.6566666666666667,True,-1,True,MEDIUM
2013-12-02,1,24,24,50.142857142857146,15.148471555777226,0.4786324786324786,True,-1,True,MEDIUM
2015-12-01,1,24,31,65.14285714285714,18.747698271419758,0.4758771929824562,True,-1,True,MEDIUM
2016-04-03,1,24,99,58.142857142857146,7.776643908280489,1.7027027027027026,True,-1,True,MEDIUM
2014-03-01,1,25,84,51.57142857142857,8.997354108424473,1.628808864265928,True,-1,True,MEDIUM
2014-12-01,1,25,26,80.71428571428571,9.013217807092882,0.32212389380530976,True,-1,True,MEDIUM
2016-02-06,1,25,88,51.857142857142854,9.172941575245902,1.696969696969697,True,-1,True,MEDIUM
2013-02-09,1,26,43,22.857142857142858,7.668736780560654,1.8812499999999999,True,-1,True,MEDIUM
2014-01-20,1,26,12,28.857142857142858,8.591246929842253,0.4158415841584158,True,-1,True,MEDIUM
2014-03-01,1,26,58,31.428571428571427,7.785823502947374,1.8454545454545455,True,-1,True,MEDIUM
2015-03-01,1,26,58,26.714285714285715,5.992058236095947,2.171122994652406,True,-1,True,MEDIUM
2015-12-26,1,26,52,28.428571428571427,4.391550328268461,1.8291457286432162,True,-1,True,MEDIUM
2016-01-03,1,26,54,28.142857142857142,6.011892975000278,1.9187817258883249,True,-1,True,MEDIUM
2016-04-03,1,26,71,42.0,11.284207253207141,1.6904761904761905,True,-1,True,MEDIUM
2016-06-18,1,26,96,55.857142857142854,7.335497516155447,1.7186700767263428,True,-1,True,MEDIUM
2013-01-15,1,27,6,12.714285714285714,3.2513733362117256,0.4719101123595506,True,-1,True,MEDIUM
2013-01-18,1,27,20,12.285714285714286,4.111540089159037,1.627906976744186,True,-1,True,MEDIUM
2013-01-31,1,27,18,10.428571428571429,2.572750982712399,1.726027397260274,True,-1,True,MEDIUM
2013-02-18,1,27,6,12.285714285714286,3.3022358947782506,0.4883720930232558,True,-1,True,MEDIUM
2013-02-20,1,27,5,11.571428571428571,3.823486317361109,0.4320987654320988,True,-1,True,MEDIUM
2013-02-23,1,27,19,9.857142857142858,3.5321651258386044,1.9275362318840579,True,-1,True,MEDIUM
2013-02-24,1,27,19,11.285714285714286,4.889249625940764,1.6835443037974682,True,-1,True,MEDIUM
2013-03-08,1,27,24,14.142857142857142,2.410295378065487,1.696969696969697,True,-1,True,MEDIUM
2013-03-13,1,27,8,17.142857142857142,5.459809869356616,0.4666666666666667,True,-1,True,MEDIUM
2013-04-04,1,27,24,13.428571428571429,5.769377287516772,1.7872340425531914,True,-1,True,MEDIUM
2013-05-08,1,27,9,19.857142857142858,3.7161167647860447,0.45323741007194246,True,-1,True,MEDIUM
2013-06-03,1,27,10,23.285714285714285,4.386125310350276,0.4294478527607362,True,-1,True,MEDIUM
2013-06-23,1,27,32,18.0,6.531972647421815,1.7777777777777777,True,-1,True,MEDIUM
2013-07-22,1,27,9,24.0,3.0550504633038926,0.375,True,-1,True,MEDIUM
2013-08-10,1,27,27,16.714285714285715,2.6903708365382193,1.6153846153846152,True,-1,True,MEDIUM
2013-09-05,1,27,29,16.857142857142858,3.236694374850768,1.7203389830508473,True,-1,True,MEDIUM
2013-09-09,1,27,9,18.571428571428573,7.480132415430962,0.48461538461538456,True,-1,True,MEDIUM
2013-10-02,1,27,8,18.857142857142858,2.4784787961282273,0.42424242424242425,True,-1,True,MEDIUM
2013-10-07,1,27,8,16.714285714285715,3.903600291794156,0.4786324786324786,True,-1,True,MEDIUM
2013-10-21,1,27,5,18.0,3.366501646120709,0.2777777777777778,True,-1,True,HIGH
2013-12-08,1,27,19,11.571428571428571,1.5118578920370758,1.6419753086419753,True,-1,True,MEDIUM
2013-12-25,1,27,18,10.0,2.886751345948237,1.8,True,-1,True,MEDIUM
2013-12-30,1,27,1,13.714285714285714,4.820590756130992,0.07291666666666667,True,-1,True,HIGH
2014-01-13,1,27,6,13.857142857142858,4.947341758580134,0.43298969072164945,True,-1,True,MEDIUM
2014-02-02,1,27,22,12.0,3.0000000000000786,1.8333333333333333,True,-1,True,MEDIUM
2014-02-05,1,27,7,14.428571428571429,4.429339411136596,0.48514851485148514,True,-1,True,MEDIUM
2014-02-08,1,27,26,14.285714285714286,5.376314900074417,1.8199999999999998,True,-1,True,MEDIUM
2014-03-10,1,27,8,17.714285714285715,4.49867705421219,0.45161290322580644,True,-1,True,MEDIUM
2014-03-23,1,27,27,16.714285714285715,2.5634797778466365,1.6153846153846152,True,-1,True,MEDIUM
2014-04-01,1,27,29,17.0,2.1602468994693,1.7058823529411764,True,-1,True,MEDIUM
2014-10-06,1,27,10,22.285714285714285,2.9840847683605713,0.44871794871794873,True,-1,True,MEDIUM
2014-10-27,1,27,7,17.428571428571427,3.9096949095440117,0.40163934426229514,True,-1,True,MEDIUM
2014-12-02,1,27,7,20.571428571428573,8.017837257372719,0.34027777777777773,True,-1,True,MEDIUM
2014-12-03,1,27,8,19.428571428571427,9.396047801374479,0.411764705882353,True,-1,True,MEDIUM
2014-12-29,1,27,8,17.714285714285715,3.352326839390109,0.45161290322580644,True,-1,True,MEDIUM
2015-01-14,1,27,7,14.428571428571429,3.359421718944282,0.48514851485148514,True,-1,True,MEDIUM
2015-01-18,1,27,21,12.714285714285714,2.9840847683606895,1.651685393258427,True,-1,True,MEDIUM
2015-01-19,1,27,5,13.857142857142858,4.336994790119549,0.36082474226804123,True,-1,True,MEDIUM
2015-01-22,1,27,6,13.285714285714286,4.990467102863442,0.45161290322580644,True,-1,True,MEDIUM
2015-02-03,1,27,25,13.571428571428571,3.3594217189442865,1.8421052631578947,True,-1,True,MEDIUM
2015-02-18,1,27,22,12.428571428571429,4.649628761422569,1.7701149425287357,True,-1,True,MEDIUM
2015-08-24,1,27,11,23.428571428571427,3.5989416433696837,0.46951219512195125,True,-1,True,MEDIUM
2015-11-16,1,27,7,21.142857142857142,6.568322247184337,0.3310810810810811,True,-1,True,MEDIUM
2015-12-08,1,27,25,15.0,2.3094010767584643,1.6666666666666667,True,-1,True,MEDIUM
2015-12-15,1,27,8,17.714285714285715,4.8892496259407325,0.45161290322580644,True,-1,True,MEDIUM
2015-12-28,1,27,8,16.571428571428573,2.6367367999822635,0.48275862068965514,True,-1,True,MEDIUM
2016-01-13,1,27,7,15.0,4.35889894354065,0.4666666666666667,True,-1,True,MEDIUM
2016-01-19,1,27,6,13.285714285714286,5.186980037050629,0.45161290322580644,True,-1,True,MEDIUM
2016-02-02,1,27,23,12.571428571428571,2.7602622373693935,1.8295454545454546,True,-1,True,MEDIUM
2016-02-15,1,27,6,16.857142857142858,3.0783421635988137,0.3559322033898305,True,-1,True,MEDIUM
2016-02-29,1,27,8,17.714285714285715,5.90802521192671,0.45161290322580644,True,-1,True,MEDIUM
2016-03-09,1,27,9,20.857142857142858,2.968084198523279,0.4315068493150685,True,-1,True,MEDIUM
2016-03-13,1,27,34,18.428571428571427,6.347102826149424,1.8449612403100777,True,-1,True,MEDIUM
2016-06-06,1,27,9,25.714285714285715,7.609517849690731,0.35,True,-1,True,MEDIUM
2016-10-31,1,27,8,22.142857142857142,4.634241089562568,0.3612903225806452,True,-1,True,MEDIUM
2016-12-06,1,27,7,19.428571428571427,6.187545093630727,0.3602941176470589,True,-1,True,MEDIUM
2016-12-13,1,27,6,16.0,5.537749241945306,0.375,True,-1,True,MEDIUM
2017-01-20,1,27,26,12.0,3.415650255319695,2.1666666666666665,True,-1,True,MEDIUM
2017-01-21,1,27,26,13.571428571428571,6.3207895829856495,1.9157894736842105,True,-1,True,MEDIUM
2017-02-01,1,27,8,18.285714285714285,6.369570517030788,0.4375,True,-1,True,MEDIUM
2017-02-06,1,27,6,15.428571428571429,4.157609203101392,0.3888888888888889,True,-1,True,MEDIUM
2017-03-01,1,27,27,15.428571428571429,4.117326918326993,1.75,True,-1,True,MEDIUM
2017-07-30,1,27,48,27.285714285714285,4.644505202002486,1.7591623036649215,True,-1,True,MEDIUM
2017-08-13,1,27,40,22.714285714285715,3.4016802570829294,1.761006289308176,True,-1,True,MEDIUM
2017-09-18,1,27,12,27.142857142857142,10.221359521912433,0.4421052631578947,True,-1,True,MEDIUM
2017-09-20,1,27,12,25.571428571428573,11.341033798514447,0.4692737430167597,True,-1,True,MEDIUM
2017-10-27,1,27,32,17.714285714285715,2.9277002188454313,1.8064516129032258,True,-1,True,MEDIUM
2017-12-24,1,27,27,15.571428571428571,3.9940431835898025,1.7339449541284404,True,-1,True,MEDIUM
2013-03-10,1,28,94,55.57142857142857,15.650954633899524,1.6915167095115682,True,-1,True,MEDIUM
2015-08-03,1,28,50,100.28571428571429,15.402535350977171,0.49857549857549854,True,-1,True,MEDIUM
2017-10-08,1,29,109,64.0,10.016652800877727,1.703125,True,-1,True,MEDIUM
2013-02-01,1,30,30,18.142857142857142,2.4784787961281958,1.6535433070866141,True,-1,True,MEDIUM
2013-05-18,1,30,62,30.428571428571427,4.035556254807332,2.0375586854460095,True,-1,True,MEDIUM
2013-08-26,1,30,14,33.714285714285715,10.078265156832755,0.4152542372881356,True,-1,True,MEDIUM
2015-02-15,1,30,43,21.571428571428573,4.85994317035158,1.9933774834437086,True,-1,True,MEDIUM
2015-03-01,1,30,40,23.857142857142858,3.5790395093548595,1.6766467065868262,True,-1,True,MEDIUM
2015-10-18,1,30,58,30.571428571428573,7.976154939508453,1.8971962616822429,True,-1,True,MEDIUM
2017-04-02,1,30,66,38.57142857142857,10.627905765125066,1.7111111111111112,True,-1,True,MEDIUM
2013-12-08,1,31,65,32.714285714285715,6.473388749701298,1.9868995633187772,True,-1,True,MEDIUM
2015-03-08,1,31,70,42.857142857142854,14.241120876164311,1.6333333333333335,True,-1,True,MEDIUM
2015-07-05,1,31,106,65.71428571428571,11.086242010021603,1.6130434782608698,True,-1,True,MEDIUM
2016-01-04,1,31,15,35.57142857142857,3.0472470010988553,0.42168674698795183,True,-1,True,MEDIUM
2013-05-18,1,32,58,35.42857142857143,4.429339411136588,1.6370967741935483,True,-1,True,MEDIUM
2013-10-06,1,32,54,32.42857142857143,4.1173269183271,1.6651982378854624,True,-1,True,MEDIUM
2013-12-16,1,32,13,28.714285714285715,9.050124966251108,0.4527363184079602,True,-1,True,MEDIUM
2016-11-20,1,32,81,46.714285714285715,10.546947199929233,1.7339449541284404,True,-1,True,MEDIUM
2013-03-17,1,33,81,41.857142857142854,7.861903319777205,1.9351535836177476,True,-1,True,MEDIUM
2015-03-01,1,33,78,45.142857142857146,10.023781246425475,1.7278481012658227,True,-1,True,MEDIUM
2017-03-19,1,33,96,59.285714285714285,13.972762620115486,1.619277108433735,True,-1,True,MEDIUM
2013-01-11,1,34,22,12.0,2.4494897427831788,1.8333333333333333,True,-1,True,MEDIUM
2013-01-21,1,34,5,13.857142857142858,2.193062655175138,0.36082474226804123,True,-1,True,MEDIUM
2013-02-02,1,34,23,12.142857142857142,4.670066788550657,1.8941176470588237,True,-1,True,MEDIUM
2013-02-18,1,34,5,14.714285714285714,2.7516228977511723,0.33980582524271846,True,-1,True,MEDIUM
2013-03-03,1,34,27,15.428571428571429,4.649628761422531,1.75,True,-1,True,MEDIUM
2013-04-07,1,34,35,19.428571428571427,3.154739442867009,1.8014705882352942,True,-1,True,MEDIUM
2013-04-28,1,34,34,18.571428571428573,3.9096949095439935,1.8307692307692307,True,-1,True,MEDIUM
2013-10-14,1,34,9,20.142857142857142,2.968084198523311,0.4468085106382979,True,-1,True,MEDIUM
2013-11-12,1,34,8,21.285714285714285,3.4503277967117496,0.37583892617449666,True,-1,True,MEDIUM
2013-11-24,1,34,36,18.571428571428573,3.2071349029491056,1.9384615384615382,True,-1,True,MEDIUM
2013-12-17,1,34,6,16.571428571428573,4.64962876142256,0.3620689655172413,True,-1,True,MEDIUM
2013-12-22,1,34,25,12.571428571428571,4.157609203101589,1.9886363636363638,True,-1,True,MEDIUM
2014-01-26,1,34,27,13.0,2.581988897471754,2.076923076923077,True,-1,True,MEDIUM
2014-01-31,1,34,24,13.714285714285714,6.156684327197761,1.75,True,-1,True,MEDIUM
2014-02-19,1,34,24,13.428571428571429,3.154739442867137,1.7872340425531914,True,-1,True,MEDIUM
2014-08-21,1,34,12,27.0,2.9999999999997806,0.4444444444444444,True,-1,True,MEDIUM
2014-09-28,1,34,40,21.714285714285715,6.21059003408116,1.8421052631578947,True,-1,True,MEDIUM
2014-12-13,1,34,29,15.714285714285714,3.3022358947783483,1.8454545454545455,True,-1,True,MEDIUM
2014-12-15,1,34,6,18.714285714285715,6.626066850308863,0.32061068702290074,True,-1,True,MEDIUM
2015-02-01,1,34,30,15.714285714285714,4.750939756661757,1.9090909090909092,True,-1,True,MEDIUM
2015-02-14,1,34,32,17.714285714285715,4.923220007078248,1.8064516129032258,True,-1,True,MEDIUM
2015-02-24,1,34,7,15.571428571428571,3.3094381626465945,0.44954128440366975,True,-1,True,MEDIUM
2015-03-29,1,34,35,18.714285714285715,2.984084768360639,1.8702290076335877,True,-1,True,MEDIUM
2015-04-20,1,34,8,25.857142857142858,6.0944940022003244,0.30939226519337015,True,-1,True,MEDIUM
2015-11-19,1,34,8,24.714285714285715,7.087883692477873,0.3236994219653179,True,-1,True,MEDIUM
2015-12-17,1,34,9,18.428571428571427,3.644957377763647,0.48837209302325585,True,-1,True,MEDIUM
2015-12-19,1,34,33,15.571428571428571,4.894116973712491,2.1192660550458715,True,-1,True,MEDIUM
2016-02-29,1,34,8,18.285714285714285,3.4016802570829574,0.4375,True,-1,True,MEDIUM
2016-03-24,1,34,32,18.571428571428573,2.5071326821119087,1.723076923076923,True,-1,True,MEDIUM
2016-09-05,1,34,13,27.0,3.0550504633035613,0.48148148148148145,True,-1,True,MEDIUM
2017-02-03,1,34,33,17.285714285714285,4.029651999626694,1.9090909090909092,True,-1,True,MEDIUM
2017-02-13,1,34,9,18.571428571428573,3.4572215654164915,0.48461538461538456,True,-1,True,MEDIUM
2017-12-11,1,34,9,21.285714285714285,7.2044959507769635,0.4228187919463087,True,-1,True,MEDIUM
2015-04-26,1,35,105,64.42857142857143,8.403514004215799,1.629711751662971,True,-1,True,MEDIUM
2016-05-08,1,35,115,70.85714285714286,13.371967836093681,1.6229838709677418,True,-1,True,MEDIUM
2013-02-23,1,37,9,20.142857142857142,2.2677868380553754,0.4468085106382979,True,-1,True,MEDIUM
2013-10-07,1,37,9,21.857142857142858,5.6103645582253066,0.4117647058823529,True,-1,True,MEDIUM
2013-11-25,1,37,8,22.571428571428573,7.457817885886446,0.35443037974683544,True,-1,True,MEDIUM
2013-11-28,1,37,39,21.571428571428573,8.997354108424384,1.8079470198675496,True,-1,True,MEDIUM
2013-12-02,1,37,11,22.428571428571427,9.501879513323372,0.4904458598726115,True,-1,True,MEDIUM
2014-09-01,1,37,12,31.428571428571427,10.179344164485647,0.38181818181818183,True,-1,True,MEDIUM
2014-09-15,1,37,8,30.142857142857142,4.6700667885506855,0.26540284360189575,True,-1,True,HIGH
2014-09-20,1,37,46,25.428571428571427,9.571783930858832,1.808988764044944,True,-1,True,MEDIUM
2014-12-07,1,37,30,16.428571428571427,4.076646614442581,1.8260869565217392,True,-1,True,MEDIUM
2015-03-21,1,37,42,21.285714285714285,3.5923198500079354,1.9731543624161074,True,-1,True,MEDIUM
2015-12-25,1,37,29,16.714285714285715,4.029651999626573,1.7350427350427349,True,-1,True,MEDIUM
2016-12-24,1,37,39,20.0,6.879922480183402,1.95,True,-1,True,MEDIUM
2017-01-08,1,37,32,17.857142857142858,4.947341758580062,1.792,True,-1,True,MEDIUM
2017-03-05,1,37,44,23.142857142857142,6.414269805898154,1.9012345679012346,True,-1,True,MEDIUM
2017-03-20,1,37,9,24.857142857142858,4.879500364742623,0.3620689655172414,True,-1,True,MEDIUM
2017-04-23,1,37,51,29.571428571428573,3.7796447300922016,1.7246376811594202,True,-1,True,MEDIUM
2017-07-09,1,37,57,33.714285714285715,3.68394198806492,1.6906779661016949,True,-1,True,MEDIUM
2017-12-04,1,37,11,28.0,9.018499505645794,0.39285714285714285,True,-1,True,MEDIUM
2013-03-16,1,38,92,51.57142857142857,9.144345117013467,1.7839335180055402,True,-1,True,MEDIUM
2013-12-02,1,38,26,59.857142857142854,16.88617354947111,0.4343675417661098,True,-1,True,MEDIUM
2017-03-19,1,38,111,69.0,10.360180178613703,1.608695652173913,True,-1,True,MEDIUM
2017-12-04,1,38,39,80.0,16.753109164172315,0.4875,True,-1,True,MEDIUM
2013-01-27,1,39,32,18.428571428571427,3.359421718944247,1.736434108527132,True,-1,True,MEDIUM
2013-05-17,1,39,57,34.142857142857146,5.177791402666149,1.6694560669456064,True,-1,True,MEDIUM
2013-11-03,1,39,54,28.571428571428573,9.484322904265849,1.89,True,-1,True,MEDIUM
2014-09-21,1,39,59,35.57142857142857,10.89123719414132,1.6586345381526106,True,-1,True,MEDIUM
2014-12-31,1,39,13,28.857142857142858,3.4846602621858476,0.4504950495049505,True,-1,True,MEDIUM
2015-02-01,1,39,47,26.857142857142858,4.298393941484518,1.75,True,-1,True,MEDIUM
2015-02-02,1,39,13,29.285714285714285,8.807464366741915,0.44390243902439025,True,-1,True,MEDIUM
2016-01-24,1,39,47,25.285714285714285,3.3523268393903884,1.8587570621468927,True,-1,True,MEDIUM
2016-04-24,1,39,78,46.42857142857143,7.828519290754213,1.68,True,-1,True,MEDIUM
2013-04-04,1,40,36,20.142857142857142,3.6709931185158085,1.7872340425531916,True,-1,True,MEDIUM
2013-09-21,1,40,10,22.857142857142858,3.6253078686998856,0.4375,True,-1,True,MEDIUM
2013-09-22,1,40,37,20.428571428571427,5.563486402641912,1.8111888111888113,True,-1,True,MEDIUM
2013-12-02,1,40,9,22.285714285714285,5.21901286050298,0.40384615384615385,True,-1,True,MEDIUM
2013-12-17,1,40,8,17.285714285714285,2.7516228977513277,0.4628099173553719,True,-1,True,MEDIUM
2014-01-25,1,40,23,14.0,2.2360679775000456,1.6428571428571428,True,-1,True,MEDIUM
2015-01-12,1,40,7,17.857142857142858,2.794552524023048,0.392,True,-1,True,MEDIUM
2015-01-18,1,40,28,15.0,4.1633319989322555,1.8666666666666667,True,-1,True,MEDIUM
2015-01-24,1,40,8,19.285714285714285,5.2824958026260305,0.41481481481481486,True,-1,True,MEDIUM
2015-03-01,1,40,36,19.285714285714285,3.251373336211683,1.8666666666666667,True,-1,True,MEDIUM
2015-06-22,1,40,16,32.714285714285715,2.2886885410851163,0.4890829694323144,True,-1,True,MEDIUM
2015-11-14,1,40,44,26.285714285714285,3.0937725468151993,1.673913043478261,True,-1,True,MEDIUM
2015-12-08,1,40,9,18.428571428571427,3.457221565416314,0.48837209302325585,True,-1,True,MEDIUM
2016-01-14,1,40,8,20.0,4.830458915396342,0.4,True,-1,True,MEDIUM
2016-01-16,1,40,33,18.0,6.164414002968864,1.8333333333333333,True,-1,True,MEDIUM
2017-02-23,1,40,34,20.0,3.8297084310250846,1.7,True,-1,True,MEDIUM
2017-03-15,1,40,14,30.857142857142858,9.719886340703232,0.4537037037037037,True,-1,True,MEDIUM
2017-06-24,1,40,52,32.0,3.1091263510294453,1.625,True,-1,True,MEDIUM
2017-09-17,1,40,46,27.857142857142858,3.5790395093547973,1.6512820512820512,True,-1,True,MEDIUM
2017-12-31,1,40,40,21.142857142857142,4.4507891221133535,1.8918918918918919,True,-1,True,MEDIUM
2013-01-12,1,41,20,11.142857142857142,3.532165125838608,1.794871794871795,True,-1,True,MEDIUM
2013-01-14,1,41,5,12.142857142857142,4.879500364742665,0.411764705882353,True,-1,True,MEDIUM
2013-01-16,1,41,4,13.0,4.54606056566195,0.3076923076923077,True,-1,True,MEDIUM
2013-01-21,1,41,14,8.285714285714286,3.352326839390104,1.689655172413793,True,-1,True,MEDIUM
2013-01-30,1,41,3,12.142857142857142,3.436498771936897,0.24705882352941178,True,-1,True,HIGH
2013-02-20,1,41,5,14.285714285714286,2.6903708365381926,0.35,True,-1,True,MEDIUM
2013-03-01,1,41,21,9.428571428571429,3.4572215654165053,2.227272727272727,True,-1,True,MEDIUM
2013-03-02,1,41,20,11.142857142857142,5.550632739564365,1.794871794871795,True,-1,True,MEDIUM
2013-03-08,1,41,27,16.142857142857142,3.2366943748507437,1.672566371681416,True,-1,True,MEDIUM
2013-03-11,1,41,8,17.142857142857142,4.947341758580101,0.4666666666666667,True,-1,True,MEDIUM
2013-03-17,1,41,23,12.714285714285714,5.407226205560044,1.808988764044944,True,-1,True,MEDIUM
2013-05-28,1,41,8,20.0,4.654746681256299,0.4,True,-1,True,MEDIUM
2013-08-13,1,41,8,17.857142857142858,3.716116764786005,0.448,True,-1,True,MEDIUM
2013-09-18,1,41,8,17.285714285714285,3.6384193323605616,0.4628099173553719,True,-1,True,MEDIUM
2013-11-16,1,41,10,20.428571428571427,0.9759000729483751,0.48951048951048953,True,-1,True,MEDIUM
2013-12-12,1,41,19,10.571428571428571,2.6367367999823395,1.7972972972972974,True,-1,True,MEDIUM
2013-12-15,1,41,21,11.857142857142858,4.634241089562622,1.7710843373493974,True,-1,True,MEDIUM
2013-12-28,1,41,20,12.428571428571429,2.6367367999823195,1.6091954022988506,True,-1,True,MEDIUM
2013-12-30,1,41,6,13.714285714285714,4.270608298368655,0.4375,True,-1,True,MEDIUM
2014-01-17,1,41,5,11.0,2.8284271247462125,0.45454545454545453,True,-1,True,MEDIUM
2014-01-19,1,41,15,9.142857142857142,2.5448360411214512,1.640625,True,-1,True,MEDIUM
2014-01-29,1,41,5,12.857142857142858,3.7161167647860354,0.3888888888888889,True,-1,True,MEDIUM
2014-02-02,1,41,21,11.142857142857142,4.450789122113507,1.8846153846153848,True,-1,True,MEDIUM
2014-02-20,1,41,4,15.857142857142858,4.947341758580088,0.25225225225225223,True,-1,True,HIGH
2014-02-27,1,41,6,13.142857142857142,5.080307452263477,0.4565217391304348,True,-1,True,MEDIUM
2014-03-09,1,41,25,15.285714285714286,2.138089935299364,1.6355140186915886,True,-1,True,MEDIUM
2014-04-20,1,41,35,18.714285714285715,5.407226205560007,1.8702290076335877,True,-1,True,MEDIUM
2014-04-28,1,41,6,20.714285714285715,4.95695759225637,0.28965517241379307,True,-1,True,HIGH
2014-05-05,1,41,11,22.428571428571427,9.829498848824745,0.4904458598726115,True,-1,True,MEDIUM
2014-09-09,1,41,9,20.0,2.3804761428475683,0.45,True,-1,True,MEDIUM
2014-11-03,1,41,10,20.714285714285715,3.9036002917940764,0.48275862068965514,True,-1,True,MEDIUM
2014-11-17,1,41,9,20.714285714285715,5.7652489311472745,0.43448275862068964,True,-1,True,MEDIUM
2014-12-01,1,41,9,19.857142857142858,5.047394424471917,0.45323741007194246,True,-1,True,MEDIUM
2014-12-03,1,41,8,17.857142857142858,6.229729031789733,0.448,True,-1,True,MEDIUM
2014-12-08,1,41,4,13.571428571428571,4.035556254807387,0.2947368421052632,True,-1,True,HIGH
2014-12-23,1,41,5,15.285714285714286,3.817254061682171,0.32710280373831774,True,-1,True,MEDIUM
2015-01-22,1,41,6,13.571428571428571,3.1014589500827374,0.4421052631578947,True,-1,True,MEDIUM
2015-01-27,1,41,22,11.571428571428571,3.598941643369885,1.9012345679012346,True,-1,True,MEDIUM
2015-02-01,1,41,21,12.428571428571429,4.68533680244887,1.6896551724137931,True,-1,True,MEDIUM
2015-02-10,1,41,3,15.714285714285714,2.8702082220799956,0.19090909090909092,True,-1,True,HIGH
2015-02-13,1,41,26,13.0,5.416025603090711,2.0,True,-1,True,MEDIUM
2015-02-23,1,41,7,14.142857142857142,2.4784787961283383,0.494949494949495,True,-1,True,MEDIUM
2015-05-03,1,41,31,19.142857142857142,2.544836041121384,1.619402985074627,True,-1,True,MEDIUM
2015-10-04,1,41,29,15.428571428571429,2.9920529661725044,1.8796296296296295,True,-1,True,MEDIUM
2016-01-06,1,41,9,18.142857142857142,2.267786838055417,0.49606299212598426,True,-1,True,MEDIUM
2016-01-30,1,41,26,12.571428571428571,3.3594217189444553,2.0681818181818183,True,-1,True,MEDIUM
2016-02-21,1,41,28,16.857142857142858,2.853569193634124,1.6610169491525424,True,-1,True,MEDIUM
2016-02-22,1,41,9,18.571428571428573,5.028490259085174,0.48461538461538456,True,-1,True,MEDIUM
2016-02-29,1,41,8,17.285714285714285,4.820590756131007,0.4628099173553719,True,-1,True,MEDIUM
2016-05-10,1,41,8,24.857142857142858,6.718843437888394,0.3218390804597701,True,-1,True,MEDIUM
2016-07-11,1,41,11,24.571428571428573,2.992052966172188,0.4476744186046511,True,-1,True,MEDIUM
2016-12-06,1,41,7,16.0,4.472135954999635,0.4375,True,-1,True,MEDIUM
2016-12-27,1,41,9,18.714285714285715,4.889249625940759,0.4809160305343511,True,-1,True,MEDIUM
2017-01-09,1,41,7,16.857142857142858,2.968084198523376,0.4152542372881356,True,-1,True,MEDIUM
2017-01-16,1,41,7,15.285714285714286,5.154748157905413,0.45794392523364486,True,-1,True,MEDIUM
2017-01-30,1,41,8,17.571428571428573,5.223572942509226,0.45528455284552843,True,-1,True,MEDIUM
2017-02-02,1,41,8,17.428571428571427,5.711308748356006,0.459016393442623,True,-1,True,MEDIUM
2017-03-13,1,41,8,20.285714285714285,6.651172470932841,0.3943661971830986,True,-1,True,MEDIUM
2017-03-21,1,41,7,19.571428571428573,3.866830866792697,0.3576642335766423,True,-1,True,MEDIUM
2017-03-29,1,41,9,19.285714285714285,3.6384193323605687,0.4666666666666667,True,-1,True,MEDIUM
2017-10-16,1,41,8,19.571428571428573,7.457817885886436,0.4087591240875912,True,-1,True,MEDIUM
2017-12-17,1,41,28,16.714285714285715,3.450327796711867,1.675213675213675,True,-1,True,MEDIUM
2013-01-23,1,42,7,18.428571428571427,3.598941643369749,0.3798449612403101,True,-1,True,MEDIUM
2013-03-10,1,42,47,23.714285714285715,4.644505202002533,1.9819277108433735,True,-1,True,MEDIUM
2013-04-04,1,42,41,25.142857142857142,3.132015933791499,1.6306818181818181,True,-1,True,MEDIUM
2014-09-21,1,42,65,37.42857142857143,7.480132415430971,1.7366412213740456,True,-1,True,MEDIUM
2015-12-21,1,42,8,27.857142857142858,1.8644544714715254,0.28717948717948716,True,-1,True,HIGH
2016-01-19,1,42,12,24.857142857142858,2.1157009420496866,0.48275862068965514,True,-1,True,MEDIUM
2014-11-09,1,43,70,41.857142857142854,5.639993245521237,1.672354948805461,True,-1,True,MEDIUM
2015-02-16,1,43,15,32.857142857142854,2.8535691936347987,0.4565217391304348,True,-1,True,MEDIUM
2013-03-11,1,44,8,19.142857142857142,3.023715784073821,0.417910447761194,True,-1,True,MEDIUM
2013-04-22,1,44,10,23.0,4.123105625617672,0.43478260869565216,True,-1,True,MEDIUM
2013-06-23,1,44,49,23.285714285714285,6.395683067879615,2.1042944785276076,True,-1,True,MEDIUM
2014-01-05,1,44,29,15.714285714285714,3.5456210417116254,1.8454545454545455,True,-1,True,MEDIUM
2014-01-27,1,44,7,17.857142857142858,5.080307452263448,0.392,True,-1,True,MEDIUM
2014-02-01,1,44,30,16.285714285714285,4.608480795022906,1.842105263157895,True,-1,True,MEDIUM
2014-03-02,1,44,35,18.0,4.163331998932234,1.9444444444444444,True,-1,True,MEDIUM
2014-03-15,1,44,46,24.142857142857142,6.618876325292942,1.9053254437869822,True,-1,True,MEDIUM
2014-03-17,1,44,12,24.571428571428573,10.564991605252093,0.4883720930232558,True,-1,True,MEDIUM
2014-10-15,1,44,7,26.571428571428573,3.4086724129853203,0.26344086021505375,True,-1,True,HIGH
2015-01-01,1,44,7,20.0,4.281744192888341,0.35,True,-1,True,MEDIUM
2015-09-20,1,44,41,22.285714285714285,7.718252948137211,1.8397435897435899,True,-1,True,MEDIUM
2016-12-19,1,44,10,21.428571428571427,4.314979445959056,0.4666666666666667,True,-1,True,MEDIUM
2017-06-03,1,44,58,32.42857142857143,6.294366339755529,1.7885462555066078,True,-1,True,MEDIUM
2017-10-07,1,44,53,29.142857142857142,7.668736780560751,1.8186274509803921,True,-1,True,MEDIUM
2017-12-04,1,44,9,25.428571428571427,5.883795341363482,0.35393258426966295,True,-1,True,MEDIUM
2013-02-03,1,45,82,39.857142857142854,8.72598745947168,2.057347670250896,True,-1,True,MEDIUM
2014-01-05,1,45,76,44.42857142857143,5.318431562567324,1.7106109324758842,True,-1,True,MEDIUM
2015-12-01,1,45,37,77.85714285714286,17.985443849852384,0.4752293577981651,True,-1,True,MEDIUM
2013-03-16,1,46,58,35.0,12.027745701779146,1.6571428571428573,True,-1,True,MEDIUM
2014-01-19,1,46,57,31.571428571428573,6.241184258806708,1.8054298642533935,True,-1,True,MEDIUM
2014-06-08,1,46,98,57.285714285714285,9.569296137722546,1.7107231920199502,True,-1,True,MEDIUM
2015-02-01,1,46,61,33.0,10.567244989431519,1.8484848484848484,True,-1,True,MEDIUM
2015-02-22,1,46,61,36.857142857142854,3.76069902316804,1.6550387596899225,True,-1,True,MEDIUM
2017-04-02,1,46,91,54.0,11.53256259467107,1.6851851851851851,True,-1,True,MEDIUM
2013-01-13,1,47,19,10.428571428571429,2.760262237369416,1.821917808219178,True,-1,True,MEDIUM
2013-01-16,1,47,6,12.0,4.725815626252609,0.5,True,-1,True,MEDIUM
2013-01-17,1,47,4,11.285714285714286,5.2508502712826015,0.35443037974683544,True,-1,True,MEDIUM
2013-01-19,1,47,17,9.571428571428571,5.623081683476385,1.7761194029850746,True,-1,True,MEDIUM
2013-02-15,1,47,5,11.714285714285714,1.799470821684877,0.426829268292683,True,-1,True,MEDIUM
2013-02-16,1,47,20,11.0,3.109126351029603,1.8181818181818181,True,-1,True,MEDIUM
2013-02-20,1,47,6,12.285714285714286,4.49867705421219,0.4883720930232558,True,-1,True,MEDIUM
2013-03-03,1,47,21,12.857142857142858,3.4364987719369036,1.6333333333333333,True,-1,True,MEDIUM
2013-03-14,1,47,22,13.571428571428571,2.7602622373694268,1.6210526315789473,True,-1,True,MEDIUM
2013-05-06,1,47,9,19.428571428571427,4.503966505838444,0.4632352941176471,True,-1,True,MEDIUM
2013-05-21,1,47,8,19.0,6.480740698407881,0.42105263157894735,True,-1,True,MEDIUM
2013-07-03,1,47,30,17.714285714285715,2.2886885410853552,1.693548387096774,True,-1,True,MEDIUM
2013-08-03,1,47,34,17.142857142857142,5.756983337031399,1.9833333333333334,True,-1,True,MEDIUM
2013-09-02,1,47,9,21.0,2.081665999466239,0.42857142857142855,True,-1,True,MEDIUM
2013-09-08,1,47,32,14.285714285714286,5.765248931147282,2.2399999999999998,True,-1,True,MEDIUM
2013-09-19,1,47,8,17.0,4.999999999999998,0.47058823529411764,True,-1,True,MEDIUM
2013-10-07,1,47,8,17.0,3.6968455021364703,0.47058823529411764,True,-1,True,MEDIUM
2013-10-30,1,47,22,12.571428571428571,4.117326918327031,1.75,True,-1,True,MEDIUM
2013-12-19,1,47,6,12.714285714285714,3.6384193323605074,0.4719101123595506,True,-1,True,MEDIUM
2014-01-02,1,47,19,11.857142857142858,2.734262327610469,1.6024096385542168,True,-1,True,MEDIUM
2014-01-06,1,47,6,13.714285714285714,4.151878519188007,0.4375,True,-1,True,MEDIUM
2014-01-14,1,47,20,11.428571428571429,3.1014589500825127,1.75,True,-1,True,MEDIUM
2014-01-17,1,47,22,13.0,4.396968652757581,1.6923076923076923,True,-1,True,MEDIUM
2014-01-20,1,47,6,14.142857142857142,5.550632739564331,0.42424242424242425,True,-1,True,MEDIUM
2014-01-21,1,47,6,13.857142857142858,5.9561892579223885,0.43298969072164945,True,-1,True,MEDIUM
2014-02-08,1,47,21,12.857142857142858,2.115700942049689,1.6333333333333333,True,-1,True,MEDIUM
2014-02-17,1,47,6,13.142857142857142,3.0237157840737345,0.4565217391304348,True,-1,True,MEDIUM
2014-02-23,1,47,26,14.285714285714286,4.715728494951218,1.8199999999999998,True,-1,True,MEDIUM
2014-03-15,1,47,31,19.0,2.581988897471646,1.631578947368421,True,-1,True,MEDIUM
2014-03-17,1,47,8,21.0,5.507570547286138,0.38095238095238093,True,-1,True,MEDIUM
2014-03-20,1,47,9,19.0,7.637626158259746,0.47368421052631576,True,-1,True,MEDIUM
2014-06-21,1,47,36,20.285714285714285,8.035634920243007,1.7746478873239437,True,-1,True,MEDIUM
2014-07-27,1,47,39,23.714285714285715,2.751622897751279,1.644578313253012,True,-1,True,MEDIUM
2014-10-26,1,47,31,17.285714285714285,3.4503277967117567,1.7933884297520661,True,-1,True,MEDIUM
2014-12-01,1,47,6,20.285714285714285,4.151878519188082,0.29577464788732394,True,-1,True,HIGH
2014-12-12,1,47,25,12.714285714285714,4.347960660443148,1.9662921348314608,True,-1,True,MEDIUM
2015-01-04,1,47,6,13.714285714285714,2.984084768360531,0.4375,True,-1,True,MEDIUM
2015-01-14,1,47,6,12.0,2.7688746209725528,0.5,True,-1,True,MEDIUM
2015-01-17,1,47,20,11.0,3.99999999999989,1.8181818181818181,True,-1,True,MEDIUM
2015-03-02,1,47,7,17.571428571428573,4.466808810815698,0.39837398373983735,True,-1,True,MEDIUM
2015-04-17,1,47,29,17.142857142857142,2.5448360411213473,1.6916666666666667,True,-1,True,MEDIUM
2015-12-01,1,47,10,20.428571428571427,2.3704530408864013,0.48951048951048953,True,-1,True,MEDIUM
2015-12-20,1,47,27,14.285714285714286,4.608480795022819,1.89,True,-1,True,MEDIUM
2015-12-23,1,47,7,15.857142857142858,5.984105932344699,0.44144144144144143,True,-1,True,MEDIUM
2016-01-15,1,47,7,15.142857142857142,3.078342163598707,0.46226415094339623,True,-1,True,MEDIUM
2016-01-17,1,47,22,13.0,3.366501646120504,1.6923076923076923,True,-1,True,MEDIUM
2016-02-05,1,47,26,13.857142857142858,3.236694374850575,1.8762886597938144,True,-1,True,MEDIUM
2016-02-28,1,47,9,18.571428571428573,3.552329886011052,0.48461538461538456,True,-1,True,MEDIUM
2016-03-28,1,47,9,19.428571428571427,4.859943170351628,0.4632352941176471,True,-1,True,MEDIUM
2016-06-19,1,47,39,21.0,7.325753658611971,1.8571428571428572,True,-1,True,MEDIUM
2016-12-28,1,47,8,16.142857142857142,2.0354009783961904,0.49557522123893805,True,-1,True,MEDIUM
2017-01-02,1,47,8,16.285714285714285,4.4614753058557834,0.4912280701754386,True,-1,True,MEDIUM
2017-01-11,1,47,7,15.0,2.309401076758241,0.4666666666666667,True,-1,True,MEDIUM
2017-01-22,1,47,20,12.285714285714286,2.627691364060881,1.627906976744186,True,-1,True,MEDIUM
2017-02-28,1,47,7,17.142857142857142,2.9680841985231945,0.4083333333333333,True,-1,True,MEDIUM
2017-03-26,1,47,35,18.0,3.8297084310252743,1.9444444444444444,True,-1,True,MEDIUM
2017-04-22,1,47,38,21.714285714285715,4.151878519188063,1.75,True,-1,True,MEDIUM
2017-11-03,1,47,38,22.857142857142858,3.2877840272019374,1.6624999999999999,True,-1,True,MEDIUM
2017-11-19,1,47,36,20.857142857142858,3.078342163598871,1.726027397260274,True,-1,True,MEDIUM
2014-01-13,1,48,13,32.285714285714285,3.199702367110947,0.4026548672566372,True,-1,True,MEDIUM
2014-12-07,1,48,53,31.142857142857142,12.811824895106035,1.7018348623853212,True,-1,True,MEDIUM
2015-02-08,1,48,67,36.42857142857143,6.3207895829858165,1.8392156862745097,True,-1,True,MEDIUM
2013-01-09,1,49,7,15.142857142857142,4.525062483125562,0.46226415094339623,True,-1,True,MEDIUM
2013-01-21,1,49,8,16.571428571428573,1.9880595947760078,0.48275862068965514,True,-1,True,MEDIUM
2013-02-02,1,49,23,12.0,3.214550253664309,1.9166666666666667,True,-1,True,MEDIUM
2013-02-10,1,49,36,15.714285714285714,4.423960733486291,2.290909090909091,True,-1,True,MEDIUM
2013-04-07,1,49,39,22.714285714285715,3.6839419880650457,1.7169811320754715,True,-1,True,MEDIUM
2013-10-10,1,49,8,19.285714285714285,4.42396073348629,0.41481481481481486,True,-1,True,MEDIUM
2013-10-17,1,49,33,16.857142857142858,5.304984179322044,1.9576271186440677,True,-1,True,MEDIUM
2013-11-10,1,49,35,19.857142857142858,3.023715784073817,1.7625899280575539,True,-1,True,MEDIUM
2014-03-02,1,49,37,17.428571428571427,4.07664661444278,2.1229508196721314,True,-1,True,MEDIUM
2014-04-06,1,49,39,21.714285714285715,3.59231985000807,1.7960526315789473,True,-1,True,MEDIUM
2014-12-29,1,49,7,18.714285714285715,5.822779568622046,0.3740458015267175,True,-1,True,MEDIUM
2015-01-04,1,49,26,14.857142857142858,6.388233230676887,1.75,True,-1,True,MEDIUM
2015-02-13,1,49,9,20.714285714285715,5.648430038936684,0.43448275862068964,True,-1,True,MEDIUM
2016-04-03,1,49,49,27.714285714285715,4.111540089158981,1.768041237113402,True,-1,True,MEDIUM
2017-03-02,1,49,41,23.142857142857142,1.6761634196948973,1.771604938271605,True,-1,True,MEDIUM
2013-02-01,1,50,59,30.428571428571427,8.657504314314899,1.9389671361502347,True,-1,True,MEDIUM
2014-04-06,1,50,87,51.714285714285715,13.780593670258323,1.6823204419889501,True,-1,True,MEDIUM
2014-11-02,1,50,87,53.857142857142854,5.756983337031684,1.6153846153846154,True,-1,True,MEDIUM
2015-02-08,1,50,70,40.0,5.830951894845612,1.75,True,-1,True,MEDIUM
2015-11-01,1,50,90,55.57142857142857,6.754187413675046,1.6195372750642674,True,-1,True,MEDIUM
2013-01-13,2,1,30,14.857142857142858,4.2594432902501635,2.019230769230769,True,-1,True,MEDIUM
2013-07-05,2,1,42,25.285714285714285,3.5456210417116547,1.6610169491525424,True,-1,True,MEDIUM
2013-09-08,2,1,38,23.571428571428573,2.2990681342044375,1.612121212121212,True,-1,True,MEDIUM
2013-10-31,2,1,34,21.0,2.3094010767585087,1.619047619047619,True,-1,True,MEDIUM
2013-12-23,2,1,7,15.714285714285714,5.498917642417957,0.4454545454545455,True,-1,True,MEDIUM
2014-01-20,2,1,8,18.857142857142858,3.5790395093549723,0.42424242424242425,True,-1,True,MEDIUM
2014-02-01,2,1,36,16.714285714285715,3.5923198500080793,2.1538461538461537,True,-1,True,MEDIUM
2014-02-05,2,1,8,20.285714285714285,7.95223837910404,0.3943661971830986,True,-1,True,MEDIUM
2014-02-13,2,1,8,18.0,6.6332495807108085,0.4444444444444444,True,-1,True,MEDIUM
2014-02-16,2,1,29,15.285714285714286,5.879747322073356,1.8971962616822429,True,-1,True,MEDIUM
2014-03-23,2,1,39,22.428571428571427,2.9920529661723836,1.7388535031847134,True,-1,True,MEDIUM
2015-01-05,2,1,10,21.428571428571427,3.047247001100193,0.4666666666666667,True,-1,True,MEDIUM
2015-02-18,2,1,6,20.857142857142858,3.579039509354935,0.2876712328767123,True,-1,True,HIGH
2015-05-23,2,1,53,29.571428571428573,8.162049229148742,1.7922705314009661,True,-1,True,MEDIUM
2015-12-18,2,1,31,18.857142857142858,2.9113897843109093,1.6439393939393938,True,-1,True,MEDIUM
2014-01-19,2,2,77,44.0,7.000000000000221,1.75,True,-1,True,MEDIUM
2013-11-11,2,3,21,46.0,13.650396819628835,0.45652173913043476,True,-1,True,MEDIUM
2015-12-07,2,3,19,40.42857142857143,10.875923606099711,0.469964664310954,True,-1,True,MEDIUM
2016-07-02,2,3,94,58.0,13.916417163431962,1.6206896551724137,True,-1,True,MEDIUM
2017-10-15,2,3,77,46.285714285714285,6.210590034081783,1.6635802469135803,True,-1,True,MEDIUM
2013-01-13,2,4,23,13.428571428571429,2.7602622373694152,1.7127659574468084,True,-1,True,MEDIUM
2013-02-03,2,4,29,16.857142857142858,3.97611918955202,1.7203389830508473,True,-1,True,MEDIUM
2013-02-05,2,4,9,18.857142857142858,5.580578567035603,0.47727272727272724,True,-1,True,MEDIUM
2013-03-19,2,4,35,18.571428571428573,3.0472470011002244,1.8846153846153844,True,-1,True,MEDIUM
2013-03-27,2,4,11,22.428571428571427,2.507132682112044,0.4904458598726115,True,-1,True,MEDIUM
2013-10-27,2,4,35,18.714285714285715,4.111540089158966,1.8702290076335877,True,-1,True,MEDIUM
2013-12-09,2,4,8,19.428571428571427,4.89411697371247,0.411764705882353,True,-1,True,MEDIUM
2013-12-30,2,4,8,17.857142857142858,4.56174569759465,0.448,True,-1,True,MEDIUM
2014-01-27,2,4,8,18.142857142857142,3.236694374850671,0.4409448818897638,True,-1,True,MEDIUM
2014-03-16,2,4,35,20.0,3.5590260840103745,1.75,True,-1,True,MEDIUM
2015-01-18,2,4,28,17.428571428571427,2.7602622373691394,1.6065573770491806,True,-1,True,MEDIUM
2015-01-20,2,4,8,18.142857142857142,4.879500364742523,0.4409448818897638,True,-1,True,MEDIUM
2015-12-16,2,4,7,21.142857142857142,3.625307868699606,0.3310810810810811,True,-1,True,MEDIUM
2016-01-18,2,4,10,23.428571428571427,3.408672412985198,0.426829268292683,True,-1,True,MEDIUM
2016-05-01,2,4,56,30.857142857142858,7.776643908280156,1.8148148148148149,True,-1,True,MEDIUM
2016-06-05,2,4,66,37.57142857142857,4.577377082170861,1.7566539923954374,True,-1,True,MEDIUM
2016-09-10,2,4,47,28.0,4.123105625617637,1.6785714285714286,True,-1,True,MEDIUM
2013-01-11,2,5,26,11.428571428571429,3.598941643369749,2.275,True,-1,True,MEDIUM
2013-04-28,2,5,38,19.0,2.5819888974716276,2.0,True,-1,True,MEDIUM
2013-06-17,2,5,9,25.857142857142858,8.39500985563393,0.34806629834254144,True,-1,True,MEDIUM
2013-08-26,2,5,9,22.0,5.686240703077348,0.4090909090909091,True,-1,True,MEDIUM
2013-08-31,2,5,34,18.428571428571427,5.711308748355998,1.8449612403100777,True,-1,True,MEDIUM
2013-12-02,2,5,9,19.571428571428573,4.276179870598807,0.4598540145985401,True,-1,True,MEDIUM
2013-12-14,2,5,19,11.857142857142858,3.436498771936873,1.6024096385542168,True,-1,True,MEDIUM
2013-12-23,2,5,3,15.142857142857142,4.705619740571594,0.19811320754716982,True,-1,True,HIGH
2013-12-28,2,5,27,13.428571428571429,6.241184258807044,2.0106382978723403,True,-1,True,MEDIUM
2014-01-01,2,5,6,16.0,5.1316014394468805,0.375,True,-1,True,MEDIUM
2014-01-05,2,5,33,13.428571428571429,4.755948656056697,2.4574468085106385,True,-1,True,MEDIUM
2014-01-19,2,5,30,15.571428571428571,3.9096949095439903,1.926605504587156,True,-1,True,MEDIUM
2014-02-10,2,5,6,17.0,4.690415759823424,0.35294117647058826,True,-1,True,MEDIUM
2014-09-28,2,5,43,22.571428571428573,4.31497944595891,1.9050632911392404,True,-1,True,MEDIUM
2014-10-14,2,5,9,19.142857142857142,2.2677868380554336,0.4701492537313433,True,-1,True,MEDIUM
2014-10-19,2,5,28,14.857142857142858,4.099941927579489,1.8846153846153846,True,-1,True,MEDIUM
2014-11-10,2,5,9,27.571428571428573,6.852180744287254,0.32642487046632124,True,-1,True,MEDIUM
2014-12-01,2,5,7,24.285714285714285,3.638419332360613,0.2882352941176471,True,-1,True,HIGH
2015-01-17,2,5,7,16.142857142857142,3.804758924845421,0.4336283185840708,True,-1,True,MEDIUM
2015-03-30,2,5,8,19.857142857142858,4.298393941484521,0.4028776978417266,True,-1,True,MEDIUM
2015-04-04,2,5,39,20.857142857142858,8.194074514114298,1.86986301369863,True,-1,True,MEDIUM
2015-04-05,2,5,39,22.857142857142858,10.699354675689126,1.70625,True,-1,True,MEDIUM
2015-10-22,2,5,40,19.714285714285715,5.437961803049797,2.0289855072463765,True,-1,True,MEDIUM
2015-10-26,2,5,11,23.714285714285715,8.901578244226982,0.463855421686747,True,-1,True,MEDIUM
2015-11-22,2,5,38,20.571428571428573,7.7643875666864,1.847222222222222,True,-1,True,MEDIUM
2016-01-10,2,5,8,16.0,4.041451884327419,0.5,True,-1,True,MEDIUM
2016-01-15,2,5,27,13.0,2.9439202887760225,2.076923076923077,True,-1,True,MEDIUM
2016-02-05,2,5,24,14.571428571428571,1.9023794624227937,1.6470588235294117,True,-1,True,MEDIUM
2016-02-22,2,5,8,22.142857142857142,1.4638501094228569,0.3612903225806452,True,-1,True,MEDIUM
2016-08-26,2,5,43,26.428571428571427,3.457221565416512,1.627027027027027,True,-1,True,MEDIUM
2016-10-22,2,5,36,20.0,6.164414002969052,1.8,True,-1,True,MEDIUM
2016-10-23,2,5,38,21.0,8.12403840463601,1.8095238095238095,True,-1,True,MEDIUM
2017-01-02,2,5,8,21.285714285714285,4.57217255850681,0.37583892617449666,True,-1,True,MEDIUM
2017-01-15,2,5,28,15.857142857142858,2.478478796128471,1.7657657657657657,True,-1,True,MEDIUM
2017-02-05,2,5,34,19.714285714285715,2.690370836538379,1.7246376811594202,True,-1,True,MEDIUM
2017-02-20,2,5,6,20.428571428571427,4.755948656056804,0.29370629370629375,True,-1,True,HIGH
2017-03-04,2,5,35,18.285714285714285,8.077010290825212,1.9140625,True,-1,True,MEDIUM
2017-11-12,2,5,47,25.428571428571427,4.613644360558611,1.8483146067415732,True,-1,True,MEDIUM
2014-01-04,2,6,78,46.857142857142854,7.515064236331261,1.6646341463414636,True,-1,True,MEDIUM
2014-03-01,2,6,85,48.142857142857146,10.31873008059546,1.7655786350148366,True,-1,True,MEDIUM
2014-03-02,2,6,94,53.285714285714285,17.37540681264064,1.7640750670241288,True,-1,True,MEDIUM
2014-03-02,2,7,88,54.714285714285715,15.45654430669309,1.608355091383812,True,-1,True,MEDIUM
2015-03-01,2,7,87,52.42857142857143,8.462803768199551,1.659400544959128,True,-1,True,MEDIUM
2016-04-01,2,7,120,73.0,15.72683481611405,1.643835616438356,True,-1,True,MEDIUM
2017-05-15,2,7,49,101.28571428571429,14.488090347066347,0.48377997179125526,True,-1,True,MEDIUM
2013-03-03,2,8,99,59.42857142857143,16.23634957800083,1.6658653846153846,True,-1,True,MEDIUM
2015-03-01,2,8,124,74.28571428571429,13.04753215125709,1.669230769230769,True,-1,True,MEDIUM
2017-12-04,2,8,49,106.71428571428571,11.51396667406328,0.4591700133868809,True,-1,True,MEDIUM
2014-04-05,2,9,103,63.857142857142854,11.00649159100484,1.6129753914988816,True,-1,True,MEDIUM
2015-04-19,2,9,123,72.57142857142857,15.75708457442928,1.6948818897637796,True,-1,True,MEDIUM
2013-02-03,2,10,87,54.142857142857146,14.507797574966057,1.6068601583113455,True,-1,True,MEDIUM
2015-03-01,2,11,120,66.57142857142857,12.75221736087684,1.8025751072961373,True,-1,True,MEDIUM
2013-10-19,2,12,110,68.42857142857143,17.614928733483946,1.6075156576200418,True,-1,True,MEDIUM
2013-12-02,2,12,32,74.0,6.855654600401295,0.43243243243243246,True,-1,True,MEDIUM
2015-01-25,2,12,89,53.42857142857143,10.549204438521793,1.6657754010695187,True,-1,True,MEDIUM
2015-01-26,2,12,27,58.42857142857143,17.115851744870692,0.46210268948655253,True,-1,True,MEDIUM
2014-12-01,2,13,48,111.85714285714286,19.091259530900384,0.4291187739463601,True,-1,True,MEDIUM
2015-02-01,2,14,88,48.0,10.148891565092354,1.8333333333333333,True,-1,True,MEDIUM
2017-04-01,2,14,114,71.0,10.816653826391837,1.6056338028169015,True,-1,True,MEDIUM
2013-01-13,2,16,26,15.285714285714286,3.728908942943218,1.7009345794392523,True,-1,True,MEDIUM
2013-02-23,2,16,37,19.428571428571427,4.613644360558615,1.9044117647058825,True,-1,True,MEDIUM
2013-12-16,2,16,8,21.857142857142858,4.059087394500237,0.3660130718954248,True,-1,True,MEDIUM
2016-02-21,2,16,44,22.857142857142858,4.670066788550775,1.925,True,-1,True,MEDIUM
2016-03-05,2,16,51,27.0,7.702813338860966,1.8888888888888888,True,-1,True,MEDIUM
2016-03-07,2,16,17,34.0,13.527749258468722,0.5,True,-1,True,MEDIUM
2016-03-13,2,16,54,33.714285714285715,12.592514783450905,1.6016949152542372,True,-1,True,MEDIUM
2016-03-14,2,16,17,34.285714285714285,13.51189951751528,0.49583333333333335,True,-1,True,MEDIUM
2017-11-05,2,16,65,36.142857142857146,5.177791402666273,1.7984189723320156,True,-1,True,MEDIUM
2013-02-02,2,17,53,24.428571428571427,5.191568255583368,2.1695906432748537,True,-1,True,MEDIUM
2013-02-04,2,17,13,30.857142857142858,11.795883059053143,0.4212962962962963,True,-1,True,MEDIUM
2014-02-10,2,17,12,28.0,9.831920802501749,0.42857142857142855,True,-1,True,MEDIUM
2014-11-16,2,17,79,44.714285714285715,8.400680244565198,1.766773162939297,True,-1,True,MEDIUM
2015-04-12,2,17,75,44.42857142857143,9.62387903181702,1.6881028938906752,True,-1,True,MEDIUM
2013-05-05,2,19,76,45.285714285714285,14.2093195440444,1.6782334384858044,True,-1,True,MEDIUM
2014-08-17,2,19,91,52.57142857142857,11.886366740333916,1.7309782608695652,True,-1,True,MEDIUM
2015-02-01,2,20,70,39.857142857142854,12.033682886362316,1.756272401433692,True,-1,True,MEDIUM
2013-06-15,2,21,82,49.0,10.360180178613339,1.6734693877551021,True,-1,True,MEDIUM
2014-04-01,2,21,74,42.0,12.301761391497221,1.7619047619047619,True,-1,True,MEDIUM
2014-11-02,2,23,60,32.142857142857146,6.28300807545158,1.8666666666666665,True,-1,True,MEDIUM
2016-06-26,2,23,78,46.285714285714285,9.304376850247989,1.6851851851851851,True,-1,True,MEDIUM
2017-03-02,2,23,58,32.0,8.660254037844238,1.8125,True,-1,True,MEDIUM
2017-08-26,2,23,81,47.57142857142857,8.791229395580416,1.7027027027027029,True,-1,True,MEDIUM
2013-03-01,2,24,82,45.285714285714285,9.551863443229008,1.8107255520504733,True,-1,True,MEDIUM
2013-03-02,2,24,80,49.714285714285715,16.957931140661838,1.6091954022988506,True,-1,True,MEDIUM
2013-03-03,2,24,87,53.285714285714285,20.515963587040268,1.6327077747989276,True,-1,True,MEDIUM
2014-02-02,2,24,91,52.57142857142857,8.7722506207004,1.7309782608695652,True,-1,True,MEDIUM
2015-02-06,2,24,93,57.42857142857143,6.023762469230258,1.6194029850746268,True,-1,True,MEDIUM
2016-01-03,2,24,90,54.57142857142857,7.913219801006476,1.649214659685864,True,-1,True,MEDIUM
2013-03-02,2,25,122,67.28571428571429,16.388149028228572,1.8131634819532907,True,-1,True,MEDIUM
2016-01-31,2,25,118,73.14285714285714,8.513294924775751,1.61328125,True,-1,True,MEDIUM
2014-12-04,2,26,28,57.714285714285715,17.04615582972965,0.48514851485148514,True,-1,True,MEDIUM
2016-05-29,2,26,108,65.85714285714286,10.668154658117844,1.6399132321041214,True,-1,True,MEDIUM
2013-01-16,2,27,6,16.0,2.236067977499793,0.375,True,-1,True,MEDIUM
2013-02-02,2,27,33,18.714285714285715,4.46147530585589,1.7633587786259541,True,-1,True,MEDIUM
2013-02-11,2,27,9,19.857142857142858,4.634241089562614,0.45323741007194246,True,-1,True,MEDIUM
2013-02-17,2,27,31,16.428571428571427,6.106202935189294,1.8869565217391306,True,-1,True,MEDIUM
2013-09-20,2,27,45,22.285714285714285,4.2706082983686375,2.019230769230769,True,-1,True,MEDIUM
2013-10-21,2,27,9,21.142857142857142,5.014265364224046,0.4256756756756757,True,-1,True,MEDIUM
2013-12-03,2,27,8,21.428571428571427,5.44233843297597,0.37333333333333335,True,-1,True,MEDIUM
2013-12-08,2,27,27,14.857142857142858,4.259443290250117,1.8173076923076923,True,-1,True,MEDIUM
2013-12-25,2,27,8,17.428571428571427,6.214422549122908,0.459016393442623,True,-1,True,MEDIUM
2014-02-25,2,27,8,17.0,2.768874620972642,0.47058823529411764,True,-1,True,MEDIUM
2015-01-04,2,27,34,19.142857142857142,3.532165125838513,1.7761194029850746,True,-1,True,MEDIUM
2015-03-25,2,27,9,24.142857142857142,4.336994790119436,0.3727810650887574,True,-1,True,MEDIUM
2015-08-19,2,27,12,32.0,10.78579312490892,0.375,True,-1,True,MEDIUM
2015-10-25,2,27,44,27.0,2.9999999999999125,1.6296296296296295,True,-1,True,MEDIUM
2015-12-12,2,27,35,19.857142857142858,3.387652649872795,1.7625899280575539,True,-1,True,MEDIUM
2016-02-03,2,27,32,17.857142857142858,4.059087394500207,1.792,True,-1,True,MEDIUM
2016-02-29,2,27,8,21.714285714285715,5.28249580262602,0.3684210526315789,True,-1,True,MEDIUM
2016-03-01,2,27,39,20.571428571428573,7.230886134196414,1.8958333333333333,True,-1,True,MEDIUM
2016-04-18,2,27,12,31.714285714285715,9.446591726019204,0.37837837837837834,True,-1,True,MEDIUM
2013-03-01,2,29,98,56.42857142857143,10.659223593632298,1.7367088607594936,True,-1,True,MEDIUM
2014-02-09,2,29,97,60.142857142857146,17.714669734700998,1.6128266033254155,True,-1,True,MEDIUM
2014-03-02,2,29,110,65.71428571428571,13.400426432447386,1.673913043478261,True,-1,True,MEDIUM
2013-10-20,2,30,70,38.857142857142854,5.145501965424591,1.8014705882352942,True,-1,True,MEDIUM
2014-01-31,2,30,54,32.57142857142857,4.035556254806951,1.6578947368421053,True,-1,True,MEDIUM
2015-03-01,2,30,78,43.142857142857146,11.810003830489956,1.8079470198675496,True,-1,True,MEDIUM
2015-11-01,2,30,78,46.57142857142857,7.299706452023376,1.6748466257668713,True,-1,True,MEDIUM
2015-12-20,2,30,62,34.857142857142854,7.010196655076964,1.778688524590164,True,-1,True,MEDIUM
2016-01-15,2,30,59,36.714285714285715,3.54562104171105,1.6070038910505837,True,-1,True,MEDIUM
2014-04-06,2,31,113,69.28571428571429,13.659115219201764,1.6309278350515461,True,-1,True,MEDIUM
2015-03-01,2,31,97,55.142857142857146,8.31521840620274,1.7590673575129532,True,-1,True,MEDIUM
2016-06-05,2,32,119,73.71428571428571,13.047532151257828,1.614341085271318,True,-1,True,MEDIUM
2017-11-05,2,32,96,59.42857142857143,16.297823401272158,1.6153846153846154,True,-1,True,MEDIUM
2014-03-01,2,33,104,63.857142857142854,18.506112246395613,1.6286353467561523,True,-1,True,MEDIUM
2013-02-03,2,34,25,15.428571428571429,2.9358214555806215,1.6203703703703702,True,-1,True,MEDIUM
2013-02-05,2,34,34,17.142857142857142,4.598136268408874,1.9833333333333334,True,-1,True,MEDIUM
2013-08-12,2,34,8,30.142857142857142,5.698788509515945,0.26540284360189575,True,-1,True,HIGH
2013-09-30,2,34,13,32.142857142857146,3.848314411469578,0.4044444444444444,True,-1,True,MEDIUM
2013-12-30,2,34,10,23.285714285714285,3.7289089429432614,0.4294478527607362,True,-1,True,MEDIUM
2014-02-02,2,34,35,19.714285714285715,7.631388814501289,1.7753623188405796,True,-1,True,MEDIUM
2015-12-22,2,34,9,25.0,7.023769168568614,0.36,True,-1,True,MEDIUM
2016-07-26,2,34,71,41.142857142857146,11.39339825554803,1.7256944444444444,True,-1,True,MEDIUM
2016-10-16,2,34,64,32.0,6.633249580710887,2.0,True,-1,True,MEDIUM
2017-07-30,2,34,79,46.142857142857146,12.116498001053149,1.7120743034055725,True,-1,True,MEDIUM
2013-02-03,2,35,89,47.857142857142854,12.157694016939384,1.8597014925373136,True,-1,True,MEDIUM
2014-04-21,2,35,40,85.85714285714286,9.685531674075722,0.46589018302828616,True,-1,True,MEDIUM
2013-01-27,2,36,88,54.0,6.879922480183434,1.6296296296296295,True,-1,True,MEDIUM
2014-03-02,2,36,121,71.28571428571429,10.403753901265654,1.6973947895791581,True,-1,True,MEDIUM
2013-02-02,2,37,36,19.714285714285715,3.545621041711672,1.826086956521739,True,-1,True,MEDIUM
2013-02-21,2,37,37,21.857142857142858,2.9680841985233206,1.6928104575163399,True,-1,True,MEDIUM
2013-08-09,2,37,59,34.285714285714285,5.250850271282633,1.7208333333333334,True,-1,True,MEDIUM
2013-11-03,2,37,51,25.0,6.218252702059348,2.04,True,-1,True,MEDIUM
2013-12-23,2,37,8,23.0,2.8867513459484577,0.34782608695652173,True,-1,True,MEDIUM
2014-05-18,2,37,65,37.57142857142857,6.72946612189362,1.7300380228136882,True,-1,True,MEDIUM
2014-06-15,2,37,67,38.857142857142854,4.413183712037137,1.724264705882353,True,-1,True,MEDIUM
2015-03-22,2,37,65,31.571428571428573,9.947481136065608,2.0588235294117645,True,-1,True,MEDIUM
2016-01-24,2,37,42,23.428571428571427,3.1547394428673052,1.7926829268292683,True,-1,True,MEDIUM
2014-12-01,2,38,53,108.42857142857143,14.774495398683165,0.4888010540184453,True,-1,True,MEDIUM
2015-12-01,2,38,51,108.14285714285714,15.773697214334646,0.4715984147952444,True,-1,True,MEDIUM
2013-09-29,2,39,76,43.42857142857143,10.845231561338327,1.75,True,-1,True,MEDIUM
2014-06-01,2,39,101,58.57142857142857,13.33987934549555,1.724390243902439,True,-1,True,MEDIUM
2014-12-14,2,39,72,41.142857142857146,7.8830740921837155,1.7499999999999998,True,-1,True,MEDIUM
2015-01-17,2,39,67,36.57142857142857,8.343802947040974,1.83203125,True,-1,True,MEDIUM
2015-12-20,2,39,77,43.0,8.205689083394097,1.7906976744186047,True,-1,True,MEDIUM
2015-12-21,2,39,23,46.285714285714285,15.074418570482061,0.49691358024691357,True,-1,True,MEDIUM
2013-12-02,2,40,12,30.142857142857142,4.298393941484621,0.3981042654028436,True,-1,True,MEDIUM
2013-01-26,2,41,27,13.571428571428571,4.237025012007952,1.9894736842105263,True,-1,True,MEDIUM
2013-02-04,2,41,9,18.714285714285715,4.461475305855891,0.4809160305343511,True,-1,True,MEDIUM
2013-02-06,2,41,5,17.714285714285715,5.822779568622011,0.282258064516129,True,-1,True,HIGH
2013-02-08,2,41,34,15.571428571428571,7.390470053998437,2.1834862385321103,True,-1,True,MEDIUM
2013-02-25,2,41,8,17.857142857142858,4.450789122113501,0.448,True,-1,True,MEDIUM
2013-05-18,2,41,46,22.285714285714285,3.7289089429432103,2.0641025641025643,True,-1,True,MEDIUM
2013-09-09,2,41,11,24.0,3.055050463303914,0.4583333333333333,True,-1,True,MEDIUM
2013-10-07,2,41,10,29.0,8.020806277010637,0.3448275862068966,True,-1,True,MEDIUM
2014-01-21,2,41,9,18.714285714285715,2.1380899352994236,0.4809160305343511,True,-1,True,MEDIUM
2014-04-05,2,41,44,26.714285714285715,3.1471831698776795,1.6470588235294117,True,-1,True,MEDIUM
2015-02-01,2,41,28,16.428571428571427,2.9920529661722806,1.7043478260869567,True,-1,True,MEDIUM
2015-03-21,2,41,42,22.428571428571427,3.408672412985274,1.872611464968153,True,-1,True,MEDIUM
2015-12-21,2,41,9,19.428571428571427,4.314979445959069,0.4632352941176471,True,-1,True,MEDIUM
2016-01-27,2,41,8,24.714285714285715,4.785891965429465,0.3236994219653179,True,-1,True,MEDIUM
2016-12-12,2,41,9,22.285714285714285,5.648430038936837,0.40384615384615385,True,-1,True,MEDIUM
2017-01-30,2,41,7,22.857142857142858,5.63999324552129,0.30624999999999997,True,-1,True,MEDIUM
2013-03-31,2,42,64,37.142857142857146,5.580578567035564,1.723076923076923,True,-1,True,MEDIUM
2013-08-25,2,42,70,40.0,7.874007874011746,1.75,True,-1,True,MEDIUM
2016-04-02,2,42,77,46.57142857142857,11.178210096092402,1.6533742331288344,True,-1,True,MEDIUM
2016-05-01,2,42,83,49.714285714285715,10.51529498261604,1.6695402298850575,True,-1,True,MEDIUM
2014-02-25,2,43,75,43.42857142857143,13.660858231423308,1.7269736842105263,True,-1,True,MEDIUM
2015-04-12,2,43,103,63.42857142857143,9.84644001415626,1.6238738738738738,True,-1,True,MEDIUM
2013-11-23,2,44,56,34.857142857142854,2.6095064302514253,1.6065573770491806,True,-1,True,MEDIUM
2014-03-01,2,44,46,22.714285714285715,9.516902257112298,2.0251572327044025,True,-1,True,MEDIUM
2015-02-01,2,44,41,23.857142857142858,3.0237157840742954,1.718562874251497,True,-1,True,MEDIUM
2015-11-21,2,44,70,39.285714285714285,3.592319850008086,1.781818181818182,True,-1,True,MEDIUM
2016-12-06,2,44,12,32.142857142857146,10.558228567150481,0.3733333333333333,True,-1,True,MEDIUM
2017-01-15,2,44,47,27.0,4.434711565217091,1.7407407407407407,True,-1,True,MEDIUM
2015-03-01,2,45,131,80.71428571428571,17.24059439921045,1.6230088495575223,True,-1,True,MEDIUM
2016-12-05,2,45,51,102.42857142857143,15.693492736982373,0.49790794979079495,True,-1,True,MEDIUM
2014-03-30,2,46,107,64.57142857142857,10.162957949618557,1.657079646017699,True,-1,True,MEDIUM
2013-01-20,2,47,25,12.571428571428571,2.507132682112031,1.9886363636363638,True,-1,True,MEDIUM
2013-03-10,2,47,38,19.142857142857142,4.2201331506865785,1.9850746268656716,True,-1,True,MEDIUM
2013-08-23,2,47,13,26.857142857142858,10.960969717267593,0.48404255319148937,True,-1,True,MEDIUM
2013-11-04,2,47,11,25.714285714285715,2.3603873774083004,0.42777777777777776,True,-1,True,MEDIUM
2014-01-06,2,47,9,19.428571428571427,2.99205296617225,0.4632352941176471,True,-1,True,MEDIUM
2014-01-20,2,47,8,19.142857142857142,3.57903950935485,0.417910447761194,True,-1,True,MEDIUM
2015-01-02,2,47,33,16.571428571428573,5.255382728122335,1.9913793103448274,True,-1,True,MEDIUM
2015-01-05,2,47,8,18.857142857142858,8.315218406202947,0.42424242424242425,True,-1,True,MEDIUM
2015-01-13,2,47,8,19.0,4.041451884327274,0.42105263157894735,True,-1,True,MEDIUM
2015-02-05,2,47,33,18.0,4.3204937989384575,1.8333333333333333,True,-1,True,MEDIUM
2016-10-23,2,47,53,31.285714285714285,2.6903708365383485,1.6940639269406392,True,-1,True,MEDIUM
2017-02-07,2,47,33,19.857142857142858,2.6095064302514297,1.6618705035971222,True,-1,True,MEDIUM
2013-01-29,2,49,10,20.142857142857142,3.7161167647860336,0.49645390070921985,True,-1,True,MEDIUM
2013-03-23,2,49,43,22.428571428571427,4.685336802448782,1.9171974522292996,True,-1,True,MEDIUM
2013-05-05,2,49,56,31.142857142857142,5.080307452263472,1.798165137614679,True,-1,True,MEDIUM
2013-09-22,2,49,52,27.857142857142858,4.37525509460396,1.8666666666666667,True,-1,True,MEDIUM
2015-02-11,2,49,13,28.571428571428573,10.293317295817774,0.45499999999999996,True,-1,True,MEDIUM
2016-03-21,2,49,17,36.285714285714285,3.039423504234764,0.468503937007874,True,-1,True,MEDIUM
2017-01-09,2,49,10,29.857142857142858,3.716116764786094,0.33492822966507174,True,-1,True,MEDIUM
2013-03-03,2,50,100,59.285714285714285,7.718252948137166,1.6867469879518073,True,-1,True,MEDIUM
2014-12-01,2,50,41,86.28571428571429,15.40253535097689,0.47516556291390727,True,-1,True,MEDIUM
2017-02-13,2,50,33,75.28571428571429,15.499615970664893,0.4383301707779886,True,-1,True,MEDIUM
2013-01-10,3,1,7,14.285714285714286,6.047431568147636,0.49,True,-1,True,MEDIUM
2013-01-28,3,1,5,14.571428571428571,2.5071326821120343,0.3431372549019608,True,-1,True,MEDIUM
2013-02-10,3,1,6,14.0,4.654746681256315,0.42857142857142855,True,-1,True,MEDIUM
2013-02-17,3,1,20,12.285714285714286,2.984084768360634,1.627906976744186,True,-1,True,MEDIUM
2013-02-19,3,1,4,13.857142857142858,3.1847852585154244,0.28865979381443296,True,-1,True,HIGH
2013-04-06,3,1,36,20.428571428571427,2.760262237369393,1.7622377622377623,True,-1,True,MEDIUM
2013-12-14,3,1,23,14.0,2.9439202887758955,1.6428571428571428,True,-1,True,MEDIUM
2013-12-30,3,1,7,17.142857142857142,3.132015933791451,0.4083333333333333,True,-1,True,MEDIUM
2014-01-01,3,1,7,15.714285714285714,5.154748157905318,0.4454545454545455,True,-1,True,MEDIUM
2014-01-25,3,1,26,14.428571428571429,3.15473944286697,1.801980198019802,True,-1,True,MEDIUM
2014-01-29,3,1,8,16.714285714285715,4.8892496259407325,0.4786324786324786,True,-1,True,MEDIUM
2014-02-25,3,1,26,16.0,1.9148542155125872,1.625,True,-1,True,MEDIUM
2014-04-27,3,1,40,24.142857142857142,3.387652649872802,1.6568047337278107,True,-1,True,MEDIUM
2015-01-15,3,1,7,16.714285714285715,4.956957592256358,0.41880341880341876,True,-1,True,MEDIUM
2015-02-17,3,1,9,19.0,4.396968652757583,0.47368421052631576,True,-1,True,MEDIUM
2015-02-22,3,1,33,16.285714285714285,3.3523268393900114,2.0263157894736845,True,-1,True,MEDIUM
2015-03-09,3,1,10,23.0,4.358898943540639,0.43478260869565216,True,-1,True,MEDIUM
2015-12-21,3,1,7,20.142857142857142,3.7606990231681348,0.3475177304964539,True,-1,True,MEDIUM
2016-02-22,3,1,11,22.428571428571427,2.225394561056902,0.4904458598726115,True,-1,True,MEDIUM
2016-03-25,3,1,36,20.142857142857142,4.05908739450029,1.7872340425531916,True,-1,True,MEDIUM
2016-10-03,3,1,8,33.142857142857146,6.8417485929785835,0.24137931034482757,True,-1,True,HIGH
2016-12-26,3,1,11,22.857142857142858,2.968084198523512,0.48125,True,-1,True,MEDIUM
2017-03-11,3,1,40,24.285714285714285,2.7516228977513544,1.647058823529412,True,-1,True,MEDIUM
2017-04-15,3,1,52,29.0,4.24264068711936,1.793103448275862,True,-1,True,MEDIUM
2015-03-01,3,2,86,42.285714285714285,9.586697132212258,2.0337837837837838,True,-1,True,MEDIUM
2015-10-26,3,2,28,69.14285714285714,6.414269805897888,0.40495867768595045,True,-1,True,MEDIUM
2017-03-26,3,2,107,62.142857142857146,12.979837844757126,1.72183908045977,True,-1,True,MEDIUM
2013-10-27,3,3,54,32.57142857142857,3.309438162646531,1.6578947368421053,True,-1,True,MEDIUM
2014-03-23,3,3,62,35.714285714285715,6.156684327197696,1.736,True,-1,True,MEDIUM
2016-01-06,3,3,44,27.142857142857142,2.478478796128978,1.6210526315789473,True,-1,True,MEDIUM
2013-01-26,3,4,25,11.571428571428571,0.786795792469451,2.160493827160494,True,-1,True,MEDIUM
2013-02-16,3,4,7,14.285714285714286,2.984084768360629,0.49,True,-1,True,MEDIUM
2013-02-17,3,4,23,13.428571428571429,4.076646614442762,1.7127659574468084,True,-1,True,MEDIUM
2013-09-03,3,4,11,24.142857142857142,3.976119189552033,0.4556213017751479,True,-1,True,MEDIUM
2013-11-11,3,4,8,22.714285714285715,5.908025211926755,0.3522012578616352,True,-1,True,MEDIUM
2013-12-15,3,4,26,15.571428571428571,3.047247001100398,1.6697247706422018,True,-1,True,MEDIUM
2013-12-16,3,4,8,16.857142857142858,5.014265364224162,0.4745762711864407,True,-1,True,MEDIUM
2013-12-23,3,4,3,17.571428571428573,5.442338432976073,0.17073170731707316,True,-1,True,HIGH
2013-12-29,3,4,27,12.571428571428571,6.078847008469818,2.147727272727273,True,-1,True,MEDIUM
2014-02-10,3,4,8,19.714285714285715,4.820590756131025,0.40579710144927533,True,-1,True,MEDIUM
2014-03-09,3,4,34,19.285714285714285,4.535573676110803,1.762962962962963,True,-1,True,MEDIUM
2014-12-09,3,4,7,14.857142857142858,3.0237157840741204,0.47115384615384615,True,-1,True,MEDIUM
2014-12-22,3,4,5,17.571428571428573,4.391550328268556,0.2845528455284553,True,-1,True,HIGH
2015-03-15,3,4,38,18.0,3.055050463304115,2.111111111111111,True,-1,True,MEDIUM
2015-10-03,3,4,40,23.428571428571427,3.952094080237504,1.707317073170732,True,-1,True,MEDIUM
2015-12-21,3,4,7,16.428571428571427,3.9520940802377384,0.42608695652173917,True,-1,True,MEDIUM
2015-12-29,3,4,8,18.571428571428573,2.3704530408868396,0.43076923076923074,True,-1,True,MEDIUM
2016-01-03,3,4,31,14.857142857142858,4.298393941484816,2.0865384615384617,True,-1,True,MEDIUM
2016-12-26,3,4,9,22.285714285714285,4.535573676110782,0.40384615384615385,True,-1,True,MEDIUM
2017-01-21,3,4,31,18.0,4.082482904638789,1.7222222222222223,True,-1,True,MEDIUM
2013-01-12,3,5,24,9.571428571428571,3.505098327538657,2.5074626865671643,True,-1,True,HIGH
2013-01-21,3,5,5,12.857142857142858,2.544836041121408,0.3888888888888889,True,-1,True,MEDIUM
2013-01-29,3,5,5,11.0,3.000000000000003,0.45454545454545453,True,-1,True,MEDIUM
2013-02-03,3,5,21,10.142857142857142,3.287784027201883,2.0704225352112675,True,-1,True,MEDIUM
2013-02-07,3,5,24,11.142857142857142,4.879500364742667,2.1538461538461537,True,-1,True,MEDIUM
2013-02-23,3,5,23,11.428571428571429,3.154739442867031,2.0124999999999997,True,-1,True,MEDIUM
2013-02-25,3,5,4,13.428571428571429,5.711308748355989,0.2978723404255319,True,-1,True,HIGH
2013-02-26,3,5,6,12.857142857142858,6.49175301000101,0.4666666666666667,True,-1,True,MEDIUM
2013-03-02,3,5,20,10.714285714285714,7.064330251677221,1.8666666666666667,True,-1,True,MEDIUM
2013-03-03,3,5,17,10.285714285714286,6.237368187365722,1.6527777777777777,True,-1,True,MEDIUM
2013-03-18,3,5,7,16.714285714285715,4.15187851918807,0.41880341880341876,True,-1,True,MEDIUM
2013-04-22,3,5,9,18.428571428571427,4.2370250120079636,0.48837209302325585,True,-1,True,MEDIUM
2013-06-02,3,5,9,21.0,5.537749241945402,0.42857142857142855,True,-1,True,MEDIUM
2013-06-09,3,5,32,17.857142857142858,6.517376042257389,1.792,True,-1,True,MEDIUM
2013-08-12,3,5,9,19.857142857142858,4.775931721614524,0.45323741007194246,True,-1,True,MEDIUM
2013-09-23,3,5,10,21.857142857142858,4.37525509460391,0.45751633986928103,True,-1,True,MEDIUM
2013-12-06,3,5,8,16.0,3.6514837167010796,0.5,True,-1,True,MEDIUM
2013-12-17,3,5,20,12.0,2.5166114784234557,1.6666666666666667,True,-1,True,MEDIUM
2014-01-08,3,5,23,12.285714285714286,3.3523268393900114,1.872093023255814,True,-1,True,MEDIUM
2014-01-23,3,5,6,12.714285714285714,3.3022358947781654,0.4719101123595506,True,-1,True,MEDIUM
2014-01-25,3,5,24,12.142857142857142,4.099941927579364,1.9764705882352942,True,-1,True,MEDIUM
2014-02-17,3,5,7,15.857142857142858,5.459809869356588,0.44144144144144143,True,-1,True,MEDIUM
2014-03-02,3,5,32,12.857142857142858,4.180453381654906,2.488888888888889,True,-1,True,MEDIUM
2014-03-17,3,5,6,20.571428571428573,4.197504927816994,0.29166666666666663,True,-1,True,HIGH
2014-03-30,3,5,36,18.142857142857142,3.3876526498728485,1.984251968503937,True,-1,True,MEDIUM
2014-05-02,3,5,36,18.142857142857142,4.525062483125564,1.984251968503937,True,-1,True,MEDIUM
2014-10-19,3,5,33,18.714285714285715,3.302235894778262,1.7633587786259541,True,-1,True,MEDIUM
2014-11-03,3,5,27,15.857142857142858,2.7342623276105287,1.7027027027027026,True,-1,True,MEDIUM
2014-12-01,3,5,6,21.285714285714285,5.822779568622044,0.2818791946308725,True,-1,True,HIGH
2015-01-25,3,5,25,11.714285714285714,4.3094580368565545,2.1341463414634148,True,-1,True,MEDIUM
2015-01-27,3,5,23,12.0,6.218252702059131,1.9166666666666667,True,-1,True,MEDIUM
2015-03-17,3,5,6,16.0,3.366501646120637,0.375,True,-1,True,MEDIUM
2015-10-11,3,5,34,19.428571428571427,4.276179870598841,1.7500000000000002,True,-1,True,MEDIUM
2016-01-04,3,5,6,15.0,3.316624790355342,0.4,True,-1,True,MEDIUM
2016-01-09,3,5,25,13.285714285714286,3.9460649476950924,1.8817204301075268,True,-1,True,MEDIUM
2016-01-24,3,5,28,13.714285714285714,2.984084768360519,2.041666666666667,True,-1,True,MEDIUM
2016-02-13,3,5,25,13.571428571428571,3.7352886036262674,1.8421052631578947,True,-1,True,MEDIUM
2016-05-09,3,5,11,24.571428571428573,8.403514004215674,0.4476744186046511,True,-1,True,MEDIUM
2016-06-13,3,5,13,27.428571428571427,3.1547394428673283,0.47395833333333337,True,-1,True,MEDIUM
2016-12-19,3,5,8,17.714285714285715,4.608480795022981,0.45161290322580644,True,-1,True,MEDIUM
2016-12-30,3,5,22,13.285714285714286,3.6384193323605407,1.6559139784946235,True,-1,True,MEDIUM
2017-03-05,3,5,33,17.571428571428573,4.157609203101541,1.8780487804878048,True,-1,True,MEDIUM
2017-05-09,3,5,9,26.857142857142858,5.7279598296012475,0.3351063829787234,True,-1,True,MEDIUM
2017-08-07,3,5,8,28.571428571428573,7.367883976130199,0.27999999999999997,True,-1,True,HIGH
2017-09-13,3,5,12,26.714285714285715,8.731442906994053,0.4491978609625668,True,-1,True,MEDIUM
2017-10-14,3,5,35,20.0,3.87298334620745,1.75,True,-1,True,MEDIUM
2017-12-04,3,5,10,24.142857142857142,3.532165125838768,0.41420118343195267,True,-1,True,MEDIUM
2015-08-23,3,6,118,73.42857142857143,17.018197543190297,1.6070038910505837,True,-1,True,MEDIUM
2015-02-01,3,7,70,40.714285714285715,9.70763077367968,1.719298245614035,True,-1,True,MEDIUM
2014-09-01,3,8,47,96.85714285714286,15.625071428408377,0.4852507374631268,True,-1,True,MEDIUM
2015-03-01,3,8,107,65.42857142857143,15.40408109189611,1.6353711790393013,True,-1,True,MEDIUM
2017-04-02,3,8,142,87.42857142857143,14.257829929049805,1.6241830065359477,True,-1,True,MEDIUM
2013-10-13,3,9,74,44.285714285714285,14.817942791475073,1.6709677419354838,True,-1,True,MEDIUM
2014-04-06,3,9,88,52.142857142857146,11.710800875382374,1.6876712328767123,True,-1,True,MEDIUM
2015-04-05,3,9,96,53.42857142857143,18.265241515486302,1.7967914438502672,True,-1,True,MEDIUM
2016-01-23,3,9,78,42.285714285714285,6.993193970193694,1.8445945945945947,True,-1,True,MEDIUM
2017-02-26,3,9,79,45.857142857142854,7.646972634721762,1.722741433021807,True,-1,True,MEDIUM
2016-03-04,3,10,114,69.71428571428571,10.177004891982172,1.6352459016393444,True,-1,True,MEDIUM
2013-06-10,3,11,41,85.57142857142857,12.421180068162478,0.47913188647746247,True,-1,True,MEDIUM
2014-03-01,3,11,93,57.57142857142857,11.028102630055894,1.6153846153846154,True,-1,True,MEDIUM
2014-12-01,3,11,38,80.42857142857143,14.61571235414299,0.4724689165186501,True,-1,True,MEDIUM
2013-03-03,3,12,89,49.285714285714285,11.309498746839395,1.8057971014492753,True,-1,True,MEDIUM
2015-03-09,3,12,34,77.0,9.983319421247938,0.44155844155844154,True,-1,True,MEDIUM
2017-12-04,3,12,40,85.71428571428571,13.136644494368811,0.4666666666666667,True,-1,True,MEDIUM
2013-03-01,3,13,95,51.142857142857146,10.976164652381536,1.8575418994413406,True,-1,True,MEDIUM
2013-12-02,3,13,34,78.42857142857143,13.302344941865986,0.43351548269581053,True,-1,True,MEDIUM
2014-12-01,3,13,36,96.0,8.698658900467294,0.375,True,-1,True,MEDIUM
2015-01-25,3,14,76,46.285714285714285,5.468524655220848,1.6419753086419753,True,-1,True,MEDIUM
2016-02-06,3,14,85,52.0,6.298147875896233,1.6346153846153846,True,-1,True,MEDIUM
2014-12-28,3,15,109,64.71428571428571,13.300554947248463,1.6843267108167772,True,-1,True,MEDIUM
2015-03-01,3,15,116,69.57142857142857,13.402203088263507,1.6673511293634498,True,-1,True,MEDIUM
2013-01-27,3,16,28,14.714285714285714,2.4299715851758257,1.9029126213592233,True,-1,True,MEDIUM
2013-01-28,3,16,5,16.428571428571427,5.623081683476387,0.30434782608695654,True,-1,True,MEDIUM
2013-03-03,3,16,31,17.0,4.654746681256322,1.8235294117647058,True,-1,True,MEDIUM
2013-12-30,3,16,10,20.0,3.316624790355588,0.5,True,-1,True,MEDIUM
2015-06-21,3,16,58,34.57142857142857,4.2761798705987015,1.6776859504132233,True,-1,True,MEDIUM
2015-12-28,3,16,6,22.0,4.163331998932555,0.2727272727272727,True,-1,True,HIGH
2016-03-06,3,16,47,26.285714285714285,8.769536014223508,1.7880434782608696,True,-1,True,MEDIUM
2016-04-02,3,16,44,27.428571428571427,2.5071326821122275,1.6041666666666667,True,-1,True,MEDIUM
2017-02-12,3,16,38,23.285714285714285,2.870208222080229,1.6319018404907977,True,-1,True,MEDIUM
2017-02-20,3,16,10,25.857142857142858,9.511897312113476,0.3867403314917127,True,-1,True,MEDIUM
2017-12-31,3,16,42,24.428571428571427,4.03555625480731,1.719298245614035,True,-1,True,MEDIUM
2013-02-24,3,17,37,18.571428571428573,5.996030432909838,1.9923076923076921,True,-1,True,MEDIUM
2014-12-01,3,17,14,38.714285714285715,3.498298906339304,0.36162361623616235,True,-1,True,MEDIUM
2013-11-18,3,18,36,87.85714285714286,9.20920864187166,0.4097560975609756,True,-1,True,MEDIUM
2014-12-01,3,18,44,96.14285714285714,12.482368517614148,0.45765230312035665,True,-1,True,MEDIUM
2015-03-01,3,18,132,67.57142857142857,8.423323628614998,1.9534883720930234,True,-1,True,MEDIUM
2013-08-04,3,19,76,46.0,13.74772708486754,1.6521739130434783,True,-1,True,MEDIUM
2013-12-03,3,19,19,40.142857142857146,12.535663410560177,0.47330960854092524,True,-1,True,MEDIUM
2013-12-20,3,19,43,26.0,2.516611478423231,1.6538461538461537,True,-1,True,MEDIUM
2014-11-02,3,19,77,41.0,8.062257748298515,1.8780487804878048,True,-1,True,MEDIUM
2014-12-07,3,19,53,32.42857142857143,11.92835756865602,1.634361233480176,True,-1,True,MEDIUM
2015-03-01,3,20,74,40.0,8.426149773176494,1.85,True,-1,True,MEDIUM
2013-03-03,3,21,53,26.0,7.767453465154024,2.0384615384615383,True,-1,True,MEDIUM
2015-12-20,3,21,64,34.142857142857146,5.241773600241858,1.8744769874476985,True,-1,True,MEDIUM
2015-12-26,3,21,62,37.142857142857146,13.018302134924959,1.669230769230769,True,-1,True,MEDIUM
2013-12-02,3,22,37,78.57142857142857,17.84990329438931,0.47090909090909094,True,-1,True,MEDIUM
2015-02-23,3,22,35,70.14285714285714,5.550632739564866,0.49898167006109984,True,-1,True,MEDIUM
2015-03-01,3,22,119,60.857142857142854,14.194230887096278,1.955399061032864,True,-1,True,MEDIUM
2013-01-25,3,23,7,19.571428571428573,4.314979445958885,0.3576642335766423,True,-1,True,MEDIUM
2013-12-21,3,23,35,18.857142857142858,3.670993118515535,1.856060606060606,True,-1,True,MEDIUM
2013-12-30,3,23,9,20.142857142857142,5.273473599964438,0.4468085106382979,True,-1,True,MEDIUM
2014-05-23,3,23,59,31.714285714285715,7.587583842793937,1.8603603603603602,True,-1,True,MEDIUM
2014-09-21,3,23,54,30.857142857142858,9.957050624700875,1.75,True,-1,True,MEDIUM
2014-12-11,3,23,41,21.857142857142858,4.220133150686276,1.8758169934640523,True,-1,True,MEDIUM
2015-01-24,3,23,35,20.0,4.281744192888042,1.75,True,-1,True,MEDIUM
2015-10-11,3,23,48,26.857142857142858,4.670066788550471,1.7872340425531914,True,-1,True,MEDIUM
2016-12-09,3,23,40,22.857142857142858,4.059087394499632,1.75,True,-1,True,MEDIUM
2014-12-13,3,24,89,50.142857142857146,9.805246409084441,1.7749287749287748,True,-1,True,MEDIUM
2015-02-22,3,24,100,58.42857142857143,7.114706432387092,1.7114914425427872,True,-1,True,MEDIUM
2016-02-28,3,24,95,59.0,16.891812612426424,1.6101694915254237,True,-1,True,MEDIUM
2016-11-05,3,26,96,58.142857142857146,9.423880506963114,1.651105651105651,True,-1,True,MEDIUM
2013-01-23,3,27,6,12.0,2.4494897427831797,0.5,True,-1,True,MEDIUM
2013-01-24,3,27,19,11.714285714285714,3.0394235042348483,1.6219512195121952,True,-1,True,MEDIUM
2013-02-24,3,27,26,14.428571428571429,3.6903993847614376,1.801980198019802,True,-1,True,MEDIUM
2013-03-25,3,27,8,16.571428571428573,4.577377082170638,0.48275862068965514,True,-1,True,MEDIUM
2013-04-29,3,27,9,22.714285714285715,3.7289089429432303,0.3962264150943396,True,-1,True,MEDIUM
2013-09-03,3,27,10,22.285714285714285,8.673989580239025,0.44871794871794873,True,-1,True,MEDIUM
2013-09-15,3,27,33,18.714285714285715,4.347960660443204,1.7633587786259541,True,-1,True,MEDIUM
2014-01-20,3,27,8,17.0,3.741657386773907,0.47058823529411764,True,-1,True,MEDIUM
2014-02-12,3,27,7,20.142857142857142,5.984105932344741,0.3475177304964539,True,-1,True,MEDIUM
2014-02-24,3,27,8,19.857142857142858,5.899959644736865,0.4028776978417266,True,-1,True,MEDIUM
2014-03-01,3,27,40,18.142857142857142,5.639993245521095,2.204724409448819,True,-1,True,MEDIUM
2014-03-10,3,27,8,23.142857142857142,3.3380918415850958,0.345679012345679,True,-1,True,MEDIUM
2014-03-31,3,27,8,22.714285714285715,7.476948702830703,0.3522012578616352,True,-1,True,MEDIUM
2014-07-06,3,27,47,27.428571428571427,3.7352886036263393,1.7135416666666667,True,-1,True,MEDIUM
2014-12-10,3,27,8,17.571428571428573,5.9960304329098415,0.45528455284552843,True,-1,True,MEDIUM
2015-01-12,3,27,6,18.571428571428573,1.9880595947760233,0.32307692307692304,True,-1,True,MEDIUM
2015-03-15,3,27,34,20.428571428571427,3.258688021128683,1.6643356643356644,True,-1,True,MEDIUM
2017-11-05,3,27,53,29.142857142857142,8.091735937126975,1.8186274509803921,True,-1,True,MEDIUM
2014-12-01,3,28,49,98.42857142857143,19.738770164806247,0.49782293178519593,True,-1,True,MEDIUM
2014-12-01,3,29,35,82.28571428571429,9.673232581274588,0.4253472222222222,True,-1,True,MEDIUM
2014-12-14,3,29,90,54.714285714285715,11.898379241368211,1.6449086161879896,True,-1,True,MEDIUM
2014-12-03,3,30,19,43.57142857142857,14.909249286456859,0.4360655737704918,True,-1,True,MEDIUM
2017-02-04,3,30,64,34.57142857142857,7.276838664721258,1.8512396694214877,True,-1,True,MEDIUM
2017-12-24,3,30,61,36.42857142857143,3.9940431835897328,1.6745098039215685,True,-1,True,MEDIUM
2014-09-21,3,31,90,55.142857142857146,11.582005747833842,1.632124352331606,True,-1,True,MEDIUM
2015-03-01,3,31,81,48.857142857142854,5.398412465054518,1.6578947368421053,True,-1,True,MEDIUM
2016-11-14,3,31,38,79.85714285714286,20.103304632394444,0.4758497316636851,True,-1,True,MEDIUM
2014-01-04,3,32,53,30.142857142857142,5.984105932344708,1.7582938388625593,True,-1,True,MEDIUM
2017-04-02,3,32,80,49.285714285714285,12.854497082270349,1.6231884057971016,True,-1,True,MEDIUM
2014-08-17,3,33,125,75.42857142857143,11.83014712302337,1.6571969696969697,True,-1,True,MEDIUM
2014-09-14,3,33,121,74.14285714285714,12.185080651197502,1.6319845857418112,True,-1,True,MEDIUM
2015-12-02,3,33,37,75.71428571428571,23.063060549388695,0.4886792452830189,True,-1,True,MEDIUM
2016-01-24,3,33,90,54.285714285714285,7.696628822939479,1.6578947368421053,True,-1,True,MEDIUM
2013-03-02,3,34,35,18.142857142857142,3.0237157840738145,1.9291338582677167,True,-1,True,MEDIUM
2013-03-04,3,34,9,20.571428571428573,7.138093649734566,0.43749999999999994,True,-1,True,MEDIUM
2013-03-24,3,34,29,17.571428571428573,3.1014589500826397,1.6504065040650404,True,-1,True,MEDIUM
2014-12-01,3,34,12,28.571428571428573,8.521681032463459,0.42,True,-1,True,MEDIUM
2014-12-08,3,34,6,18.857142857142858,5.30498417932215,0.3181818181818182,True,-1,True,MEDIUM
2015-01-09,3,34,38,20.0,1.6329931618557527,1.9,True,-1,True,MEDIUM
2015-11-09,3,34,12,28.714285714285715,4.38612531035033,0.417910447761194,True,-1,True,MEDIUM
2015-11-22,3,34,54,29.571428571428573,2.760262237369497,1.826086956521739,True,-1,True,MEDIUM
2016-01-10,3,34,35,20.714285714285715,3.6384193323608005,1.689655172413793,True,-1,True,MEDIUM
2016-02-16,3,34,10,23.857142857142858,2.9113897843112047,0.41916167664670656,True,-1,True,MEDIUM
2016-11-12,3,34,50,30.714285714285715,3.352326839390213,1.627906976744186,True,-1,True,MEDIUM
2017-03-31,3,34,52,28.0,6.879922480183555,1.8571428571428572,True,-1,True,MEDIUM
2017-07-23,3,34,64,37.285714285714285,6.626066850308826,1.7164750957854407,True,-1,True,MEDIUM
2017-08-20,3,34,61,32.142857142857146,8.629958891917784,1.8977777777777776,True,-1,True,MEDIUM
2017-11-04,3,34,60,33.0,10.08298897483613,1.8181818181818181,True,-1,True,MEDIUM
2013-02-01,3,36,76,46.285714285714285,3.3022358947782524,1.6419753086419753,True,-1,True,MEDIUM
2013-12-05,3,37,10,25.571428571428573,9.306935457982231,0.39106145251396646,True,-1,True,MEDIUM
2014-07-12,3,37,68,41.57142857142857,4.197504927817114,1.6357388316151205,True,-1,True,MEDIUM
2015-01-06,3,37,8,20.714285714285715,3.7289089429431126,0.38620689655172413,True,-1,True,MEDIUM
2015-01-09,3,37,34,17.571428571428573,5.442338432975893,1.9349593495934958,True,-1,True,MEDIUM
2015-01-26,3,37,10,22.714285714285715,3.9880774697542347,0.440251572327044,True,-1,True,MEDIUM
2015-03-01,3,37,44,22.857142857142858,3.1320159337913998,1.925,True,-1,True,MEDIUM
2015-12-19,3,37,38,23.571428571428573,2.6992062325274313,1.612121212121212,True,-1,True,MEDIUM
2016-02-01,3,37,12,24.571428571428573,3.047247001100352,0.4883720930232558,True,-1,True,MEDIUM
2017-03-05,3,37,58,33.142857142857146,8.275034167675154,1.7499999999999998,True,-1,True,MEDIUM
2016-02-21,3,38,121,72.71428571428571,14.851647335276883,1.6640471512770139,True,-1,True,MEDIUM
2013-03-03,3,39,57,31.0,9.763879010584548,1.8387096774193548,True,-1,True,MEDIUM
2013-06-02,3,39,80,45.857142857142854,9.719886340703285,1.7445482866043616,True,-1,True,MEDIUM
2016-04-03,3,39,83,50.142857142857146,10.286375640113581,1.655270655270655,True,-1,True,MEDIUM
2013-02-24,3,40,37,20.0,4.9999999999999964,1.85,True,-1,True,MEDIUM
2013-05-26,3,40,56,31.285714285714285,5.9920582360956365,1.7899543378995435,True,-1,True,MEDIUM
2013-12-02,3,40,9,27.0,5.2599112793530365,0.3333333333333333,True,-1,True,MEDIUM
2014-01-09,3,40,9,23.0,7.02376916856836,0.391304347826087,True,-1,True,MEDIUM
2014-02-16,3,40,39,22.571428571428573,3.2071349029487943,1.7278481012658227,True,-1,True,MEDIUM
2014-03-23,3,40,48,28.571428571428573,3.909694909543833,1.68,True,-1,True,MEDIUM
2014-11-02,3,40,50,27.0,2.999999999999725,1.8518518518518519,True,-1,True,MEDIUM
2015-10-10,3,40,54,29.285714285714285,5.765248931147126,1.8439024390243903,True,-1,True,MEDIUM
2017-10-25,3,40,17,41.285714285714285,11.455919659202237,0.411764705882353,True,-1,True,MEDIUM
2013-01-28,3,41,7,14.0,3.696845502136473,0.5,True,-1,True,MEDIUM
2013-02-12,3,41,8,18.0,4.509249752822899,0.4444444444444444,True,-1,True,MEDIUM
2013-03-04,3,41,8,17.857142857142858,4.775931721614518,0.448,True,-1,True,MEDIUM
2013-03-24,3,41,41,16.714285714285715,3.545621041711677,2.4529914529914527,True,-1,True,MEDIUM
2013-04-02,3,41,26,15.0,2.1602468994692865,1.7333333333333334,True,-1,True,MEDIUM
2013-04-08,3,41,11,23.857142857142858,3.9761191895520245,0.4610778443113772,True,-1,True,MEDIUM
2013-09-23,3,41,9,22.142857142857142,5.814595756329408,0.4064516129032258,True,-1,True,MEDIUM
2013-10-02,3,41,7,19.571428571428573,4.649628761422548,0.3576642335766423,True,-1,True,MEDIUM
2013-11-11,3,41,9,22.0,5.0000000000000195,0.4090909090909091,True,-1,True,MEDIUM
2013-12-13,3,41,8,18.571428571428573,5.318431562567524,0.43076923076923074,True,-1,True,MEDIUM
2013-12-26,3,41,29,17.571428571428573,2.507132682112058,1.6504065040650404,True,-1,True,MEDIUM
2014-01-09,3,41,6,14.714285714285714,4.02965199962668,0.4077669902912622,True,-1,True,MEDIUM
2014-01-17,3,41,7,17.714285714285715,3.9460649476951963,0.3951612903225806,True,-1,True,MEDIUM
2014-01-26,3,41,30,16.142857142857142,3.078342163598867,1.8584070796460177,True,-1,True,MEDIUM
2014-03-02,3,41,30,16.571428571428573,3.644957377763753,1.8103448275862066,True,-1,True,MEDIUM
2014-04-13,3,41,41,22.714285714285715,8.30088922373755,1.8050314465408803,True,-1,True,MEDIUM
2014-12-22,3,41,5,17.0,2.886751345948079,0.29411764705882354,True,-1,True,HIGH
2015-01-19,3,41,8,17.571428571428573,3.86683086679269,0.45528455284552843,True,-1,True,MEDIUM
2015-11-01,3,41,50,26.571428571428573,3.598941643369799,1.8817204301075268,True,-1,True,MEDIUM
2016-01-18,3,41,8,16.571428571428573,3.5989416433697214,0.48275862068965514,True,-1,True,MEDIUM
2016-02-10,3,41,9,19.285714285714285,4.347960660443224,0.4666666666666667,True,-1,True,MEDIUM
2016-03-21,3,41,11,22.857142857142858,3.2366943748507992,0.48125,True,-1,True,MEDIUM
2016-12-28,3,41,11,22.142857142857142,2.6726124191241167,0.4967741935483871,True,-1,True,MEDIUM
2017-01-16,3,41,8,21.142857142857142,4.298393941484373,0.3783783783783784,True,-1,True,MEDIUM
2017-02-21,3,41,39,21.142857142857142,6.593647736737953,1.8445945945945947,True,-1,True,MEDIUM
2013-03-23,3,42,51,29.714285714285715,10.51529498261598,1.7163461538461537,True,-1,True,MEDIUM
2013-03-25,3,42,14,30.428571428571427,12.053452380364499,0.46009389671361506,True,-1,True,MEDIUM
2014-10-25,3,42,61,36.42857142857143,6.2678317052801376,1.6745098039215685,True,-1,True,MEDIUM
2015-11-01,3,42,67,36.714285714285715,8.014867137894148,1.8249027237354085,True,-1,True,MEDIUM
2017-01-07,3,42,54,28.142857142857142,8.532849688675267,1.9187817258883249,True,-1,True,MEDIUM
2017-02-05,3,42,60,34.142857142857146,5.899959644737018,1.7573221757322175,True,-1,True,MEDIUM
2013-03-03,3,43,69,39.57142857142857,7.044078904941922,1.7436823104693142,True,-1,True,MEDIUM
2016-03-06,3,43,90,55.42857142857143,13.575187449376724,1.6237113402061856,True,-1,True,MEDIUM
2013-01-09,3,44,36,19.0,4.932882862316247,1.894736842105263,True,-1,True,MEDIUM
2013-01-18,3,44,33,18.714285714285715,6.447590912226718,1.7633587786259541,True,-1,True,MEDIUM
2013-01-21,3,44,10,21.714285714285715,8.920281866142378,0.4605263157894737,True,-1,True,MEDIUM
2013-01-30,3,44,8,19.142857142857142,3.132015933791494,0.417910447761194,True,-1,True,MEDIUM
2013-03-01,3,44,36,19.714285714285715,5.992058236095666,1.826086956521739,True,-1,True,MEDIUM
2013-12-16,3,44,6,22.285714285714285,2.8115408417384318,0.2692307692307692,True,-1,True,HIGH
2014-03-22,3,44,52,27.428571428571427,4.720774754816743,1.8958333333333335,True,-1,True,MEDIUM
2014-08-10,3,44,62,32.285714285714285,5.8513327745134545,1.920353982300885,True,-1,True,MEDIUM
2015-03-01,3,44,46,21.857142857142858,4.259443290250344,2.104575163398693,True,-1,True,MEDIUM
2017-04-10,3,44,18,43.57142857142857,13.339879345495541,0.4131147540983607,True,-1,True,MEDIUM
2014-12-01,3,45,44,95.0,14.628738838327662,0.4631578947368421,True,-1,True,MEDIUM
2016-04-03,3,45,143,88.57142857142857,19.329227807107227,1.614516129032258,True,-1,True,MEDIUM
2017-01-02,3,45,35,79.85714285714286,15.763127560106133,0.43828264758497315,True,-1,True,MEDIUM
2015-02-01,3,46,74,37.42857142857143,8.521681032463016,1.9770992366412212,True,-1,True,MEDIUM
2016-02-22,3,46,23,55.857142857142854,13.897584579446109,0.411764705882353,True,-1,True,MEDIUM
2013-05-07,3,47,10,21.428571428571427,4.3915503282684005,0.4666666666666667,True,-1,True,MEDIUM
2013-12-26,3,47,29,15.571428571428571,3.5523298860110955,1.8623853211009174,True,-1,True,MEDIUM
2013-12-30,3,47,7,18.0,6.027713773341702,0.3888888888888889,True,-1,True,MEDIUM
2014-01-16,3,47,27,15.0,4.690415759823434,1.8,True,-1,True,MEDIUM
2014-01-30,3,47,23,13.714285714285714,2.360387377408345,1.6770833333333335,True,-1,True,MEDIUM
2014-02-01,3,47,32,17.142857142857142,4.7056197405715965,1.8666666666666667,True,-1,True,MEDIUM
2014-02-19,3,47,9,18.0,2.309401076758479,0.5,True,-1,True,MEDIUM
2014-06-08,3,47,45,26.428571428571427,3.7796447300922655,1.7027027027027029,True,-1,True,MEDIUM
2014-10-05,3,47,33,19.428571428571427,2.572750982712326,1.698529411764706,True,-1,True,MEDIUM
2014-12-15,3,47,9,18.142857142857142,3.933978962347177,0.49606299212598426,True,-1,True,MEDIUM
2015-01-03,3,47,28,15.0,1.9999999999999178,1.8666666666666667,True,-1,True,MEDIUM
2015-03-23,3,47,7,23.285714285714285,3.8606685826112432,0.3006134969325153,True,-1,True,MEDIUM
2015-04-16,3,47,12,28.714285714285715,8.459989868281646,0.417910447761194,True,-1,True,MEDIUM
2015-09-17,3,47,41,24.571428571428573,3.457221565416473,1.6686046511627906,True,-1,True,MEDIUM
2015-12-12,3,47,35,19.285714285714285,2.9840847683606255,1.8148148148148149,True,-1,True,MEDIUM
2016-02-27,3,47,37,21.0,4.163331998932256,1.7619047619047619,True,-1,True,MEDIUM
2016-02-29,3,47,10,21.285714285714285,7.111359122659217,0.46979865771812085,True,-1,True,MEDIUM
2017-01-18,3,47,9,19.142857142857142,5.698788509515886,0.4701492537313433,True,-1,True,MEDIUM
2017-01-24,3,47,8,18.0,6.608075867199663,0.4444444444444444,True,-1,True,MEDIUM
2017-02-25,3,47,36,19.857142857142858,4.598136268408851,1.8129496402877698,True,-1,True,MEDIUM
2013-11-03,3,48,75,42.285714285714285,6.55017266220985,1.7736486486486487,True,-1,True,MEDIUM
2016-02-21,3,48,67,40.42857142857143,6.604471789556066,1.657243816254417,True,-1,True,MEDIUM
2016-04-01,3,48,90,54.714285714285715,9.99523696091083,1.6449086161879896,True,-1,True,MEDIUM
2017-05-08,3,48,37,76.42857142857143,19.483815017060902,0.48411214953271026,True,-1,True,MEDIUM
2013-02-08,3,49,31,18.714285714285715,3.4503277967117754,1.6564885496183206,True,-1,True,MEDIUM
2013-03-17,3,49,45,23.285714285714285,8.300889223737533,1.932515337423313,True,-1,True,MEDIUM
2013-09-22,3,49,52,30.428571428571427,3.5050983275386645,1.7089201877934272,True,-1,True,MEDIUM
2014-01-22,3,49,11,22.714285714285715,3.0937725468154396,0.48427672955974843,True,-1,True,MEDIUM
2014-02-14,3,49,32,19.428571428571427,2.7602622373694885,1.647058823529412,True,-1,True,MEDIUM
2014-12-01,3,49,17,35.714285714285715,11.101265479128731,0.476,True,-1,True,MEDIUM
2014-12-04,3,49,17,34.57142857142857,12.752217360876802,0.49173553719008267,True,-1,True,MEDIUM
2015-11-29,3,49,58,34.42857142857143,3.8668308667926365,1.6846473029045643,True,-1,True,MEDIUM
2015-12-07,3,49,13,26.714285714285715,2.1380899352992415,0.48663101604278075,True,-1,True,MEDIUM
2016-04-03,3,49,57,32.285714285714285,6.872997543873756,1.7654867256637168,True,-1,True,MEDIUM
2016-10-08,3,49,53,31.285714285714285,4.5721725585067405,1.6940639269406392,True,-1,True,MEDIUM
2013-01-15,4,1,7,14.857142857142858,4.2594432902501635,0.47115384615384615,True,-1,True,MEDIUM
2013-02-01,4,1,19,11.571428571428571,2.439750182371337,1.6419753086419753,True,-1,True,MEDIUM
2013-02-11,4,1,7,16.0,2.449489742783185,0.4375,True,-1,True,MEDIUM
2013-02-26,4,1,18,10.857142857142858,2.6095064302514817,1.657894736842105,True,-1,True,MEDIUM
2013-02-27,4,1,20,11.714285714285714,3.773340063934771,1.707317073170732,True,-1,True,MEDIUM
2013-03-07,4,1,28,15.571428571428571,1.9880595947760105,1.798165137614679,True,-1,True,MEDIUM
2013-03-26,4,1,4,17.428571428571427,2.878491668515702,0.2295081967213115,True,-1,True,HIGH
2013-03-31,4,1,28,14.571428571428571,4.961758520831863,1.9215686274509804,True,-1,True,MEDIUM
2013-08-25,4,1,42,22.0,6.633249580710802,1.9090909090909092,True,-1,True,MEDIUM
2013-08-28,4,1,11,24.857142857142858,8.802056036869475,0.4425287356321839,True,-1,True,MEDIUM
2013-09-16,4,1,9,24.142857142857142,2.340126166724864,0.3727810650887574,True,-1,True,MEDIUM
2013-10-07,4,1,8,17.0,3.785938897200198,0.47058823529411764,True,-1,True,MEDIUM
2013-12-09,4,1,8,17.142857142857142,3.4364987719369178,0.4666666666666667,True,-1,True,MEDIUM
2013-12-30,4,1,7,14.285714285714286,1.4960264830862686,0.49,True,-1,True,MEDIUM
2014-01-24,4,1,21,13.0,3.0000000000000377,1.6153846153846154,True,-1,True,MEDIUM
2014-05-17,4,1,39,23.0,2.309401076758565,1.6956521739130435,True,-1,True,MEDIUM
2014-08-24,4,1,39,20.857142857142858,6.3620901028035135,1.86986301369863,True,-1,True,MEDIUM
2014-10-06,4,1,10,20.428571428571427,3.690399384761429,0.48951048951048953,True,-1,True,MEDIUM
2014-12-22,4,1,7,16.571428571428573,3.8668308667926725,0.42241379310344823,True,-1,True,MEDIUM
2015-01-12,4,1,8,16.0,4.4347115652166424,0.5,True,-1,True,MEDIUM
2015-01-25,4,1,26,14.714285714285714,2.429971585175716,1.766990291262136,True,-1,True,MEDIUM
2015-02-24,4,1,9,19.857142857142858,4.91353814911994,0.45323741007194246,True,-1,True,MEDIUM
2015-03-01,4,1,33,16.857142857142858,5.928141120356091,1.9576271186440677,True,-1,True,MEDIUM
2015-04-02,4,1,31,18.428571428571427,4.0766466144427325,1.682170542635659,True,-1,True,MEDIUM
2015-04-17,4,1,37,21.571428571428573,8.77225062070054,1.71523178807947,True,-1,True,MEDIUM
2015-12-04,4,1,7,19.571428571428573,7.524562952028997,0.3576642335766423,True,-1,True,MEDIUM
2015-12-14,4,1,6,16.714285714285715,5.056820005836479,0.358974358974359,True,-1,True,MEDIUM
2015-12-20,4,1,7,16.857142857142858,7.515064236331581,0.4152542372881356,True,-1,True,MEDIUM
2015-12-31,4,1,28,15.571428571428571,4.649628761422465,1.798165137614679,True,-1,True,MEDIUM
2016-12-25,4,1,32,17.142857142857142,4.059087394500216,1.8666666666666667,True,-1,True,MEDIUM
2017-01-09,4,1,9,20.285714285714285,5.15474815790538,0.44366197183098594,True,-1,True,MEDIUM
2017-01-30,4,1,8,17.0,3.6968455021364734,0.47058823529411764,True,-1,True,MEDIUM
2017-02-05,4,1,30,16.142857142857142,6.517376042257375,1.8584070796460177,True,-1,True,MEDIUM
2017-02-14,4,1,9,19.571428571428573,2.8784916685157502,0.4598540145985401,True,-1,True,MEDIUM
2017-03-24,4,1,36,21.428571428571427,3.4086724129854575,1.6800000000000002,True,-1,True,MEDIUM
2017-06-08,4,1,15,31.285714285714285,3.401680257083296,0.4794520547945206,True,-1,True,MEDIUM
2013-02-03,4,2,57,32.57142857142857,12.259107401671395,1.75,True,-1,True,MEDIUM
2015-12-20,4,2,76,45.0,6.082762530297605,1.6888888888888889,True,-1,True,MEDIUM
2017-07-01,4,2,124,76.14285714285714,8.783100656537156,1.628517823639775,True,-1,True,MEDIUM
2013-02-25,4,3,9,23.571428571428573,5.62308168347639,0.3818181818181818,True,-1,True,MEDIUM
2013-06-28,4,3,64,37.142857142857146,5.336308693862327,1.723076923076923,True,-1,True,MEDIUM
2014-03-10,4,3,13,33.285714285714285,4.151878519188111,0.3905579399141631,True,-1,True,MEDIUM
2015-11-07,4,3,70,41.57142857142857,6.778818551368871,1.6838487972508591,True,-1,True,MEDIUM
2015-12-10,4,3,48,24.714285714285715,4.423960733486147,1.9421965317919074,True,-1,True,MEDIUM
2016-03-20,4,3,67,36.142857142857146,8.19407451411434,1.8537549407114622,True,-1,True,MEDIUM
2016-03-21,4,3,19,40.714285714285715,14.185841365181592,0.4666666666666667,True,-1,True,MEDIUM
2016-05-29,4,3,76,44.714285714285715,10.53113298295889,1.6996805111821085,True,-1,True,MEDIUM
2016-07-03,4,3,77,46.42857142857143,8.141603913585925,1.6584615384615384,True,-1,True,MEDIUM
2017-03-05,4,3,58,34.285714285714285,3.03942350423491,1.6916666666666667,True,-1,True,MEDIUM
2017-11-02,4,3,59,36.857142857142854,4.140393356054485,1.6007751937984498,True,-1,True,MEDIUM
2013-01-08,4,4,6,13.714285714285714,2.9277002188455996,0.4375,True,-1,True,MEDIUM
2013-01-27,4,4,21,12.714285714285714,3.352326839390103,1.651685393258427,True,-1,True,MEDIUM
2013-02-05,4,4,6,13.857142857142858,2.2677868380553616,0.43298969072164945,True,-1,True,MEDIUM
2013-05-20,4,4,9,22.0,4.35889894354067,0.4090909090909091,True,-1,True,MEDIUM
2013-10-21,4,4,9,18.428571428571427,4.03555625480734,0.48837209302325585,True,-1,True,MEDIUM
2013-11-07,4,4,32,17.285714285714285,5.08967208224286,1.8512396694214877,True,-1,True,MEDIUM
2013-12-02,4,4,8,19.857142857142858,3.3876526498728743,0.4028776978417266,True,-1,True,MEDIUM
2013-12-13,4,4,24,14.142857142857142,3.387652649872944,1.696969696969697,True,-1,True,MEDIUM
2014-03-02,4,4,31,16.428571428571427,2.2253945610568584,1.8869565217391306,True,-1,True,MEDIUM
2014-03-04,4,4,7,18.285714285714285,6.074928962939592,0.3828125,True,-1,True,MEDIUM
2014-04-07,4,4,9,22.428571428571427,8.283661486266071,0.4012738853503185,True,-1,True,MEDIUM
2014-04-08,4,4,10,21.571428571428573,9.413769044280185,0.46357615894039733,True,-1,True,MEDIUM
2014-06-01,4,4,42,22.428571428571427,3.7352886036263837,1.872611464968153,True,-1,True,MEDIUM
2014-07-06,4,4,48,27.0,4.546060565661942,1.7777777777777777,True,-1,True,MEDIUM
2014-08-03,4,4,40,23.428571428571427,3.8668308667927485,1.707317073170732,True,-1,True,MEDIUM
2014-10-22,4,4,8,17.571428571428573,2.5071326821122515,0.45528455284552843,True,-1,True,MEDIUM
2014-10-25,4,4,36,17.714285714285715,5.12231346542715,2.032258064516129,True,-1,True,MEDIUM
2014-12-05,4,4,6,18.571428571428573,4.649628761422644,0.32307692307692304,True,-1,True,MEDIUM
2014-12-22,4,4,6,20.857142857142858,6.938505396903411,0.2876712328767123,True,-1,True,HIGH
2015-01-08,4,4,7,17.142857142857142,2.8535691936342493,0.4083333333333333,True,-1,True,MEDIUM
2015-03-11,4,4,8,22.285714285714285,6.102302453836234,0.358974358974359,True,-1,True,MEDIUM
2015-06-04,4,4,42,25.0,3.7416573867739427,1.68,True,-1,True,MEDIUM
2015-06-14,4,4,54,25.0,5.4467115461227325,2.16,True,-1,True,MEDIUM
2015-10-10,4,4,40,20.571428571428573,6.241184258807105,1.9444444444444442,True,-1,True,MEDIUM
2015-12-14,4,4,6,19.857142857142858,4.7409060817728985,0.302158273381295,True,-1,True,MEDIUM
2015-12-21,4,4,8,18.285714285714285,6.750661343263311,0.4375,True,-1,True,MEDIUM
2016-01-04,4,4,7,16.428571428571427,3.8668308667928866,0.42608695652173917,True,-1,True,MEDIUM
2016-01-18,4,4,7,18.428571428571427,3.408672412985535,0.3798449612403101,True,-1,True,MEDIUM
2016-01-27,4,4,8,19.0,5.196152422706721,0.42105263157894735,True,-1,True,MEDIUM
2016-02-29,4,4,8,17.428571428571427,4.995235825502345,0.459016393442623,True,-1,True,MEDIUM
2016-03-20,4,4,38,21.714285714285715,3.903600291794194,1.75,True,-1,True,MEDIUM
2017-02-27,4,4,8,18.142857142857142,6.175990377490736,0.4409448818897638,True,-1,True,MEDIUM
2017-03-27,4,4,11,25.714285714285715,3.683941988065027,0.42777777777777776,True,-1,True,MEDIUM
2017-04-02,4,4,36,18.714285714285715,6.676183683170307,1.9236641221374045,True,-1,True,MEDIUM
2017-04-29,4,4,47,23.714285714285715,9.0316902388993,1.9819277108433735,True,-1,True,MEDIUM
2013-01-08,4,5,15,9.0,3.265986323710904,1.6666666666666667,True,-1,True,MEDIUM
2013-01-22,4,5,17,9.428571428571429,2.3704530408864075,1.803030303030303,True,-1,True,MEDIUM
2013-02-01,4,5,22,10.0,2.5819888974716094,2.2,True,-1,True,MEDIUM
2013-02-27,4,5,18,10.285714285714286,3.2513733362117234,1.7499999999999998,True,-1,True,MEDIUM
2013-03-09,4,5,23,12.142857142857142,3.891382420536066,1.8941176470588237,True,-1,True,MEDIUM
2013-03-17,4,5,22,13.428571428571429,2.507132682112034,1.6382978723404256,True,-1,True,MEDIUM
2013-03-23,4,5,25,14.285714285714286,4.23140188409963,1.75,True,-1,True,MEDIUM
2013-04-01,4,5,7,14.142857142857142,2.340126166724878,0.494949494949495,True,-1,True,MEDIUM
2013-04-02,4,5,25,13.285714285714286,3.5923198500080566,1.8817204301075268,True,-1,True,MEDIUM
2013-04-10,4,5,7,16.285714285714285,4.02965199962667,0.4298245614035088,True,-1,True,MEDIUM
2013-09-06,4,5,31,16.142857142857142,4.099941927579427,1.920353982300885,True,-1,True,MEDIUM
2013-09-16,4,5,9,18.571428571428573,2.3704530408863906,0.48461538461538456,True,-1,True,MEDIUM
2013-11-10,4,5,29,17.142857142857142,3.4364987719368787,1.6916666666666667,True,-1,True,MEDIUM
2013-11-14,4,5,9,19.857142857142858,5.490251100164462,0.45323741007194246,True,-1,True,MEDIUM
2013-11-17,4,5,32,17.571428571428573,6.876460883747843,1.8211382113821137,True,-1,True,MEDIUM
2013-11-25,4,5,7,17.0,5.259911279353151,0.4117647058823529,True,-1,True,MEDIUM
2013-12-05,4,5,7,14.428571428571429,4.237025012007916,0.48514851485148514,True,-1,True,MEDIUM
2013-12-09,4,5,5,12.857142857142858,3.3380918415850664,0.3888888888888889,True,-1,True,MEDIUM
2013-12-17,4,5,6,13.142857142857142,3.804758924845322,0.4565217391304348,True,-1,True,MEDIUM
2013-12-25,4,5,5,12.285714285714286,1.7994708216847648,0.4069767441860465,True,-1,True,MEDIUM
2013-12-30,4,5,4,10.142857142857142,3.023715784073734,0.3943661971830986,True,-1,True,MEDIUM
2014-01-02,4,5,17,9.571428571428571,3.207134902949009,1.7761194029850746,True,-1,True,MEDIUM
2014-01-10,4,5,19,11.428571428571429,2.572750982712315,1.6624999999999999,True,-1,True,MEDIUM
2014-01-14,4,5,19,11.857142857142858,4.450789122113448,1.6024096385542168,True,-1,True,MEDIUM
2014-01-20,4,5,7,14.714285714285714,6.102302453836173,0.47572815533980584,True,-1,True,MEDIUM
2014-03-15,4,5,28,15.857142857142858,3.80475892484534,1.7657657657657657,True,-1,True,MEDIUM
2014-04-05,4,5,24,15.0,2.236067977499719,1.6,True,-1,True,MEDIUM
2014-04-06,4,5,28,16.142857142857142,4.099941927579412,1.7345132743362832,True,-1,True,MEDIUM
2014-10-19,4,5,25,14.714285714285714,3.352326839389996,1.6990291262135924,True,-1,True,MEDIUM
2014-12-01,4,5,7,19.714285714285715,2.6276913640612096,0.3550724637681159,True,-1,True,MEDIUM
2015-01-12,4,5,8,17.285714285714285,4.270608298368611,0.4628099173553719,True,-1,True,MEDIUM
2015-01-16,4,5,8,16.428571428571427,5.349677337844506,0.48695652173913045,True,-1,True,MEDIUM
2015-02-13,4,5,7,15.428571428571429,3.866830866792632,0.4537037037037037,True,-1,True,MEDIUM
2015-03-01,4,5,29,14.714285714285714,2.563479777846466,1.970873786407767,True,-1,True,MEDIUM
2015-03-23,4,5,6,16.428571428571427,4.995235825502173,0.3652173913043479,True,-1,True,MEDIUM
2015-04-11,4,5,34,16.571428571428573,5.06152621439888,2.0517241379310343,True,-1,True,MEDIUM
2015-05-17,4,5,36,19.285714285714285,4.535573676110722,1.8666666666666667,True,-1,True,MEDIUM
2015-10-14,4,5,10,20.428571428571427,3.690399384761412,0.48951048951048953,True,-1,True,MEDIUM
2015-12-07,4,5,7,15.571428571428571,2.5071326821118043,0.44954128440366975,True,-1,True,MEDIUM
2015-12-26,4,5,24,13.0,2.999999999999718,1.8461538461538463,True,-1,True,MEDIUM
2015-12-29,4,5,5,13.142857142857142,5.0803074522633125,0.3804347826086957,True,-1,True,MEDIUM
2016-01-03,4,5,20,11.285714285714286,4.347960660442995,1.7721518987341771,True,-1,True,MEDIUM
2016-01-24,4,5,24,14.285714285714286,2.8702082220796825,1.68,True,-1,True,MEDIUM
2016-02-22,4,5,6,17.0,2.5819888974714402,0.35294117647058826,True,-1,True,MEDIUM
2016-02-29,4,5,6,16.285714285714285,7.739816658342812,0.368421052631579,True,-1,True,MEDIUM
2016-05-30,4,5,10,23.428571428571427,4.11732691832715,0.426829268292683,True,-1,True,MEDIUM
2016-09-28,4,5,10,24.857142857142858,8.532849688675201,0.40229885057471265,True,-1,True,MEDIUM
2016-10-14,4,5,34,17.714285714285715,4.990467102863314,1.9193548387096773,True,-1,True,MEDIUM
2016-10-25,4,5,10,21.571428571428573,3.6449573777637245,0.46357615894039733,True,-1,True,MEDIUM
2016-10-31,4,5,8,18.285714285714285,6.62606685030879,0.4375,True,-1,True,MEDIUM
2016-12-02,4,5,9,23.571428571428573,8.96022958889529,0.3818181818181818,True,-1,True,MEDIUM
2016-12-14,4,5,8,17.285714285714285,3.817254061681981,0.4628099173553719,True,-1,True,MEDIUM
2017-01-18,4,5,7,18.285714285714285,5.707138387267984,0.3828125,True,-1,True,MEDIUM
2017-02-02,4,5,22,13.285714285714286,2.2886885410848974,1.6559139784946235,True,-1,True,MEDIUM
2017-03-19,4,5,33,18.142857142857142,5.785861256216723,1.8188976377952757,True,-1,True,MEDIUM
2017-05-08,4,5,12,24.571428571428573,3.1014589500827294,0.4883720930232558,True,-1,True,MEDIUM
2017-07-29,4,5,49,24.142857142857142,8.02970674907813,2.029585798816568,True,-1,True,MEDIUM
2017-10-02,4,5,8,25.142857142857142,1.7728105208560436,0.3181818181818182,True,-1,True,MEDIUM
2017-10-03,4,5,9,22.571428571428573,6.654751256486939,0.39873417721518983,True,-1,True,MEDIUM
2017-10-21,4,5,38,19.142857142857142,6.8173448259707365,1.9850746268656716,True,-1,True,MEDIUM
2017-11-03,4,5,34,18.428571428571427,2.2253945610566284,1.8449612403100777,True,-1,True,MEDIUM
2013-02-02,4,6,65,33.0,4.358898943540669,1.9696969696969697,True,-1,True,MEDIUM
2014-02-02,4,6,73,41.57142857142857,9.589180410878706,1.7560137457044673,True,-1,True,MEDIUM
2016-03-27,4,6,92,55.42857142857143,8.58015428876719,1.6597938144329896,True,-1,True,MEDIUM
2016-04-03,4,6,95,59.285714285714285,17.35621200717766,1.6024096385542168,True,-1,True,MEDIUM
2013-12-04,4,7,21,47.42857142857143,13.464238347775517,0.44277108433734935,True,-1,True,MEDIUM
2014-03-01,4,7,74,41.142857142857146,9.281317640445721,1.798611111111111,True,-1,True,MEDIUM
2014-08-11,4,7,34,69.85714285714286,5.580578567035915,0.4867075664621677,True,-1,True,MEDIUM
2015-03-01,4,7,90,49.142857142857146,12.495713550768128,1.8313953488372092,True,-1,True,MEDIUM
2016-12-25,4,7,76,42.857142857142854,8.414839499926131,1.7733333333333334,True,-1,True,MEDIUM
2017-04-03,4,7,34,68.28571428571429,16.48953492081457,0.49790794979079495,True,-1,True,MEDIUM
2013-12-02,4,8,26,67.57142857142857,13.733864992020573,0.38477801268498946,True,-1,True,MEDIUM
2015-03-01,4,8,104,64.57142857142857,12.286267983093207,1.6106194690265487,True,-1,True,MEDIUM
2013-02-16,4,9,58,32.57142857142857,6.373307431706677,1.7807017543859651,True,-1,True,MEDIUM
2017-02-19,4,9,74,45.0,3.559026084010942,1.6444444444444444,True,-1,True,MEDIUM
2013-11-10,4,10,101,62.142857142857146,9.839183086492794,1.625287356321839,True,-1,True,MEDIUM
2014-03-01,4,10,95,59.285714285714285,9.928314487939547,1.6024096385542168,True,-1,True,MEDIUM
2014-12-01,4,10,30,76.85714285714286,12.954131534360926,0.3903345724907063,True,-1,True,MEDIUM
2015-03-01,4,10,91,51.42857142857143,11.886366740333656,1.7694444444444444,True,-1,True,MEDIUM
2016-04-17,4,10,134,82.28571428571429,17.490133272927444,1.628472222222222,True,-1,True,MEDIUM
2013-03-02,4,11,81,47.57142857142857,6.267831705280092,1.7027027027027029,True,-1,True,MEDIUM
2017-03-05,4,11,109,64.28571428571429,14.209319544044744,1.6955555555555555,True,-1,True,MEDIUM
2013-09-15,4,12,99,60.0,10.832051206181076,1.65,True,-1,True,MEDIUM
2014-12-01,4,13,37,84.71428571428571,13.548853404308028,0.4367622259696459,True,-1,True,MEDIUM
2015-02-23,4,13,30,72.0,18.8591268797542,0.4166666666666667,True,-1,True,MEDIUM
2014-02-02,4,14,78,39.857142857142854,10.123052428798019,1.9569892473118282,True,-1,True,MEDIUM
2014-04-13,4,14,102,59.57142857142857,6.77881855136882,1.7122302158273381,True,-1,True,MEDIUM
2017-04-01,4,14,89,55.285714285714285,12.459458063579655,1.6098191214470285,True,-1,True,MEDIUM
2014-03-02,4,15,103,63.57142857142857,14.501231474799486,1.6202247191011236,True,-1,True,MEDIUM
2013-01-08,4,16,7,14.714285714285714,3.401680257083045,0.47572815533980584,True,-1,True,MEDIUM
2013-01-14,4,16,5,13.428571428571429,4.035556254807296,0.3723404255319149,True,-1,True,MEDIUM
2013-01-23,4,16,7,15.0,3.1622776601683773,0.4666666666666667,True,-1,True,MEDIUM
2013-02-17,4,16,32,17.142857142857142,4.375255094603868,1.8666666666666667,True,-1,True,MEDIUM
2013-02-26,4,16,8,19.285714285714285,4.715728494951252,0.41481481481481486,True,-1,True,MEDIUM
2013-10-04,4,16,37,19.857142857142858,7.6032574472737675,1.8633093525179856,True,-1,True,MEDIUM
2013-10-21,4,16,9,24.0,2.886751345948138,0.375,True,-1,True,MEDIUM
2013-10-27,4,16,43,19.0,6.27162924074228,2.263157894736842,True,-1,True,MEDIUM
2013-11-04,4,16,10,23.714285714285715,3.86066858261131,0.4216867469879518,True,-1,True,MEDIUM
2013-12-11,4,16,8,17.0,4.163331998932293,0.47058823529411764,True,-1,True,MEDIUM
2013-12-20,4,16,25,15.285714285714286,3.2513733362117625,1.6355140186915886,True,-1,True,MEDIUM
2013-12-23,4,16,8,16.714285714285715,4.461475305855913,0.4786324786324786,True,-1,True,MEDIUM
2014-01-12,4,16,24,13.857142857142858,2.853569193634071,1.7319587628865978,True,-1,True,MEDIUM
2014-03-23,4,16,40,23.0,3.6968455021364957,1.7391304347826086,True,-1,True,MEDIUM
2014-12-01,4,16,12,29.0,3.5118845842842354,0.41379310344827586,True,-1,True,MEDIUM
2015-02-08,4,16,37,19.714285714285715,6.499084184567549,1.8768115942028984,True,-1,True,MEDIUM
2015-09-07,4,16,15,33.42857142857143,3.309438162646562,0.4487179487179487,True,-1,True,MEDIUM
2016-01-25,4,16,9,21.142857142857142,5.5205244747388384,0.4256756756756757,True,-1,True,MEDIUM
2016-07-30,4,16,60,36.285714285714285,4.535573676110795,1.6535433070866141,True,-1,True,MEDIUM
2016-12-26,4,16,9,24.0,3.055050463303791,0.375,True,-1,True,MEDIUM
2013-02-05,4,17,7,19.571428571428573,4.429339411136567,0.3576642335766423,True,-1,True,MEDIUM
2013-02-18,4,17,9,25.0,6.7330032922413885,0.36,True,-1,True,MEDIUM
2014-01-08,4,17,8,23.714285714285715,3.8172540616819783,0.3373493975903614,True,-1,True,MEDIUM
2014-01-11,4,17,37,21.142857142857142,6.28300807545154,1.75,True,-1,True,MEDIUM
2014-08-31,4,17,58,34.285714285714285,5.707138387268085,1.6916666666666667,True,-1,True,MEDIUM
2013-02-12,4,19,11,28.714285714285715,9.604066599003525,0.38308457711442784,True,-1,True,MEDIUM
2014-09-14,4,19,67,41.857142857142854,13.765035069922272,1.6006825938566553,True,-1,True,MEDIUM
2015-02-02,4,19,16,33.714285714285715,11.220729116450512,0.4745762711864407,True,-1,True,MEDIUM
2016-02-05,4,19,47,28.142857142857142,3.7161167647852493,1.6700507614213198,True,-1,True,MEDIUM
2017-02-04,4,19,60,31.0,4.4347115652163165,1.935483870967742,True,-1,True,MEDIUM
2017-02-06,4,19,16,35.142857142857146,11.908380402452808,0.45528455284552843,True,-1,True,MEDIUM
2015-03-01,4,20,75,39.57142857142857,10.67484805289431,1.8953068592057762,True,-1,True,MEDIUM
2013-03-15,4,21,58,29.857142857142858,6.866065623255944,1.9425837320574162,True,-1,True,MEDIUM
2015-03-01,4,21,57,31.142857142857142,6.121780008803837,1.8302752293577982,True,-1,True,MEDIUM
2016-04-03,4,21,68,39.285714285714285,10.950103282835386,1.730909090909091,True,-1,True,MEDIUM
2016-07-03,4,21,93,55.57142857142857,8.182443458550757,1.673521850899743,True,-1,True,MEDIUM
2017-03-03,4,21,66,36.57142857142857,6.106202935189305,1.8046875,True,-1,True,MEDIUM
2017-04-02,4,21,71,41.714285714285715,11.010817192111384,1.702054794520548,True,-1,True,MEDIUM
2017-12-06,4,21,18,38.57142857142857,14.830791649550736,0.4666666666666667,True,-1,True,MEDIUM
2013-01-16,4,23,7,18.0,5.228129047119374,0.3888888888888889,True,-1,True,MEDIUM
2013-03-03,4,23,36,21.142857142857142,3.8913824205360714,1.7027027027027029,True,-1,True,MEDIUM
2013-03-30,4,23,40,21.142857142857142,4.488079449258577,1.8918918918918919,True,-1,True,MEDIUM
2013-05-06,4,23,12,28.0,2.7080128015453373,0.42857142857142855,True,-1,True,MEDIUM
2013-08-10,4,23,45,26.142857142857142,3.3876526498728037,1.7213114754098362,True,-1,True,MEDIUM
2013-12-09,4,23,9,20.0,5.802298395176347,0.45,True,-1,True,MEDIUM
2014-01-05,4,23,32,17.714285714285715,4.785891965429344,1.8064516129032258,True,-1,True,MEDIUM
2014-01-15,4,23,9,18.0,3.464101615137652,0.5,True,-1,True,MEDIUM
2014-01-19,4,23,32,16.714285714285715,5.908025211926667,1.9145299145299144,True,-1,True,MEDIUM
2014-01-28,4,23,9,20.285714285714285,5.851332774513396,0.44366197183098594,True,-1,True,MEDIUM
2014-03-01,4,23,40,21.0,3.9581140290125663,1.9047619047619047,True,-1,True,MEDIUM
2016-01-12,4,23,7,23.0,4.203173404305759,0.30434782608695654,True,-1,True,MEDIUM
2017-04-09,4,23,59,33.714285714285715,7.952238379103996,1.75,True,-1,True,MEDIUM
2017-12-06,4,23,11,27.285714285714285,7.889112449324845,0.40314136125654454,True,-1,True,MEDIUM
2014-03-23,4,24,84,50.714285714285715,5.707138387267598,1.656338028169014,True,-1,True,MEDIUM
2016-08-14,4,24,129,74.85714285714286,12.798809468443817,1.7232824427480915,True,-1,True,MEDIUM
2016-10-10,4,24,36,79.0,16.50252505931552,0.45569620253164556,True,-1,True,MEDIUM
2017-04-02,4,24,126,74.0,18.083141320025174,1.7027027027027026,True,-1,True,MEDIUM
2013-03-02,4,25,87,54.142857142857146,11.216484467493538,1.6068601583113455,True,-1,True,MEDIUM
2014-02-02,4,25,94,54.285714285714285,9.961831921794975,1.731578947368421,True,-1,True,MEDIUM
2015-12-12,4,25,91,56.857142857142854,9.476788686550103,1.600502512562814,True,-1,True,MEDIUM
2013-12-02,4,26,19,41.857142857142854,4.336994790119558,0.45392491467576795,True,-1,True,MEDIUM
2015-03-01,4,26,73,39.57142857142857,7.6345081233642,1.8447653429602888,True,-1,True,MEDIUM
2017-03-05,4,26,79,47.0,14.399074044303488,1.6808510638297873,True,-1,True,MEDIUM
2017-04-01,4,26,89,53.42857142857143,6.187545093630892,1.6657754010695187,True,-1,True,MEDIUM
2013-01-08,4,27,7,14.571428571428571,3.644957377763735,0.4803921568627451,True,-1,True,MEDIUM
2013-01-15,4,27,4,12.714285714285714,5.313952882562588,0.3146067415730337,True,-1,True,MEDIUM
2013-01-20,4,27,20,10.0,5.567764362830021,2.0,True,-1,True,MEDIUM
2013-01-21,4,27,17,9.857142857142858,5.241773600241665,1.7246376811594202,True,-1,True,MEDIUM
2013-01-23,4,27,21,12.0,5.0,1.75,True,-1,True,MEDIUM
2013-02-23,4,27,22,12.714285714285714,3.450327796711775,1.7303370786516854,True,-1,True,MEDIUM
2013-03-02,4,27,28,15.428571428571429,3.5989416433697516,1.8148148148148149,True,-1,True,MEDIUM
2013-03-18,4,27,6,17.0,5.196152422706631,0.35294117647058826,True,-1,True,MEDIUM
2013-04-02,4,27,7,17.285714285714285,5.677860093212518,0.40495867768595045,True,-1,True,MEDIUM
2013-04-22,4,27,11,22.142857142857142,2.410295378065516,0.4967741935483871,True,-1,True,MEDIUM
2013-10-12,4,27,29,17.0,3.4641016151377593,1.7058823529411764,True,-1,True,MEDIUM
2013-10-27,4,27,31,17.285714285714285,4.309458036856682,1.7933884297520661,True,-1,True,MEDIUM
2013-12-02,4,27,9,19.857142857142858,3.1320159337915108,0.45323741007194246,True,-1,True,MEDIUM
2013-12-03,4,27,8,18.571428571428573,5.191568255583376,0.43076923076923074,True,-1,True,MEDIUM
2013-12-04,4,27,8,17.428571428571427,6.553806600166119,0.459016393442623,True,-1,True,MEDIUM
2013-12-15,4,27,29,13.714285714285714,3.9036002917941235,2.1145833333333335,True,-1,True,MEDIUM
2014-01-02,4,27,20,12.428571428571429,2.760262237369398,1.6091954022988506,True,-1,True,MEDIUM
2014-01-12,4,27,25,15.0,1.9148542155126718,1.6666666666666667,True,-1,True,MEDIUM
2014-02-23,4,27,30,16.857142857142858,3.716116764786038,1.7796610169491525,True,-1,True,MEDIUM
2014-11-10,4,27,10,24.142857142857142,4.220133150686633,0.41420118343195267,True,-1,True,MEDIUM
2015-02-28,4,27,6,15.857142857142858,4.017817460121562,0.37837837837837834,True,-1,True,MEDIUM
2015-03-01,4,27,28,14.142857142857142,5.304984179322091,1.97979797979798,True,-1,True,MEDIUM
2015-11-01,4,27,39,22.571428571428573,3.5050983275387844,1.7278481012658227,True,-1,True,MEDIUM
2015-11-23,4,27,7,24.142857142857142,8.112306935115603,0.28994082840236685,True,-1,True,HIGH
2016-01-01,4,27,32,15.857142857142858,1.2149857925883998,2.018018018018018,True,-1,True,MEDIUM
2016-03-09,4,27,9,19.285714285714285,8.320943169983574,0.4666666666666667,True,-1,True,MEDIUM
2016-12-01,4,27,9,27.0,4.898979485566394,0.3333333333333333,True,-1,True,MEDIUM
2017-01-22,4,27,37,15.571428571428571,2.225394561056884,2.376146788990826,True,-1,True,MEDIUM
2017-02-04,4,27,29,17.428571428571427,2.699206232527421,1.6639344262295084,True,-1,True,MEDIUM
2017-02-05,4,27,35,19.285714285714285,5.023753102820222,1.8148148148148149,True,-1,True,MEDIUM
2017-02-06,4,27,10,21.571428571428573,7.764387566686431,0.46357615894039733,True,-1,True,MEDIUM
2017-04-23,4,27,45,22.571428571428573,4.720774754816704,1.9936708860759493,True,-1,True,MEDIUM
2017-10-15,4,27,46,23.0,5.416025603090711,2.0,True,-1,True,MEDIUM
2017-11-04,4,27,40,22.714285714285715,3.9036002917942465,1.761006289308176,True,-1,True,MEDIUM
2017-12-04,4,27,9,23.714285714285715,5.765248931147391,0.3795180722891566,True,-1,True,MEDIUM
2013-10-28,4,28,38,83.57142857142857,15.565529682144328,0.4547008547008547,True,-1,True,MEDIUM
2014-02-02,4,28,93,57.42857142857143,11.588171308956023,1.6194029850746268,True,-1,True,MEDIUM
2014-12-01,4,28,48,102.71428571428571,15.456544306693264,0.4673157162726009,True,-1,True,MEDIUM
2016-02-13,4,28,123,75.85714285714286,8.214389233301885,1.6214689265536721,True,-1,True,MEDIUM
2015-04-03,4,29,109,64.85714285714286,13.334523756382183,1.6806167400881056,True,-1,True,MEDIUM
2013-12-30,4,30,9,26.571428571428573,4.314979445958873,0.3387096774193548,True,-1,True,MEDIUM
2014-09-27,4,30,67,39.57142857142857,10.783585409580372,1.6931407942238268,True,-1,True,MEDIUM
2015-03-07,4,30,72,37.142857142857146,6.568322247184375,1.9384615384615382,True,-1,True,MEDIUM
2015-06-06,4,30,80,45.714285714285715,5.154748157905414,1.75,True,-1,True,MEDIUM
2016-10-30,4,30,68,39.857142857142854,10.123052428797838,1.7060931899641578,True,-1,True,MEDIUM
2013-03-02,4,31,69,37.714285714285715,8.673989580239036,1.8295454545454546,True,-1,True,MEDIUM
2014-06-21,4,31,105,63.857142857142854,11.260973484096404,1.644295302013423,True,-1,True,MEDIUM
2015-03-01,4,31,76,45.142857142857146,5.014265364224872,1.6835443037974682,True,-1,True,MEDIUM
2013-09-15,4,32,56,33.42857142857143,6.160550377391713,1.675213675213675,True,-1,True,MEDIUM
2014-04-27,4,32,73,42.42857142857143,8.162049229148755,1.7205387205387204,True,-1,True,MEDIUM
2016-05-22,4,32,82,48.714285714285715,7.409774753982954,1.683284457478006,True,-1,True,MEDIUM
2016-08-27,4,32,85,51.285714285714285,15.702593052468387,1.6573816155988859,True,-1,True,MEDIUM
2017-01-14,4,32,57,34.142857142857146,4.259443290249897,1.6694560669456064,True,-1,True,MEDIUM
2017-04-01,4,32,72,41.714285714285715,9.050124966251033,1.726027397260274,True,-1,True,MEDIUM
2014-02-02,4,33,88,50.42857142857143,12.634043201566534,1.745042492917847,True,-1,True,MEDIUM
2013-01-25,4,34,5,15.142857142857142,5.398412465054624,0.33018867924528306,True,-1,True,MEDIUM
2013-02-03,4,34,31,16.857142857142858,2.9113897843109995,1.8389830508474576,True,-1,True,MEDIUM
2013-02-22,4,34,31,16.714285714285715,2.429971585175821,1.8547008547008546,True,-1,True,MEDIUM
2013-10-26,4,34,40,20.857142857142858,4.9135381491199395,1.917808219178082,True,-1,True,MEDIUM
2014-01-03,4,34,7,15.857142857142858,3.184785258515405,0.44144144144144143,True,-1,True,MEDIUM
2014-01-17,4,34,9,20.142857142857142,4.947341758580098,0.4468085106382979,True,-1,True,MEDIUM
2014-02-07,4,34,9,19.857142857142858,3.5321651258386004,0.45323741007194246,True,-1,True,MEDIUM
2014-02-15,4,34,29,14.714285714285714,4.270608298368634,1.970873786407767,True,-1,True,MEDIUM
2014-03-02,4,34,35,18.857142857142858,5.241773600241657,1.856060606060606,True,-1,True,MEDIUM
2014-03-17,4,34,9,21.285714285714285,6.575568054403758,0.4228187919463087,True,-1,True,MEDIUM
2014-12-01,4,34,10,26.142857142857142,4.598136268408929,0.3825136612021858,True,-1,True,MEDIUM
2014-12-15,4,34,7,20.285714285714285,4.151878519188127,0.3450704225352113,True,-1,True,MEDIUM
2015-01-06,4,34,8,17.571428571428573,4.429339411136643,0.45528455284552843,True,-1,True,MEDIUM
2015-01-10,4,34,32,15.142857142857142,5.727959829601169,2.1132075471698113,True,-1,True,MEDIUM
2015-01-11,4,34,32,17.142857142857142,8.610624666239834,1.8666666666666667,True,-1,True,MEDIUM
2015-01-12,4,34,9,18.857142857142858,10.302565561201623,0.47727272727272724,True,-1,True,MEDIUM
2015-03-28,4,34,42,22.571428571428573,2.9358214555807054,1.860759493670886,True,-1,True,MEDIUM
2015-07-27,4,34,14,30.285714285714285,3.5923198500080287,0.46226415094339623,True,-1,True,MEDIUM
2015-11-01,4,34,44,25.285714285714285,2.927700218845666,1.7401129943502827,True,-1,True,MEDIUM
2015-12-21,4,34,7,20.428571428571427,3.7796447300923948,0.34265734265734266,True,-1,True,MEDIUM
2016-01-13,4,34,9,19.428571428571427,2.7602622373696124,0.4632352941176471,True,-1,True,MEDIUM
2016-01-23,4,34,37,21.428571428571427,4.07664661444286,1.7266666666666668,True,-1,True,MEDIUM
2016-02-29,4,34,5,23.571428571428573,5.503245795502398,0.2121212121212121,True,-1,True,HIGH
2016-05-20,4,34,58,33.42857142857143,5.711308748355937,1.7350427350427349,True,-1,True,MEDIUM
2016-09-25,4,34,55,31.0,6.37704215656964,1.7741935483870968,True,-1,True,MEDIUM
2017-12-19,4,34,12,25.142857142857142,3.6253078686999345,0.4772727272727273,True,-1,True,MEDIUM
2013-06-02,4,35,110,58.142857142857146,8.071112509614661,1.8918918918918919,True,-1,True,MEDIUM
2013-08-17,4,35,103,64.0,10.181682899534254,1.609375,True,-1,True,MEDIUM
2015-03-01,4,35,84,49.57142857142857,8.734169352932996,1.6945244956772334,True,-1,True,MEDIUM
2015-03-29,4,35,90,55.714285714285715,6.651172470932983,1.6153846153846154,True,-1,True,MEDIUM
2013-03-03,4,36,84,51.42857142857143,13.239551136111606,1.6333333333333333,True,-1,True,MEDIUM
2013-04-20,4,37,42,24.142857142857142,3.7606990231680393,1.7396449704142012,True,-1,True,MEDIUM
2013-12-02,4,37,9,26.857142857142858,5.899959644736839,0.3351063829787234,True,-1,True,MEDIUM
2013-12-30,4,37,7,17.857142857142858,3.484660262185665,0.392,True,-1,True,MEDIUM
2015-02-08,4,37,36,21.285714285714285,3.1997023671107647,1.691275167785235,True,-1,True,MEDIUM
2015-06-28,4,37,56,33.285714285714285,11.785786435565614,1.6824034334763949,True,-1,True,MEDIUM
2015-10-04,4,37,57,27.285714285714285,4.750939756661714,2.0890052356020945,True,-1,True,MEDIUM
2016-01-10,4,37,35,20.571428571428573,2.9920529661723325,1.7013888888888888,True,-1,True,MEDIUM
2016-02-01,4,37,10,23.285714285714285,4.644505202002522,0.4294478527607362,True,-1,True,MEDIUM
2016-04-03,4,37,50,27.142857142857142,4.598136268408911,1.8421052631578947,True,-1,True,MEDIUM
2016-12-11,4,37,51,26.0,9.55684745788758,1.9615384615384615,True,-1,True,MEDIUM
2017-03-01,4,37,45,24.571428571428573,3.8234863173609397,1.8313953488372092,True,-1,True,MEDIUM
2017-12-25,4,37,12,29.285714285714285,7.994045402971019,0.40975609756097564,True,-1,True,MEDIUM
2013-02-24,4,38,75,45.42857142857143,3.8234863173611218,1.650943396226415,True,-1,True,MEDIUM
2014-03-02,4,38,100,60.857142857142854,11.378760498234735,1.643192488262911,True,-1,True,MEDIUM
2013-03-03,4,39,56,31.285714285714285,11.05613382869869,1.7899543378995435,True,-1,True,MEDIUM
2013-11-03,4,39,72,40.57142857142857,9.519403742832287,1.7746478873239437,True,-1,True,MEDIUM
2016-04-10,4,39,91,53.285714285714285,11.856282240712309,1.707774798927614,True,-1,True,MEDIUM
2016-05-29,4,39,90,51.42857142857143,9.980934205726907,1.75,True,-1,True,MEDIUM
2016-08-07,4,39,87,54.142857142857146,12.348124978157367,1.6068601583113455,True,-1,True,MEDIUM
2017-01-23,4,39,17,37.285714285714285,11.382944635349864,0.4559386973180077,True,-1,True,MEDIUM
2013-01-08,4,40,8,16.142857142857142,2.115700942049815,0.49557522123893805,True,-1,True,MEDIUM
2013-01-16,4,40,9,19.0,4.082482904638633,0.47368421052631576,True,-1,True,MEDIUM
2013-02-05,4,40,28,16.428571428571427,3.823486317361113,1.7043478260869567,True,-1,True,MEDIUM
2013-02-24,4,40,36,18.0,4.12310562561766,2.0,True,-1,True,MEDIUM
2013-02-27,4,40,8,19.571428571428573,7.721337165222589,0.4087591240875912,True,-1,True,MEDIUM
2013-03-04,4,40,9,20.0,7.745966692414832,0.45,True,-1,True,MEDIUM
2013-03-17,4,40,39,20.285714285714285,6.2905825303725695,1.9225352112676057,True,-1,True,MEDIUM
2013-05-05,4,40,44,26.285714285714285,3.498298906339356,1.673913043478261,True,-1,True,MEDIUM
2013-10-07,4,40,12,26.571428571428573,9.50187951332335,0.45161290322580644,True,-1,True,MEDIUM
2013-12-08,4,40,34,16.571428571428573,5.740416444159848,2.0517241379310343,True,-1,True,MEDIUM
2014-01-03,4,40,42,18.571428571428573,4.6136443605586015,2.2615384615384615,True,-1,True,MEDIUM
2014-01-17,4,40,31,18.428571428571427,1.902379462422672,1.682170542635659,True,-1,True,MEDIUM
2014-12-17,4,40,30,18.0,3.5590260840104673,1.6666666666666667,True,-1,True,MEDIUM
2016-09-17,4,40,53,31.714285714285715,4.270608298368536,1.6711711711711712,True,-1,True,MEDIUM
2013-01-08,4,41,6,13.571428571428571,3.9520940802374147,0.4421052631578947,True,-1,True,MEDIUM
2013-01-22,4,41,20,10.0,1.6329931618554563,2.0,True,-1,True,MEDIUM
2013-05-23,4,41,9,21.285714285714285,3.0394235042348314,0.4228187919463087,True,-1,True,MEDIUM
2013-05-26,4,41,38,20.714285714285715,7.521398046336098,1.8344827586206895,True,-1,True,MEDIUM
2013-05-27,4,41,11,22.428571428571427,9.913915184512838,0.4904458598726115,True,-1,True,MEDIUM
2013-09-28,4,41,31,18.714285714285715,3.039423504234823,1.6564885496183206,True,-1,True,MEDIUM
2013-10-20,4,41,29,16.0,4.1633319989322475,1.8125,True,-1,True,MEDIUM
2013-11-04,4,41,9,20.571428571428573,5.349677337844543,0.43749999999999994,True,-1,True,MEDIUM
2013-11-17,4,41,39,20.571428571428573,8.462803768199256,1.8958333333333333,True,-1,True,MEDIUM
2013-12-09,4,41,8,18.571428571428573,3.9520940802373987,0.43076923076923074,True,-1,True,MEDIUM
2013-12-29,4,41,27,13.571428571428571,4.035556254807281,1.9894736842105263,True,-1,True,MEDIUM
2014-02-10,4,41,9,19.142857142857142,5.520524474738817,0.4701492537313433,True,-1,True,MEDIUM
2014-04-03,4,41,36,19.714285714285715,2.2886885410852695,1.826086956521739,True,-1,True,MEDIUM
2015-01-24,4,41,26,15.0,3.316624790355399,1.7333333333333334,True,-1,True,MEDIUM
2015-02-02,4,41,8,18.142857142857142,4.413183712037209,0.4409448818897638,True,-1,True,MEDIUM
2015-02-11,4,41,8,17.0,4.618802153517009,0.47058823529411764,True,-1,True,MEDIUM
2015-02-23,4,41,6,16.714285714285715,5.023753102820167,0.358974358974359,True,-1,True,MEDIUM
2015-02-28,4,41,32,14.714285714285714,4.990467102863408,2.174757281553398,True,-1,True,MEDIUM
2015-04-10,4,41,41,22.428571428571427,3.644957377763742,1.8280254777070064,True,-1,True,MEDIUM
2015-10-14,4,41,9,24.428571428571427,4.117326918327149,0.368421052631579,True,-1,True,MEDIUM
2015-12-03,4,41,11,25.142857142857142,9.227288721117246,0.4375,True,-1,True,MEDIUM
2016-01-09,4,41,26,15.142857142857142,3.078342163598929,1.7169811320754718,True,-1,True,MEDIUM
2016-02-01,4,41,9,18.428571428571427,3.552329886011158,0.48837209302325585,True,-1,True,MEDIUM
2016-12-05,4,41,7,24.857142857142858,5.7858612562167755,0.28160919540229884,True,-1,True,HIGH
2016-12-24,4,41,35,20.428571428571427,4.035556254807275,1.7132867132867133,True,-1,True,MEDIUM
2017-01-05,4,41,10,20.428571428571427,3.3094381626464604,0.48951048951048953,True,-1,True,MEDIUM
2017-01-13,4,41,28,15.0,2.999999999999942,1.8666666666666667,True,-1,True,MEDIUM
2017-01-16,4,41,8,18.428571428571427,5.826867164470177,0.434108527131783,True,-1,True,MEDIUM
2017-02-04,4,41,33,17.571428571428573,6.729466121893622,1.8780487804878048,True,-1,True,MEDIUM
2017-07-06,4,41,48,29.857142857142858,3.4364987719368814,1.6076555023923444,True,-1,True,MEDIUM
2017-12-08,4,41,33,20.0,3.2659863237108375,1.65,True,-1,True,MEDIUM
2017-12-25,4,41,9,22.0,6.831300510639707,0.4090909090909091,True,-1,True,MEDIUM
2016-05-08,4,42,76,43.714285714285715,6.872997543873755,1.738562091503268,True,-1,True,MEDIUM
2017-02-06,4,42,13,37.42857142857143,11.355720186425026,0.34732824427480913,True,-1,True,MEDIUM
2015-06-07,4,43,103,62.57142857142857,17.05732631312375,1.6461187214611872,True,-1,True,MEDIUM
2015-10-11,4,43,88,48.285714285714285,11.235572759681618,1.8224852071005917,True,-1,True,MEDIUM
2016-08-01,4,43,35,75.42857142857143,14.953897405661339,0.4640151515151515,True,-1,True,MEDIUM
2013-01-21,4,44,7,19.285714285714285,3.9880774697543058,0.362962962962963,True,-1,True,MEDIUM
2013-11-25,4,44,9,29.142857142857142,6.03955217513606,0.3088235294117647,True,-1,True,MEDIUM
2014-06-22,4,44,59,35.42857142857143,5.442338432976036,1.6653225806451613,True,-1,True,MEDIUM
2015-01-22,4,44,38,20.0,4.434711565216884,1.9,True,-1,True,MEDIUM
2015-02-08,4,44,35,19.714285714285715,3.592319850008292,1.7753623188405796,True,-1,True,MEDIUM
2015-05-17,4,44,60,32.42857142857143,6.629659188252602,1.8502202643171806,True,-1,True,MEDIUM
2017-01-04,4,44,10,22.0,4.123105625617591,0.45454545454545453,True,-1,True,MEDIUM
2017-02-13,4,44,13,29.0,3.9581140290125925,0.4482758620689655,True,-1,True,MEDIUM
2017-07-09,4,44,71,39.0,7.937253933193727,1.8205128205128205,True,-1,True,MEDIUM
2017-09-30,4,44,60,35.42857142857143,5.968169536721209,1.693548387096774,True,-1,True,MEDIUM
2015-04-12,4,45,137,85.28571428571429,19.87221079559991,1.606365159128978,True,-1,True,MEDIUM
2013-02-03,4,46,62,35.0,7.831560082980483,1.7714285714285714,True,-1,True,MEDIUM
2013-12-20,4,46,60,36.857142857142854,13.58220123824511,1.6279069767441863,True,-1,True,MEDIUM
2014-12-03,4,46,29,61.857142857142854,18.595954501168418,0.46882217090069284,True,-1,True,MEDIUM
2017-03-25,4,46,105,61.285714285714285,9.068522219088111,1.7132867132867133,True,-1,True,MEDIUM
2013-01-19,4,47,17,10.285714285714286,2.690370836538187,1.6527777777777777,True,-1,True,MEDIUM
2013-01-20,4,47,19,11.0,3.696845502136466,1.7272727272727273,True,-1,True,MEDIUM
2013-02-05,4,47,8,16.285714285714285,3.3022358947782506,0.4912280701754386,True,-1,True,MEDIUM
2013-02-27,4,47,4,14.571428571428571,3.2071349029490888,0.27450980392156865,True,-1,True,HIGH
2013-02-28,4,47,4,13.428571428571429,5.126959555693244,0.2978723404255319,True,-1,True,HIGH
2013-03-02,4,47,25,13.142857142857142,6.8417485929785355,1.9021739130434783,True,-1,True,MEDIUM
2013-03-03,4,47,24,14.285714285714286,8.138678961483565,1.68,True,-1,True,MEDIUM
2013-03-20,4,47,9,18.428571428571427,4.276179870598787,0.48837209302325585,True,-1,True,MEDIUM
2013-03-29,4,47,26,15.857142857142858,2.734262327610588,1.6396396396396395,True,-1,True,MEDIUM
2013-03-30,4,47,32,16.571428571428573,4.429339411136565,1.9310344827586206,True,-1,True,MEDIUM
2013-04-22,4,47,8,19.857142857142858,4.180453381654971,0.4028776978417266,True,-1,True,MEDIUM
2013-05-03,4,47,31,19.142857142857142,2.734262327610587,1.619402985074627,True,-1,True,MEDIUM
2013-10-05,4,47,35,19.142857142857142,5.17779140266619,1.828358208955224,True,-1,True,MEDIUM
2013-12-02,4,47,5,22.857142857142858,4.140393356054113,0.21875,True,-1,True,HIGH
2013-12-18,4,47,29,14.285714285714286,3.1997023671109837,2.03,True,-1,True,MEDIUM
2013-12-23,4,47,6,14.714285714285714,6.8972044026133466,0.4077669902912622,True,-1,True,MEDIUM
2014-03-07,4,47,29,16.142857142857142,3.6253078686999007,1.7964601769911506,True,-1,True,MEDIUM
2014-03-18,4,47,8,19.714285714285715,6.317021600783226,0.40579710144927533,True,-1,True,MEDIUM
2014-03-27,4,47,33,17.714285714285715,3.7289089429432347,1.8629032258064515,True,-1,True,MEDIUM
2014-04-04,4,47,28,16.428571428571427,3.6449573777637694,1.7043478260869567,True,-1,True,MEDIUM
2014-04-06,4,47,39,19.285714285714285,7.134757312254,2.022222222222222,True,-1,True,MEDIUM
2014-05-19,4,47,10,25.0,8.793937305515259,0.4,True,-1,True,MEDIUM
2014-08-18,4,47,9,27.714285714285715,9.72478424292426,0.3247422680412371,True,-1,True,MEDIUM
2014-12-01,4,47,8,22.428571428571427,7.1614044911395585,0.356687898089172,True,-1,True,MEDIUM
2014-12-11,4,47,8,17.428571428571427,4.755948656056662,0.459016393442623,True,-1,True,MEDIUM
2015-01-18,4,47,25,12.0,1.914854215512548,2.0833333333333335,True,-1,True,MEDIUM
2015-01-25,4,47,8,17.571428571428573,4.859943170351606,0.45528455284552843,True,-1,True,MEDIUM
2015-01-31,4,47,25,14.0,3.9581140290125787,1.7857142857142858,True,-1,True,MEDIUM
2015-02-08,4,47,32,16.428571428571427,1.9023794624225738,1.9478260869565218,True,-1,True,MEDIUM
2015-02-27,4,47,28,15.714285714285714,3.4016802570829796,1.781818181818182,True,-1,True,MEDIUM
2015-12-30,4,47,7,18.142857142857142,5.899959644736862,0.38582677165354334,True,-1,True,MEDIUM
2016-01-20,4,47,26,14.142857142857142,2.2677868380552653,1.8383838383838385,True,-1,True,MEDIUM
2017-02-05,4,47,28,16.428571428571427,2.6992062325270685,1.7043478260869567,True,-1,True,MEDIUM
2017-12-23,4,47,31,17.428571428571427,3.6903993847611822,1.778688524590164,True,-1,True,MEDIUM
2013-01-28,4,48,9,30.714285714285715,6.799859942535232,0.2930232558139535,True,-1,True,HIGH
2014-04-01,4,48,72,42.142857142857146,11.334733807028295,1.7084745762711864,True,-1,True,MEDIUM
2015-04-04,4,48,84,48.0,13.759844960366795,1.75,True,-1,True,MEDIUM
2017-02-10,4,48,70,42.142857142857146,6.4660284417505025,1.6610169491525422,True,-1,True,MEDIUM
2017-06-12,4,48,36,74.85714285714286,14.89327109165493,0.4809160305343511,True,-1,True,MEDIUM
2013-01-14,4,49,9,22.571428571428573,5.769377287516766,0.39873417721518983,True,-1,True,MEDIUM
2013-03-16,4,49,39,21.714285714285715,2.9277002188456143,1.7960526315789473,True,-1,True,MEDIUM
2013-12-26,4,49,8,19.428571428571427,5.533448076836653,0.411764705882353,True,-1,True,MEDIUM
2014-02-17,4,49,11,24.142857142857142,3.287784027201864,0.4556213017751479,True,-1,True,MEDIUM
2015-01-05,4,49,7,22.285714285714285,4.608480795022922,0.3141025641025641,True,-1,True,MEDIUM
2015-02-01,4,49,36,19.428571428571427,4.076646614442735,1.8529411764705883,True,-1,True,MEDIUM
2015-03-16,4,49,13,32.714285714285715,10.843035948083399,0.39737991266375544,True,-1,True,MEDIUM
2015-06-14,4,49,64,34.0,4.5460605656619535,1.8823529411764706,True,-1,True,MEDIUM
2015-12-25,4,49,39,21.285714285714285,6.264031867582922,1.8322147651006713,True,-1,True,MEDIUM
2016-01-14,4,49,32,18.571428571428573,4.117326918326979,1.723076923076923,True,-1,True,MEDIUM
2013-04-21,4,50,108,61.714285714285715,6.369570517030957,1.75,True,-1,True,MEDIUM
2013-12-22,4,50,70,39.285714285714285,7.931252228037936,1.781818181818182,True,-1,True,MEDIUM
2017-12-11,4,50,27,57.0,15.716233645501571,0.47368421052631576,True,-1,True,MEDIUM
2013-01-13,5,1,22,10.142857142857142,3.078342163598854,2.1690140845070425,True,-1,True,MEDIUM
2013-02-02,5,1,20,8.285714285714286,2.3603873774083253,2.413793103448276,True,-1,True,MEDIUM
2013-02-18,5,1,5,10.285714285714286,1.704336206492692,0.48611111111111105,True,-1,True,MEDIUM
2013-02-19,5,1,4,9.571428571428571,2.6367367999823066,0.417910447761194,True,-1,True,MEDIUM
2013-02-21,5,1,4,8.142857142857142,2.5448360411213984,0.4912280701754386,True,-1,True,MEDIUM
2013-02-26,5,1,15,8.285714285714286,3.093772546815381,1.8103448275862066,True,-1,True,MEDIUM
2013-03-02,5,1,20,10.428571428571429,3.2586880211286884,1.917808219178082,True,-1,True,MEDIUM
2013-03-25,5,1,6,13.571428571428571,1.988059594776019,0.4421052631578947,True,-1,True,MEDIUM
2013-03-26,5,1,4,12.857142857142858,3.4364987719369027,0.3111111111111111,True,-1,True,MEDIUM
2013-03-29,5,1,19,10.857142857142858,4.775931721614519,1.75,True,-1,True,MEDIUM
2013-03-31,5,1,23,11.285714285714286,5.498917642417939,2.0379746835443036,True,-1,True,MEDIUM
2013-05-03,5,1,21,13.0,1.914854215512682,1.6153846153846154,True,-1,True,MEDIUM
2013-07-23,5,1,7,18.571428571428573,3.5989416433697694,0.3769230769230769,True,-1,True,MEDIUM
2013-08-13,5,1,7,17.142857142857142,3.338091841585143,0.4083333333333333,True,-1,True,MEDIUM
2013-08-23,5,1,22,13.142857142857142,3.287784027201903,1.673913043478261,True,-1,True,MEDIUM
2013-09-02,5,1,5,16.857142857142858,4.450789122113511,0.2966101694915254,True,-1,True,HIGH
2013-09-15,5,1,27,14.857142857142858,2.544836041121439,1.8173076923076923,True,-1,True,MEDIUM
2013-09-24,5,1,7,15.285714285714286,5.0896720822428305,0.45794392523364486,True,-1,True,MEDIUM
2013-10-05,5,1,29,14.714285714285714,4.498677054212207,1.970873786407767,True,-1,True,MEDIUM
2013-10-21,5,1,5,14.571428571428571,3.1014589500826517,0.3431372549019608,True,-1,True,MEDIUM
2013-11-01,5,1,21,12.428571428571429,3.505098327538685,1.6896551724137931,True,-1,True,MEDIUM
2013-11-02,5,1,24,13.142857142857142,4.670066788550672,1.8260869565217392,True,-1,True,MEDIUM
2013-11-18,5,1,7,15.285714285714286,4.386125310350284,0.45794392523364486,True,-1,True,MEDIUM
2013-12-30,5,1,6,12.0,3.3665016461207258,0.5,True,-1,True,MEDIUM
2014-01-01,5,1,5,12.285714285714286,3.8606685826113227,0.4069767441860465,True,-1,True,MEDIUM
2014-01-13,5,1,3,9.857142857142858,2.115700942049885,0.3043478260869565,True,-1,True,MEDIUM
2014-01-16,5,1,18,8.857142857142858,3.2366943748507997,2.032258064516129,True,-1,True,MEDIUM
2014-01-24,5,1,24,10.571428571428571,2.2253945610568078,2.27027027027027,True,-1,True,MEDIUM
2014-02-12,5,1,5,11.285714285714286,3.2513733362117616,0.4430379746835443,True,-1,True,MEDIUM
2014-02-15,5,1,17,9.714285714285714,3.0937725468154325,1.7500000000000002,True,-1,True,MEDIUM
2014-02-16,5,1,18,11.0,4.000000000000029,1.6363636363636365,True,-1,True,MEDIUM
2014-03-05,5,1,22,13.285714285714286,3.4982989063393957,1.6559139784946235,True,-1,True,MEDIUM
2014-03-20,5,1,5,14.0,3.6055512754640104,0.35714285714285715,True,-1,True,MEDIUM
2014-04-26,5,1,26,16.0,2.8867513459481424,1.625,True,-1,True,MEDIUM
2014-04-28,5,1,9,19.285714285714285,5.648430038936648,0.4666666666666667,True,-1,True,MEDIUM
2014-06-01,5,1,35,18.0,4.358898943540678,1.9444444444444444,True,-1,True,MEDIUM
2014-08-16,5,1,9,18.714285714285715,5.023753102820168,0.4809160305343511,True,-1,True,MEDIUM
2014-08-19,5,1,8,17.857142857142858,5.8145957563294015,0.448,True,-1,True,MEDIUM
2014-08-23,5,1,23,12.714285714285714,4.309458036856716,1.808988764044944,True,-1,True,MEDIUM
2014-09-08,5,1,9,18.0,3.9157800414902573,0.5,True,-1,True,MEDIUM
2014-09-23,5,1,8,16.714285714285715,4.680252333449777,0.4786324786324786,True,-1,True,MEDIUM
2014-10-21,5,1,6,13.857142857142858,4.180453381655017,0.43298969072164945,True,-1,True,MEDIUM
2014-10-26,5,1,30,13.571428571428571,6.160550377391728,2.210526315789474,True,-1,True,MEDIUM
2014-12-01,5,1,5,16.714285714285715,3.773340063934789,0.29914529914529914,True,-1,True,HIGH
2014-12-14,5,1,19,11.285714285714286,2.429971585175935,1.6835443037974682,True,-1,True,MEDIUM
2014-12-21,5,1,20,12.428571428571429,3.5050983275387213,1.6091954022988506,True,-1,True,MEDIUM
2014-12-27,5,1,21,11.857142857142858,4.4880794492586285,1.7710843373493974,True,-1,True,MEDIUM
2015-01-04,5,1,19,10.857142857142858,2.26778683805549,1.75,True,-1,True,MEDIUM
2015-01-09,5,1,19,11.285714285714286,4.535573676110786,1.6835443037974682,True,-1,True,MEDIUM
2015-01-19,5,1,6,12.571428571428571,2.935821455580715,0.4772727272727273,True,-1,True,MEDIUM
2015-01-20,5,1,4,11.857142857142858,3.84831441146956,0.3373493975903614,True,-1,True,MEDIUM
2015-02-04,5,1,6,12.428571428571429,2.5727509827124893,0.48275862068965514,True,-1,True,MEDIUM
2015-02-15,5,1,20,12.285714285714286,3.9460649476952403,1.627906976744186,True,-1,True,MEDIUM
2015-03-23,5,1,4,14.0,2.236067977499862,0.2857142857142857,True,-1,True,HIGH
2015-03-28,5,1,21,11.714285714285714,4.461475305855943,1.7926829268292683,True,-1,True,MEDIUM
2015-04-11,5,1,30,16.428571428571427,1.7182493859685044,1.8260869565217392,True,-1,True,MEDIUM
2015-05-10,5,1,35,17.142857142857142,3.532165125838632,2.0416666666666665,True,-1,True,MEDIUM
2015-05-30,5,1,33,17.142857142857142,4.705619740571618,1.925,True,-1,True,MEDIUM
2015-08-09,5,1,31,18.428571428571427,3.735288603626376,1.682170542635659,True,-1,True,MEDIUM
2015-10-05,5,1,8,17.142857142857142,2.544836041121441,0.4666666666666667,True,-1,True,MEDIUM
2015-10-18,5,1,30,13.571428571428571,3.7352886036264095,2.210526315789474,True,-1,True,MEDIUM
2015-12-05,5,1,7,17.0,6.164414002968989,0.4117647058823529,True,-1,True,MEDIUM
2015-12-11,5,1,21,12.571428571428571,3.8234863173611635,1.6704545454545454,True,-1,True,MEDIUM
2016-01-04,5,1,6,12.285714285714286,2.563479777846707,0.4883720930232558,True,-1,True,MEDIUM
2016-01-27,5,1,7,14.428571428571429,2.0701966780271435,0.48514851485148514,True,-1,True,MEDIUM
2016-03-15,5,1,8,16.714285714285715,3.1471831698778088,0.4786324786324786,True,-1,True,MEDIUM
2016-03-22,5,1,19,11.714285714285714,2.360387377408429,1.6219512195121952,True,-1,True,MEDIUM
2016-03-27,5,1,24,13.142857142857142,3.6253078686999185,1.8260869565217392,True,-1,True,MEDIUM
2016-04-12,5,1,34,18.285714285714285,5.648430038936669,1.859375,True,-1,True,MEDIUM
2016-05-12,5,1,32,18.0,1.9148542155127273,1.7777777777777777,True,-1,True,MEDIUM
2016-07-29,5,1,35,19.571428571428573,4.613644360558635,1.7883211678832116,True,-1,True,MEDIUM
2016-08-20,5,1,28,14.714285714285714,4.151878519188135,1.9029126213592233,True,-1,True,MEDIUM
2016-09-11,5,1,26,15.857142857142858,2.911389784311098,1.6396396396396395,True,-1,True,MEDIUM
2016-10-17,5,1,7,15.857142857142858,2.911389784311093,0.44144144144144143,True,-1,True,MEDIUM
2016-10-21,5,1,24,13.857142857142858,4.099941927579519,1.7319587628865978,True,-1,True,MEDIUM
2016-12-01,5,1,6,17.571428571428573,2.5727509827124706,0.3414634146341463,True,-1,True,MEDIUM
2016-12-10,5,1,7,15.142857142857142,3.760699023168132,0.46226415094339623,True,-1,True,MEDIUM
2016-12-12,5,1,4,14.0,4.864839839775547,0.2857142857142857,True,-1,True,HIGH
2016-12-17,5,1,21,12.571428571428571,5.126959555693327,1.6704545454545454,True,-1,True,MEDIUM
2016-12-22,5,1,7,15.285714285714286,3.498298906339454,0.45794392523364486,True,-1,True,MEDIUM
2016-12-28,5,1,6,12.428571428571429,3.6903993847615553,0.48275862068965514,True,-1,True,MEDIUM
2016-12-29,5,1,23,11.285714285714286,4.309458036856784,2.0379746835443036,True,-1,True,MEDIUM
2017-01-02,5,1,5,12.428571428571429,5.563486402641944,0.40229885057471265,True,-1,True,MEDIUM
2017-01-18,5,1,19,11.571428571428571,1.6183471874256639,1.6419753086419753,True,-1,True,MEDIUM
2017-02-12,5,1,26,14.0,3.829708431025444,1.8571428571428572,True,-1,True,MEDIUM
2017-02-25,5,1,28,16.142857142857142,3.5790395093550313,1.7345132743362832,True,-1,True,MEDIUM
2017-04-12,5,1,10,21.571428571428573,3.4572215654165226,0.46357615894039733,True,-1,True,MEDIUM
2017-04-25,5,1,10,22.428571428571427,3.866830866792728,0.445859872611465,True,-1,True,MEDIUM
2017-08-21,5,1,9,19.714285714285715,4.990467102863422,0.45652173913043476,True,-1,True,MEDIUM
2017-09-05,5,1,10,21.571428571428573,3.9096949095439997,0.46357615894039733,True,-1,True,MEDIUM
2017-10-24,5,1,8,20.0,4.830458915396496,0.4,True,-1,True,MEDIUM
2017-12-01,5,1,9,20.714285714285715,4.923220007078223,0.43448275862068964,True,-1,True,MEDIUM
2017-12-18,5,1,4,15.285714285714286,3.3523268393902,0.2616822429906542,True,-1,True,HIGH
2017-12-23,5,1,22,12.285714285714286,4.5721725585068285,1.7906976744186045,True,-1,True,MEDIUM
2013-01-14,5,2,9,25.428571428571427,7.390470053998434,0.35393258426966295,True,-1,True,MEDIUM
2015-03-01,5,2,56,31.571428571428573,4.429339411136339,1.7737556561085972,True,-1,True,MEDIUM
2015-07-12,5,2,87,51.714285714285715,13.47484428746515,1.6823204419889501,True,-1,True,MEDIUM
2013-01-09,5,3,22,12.857142857142858,2.5448360411214077,1.711111111111111,True,-1,True,MEDIUM
2013-06-19,5,3,14,31.428571428571427,3.8234863173611124,0.4454545454545455,True,-1,True,MEDIUM
2013-09-24,5,3,11,23.714285714285715,2.9277002188455787,0.463855421686747,True,-1,True,MEDIUM
2013-11-24,5,3,39,23.428571428571427,3.1014589500825953,1.6646341463414636,True,-1,True,MEDIUM
2014-01-31,5,3,9,19.428571428571427,4.035556254807251,0.4632352941176471,True,-1,True,MEDIUM
2014-10-30,5,3,9,28.571428571428573,8.90425259556998,0.315,True,-1,True,MEDIUM
2014-12-20,5,3,33,18.285714285714285,3.039423504234991,1.8046875,True,-1,True,MEDIUM
2015-01-05,5,3,9,20.857142857142858,4.775931721614596,0.4315068493150685,True,-1,True,MEDIUM
2015-02-09,5,3,9,21.285714285714285,2.9277002188457235,0.4228187919463087,True,-1,True,MEDIUM
2015-02-23,5,3,10,23.0,4.082482904638714,0.43478260869565216,True,-1,True,MEDIUM
2015-10-06,5,3,14,29.0,3.265986323710966,0.4827586206896552,True,-1,True,MEDIUM
2015-12-02,5,3,9,29.0,7.483314773547907,0.3103448275862069,True,-1,True,MEDIUM
2015-12-21,5,3,9,19.285714285714285,5.089672082242909,0.4666666666666667,True,-1,True,MEDIUM
2016-12-17,5,3,31,17.857142857142858,3.43649877193723,1.736,True,-1,True,MEDIUM
2017-01-09,5,3,9,21.428571428571427,5.38074167307656,0.42000000000000004,True,-1,True,MEDIUM
2017-02-04,5,3,38,19.285714285714285,4.608480795023169,1.9703703703703705,True,-1,True,MEDIUM
2017-11-05,5,3,53,29.428571428571427,5.318431562567526,1.8009708737864079,True,-1,True,MEDIUM
2013-01-08,5,4,3,7.285714285714286,2.5634797778466227,0.4117647058823529,True,-1,True,MEDIUM
2013-01-17,5,4,15,9.142857142857142,1.9518001458970666,1.640625,True,-1,True,MEDIUM
2013-01-22,5,4,4,10.571428571428571,3.207134902949093,0.3783783783783784,True,-1,True,MEDIUM
2013-01-29,5,4,14,8.571428571428571,2.8199966227605597,1.6333333333333333,True,-1,True,MEDIUM
2013-02-12,5,4,4,11.285714285714286,2.429971585175821,0.35443037974683544,True,-1,True,MEDIUM
2013-02-15,5,4,20,9.571428571428571,2.5071326821120343,2.0895522388059704,True,-1,True,MEDIUM
2013-02-17,5,4,20,11.0,4.690415759823428,1.8181818181818181,True,-1,True,MEDIUM
2013-03-16,5,4,19,11.0,2.3094010767584994,1.7272727272727273,True,-1,True,MEDIUM
2013-03-21,5,4,20,11.285714285714286,4.309458036856671,1.7721518987341771,True,-1,True,MEDIUM
2013-04-04,5,4,7,14.571428571428571,2.935821455580623,0.4803921568627451,True,-1,True,MEDIUM
2013-04-10,5,4,20,11.285714285714286,4.151878519188058,1.7721518987341771,True,-1,True,MEDIUM
2013-04-14,5,4,27,13.571428571428571,5.126959555693239,1.9894736842105263,True,-1,True,MEDIUM
2013-04-15,5,4,5,14.857142857142858,7.151423434733608,0.3365384615384615,True,-1,True,MEDIUM
2013-04-28,5,4,37,16.0,3.2145502536642985,2.3125,True,-1,True,MEDIUM
2013-04-29,5,4,8,18.285714285714285,8.577378887016032,0.4375,True,-1,True,MEDIUM
2013-05-28,5,4,5,16.857142857142858,3.0237157840737963,0.2966101694915254,True,-1,True,HIGH
2013-06-16,5,4,29,16.0,2.9439202887759355,1.8125,True,-1,True,MEDIUM
2013-07-10,5,4,26,14.571428571428571,4.197504927816951,1.7843137254901962,True,-1,True,MEDIUM
2013-07-28,5,4,25,14.285714285714286,3.3523268393901016,1.75,True,-1,True,MEDIUM
2013-09-06,5,4,6,15.0,3.316624790355394,0.4,True,-1,True,MEDIUM
2013-09-13,5,4,6,13.428571428571429,4.0355562548073,0.44680851063829785,True,-1,True,MEDIUM
2013-09-22,5,4,25,12.142857142857142,2.911389784311022,2.058823529411765,True,-1,True,MEDIUM
2013-10-17,5,4,2,13.571428571428571,4.894116973712518,0.1473684210526316,True,-1,True,HIGH
2013-10-20,5,4,21,11.285714285714286,5.589105048046189,1.860759493670886,True,-1,True,MEDIUM
2013-10-22,5,4,6,13.0,6.976149845485454,0.46153846153846156,True,-1,True,MEDIUM
2013-10-23,5,4,22,12.714285714285714,7.25061573739973,1.7303370786516854,True,-1,True,MEDIUM
2013-11-03,5,4,22,13.428571428571429,3.359421718944247,1.6382978723404256,True,-1,True,MEDIUM
2013-11-19,5,4,7,14.285714285714286,2.2146697055682765,0.49,True,-1,True,MEDIUM
2013-11-26,5,4,22,12.571428571428571,4.790864322059333,1.75,True,-1,True,MEDIUM
2013-12-13,5,4,6,12.285714285714286,2.5634797778466405,0.4883720930232558,True,-1,True,MEDIUM
2013-12-15,5,4,5,10.571428571428571,3.101458950082657,0.47297297297297297,True,-1,True,MEDIUM
2013-12-26,5,4,6,12.428571428571429,2.760262237369429,0.48275862068965514,True,-1,True,MEDIUM
2014-01-07,5,4,5,11.714285714285714,2.870208222079952,0.426829268292683,True,-1,True,MEDIUM
2014-01-09,5,4,5,11.0,3.2659863237109303,0.45454545454545453,True,-1,True,MEDIUM
2014-01-17,5,4,3,8.571428571428571,2.636736799982374,0.35000000000000003,True,-1,True,MEDIUM
2014-01-19,5,4,17,8.571428571428571,3.3094381626465372,1.9833333333333334,True,-1,True,MEDIUM
2014-01-24,5,4,14,8.714285714285714,4.386125310350305,1.6065573770491806,True,-1,True,MEDIUM
2014-01-26,5,4,16,10.0,4.041451884327409,1.6,True,-1,True,MEDIUM
2014-01-30,5,4,17,10.571428571428571,3.2586880211287204,1.6081081081081081,True,-1,True,MEDIUM
2014-02-17,5,4,3,12.714285714285714,2.9277002188456143,0.2359550561797753,True,-1,True,HIGH
2014-03-02,5,4,20,11.857142857142858,3.625307868699881,1.686746987951807,True,-1,True,MEDIUM
2014-03-10,5,4,7,15.714285714285714,3.638419332360581,0.4454545454545455,True,-1,True,MEDIUM
2014-03-22,5,4,25,14.571428571428571,2.992052966172388,1.715686274509804,True,-1,True,MEDIUM
2014-06-23,5,4,7,21.285714285714285,4.461475305855864,0.3288590604026846,True,-1,True,MEDIUM
2014-07-26,5,4,28,16.571428571428573,1.9880595947759943,1.689655172413793,True,-1,True,MEDIUM
2014-09-27,5,4,8,16.857142857142858,4.220133150686572,0.4745762711864407,True,-1,True,MEDIUM
2014-10-13,5,4,7,17.428571428571427,3.207134902949082,0.40163934426229514,True,-1,True,MEDIUM
2014-10-28,5,4,26,13.714285714285714,3.401680257083066,1.8958333333333335,True,-1,True,MEDIUM
2014-12-01,5,4,8,16.285714285714285,4.608480795022934,0.4912280701754386,True,-1,True,MEDIUM
2014-12-09,5,4,2,11.857142857142858,4.059087394500244,0.1686746987951807,True,-1,True,HIGH
2014-12-20,5,4,6,15.285714285714286,3.5923198500080624,0.3925233644859813,True,-1,True,MEDIUM
2015-01-04,5,4,20,10.571428571428571,4.685336802448825,1.8918918918918919,True,-1,True,MEDIUM
2015-01-05,5,4,5,10.428571428571429,4.314979445958933,0.4794520547945205,True,-1,True,MEDIUM
2015-01-06,5,4,19,10.0,4.7258156262526585,1.9,True,-1,True,MEDIUM
2015-01-26,5,4,6,12.0,3.5590260840104824,0.5,True,-1,True,MEDIUM
2015-02-05,5,4,4,14.142857142857142,2.2677868380553985,0.2828282828282828,True,-1,True,HIGH
2015-02-14,5,4,22,12.0,3.4641016151378,1.8333333333333333,True,-1,True,MEDIUM
2015-03-04,5,4,24,14.285714285714286,3.302235894778274,1.68,True,-1,True,MEDIUM
2015-03-09,5,4,6,16.857142857142858,5.27347359996462,0.3559322033898305,True,-1,True,MEDIUM
2015-04-13,5,4,8,19.0,3.1091263510295977,0.42105263157894735,True,-1,True,MEDIUM
2015-04-29,5,4,8,18.714285714285715,4.4614753058558865,0.42748091603053434,True,-1,True,MEDIUM
2015-05-04,5,4,8,16.428571428571427,4.928053803045812,0.48695652173913045,True,-1,True,MEDIUM
2015-07-20,5,4,8,23.428571428571427,5.912053869204921,0.34146341463414637,True,-1,True,MEDIUM
2015-08-29,5,4,31,17.857142857142858,3.71611676478603,1.736,True,-1,True,MEDIUM
2015-09-21,5,4,7,17.428571428571427,4.825527358301293,0.40163934426229514,True,-1,True,MEDIUM
2015-10-28,5,4,9,18.285714285714285,4.151878519188056,0.4921875,True,-1,True,MEDIUM
2015-11-01,5,4,28,15.0,4.396968652757638,1.8666666666666667,True,-1,True,MEDIUM
2015-12-01,5,4,10,20.714285714285715,3.773340063934772,0.48275862068965514,True,-1,True,MEDIUM
2015-12-17,5,4,19,11.0,2.309401076758445,1.7272727272727273,True,-1,True,MEDIUM
2015-12-19,5,4,20,12.0,3.7859388972001513,1.6666666666666667,True,-1,True,MEDIUM
2016-01-02,5,4,6,12.285714285714286,2.1380899352993405,0.4883720930232558,True,-1,True,MEDIUM
2016-01-05,5,4,2,12.285714285714286,3.54562104171164,0.1627906976744186,True,-1,True,HIGH
2016-01-08,5,4,19,11.142857142857142,5.1130086194780535,1.7051282051282053,True,-1,True,MEDIUM
2016-01-12,5,4,5,11.285714285714286,5.822779568621986,0.4430379746835443,True,-1,True,MEDIUM
2016-01-16,5,4,16,9.714285714285714,3.6384193323605425,1.647058823529412,True,-1,True,MEDIUM
2016-02-06,5,4,7,15.428571428571429,3.408672412985367,0.4537037037037037,True,-1,True,MEDIUM
2016-02-19,5,4,21,12.142857142857142,4.561745697594679,1.7294117647058824,True,-1,True,MEDIUM
2016-02-29,5,4,8,16.714285714285715,3.8172540616820965,0.4786324786324786,True,-1,True,MEDIUM
2016-06-20,5,4,9,19.857142857142858,4.375255094603864,0.45323741007194246,True,-1,True,MEDIUM
2016-07-10,5,4,38,22.285714285714285,3.3523268393901056,1.7051282051282053,True,-1,True,MEDIUM
2016-07-31,5,4,32,18.285714285714285,4.309458036856651,1.75,True,-1,True,MEDIUM
2016-09-14,5,4,9,19.857142857142858,4.947341758580093,0.45323741007194246,True,-1,True,MEDIUM
2016-09-18,5,4,32,16.571428571428573,5.623081683476362,1.9310344827586206,True,-1,True,MEDIUM
2016-09-19,5,4,9,18.571428571428573,8.141603913585708,0.48461538461538456,True,-1,True,MEDIUM
2016-10-13,5,4,10,20.285714285714285,3.9460649476951697,0.49295774647887325,True,-1,True,MEDIUM
2016-10-30,5,4,34,18.714285714285715,4.535573676110709,1.816793893129771,True,-1,True,MEDIUM
2016-11-14,5,4,6,20.857142857142858,6.718843437888477,0.2876712328767123,True,-1,True,HIGH
2016-12-20,5,4,20,11.857142857142858,3.0783421635987915,1.686746987951807,True,-1,True,MEDIUM
2016-12-26,5,4,7,15.857142857142858,5.639993245521093,0.44144144144144143,True,-1,True,MEDIUM
2017-01-13,5,4,17,10.285714285714286,2.984084768360558,1.6527777777777777,True,-1,True,MEDIUM
2017-01-24,5,4,22,10.285714285714286,1.889822365046025,2.138888888888889,True,-1,True,MEDIUM
2017-01-29,5,4,21,10.857142857142858,5.367450401216895,1.9342105263157894,True,-1,True,MEDIUM
2017-01-30,5,4,4,12.714285714285714,6.369570517030817,0.3146067415730337,True,-1,True,MEDIUM
2017-03-06,5,4,8,17.428571428571427,4.7908643220593,0.459016393442623,True,-1,True,MEDIUM
2017-03-23,5,4,28,14.571428571428571,3.4086724129853474,1.9215686274509804,True,-1,True,MEDIUM
2017-05-06,5,4,34,18.0,3.958114029012618,1.8888888888888888,True,-1,True,MEDIUM
2017-09-12,5,4,10,20.428571428571427,2.370453040886389,0.48951048951048953,True,-1,True,MEDIUM
2017-11-02,5,4,32,18.0,3.7416573867739378,1.7777777777777777,True,-1,True,MEDIUM
2017-12-04,5,4,7,18.0,4.242640687119283,0.3888888888888889,True,-1,True,MEDIUM
2017-12-26,5,4,7,16.142857142857142,6.61887632529298,0.4336283185840708,True,-1,True,MEDIUM
2013-01-09,5,5,11,6.571428571428571,3.309438162646486,1.673913043478261,True,-1,True,MEDIUM
2013-01-11,5,5,4,8.142857142857142,3.0237157840738176,0.4912280701754386,True,-1,True,MEDIUM
2013-01-30,5,5,2,8.857142857142858,1.9518001458970657,0.22580645161290322,True,-1,True,HIGH
2013-02-01,5,5,13,8.0,3.162277660168379,1.625,True,-1,True,MEDIUM
2013-02-06,5,5,14,8.285714285714286,3.9880774697543053,1.689655172413793,True,-1,True,MEDIUM
2013-02-09,5,5,17,9.571428571428571,3.3094381626464853,1.7761194029850746,True,-1,True,MEDIUM
2013-03-03,5,5,16,9.714285714285714,2.497617912751114,1.647058823529412,True,-1,True,MEDIUM
2013-03-07,5,5,18,10.714285714285714,3.3022358947782484,1.6800000000000002,True,-1,True,MEDIUM
2013-03-25,5,5,6,12.285714285714286,3.498298906339369,0.4883720930232558,True,-1,True,MEDIUM
2013-03-26,5,5,3,12.285714285714286,3.498298906339369,0.2441860465116279,True,-1,True,HIGH
2013-03-28,5,5,4,10.571428571428571,4.8941169737125145,0.3783783783783784,True,-1,True,MEDIUM
2013-04-02,5,5,14,8.428571428571429,3.952094080237415,1.6610169491525424,True,-1,True,MEDIUM
2013-04-18,5,5,18,11.0,3.915780041490244,1.6363636363636365,True,-1,True,MEDIUM
2013-04-30,5,5,19,11.714285714285714,3.251373336211727,1.6219512195121952,True,-1,True,MEDIUM
2013-05-01,5,5,22,12.428571428571429,4.2370250120079485,1.7701149425287357,True,-1,True,MEDIUM
2013-05-06,5,5,5,15.0,4.725815626252608,0.3333333333333333,True,-1,True,MEDIUM
2013-05-12,5,5,19,11.142857142857142,4.0590873945002075,1.7051282051282053,True,-1,True,MEDIUM
2013-05-16,5,5,25,12.428571428571429,3.994043183589901,2.0114942528735633,True,-1,True,MEDIUM
2013-05-29,5,5,7,14.142857142857142,1.6761634196950481,0.494949494949495,True,-1,True,MEDIUM
2013-06-09,5,5,22,13.142857142857142,3.670993118515816,1.673913043478261,True,-1,True,MEDIUM
2013-06-14,5,5,8,16.285714285714285,3.3022358947782435,0.4912280701754386,True,-1,True,MEDIUM
2013-06-19,5,5,7,14.0,2.943920288775945,0.5,True,-1,True,MEDIUM
2013-06-28,5,5,26,14.142857142857142,2.5448360411214033,1.8383838383838385,True,-1,True,MEDIUM
2013-07-07,5,5,32,16.857142857142858,4.450789122113489,1.8983050847457628,True,-1,True,MEDIUM
2013-07-23,5,5,9,19.0,4.203173404306155,0.47368421052631576,True,-1,True,MEDIUM
2013-07-24,5,5,5,17.285714285714285,5.498917642417933,0.2892561983471075,True,-1,True,HIGH
2013-08-08,5,5,6,12.571428571428571,4.1576092031015,0.4772727272727273,True,-1,True,MEDIUM
2013-08-19,5,5,6,13.428571428571429,3.457221565416507,0.44680851063829785,True,-1,True,MEDIUM
2013-08-26,5,5,6,13.142857142857142,5.080307452263476,0.4565217391304348,True,-1,True,MEDIUM
2013-08-29,5,5,21,11.285714285714286,4.750939756661684,1.860759493670886,True,-1,True,MEDIUM
2013-09-03,5,5,4,13.571428571428571,5.061526214398936,0.2947368421052632,True,-1,True,HIGH
2013-09-09,5,5,18,11.0,4.725815626252612,1.6363636363636365,True,-1,True,MEDIUM
2013-09-18,5,5,6,12.428571428571429,3.359421718944244,0.48275862068965514,True,-1,True,MEDIUM
2013-10-04,5,5,17,10.142857142857142,2.6726124191242473,1.676056338028169,True,-1,True,MEDIUM
2013-10-10,5,5,6,12.714285714285714,3.1471831698777737,0.4719101123595506,True,-1,True,MEDIUM
2013-10-19,5,5,15,9.142857142857142,2.5448360411214157,1.640625,True,-1,True,MEDIUM
2013-10-27,5,5,18,10.142857142857142,2.9680841985233237,1.7746478873239437,True,-1,True,MEDIUM
2013-11-11,5,5,4,15.428571428571429,4.157609203101496,0.25925925925925924,True,-1,True,HIGH
2013-11-17,5,5,6,12.428571428571429,5.15936504029785,0.48275862068965514,True,-1,True,MEDIUM
2013-11-20,5,5,4,10.285714285714286,3.401680257083051,0.38888888888888884,True,-1,True,MEDIUM
2013-11-21,5,5,18,9.142857142857142,4.017817460121503,1.96875,True,-1,True,MEDIUM
2013-11-23,5,5,18,9.714285714285714,4.855041562276128,1.8529411764705883,True,-1,True,MEDIUM
2013-12-05,5,5,5,11.571428571428571,3.909694909544005,0.4320987654320988,True,-1,True,MEDIUM
2013-12-21,5,5,4,8.0,1.8257418583505753,0.5,True,-1,True,MEDIUM
2013-12-26,5,5,14,7.285714285714286,2.214669705568303,1.9215686274509804,True,-1,True,MEDIUM
2013-12-27,5,5,4,8.428571428571429,3.2586880211287013,0.4745762711864407,True,-1,True,MEDIUM
2014-01-06,5,5,12,7.428571428571429,1.5118578920369374,1.6153846153846154,True,-1,True,MEDIUM
2014-01-25,5,5,13,8.0,1.2909944487358356,1.625,True,-1,True,MEDIUM
2014-01-26,5,5,18,9.0,2.000000000000013,2.0,True,-1,True,MEDIUM
2014-01-27,5,5,5,10.285714285714286,3.9460649476951835,0.48611111111111105,True,-1,True,MEDIUM
2014-01-29,5,5,5,10.285714285714286,4.191828786034634,0.48611111111111105,True,-1,True,MEDIUM
2014-02-09,5,5,17,9.142857142857142,2.115700942049828,1.859375,True,-1,True,MEDIUM
2014-02-20,5,5,5,11.285714285714286,2.984084768360628,0.4430379746835443,True,-1,True,MEDIUM
2014-02-24,5,5,16,8.857142857142858,3.078342163598862,1.8064516129032258,True,-1,True,MEDIUM
2014-03-02,5,5,19,10.857142857142858,3.5790395093549625,1.75,True,-1,True,MEDIUM
2014-03-11,5,5,6,12.0,3.3166247903553967,0.5,True,-1,True,MEDIUM
2014-03-17,5,5,4,12.428571428571429,4.353433237386434,0.3218390804597701,True,-1,True,MEDIUM
2014-03-21,5,5,16,9.857142857142858,4.375255094603877,1.6231884057971013,True,-1,True,MEDIUM
2014-04-03,5,5,20,10.0,2.5819888974716187,2.0,True,-1,True,MEDIUM
2014-04-06,5,5,27,12.714285714285714,4.386125310350262,2.1235955056179776,True,-1,True,MEDIUM
2014-04-08,5,5,6,16.428571428571427,5.255382728122419,0.3652173913043479,True,-1,True,MEDIUM
2014-05-18,5,5,24,13.714285714285714,3.8172540616820987,1.75,True,-1,True,MEDIUM
2014-06-03,5,5,8,16.142857142857142,4.259443290250143,0.49557522123893805,True,-1,True,MEDIUM
2014-06-27,5,5,30,15.285714285714286,2.69037083653817,1.9626168224299065,True,-1,True,MEDIUM
2014-09-02,5,5,6,13.857142857142858,2.7342623276105624,0.43298969072164945,True,-1,True,MEDIUM
2014-09-21,5,5,27,13.428571428571429,3.866830866792705,2.0106382978723403,True,-1,True,MEDIUM
2014-10-12,5,5,21,11.571428571428571,3.101458950082619,1.8148148148148149,True,-1,True,MEDIUM
2014-10-14,5,5,6,12.142857142857142,4.099941927579432,0.49411764705882355,True,-1,True,MEDIUM
2014-10-17,5,5,19,11.714285714285714,4.535573676110722,1.6219512195121952,True,-1,True,MEDIUM
2014-10-18,5,5,23,12.714285714285714,5.31395288256258,1.808988764044944,True,-1,True,MEDIUM
2014-11-01,5,5,25,11.428571428571429,3.4572215654164986,2.1875,True,-1,True,MEDIUM
2014-11-03,5,5,5,14.0,6.757711644237753,0.35714285714285715,True,-1,True,MEDIUM
2014-11-13,5,5,7,15.428571428571429,3.9520940802373903,0.4537037037037037,True,-1,True,MEDIUM
2014-11-27,5,5,6,17.285714285714285,4.270608298368625,0.34710743801652894,True,-1,True,MEDIUM
2014-12-06,5,5,5,10.571428571428571,3.2586880211286946,0.47297297297297297,True,-1,True,MEDIUM
2014-12-07,5,5,16,9.428571428571429,3.6449573777637463,1.696969696969697,True,-1,True,MEDIUM
2014-12-13,5,5,20,10.428571428571429,3.994043183589906,1.917808219178082,True,-1,True,MEDIUM
2014-12-16,5,5,4,12.142857142857142,4.017817460121491,0.32941176470588235,True,-1,True,MEDIUM
2014-12-23,5,5,5,10.142857142857142,3.1320159337915037,0.49295774647887325,True,-1,True,MEDIUM
2014-12-26,5,5,5,10.142857142857142,3.236694374850757,0.49295774647887325,True,-1,True,MEDIUM
2014-12-27,5,5,16,9.714285714285714,3.728908942943228,1.647058823529412,True,-1,True,MEDIUM
2014-12-31,5,5,3,10.571428571428571,3.9096949095440072,0.28378378378378377,True,-1,True,HIGH
2015-01-02,5,5,4,9.142857142857142,4.450789122113505,0.4375,True,-1,True,MEDIUM
2015-01-06,5,5,12,7.285714285714286,3.4982989063393957,1.6470588235294117,True,-1,True,MEDIUM
2015-01-30,5,5,15,8.0,2.886751345948152,1.875,True,-1,True,MEDIUM
2015-02-02,5,5,14,8.285714285714286,3.545621041711691,1.689655172413793,True,-1,True,MEDIUM
2015-02-25,5,5,4,10.428571428571429,2.5727509827124098,0.3835616438356164,True,-1,True,MEDIUM
2015-03-01,5,5,16,10.0,3.5590260840104455,1.6,True,-1,True,MEDIUM
2015-03-15,5,5,22,13.0,4.082482904638628,1.6923076923076923,True,-1,True,MEDIUM
2015-03-16,5,5,6,13.428571428571429,4.894116973712512,0.44680851063829785,True,-1,True,MEDIUM
2015-03-30,5,5,6,12.857142857142858,2.5448360411214033,0.4666666666666667,True,-1,True,MEDIUM
2015-05-28,5,5,8,19.0,3.6055512754639554,0.42105263157894735,True,-1,True,MEDIUM
2015-06-11,5,5,8,18.428571428571427,5.593363414414807,0.434108527131783,True,-1,True,MEDIUM
2015-07-05,5,5,31,15.857142857142858,3.7161167647860185,1.954954954954955,True,-1,True,MEDIUM
2015-08-03,5,5,7,18.571428571428573,4.157609203101476,0.3769230769230769,True,-1,True,MEDIUM
2015-08-10,5,5,3,15.0,4.690415759823421,0.2,True,-1,True,HIGH
2015-08-27,5,5,26,13.285714285714286,3.2513733362117203,1.9569892473118278,True,-1,True,MEDIUM
2015-08-29,5,5,33,16.857142857142858,5.899959644736876,1.9576271186440677,True,-1,True,MEDIUM
2015-08-31,5,5,9,20.0,8.103497187428799,0.45,True,-1,True,MEDIUM
2015-09-21,5,5,7,15.571428571428571,3.8668308667927094,0.44954128440366975,True,-1,True,MEDIUM
2015-10-05,5,5,7,15.0,2.516611478423567,0.4666666666666667,True,-1,True,MEDIUM
2015-10-18,5,5,7,15.714285714285714,4.029651999626661,0.4454545454545455,True,-1,True,MEDIUM
2015-10-21,5,5,6,14.285714285714286,5.498917642417932,0.42,True,-1,True,MEDIUM
2015-10-23,5,5,20,12.142857142857142,6.3882332306768355,1.647058823529412,True,-1,True,MEDIUM
2015-10-25,5,5,24,11.714285714285714,5.677860093212515,2.048780487804878,True,-1,True,MEDIUM
2015-10-30,5,5,8,17.142857142857142,5.047394424471934,0.4666666666666667,True,-1,True,MEDIUM
2015-12-21,5,5,6,12.714285714285714,3.40168025708304,0.4719101123595506,True,-1,True,MEDIUM
2015-12-31,5,5,2,9.714285714285714,2.563479777846634,0.2058823529411765,True,-1,True,HIGH
2016-01-01,5,5,17,8.714285714285714,3.9036002917941452,1.9508196721311477,True,-1,True,MEDIUM
2016-01-09,5,5,3,8.714285714285714,2.2146697055683044,0.34426229508196726,True,-1,True,MEDIUM
2016-01-23,5,5,13,7.857142857142857,1.9518001458970986,1.6545454545454545,True,-1,True,MEDIUM
2016-02-01,5,5,5,10.714285714285714,3.3022358947782555,0.4666666666666667,True,-1,True,MEDIUM
2016-02-02,5,5,18,10.714285714285714,3.3022358947782555,1.6800000000000002,True,-1,True,MEDIUM
2016-02-17,5,5,5,11.428571428571429,1.9023794624226893,0.4375,True,-1,True,MEDIUM
2016-03-23,5,5,5,13.714285714285714,2.1380899352993823,0.36458333333333337,True,-1,True,MEDIUM
2016-04-02,5,5,24,13.142857142857142,3.4846602621858422,1.8260869565217392,True,-1,True,MEDIUM
2016-06-06,5,5,6,18.428571428571427,6.07884700846968,0.32558139534883723,True,-1,True,MEDIUM
2016-08-26,5,5,31,15.142857142857142,3.6253078686998763,2.047169811320755,True,-1,True,MEDIUM
2016-08-31,5,5,9,18.428571428571427,6.579187965525394,0.48837209302325585,True,-1,True,MEDIUM
2016-09-21,5,5,7,18.142857142857142,5.0803074522634715,0.38582677165354334,True,-1,True,MEDIUM
2016-10-10,5,5,8,16.0,3.5590260840104433,0.5,True,-1,True,MEDIUM
2016-10-14,5,5,20,12.428571428571429,3.9096949095440263,1.6091954022988506,True,-1,True,MEDIUM
2016-10-15,5,5,24,13.0,4.725815626252626,1.8461538461538463,True,-1,True,MEDIUM
2016-10-24,5,5,8,16.285714285714285,5.023753102820169,0.4912280701754386,True,-1,True,MEDIUM
2016-10-29,5,5,20,12.0,3.0550504633039375,1.6666666666666667,True,-1,True,MEDIUM
2016-11-15,5,5,24,13.714285714285714,3.773340063934792,1.75,True,-1,True,MEDIUM
2016-12-10,5,5,21,10.428571428571429,1.9023794624227905,2.0136986301369864,True,-1,True,MEDIUM
2016-12-17,5,5,23,12.857142857142858,4.488079449258603,1.7888888888888888,True,-1,True,MEDIUM
2017-01-02,5,5,16,9.428571428571429,2.6992062325273976,1.696969696969697,True,-1,True,MEDIUM
2017-01-20,5,5,17,10.0,3.316624790355463,1.7,True,-1,True,MEDIUM
2017-01-26,5,5,18,10.714285714285714,4.231401884099676,1.6800000000000002,True,-1,True,MEDIUM
2017-02-03,5,5,5,12.0,3.2659863237109534,0.4166666666666667,True,-1,True,MEDIUM
2017-02-15,5,5,6,13.428571428571429,2.370453040886456,0.44680851063829785,True,-1,True,MEDIUM
2017-02-18,5,5,23,11.428571428571429,3.1547394428670814,2.0124999999999997,True,-1,True,MEDIUM
2017-02-27,5,5,6,12.714285714285714,2.2146697055683435,0.4719101123595506,True,-1,True,MEDIUM
2017-03-02,5,5,18,11.0,3.6055512754640415,1.6363636363636365,True,-1,True,MEDIUM
2017-03-17,5,5,22,13.0,3.4156502553199024,1.6923076923076923,True,-1,True,MEDIUM
2017-05-08,5,5,8,19.571428571428573,2.225394561056698,0.4087591240875912,True,-1,True,MEDIUM
2017-06-04,5,5,32,15.714285714285714,4.644505202002543,2.0363636363636366,True,-1,True,MEDIUM
2017-08-07,5,5,9,18.857142857142858,2.5448360411213815,0.47727272727272724,True,-1,True,MEDIUM
2017-09-25,5,5,5,16.428571428571427,4.466808810815736,0.30434782608695654,True,-1,True,MEDIUM
2017-10-10,5,5,25,13.714285714285714,4.309458036856723,1.8229166666666667,True,-1,True,MEDIUM
2017-10-31,5,5,5,16.142857142857142,3.436498771936923,0.3097345132743363,True,-1,True,MEDIUM
2017-11-24,5,5,28,14.428571428571429,5.191568255583403,1.9405940594059405,True,-1,True,MEDIUM
2013-05-19,5,6,69,39.142857142857146,6.256425268702372,1.7627737226277371,True,-1,True,MEDIUM
2013-08-31,5,6,64,35.57142857142857,10.485818086939174,1.7991967871485945,True,-1,True,MEDIUM
2014-03-01,5,6,56,33.42857142857143,5.223572942509184,1.675213675213675,True,-1,True,MEDIUM
2015-03-01,5,6,59,30.428571428571427,6.320789582985584,1.9389671361502347,True,-1,True,MEDIUM
2015-09-20,5,6,80,46.42857142857143,10.5492044385212,1.723076923076923,True,-1,True,MEDIUM
2016-05-01,5,6,75,44.57142857142857,4.353433237386508,1.6826923076923077,True,-1,True,MEDIUM
2015-12-20,5,7,57,32.42857142857143,9.289010404005188,1.7577092511013215,True,-1,True,MEDIUM
2016-06-05,5,7,88,54.714285714285715,8.994707438530696,1.608355091383812,True,-1,True,MEDIUM
2014-08-23,5,8,94,55.714285714285715,9.050124966251174,1.6871794871794872,True,-1,True,MEDIUM
2015-03-07,5,8,92,53.142857142857146,11.936339073442573,1.7311827956989245,True,-1,True,MEDIUM
2016-11-06,5,8,120,67.57142857142857,18.026435614185726,1.7758985200845667,True,-1,True,MEDIUM
2016-01-25,5,9,10,28.0,8.906926143925027,0.35714285714285715,True,-1,True,MEDIUM
2016-01-27,5,9,10,25.857142857142858,10.88467686595208,0.3867403314917127,True,-1,True,MEDIUM
2016-01-28,5,9,37,22.714285714285715,11.94032782512401,1.6289308176100628,True,-1,True,MEDIUM
2016-01-31,5,9,44,25.285714285714285,12.188988004400962,1.7401129943502827,True,-1,True,MEDIUM
2017-06-25,5,9,84,45.142857142857146,11.156889820921993,1.860759493670886,True,-1,True,MEDIUM
2013-05-19,5,10,86,52.285714285714285,6.290582530372551,1.644808743169399,True,-1,True,MEDIUM
2014-12-01,5,10,26,55.285714285714285,14.862865198364782,0.4702842377260982,True,-1,True,MEDIUM
2014-12-03,5,11,24,50.42857142857143,14.25782992904996,0.4759206798866855,True,-1,True,MEDIUM
2015-04-19,5,11,85,51.42857142857143,10.768118728560683,1.6527777777777777,True,-1,True,MEDIUM
2016-03-20,5,11,83,47.714285714285715,3.302235894778091,1.7395209580838322,True,-1,True,MEDIUM
2013-02-03,5,12,54,29.285714285714285,6.524678426668125,1.8439024390243903,True,-1,True,MEDIUM
2014-01-26,5,12,55,32.857142857142854,11.451762185046334,1.673913043478261,True,-1,True,MEDIUM
2016-04-03,5,12,83,50.285714285714285,16.529915161249193,1.6505681818181819,True,-1,True,MEDIUM
2017-02-04,5,12,74,40.57142857142857,9.930712341974692,1.823943661971831,True,-1,True,MEDIUM
2014-10-12,5,13,90,55.142857142857146,8.952254305081738,1.632124352331606,True,-1,True,MEDIUM
2015-01-31,5,13,67,40.857142857142854,3.9761191895518144,1.63986013986014,True,-1,True,MEDIUM
2013-07-21,5,14,76,44.57142857142857,12.094863136295285,1.7051282051282053,True,-1,True,MEDIUM
2013-08-25,5,14,67,38.0,10.26320287889377,1.763157894736842,True,-1,True,MEDIUM
2014-02-16,5,14,60,31.428571428571427,6.604471789556527,1.9090909090909092,True,-1,True,MEDIUM
2014-02-17,5,14,17,34.42857142857143,12.634043201566469,0.4937759336099585,True,-1,True,MEDIUM
2014-12-03,5,14,23,46.714285714285715,14.032275720807418,0.4923547400611621,True,-1,True,MEDIUM
2016-12-09,5,14,60,34.42857142857143,4.92805380304558,1.742738589211618,True,-1,True,MEDIUM
2017-01-16,5,14,18,39.57142857142857,12.739141034061618,0.4548736462093863,True,-1,True,MEDIUM
2013-11-02,5,15,88,54.714285714285715,10.904346009952187,1.608355091383812,True,-1,True,MEDIUM
2015-01-04,5,15,78,44.57142857142857,11.178210096092142,1.75,True,-1,True,MEDIUM
2013-01-11,5,16,6,14.142857142857142,2.340126166724879,0.42424242424242425,True,-1,True,MEDIUM
2013-01-12,5,16,6,13.285714285714286,3.8606685826112948,0.45161290322580644,True,-1,True,MEDIUM
2013-01-16,5,16,22,10.571428571428571,3.5050983275386565,2.081081081081081,True,-1,True,MEDIUM
2013-01-19,5,16,21,12.142857142857142,4.879500364742666,1.7294117647058824,True,-1,True,MEDIUM
2013-02-02,5,16,18,10.142857142857142,1.4638501094227916,1.7746478873239437,True,-1,True,MEDIUM
2013-02-04,5,16,4,12.0,3.9999999999999973,0.3333333333333333,True,-1,True,MEDIUM
2013-03-03,5,16,21,12.285714285714286,3.4016802570830436,1.7093023255813953,True,-1,True,MEDIUM
2013-03-25,5,16,7,15.571428571428571,4.961758520831862,0.44954128440366975,True,-1,True,MEDIUM
2013-04-21,5,16,33,15.285714285714286,2.927700218845596,2.158878504672897,True,-1,True,MEDIUM
2013-05-02,5,16,28,15.714285714285714,3.683941988065035,1.781818181818182,True,-1,True,MEDIUM
2013-07-29,5,16,8,24.0,3.5118845842842323,0.3333333333333333,True,-1,True,MEDIUM
2013-08-05,5,16,9,20.428571428571427,7.5466801278695295,0.4405594405594406,True,-1,True,MEDIUM
2013-08-26,5,16,8,18.0,3.696845502136453,0.4444444444444444,True,-1,True,MEDIUM
2013-10-20,5,16,30,15.0,3.6514837167010903,2.0,True,-1,True,MEDIUM
2013-11-02,5,16,27,14.857142857142858,3.3380918415850984,1.8173076923076923,True,-1,True,MEDIUM
2013-12-01,5,16,8,17.142857142857142,4.980915960897521,0.4666666666666667,True,-1,True,MEDIUM
2013-12-04,5,16,5,13.857142857142858,4.525062483125544,0.36082474226804123,True,-1,True,MEDIUM
2013-12-20,5,16,14,8.571428571428571,1.8126539343498786,1.6333333333333333,True,-1,True,MEDIUM
2013-12-23,5,16,18,10.857142857142858,3.2877840272018504,1.657894736842105,True,-1,True,MEDIUM
2013-12-28,5,16,5,15.0,2.309401076758458,0.3333333333333333,True,-1,True,MEDIUM
2014-01-14,5,16,7,14.0,3.696845502136443,0.5,True,-1,True,MEDIUM
2014-01-19,5,16,19,11.571428571428571,3.7796447300922464,1.6419753086419753,True,-1,True,MEDIUM
2014-01-21,5,16,6,13.142857142857142,4.298393941484456,0.4565217391304348,True,-1,True,MEDIUM
2014-01-30,5,16,18,10.285714285714286,3.86066858261127,1.7499999999999998,True,-1,True,MEDIUM
2014-02-01,5,16,20,10.857142857142858,4.70561974057158,1.8421052631578947,True,-1,True,MEDIUM
2014-02-09,5,16,21,12.857142857142858,3.3876526498728095,1.6333333333333333,True,-1,True,MEDIUM
2014-02-17,5,16,28,14.0,3.8297084310253235,2.0,True,-1,True,MEDIUM
2014-02-28,5,16,23,13.428571428571429,3.3594217189442013,1.7127659574468084,True,-1,True,MEDIUM
2014-03-02,5,16,30,14.714285714285714,5.089672082242786,2.0388349514563107,True,-1,True,MEDIUM
2014-04-06,5,16,32,19.571428571428573,3.3094381626464386,1.6350364963503647,True,-1,True,MEDIUM
2014-05-17,5,16,31,18.571428571428573,2.8199966227605087,1.669230769230769,True,-1,True,MEDIUM
2014-09-15,5,16,8,21.714285714285715,5.186980037050623,0.3684210526315789,True,-1,True,MEDIUM
2014-10-06,5,16,6,16.142857142857142,3.5790395093549217,0.37168141592920356,True,-1,True,MEDIUM
2014-10-31,5,16,25,15.142857142857142,2.794552524023033,1.650943396226415,True,-1,True,MEDIUM
2014-12-06,5,16,7,15.857142857142858,3.8913824205360297,0.44144144144144143,True,-1,True,MEDIUM
2015-01-23,5,16,20,12.142857142857142,2.267786838055282,1.647058823529412,True,-1,True,MEDIUM
2015-02-02,5,16,7,15.142857142857142,4.336994790119475,0.46226415094339623,True,-1,True,MEDIUM
2015-02-22,5,16,24,14.428571428571429,2.5727509827123325,1.6633663366336633,True,-1,True,MEDIUM
2015-03-07,5,16,28,16.0,1.9999999999999227,1.75,True,-1,True,MEDIUM
2015-10-25,5,16,35,17.0,4.320493798938544,2.0588235294117645,True,-1,True,MEDIUM
2015-11-03,5,16,6,21.0,6.831300510639717,0.2857142857142857,True,-1,True,HIGH
2015-11-14,5,16,42,21.0,6.976149845485434,2.0,True,-1,True,MEDIUM
2015-11-16,5,16,8,23.428571428571427,10.61221219251893,0.34146341463414637,True,-1,True,MEDIUM
2015-12-17,5,16,7,14.571428571428571,3.25868802112863,0.4803921568627451,True,-1,True,MEDIUM
2016-01-24,5,16,22,12.142857142857142,2.478478796128116,1.811764705882353,True,-1,True,MEDIUM
2016-02-28,5,16,9,18.857142857142858,5.3363086938622875,0.47727272727272724,True,-1,True,MEDIUM
2016-04-21,5,16,33,19.428571428571427,3.1547394428669917,1.698529411764706,True,-1,True,MEDIUM
2016-12-14,5,16,25,15.0,3.4156502553197514,1.6666666666666667,True,-1,True,MEDIUM
2017-01-06,5,16,6,15.0,3.214550253664195,0.4,True,-1,True,MEDIUM
2017-01-07,5,16,22,12.857142857142858,3.532165125838468,1.711111111111111,True,-1,True,MEDIUM
2017-01-27,5,16,7,14.571428571428571,3.2071349029489644,0.4803921568627451,True,-1,True,MEDIUM
2017-01-29,5,16,25,13.857142857142858,3.8483144114693792,1.8041237113402062,True,-1,True,MEDIUM
2017-02-06,5,16,8,16.285714285714285,4.750939756661614,0.4912280701754386,True,-1,True,MEDIUM
2017-03-11,5,16,9,18.714285714285715,3.6384193323605247,0.4809160305343511,True,-1,True,MEDIUM
2017-03-25,5,16,34,18.0,5.627314338711335,1.8888888888888888,True,-1,True,MEDIUM
2017-03-27,5,16,9,19.428571428571427,8.121107126025404,0.4632352941176471,True,-1,True,MEDIUM
2017-12-24,5,16,30,16.428571428571427,2.0701966780268837,1.8260869565217392,True,-1,True,MEDIUM
2017-12-25,5,16,4,18.285714285714285,5.559205150447441,0.21875,True,-1,True,HIGH
2017-12-31,5,16,26,15.0,8.205689083394061,1.7333333333333334,True,-1,True,MEDIUM
2013-02-01,5,17,24,14.142857142857142,2.911389784311001,1.696969696969697,True,-1,True,MEDIUM
2013-03-01,5,17,22,13.0,2.5166114784235734,1.6923076923076923,True,-1,True,MEDIUM
2013-03-02,5,17,25,14.0,4.24264068711928,1.7857142857142858,True,-1,True,MEDIUM
2013-03-04,5,17,7,18.0,6.377042156569664,0.3888888888888889,True,-1,True,MEDIUM
2013-04-15,5,17,8,22.714285714285715,4.889249625940782,0.3522012578616352,True,-1,True,MEDIUM
2013-10-15,5,17,10,22.428571428571427,2.439750182371411,0.445859872611465,True,-1,True,MEDIUM
2013-11-20,5,17,12,26.0,2.3804761428477264,0.46153846153846156,True,-1,True,MEDIUM
2013-12-03,5,17,4,21.428571428571427,5.411627692821691,0.18666666666666668,True,-1,True,HIGH
2013-12-21,5,17,27,16.0,3.3665016461207062,1.6875,True,-1,True,MEDIUM
2013-12-23,5,17,8,18.0,6.110100926607801,0.4444444444444444,True,-1,True,MEDIUM
2014-01-01,5,17,8,17.285714285714285,2.4976179127511493,0.4628099173553719,True,-1,True,MEDIUM
2014-01-10,5,17,6,18.285714285714285,3.7289089429432467,0.328125,True,-1,True,MEDIUM
2014-01-20,5,17,7,17.714285714285715,6.524678426668152,0.3951612903225806,True,-1,True,MEDIUM
2014-02-15,5,17,27,15.285714285714286,3.1471831698777857,1.7663551401869158,True,-1,True,MEDIUM
2014-03-01,5,17,31,16.428571428571427,5.411627692821674,1.8869565217391306,True,-1,True,MEDIUM
2014-03-23,5,17,36,20.571428571428573,3.9940431835899495,1.7499999999999998,True,-1,True,MEDIUM
2014-12-09,5,17,8,18.714285714285715,3.9880774697542414,0.42748091603053434,True,-1,True,MEDIUM
2015-01-06,5,17,8,17.571428571428573,4.466808810815636,0.45528455284552843,True,-1,True,MEDIUM
2015-03-01,5,17,37,18.571428571428573,3.505098327538579,1.9923076923076921,True,-1,True,MEDIUM
2015-10-28,5,17,12,25.0,3.2145502536643975,0.48,True,-1,True,MEDIUM
2015-12-21,5,17,6,16.428571428571427,3.9096949095438998,0.3652173913043479,True,-1,True,MEDIUM
2016-01-02,5,17,33,18.857142857142858,4.140393356054073,1.75,True,-1,True,MEDIUM
2016-01-17,5,17,29,15.285714285714286,3.592319850007926,1.8971962616822429,True,-1,True,MEDIUM
2016-01-30,5,17,28,16.714285714285715,2.563479777846477,1.675213675213675,True,-1,True,MEDIUM
2016-02-01,5,17,6,18.857142857142858,6.039552175136001,0.3181818181818182,True,-1,True,MEDIUM
2016-02-09,5,17,7,20.857142857142858,4.180453381654945,0.3356164383561644,True,-1,True,MEDIUM
2016-02-22,5,17,8,20.428571428571427,3.598941643369713,0.3916083916083916,True,-1,True,MEDIUM
2016-05-08,5,17,54,26.857142857142858,8.454359258760585,2.0106382978723403,True,-1,True,MEDIUM
2017-01-29,5,17,34,19.142857142857142,4.705619740571505,1.7761194029850746,True,-1,True,MEDIUM
2017-02-12,5,17,33,20.285714285714285,3.093772546815275,1.6267605633802817,True,-1,True,MEDIUM
2017-04-23,5,17,50,27.0,4.082482904638711,1.8518518518518519,True,-1,True,MEDIUM
2017-08-19,5,17,50,31.142857142857142,3.4846602621860665,1.6055045871559632,True,-1,True,MEDIUM
2017-11-18,5,17,54,30.857142857142858,9.335033858688382,1.75,True,-1,True,MEDIUM
2017-02-05,5,18,86,52.0,10.723805294764114,1.6538461538461537,True,-1,True,MEDIUM
2013-03-01,5,19,33,18.428571428571427,2.6367367999823115,1.7906976744186047,True,-1,True,MEDIUM
2013-04-23,5,19,46,24.142857142857142,3.0783421635988586,1.9053254437869822,True,-1,True,MEDIUM
2013-12-28,5,19,31,17.857142857142858,3.8913824205360705,1.736,True,-1,True,MEDIUM
2014-06-07,5,19,58,31.0,5.385164807134514,1.8709677419354838,True,-1,True,MEDIUM
2015-01-23,5,19,38,19.857142857142858,4.670066788550532,1.9136690647482013,True,-1,True,MEDIUM
2015-11-08,5,19,58,29.0,5.773502691896302,2.0,True,-1,True,MEDIUM
2015-11-24,5,19,17,35.142857142857146,3.97611918955206,0.48373983739837395,True,-1,True,MEDIUM
2015-12-27,5,19,39,19.714285714285715,5.529143565818285,1.9782608695652173,True,-1,True,MEDIUM
2016-01-10,5,19,39,20.571428571428573,3.952094080237553,1.8958333333333333,True,-1,True,MEDIUM
2016-04-02,5,19,59,33.0,11.135528725660057,1.7878787878787878,True,-1,True,MEDIUM
2016-05-15,5,19,56,32.714285714285715,4.498677054212205,1.7117903930131004,True,-1,True,MEDIUM
2017-06-03,5,19,66,37.857142857142854,10.44714588501838,1.7433962264150944,True,-1,True,MEDIUM
2013-01-29,5,20,9,24.714285714285715,4.070801956792872,0.36416184971098264,True,-1,True,MEDIUM
2013-05-12,5,20,52,30.142857142857142,10.302565561201598,1.7251184834123223,True,-1,True,MEDIUM
2013-07-06,5,20,68,35.142857142857146,4.450789122113512,1.9349593495934958,True,-1,True,MEDIUM
2015-01-03,5,20,36,19.714285714285715,5.736267244886808,1.826086956521739,True,-1,True,MEDIUM
2015-04-12,5,20,67,38.42857142857143,11.674147261608145,1.7434944237918215,True,-1,True,MEDIUM
2015-04-13,5,20,20,40.142857142857146,14.93796696819402,0.49822064056939497,True,-1,True,MEDIUM
2015-05-02,5,20,63,34.285714285714285,9.84402163268451,1.8375000000000001,True,-1,True,MEDIUM
2015-05-03,5,20,62,37.0,14.491376746189394,1.6756756756756757,True,-1,True,MEDIUM
2013-02-27,5,21,9,19.857142857142858,3.9339789623472146,0.45323741007194246,True,-1,True,MEDIUM
2013-07-28,5,21,49,28.142857142857142,4.634241089562604,1.7411167512690355,True,-1,True,MEDIUM
2014-07-27,5,21,58,34.42857142857143,4.859943170351653,1.6846473029045643,True,-1,True,MEDIUM
2015-01-03,5,21,34,18.285714285714285,5.407226205559977,1.859375,True,-1,True,MEDIUM
2015-07-13,5,21,19,39.142857142857146,4.017817460121526,0.48540145985401456,True,-1,True,MEDIUM
2016-01-20,5,21,7,22.428571428571427,4.503966505838251,0.3121019108280255,True,-1,True,MEDIUM
2016-07-03,5,21,71,39.57142857142857,6.078847008469714,1.7942238267148016,True,-1,True,MEDIUM
2017-09-17,5,21,55,32.857142857142854,11.824107738409795,1.673913043478261,True,-1,True,MEDIUM
2013-08-25,5,22,98,54.57142857142857,12.843378875996033,1.7958115183246075,True,-1,True,MEDIUM
2014-04-20,5,22,94,57.285714285714285,13.437686875777,1.6408977556109725,True,-1,True,MEDIUM
2015-11-08,5,22,103,64.28571428571429,14.209319544044485,1.602222222222222,True,-1,True,MEDIUM
2013-01-08,5,23,17,10.428571428571429,2.2253945610567474,1.6301369863013697,True,-1,True,MEDIUM
2013-01-15,5,23,22,12.0,3.316624790355399,1.8333333333333333,True,-1,True,MEDIUM
2013-01-29,5,23,5,14.285714285714286,4.461475305855887,0.35,True,-1,True,MEDIUM
2013-02-24,5,23,19,11.428571428571429,1.5118578920369063,1.6624999999999999,True,-1,True,MEDIUM
2013-03-03,5,23,26,14.0,3.4641016151377504,1.8571428571428572,True,-1,True,MEDIUM
2013-04-08,5,23,9,19.142857142857142,5.398412465054621,0.4701492537313433,True,-1,True,MEDIUM
2013-05-15,5,23,7,21.857142857142858,5.273473599964613,0.3202614379084967,True,-1,True,MEDIUM
2013-06-05,5,23,12,25.428571428571427,2.5071326821120112,0.4719101123595506,True,-1,True,MEDIUM
2013-09-16,5,23,9,19.142857142857142,5.273473599964625,0.4701492537313433,True,-1,True,MEDIUM
2013-10-26,5,23,27,16.285714285714285,3.1471831698777946,1.6578947368421053,True,-1,True,MEDIUM
2013-12-09,5,23,6,15.285714285714286,4.535573676110752,0.3925233644859813,True,-1,True,MEDIUM
2013-12-15,5,23,26,11.714285714285714,3.1471831698778283,2.2195121951219514,True,-1,True,MEDIUM
2013-12-28,5,23,24,11.571428571428571,2.636736799982381,2.074074074074074,True,-1,True,MEDIUM
2014-01-10,5,23,25,14.714285714285714,3.4982989063394045,1.6990291262135924,True,-1,True,MEDIUM
2014-10-26,5,23,38,19.142857142857142,5.336308693862346,1.9850746268656716,True,-1,True,MEDIUM
2014-12-01,5,23,7,22.142857142857142,5.89995964473691,0.31612903225806455,True,-1,True,MEDIUM
2014-12-02,5,23,10,21.0,7.937253933193789,0.47619047619047616,True,-1,True,MEDIUM
2015-01-08,5,23,23,12.285714285714286,3.147183169877813,1.872093023255814,True,-1,True,MEDIUM
2015-02-09,5,23,9,19.428571428571427,3.45722156541655,0.4632352941176471,True,-1,True,MEDIUM
2015-03-14,5,23,37,18.571428571428573,3.4086724129854353,1.9923076923076921,True,-1,True,MEDIUM
2015-03-16,5,23,8,23.142857142857142,8.071112509614618,0.345679012345679,True,-1,True,MEDIUM
2015-04-04,5,23,41,20.571428571428573,5.191568255583409,1.9930555555555554,True,-1,True,MEDIUM
2015-10-27,5,23,10,22.571428571428573,2.9358214555807276,0.4430379746835443,True,-1,True,MEDIUM
2015-12-19,5,23,9,19.571428571428573,5.7404164441599,0.4598540145985401,True,-1,True,MEDIUM
2016-01-04,5,23,8,19.142857142857142,6.618876325293009,0.417910447761194,True,-1,True,MEDIUM
2016-01-22,5,23,6,14.714285714285714,2.4976179127511315,0.4077669902912622,True,-1,True,MEDIUM
2016-01-24,5,23,26,14.142857142857142,3.848314411469499,1.8383838383838385,True,-1,True,MEDIUM
2016-02-06,5,23,28,15.857142857142858,3.436498771936926,1.7657657657657657,True,-1,True,MEDIUM
2016-09-25,5,23,48,25.714285714285715,2.6903708365384,1.8666666666666667,True,-1,True,MEDIUM
2016-12-01,5,23,10,25.142857142857142,3.9761191895521506,0.39772727272727276,True,-1,True,MEDIUM
2017-01-09,5,23,9,19.571428571428573,4.859943170351691,0.4598540145985401,True,-1,True,MEDIUM
2017-01-29,5,23,30,16.714285714285715,3.0394235042348403,1.7948717948717947,True,-1,True,MEDIUM
2017-04-01,5,23,36,19.571428571428573,5.380741673076435,1.8394160583941603,True,-1,True,MEDIUM
2017-12-12,5,23,9,21.714285714285715,6.317021600783323,0.41447368421052627,True,-1,True,MEDIUM
2014-09-13,5,24,79,48.857142857142854,13.680016708427571,1.6169590643274854,True,-1,True,MEDIUM
2015-03-01,5,24,75,36.142857142857146,5.639993245521426,2.075098814229249,True,-1,True,MEDIUM
2016-04-03,5,24,87,54.142857142857146,10.415190371576992,1.6068601583113455,True,-1,True,MEDIUM
2013-01-09,5,25,18,37.714285714285715,3.9460649476951812,0.47727272727272724,True,-1,True,MEDIUM
2013-01-12,5,26,37,19.0,6.298147875897061,1.9473684210526316,True,-1,True,MEDIUM
2014-04-27,5,26,61,33.285714285714285,5.5291435658181864,1.832618025751073,True,-1,True,MEDIUM
2015-01-05,5,26,12,27.285714285714285,2.2886885410854836,0.4397905759162304,True,-1,True,MEDIUM
2015-01-12,5,26,10,24.0,8.563488385776813,0.4166666666666667,True,-1,True,MEDIUM
2015-10-30,5,26,55,34.142857142857146,3.5321651258387328,1.610878661087866,True,-1,True,MEDIUM
2016-04-23,5,26,66,39.285714285714285,5.765248931147302,1.68,True,-1,True,MEDIUM
2017-12-31,5,26,43,25.857142857142858,3.8047589248454,1.6629834254143645,True,-1,True,MEDIUM
2013-01-18,5,27,4,9.571428571428571,2.7602622373694166,0.417910447761194,True,-1,True,MEDIUM
2013-01-26,5,27,13,7.571428571428571,2.5727509827123978,1.7169811320754718,True,-1,True,MEDIUM
2013-01-30,5,27,4,8.0,2.64575131106459,0.5,True,-1,True,MEDIUM
2013-02-10,5,27,16,9.428571428571429,2.93582145558064,1.696969696969697,True,-1,True,MEDIUM
2013-03-20,5,27,5,11.428571428571429,3.4086724129853923,0.4375,True,-1,True,MEDIUM
2013-03-21,5,27,18,11.142857142857142,3.8913824205360714,1.6153846153846154,True,-1,True,MEDIUM
2013-03-30,5,27,21,12.0,2.5166114784235933,1.75,True,-1,True,MEDIUM
2013-04-01,5,27,5,14.285714285714286,5.154748157905359,0.35,True,-1,True,MEDIUM
2013-04-06,5,27,27,14.428571428571429,5.9960304329098495,1.8712871287128712,True,-1,True,MEDIUM
2013-04-29,5,27,7,15.714285714285714,2.690370836538222,0.4454545454545455,True,-1,True,MEDIUM
2013-06-07,5,27,8,17.714285714285715,4.2314018840996575,0.45161290322580644,True,-1,True,MEDIUM
2013-06-26,5,27,8,16.571428571428573,4.995235825502249,0.48275862068965514,True,-1,True,MEDIUM
2013-08-25,5,27,29,16.714285714285715,3.9460649476952,1.7350427350427349,True,-1,True,MEDIUM
2013-09-13,5,27,23,13.0,4.082482904638625,1.7692307692307692,True,-1,True,MEDIUM
2013-09-29,5,27,21,13.0,3.55902608401043,1.6153846153846154,True,-1,True,MEDIUM
2013-10-22,5,27,7,14.0,4.242640687119285,0.5,True,-1,True,MEDIUM
2013-10-28,5,27,21,11.714285714285714,3.592319850008046,1.7926829268292683,True,-1,True,MEDIUM
2013-11-04,5,27,3,13.857142857142858,5.209880722517275,0.21649484536082472,True,-1,True,HIGH
2013-11-25,5,27,7,14.0,2.5166114784235853,0.5,True,-1,True,MEDIUM
2013-12-02,5,27,6,13.714285714285714,3.2513733362117265,0.4375,True,-1,True,MEDIUM
2013-12-05,5,27,4,13.428571428571429,3.6903993847614402,0.2978723404255319,True,-1,True,HIGH
2013-12-24,5,27,6,12.142857142857142,3.2366943748507446,0.49411764705882355,True,-1,True,MEDIUM
2014-01-07,5,27,4,10.714285714285714,2.429971585175814,0.37333333333333335,True,-1,True,MEDIUM
2014-01-10,5,27,15,8.428571428571429,3.2071349029490808,1.7796610169491525,True,-1,True,MEDIUM
2014-02-01,5,27,18,10.428571428571429,2.87849166851569,1.726027397260274,True,-1,True,MEDIUM
2014-02-05,5,27,4,13.142857142857142,4.845223470201398,0.30434782608695654,True,-1,True,MEDIUM
2014-03-01,5,27,18,11.142857142857142,1.2149857925879,1.6153846153846154,True,-1,True,MEDIUM
2014-03-09,5,27,28,14.428571428571429,3.8234863173611067,1.9405940594059405,True,-1,True,MEDIUM
2014-03-12,5,27,3,16.285714285714285,6.5501726622098975,0.1842105263157895,True,-1,True,HIGH
2014-03-17,5,27,3,12.571428571428571,5.563486402641864,0.23863636363636365,True,-1,True,HIGH
2014-05-05,5,27,7,17.142857142857142,6.593647736738026,0.4083333333333333,True,-1,True,MEDIUM
2014-08-04,5,27,9,22.428571428571427,7.7428922859859775,0.4012738853503185,True,-1,True,MEDIUM
2014-09-22,5,27,7,18.0,3.2659863237109223,0.3888888888888889,True,-1,True,MEDIUM
2014-09-23,5,27,8,16.857142857142858,5.273473599964628,0.4745762711864407,True,-1,True,MEDIUM
2014-09-27,5,27,30,12.0,4.242640687119278,2.5,True,-1,True,HIGH
2014-10-01,5,27,8,16.428571428571427,6.704653678780213,0.48695652173913045,True,-1,True,MEDIUM
2014-10-07,5,27,26,14.428571428571429,4.6853368024487825,1.801980198019802,True,-1,True,MEDIUM
2014-11-03,5,27,8,19.571428571428573,5.472876844254866,0.4087591240875912,True,-1,True,MEDIUM
2014-11-08,5,27,27,14.142857142857142,3.532165125838616,1.9090909090909092,True,-1,True,MEDIUM
2014-12-02,5,27,8,18.142857142857142,4.45078912211351,0.4409448818897638,True,-1,True,MEDIUM
2014-12-15,5,27,5,11.142857142857142,2.9680841985233424,0.44871794871794873,True,-1,True,MEDIUM
2014-12-20,5,27,22,11.0,3.6055512754640087,2.0,True,-1,True,MEDIUM
2014-12-21,5,27,20,12.142857142857142,5.490251100164481,1.647058823529412,True,-1,True,MEDIUM
2015-01-13,5,27,19,9.428571428571429,2.1491969707422767,2.015151515151515,True,-1,True,MEDIUM
2015-01-21,5,27,18,10.857142857142858,1.5735915849389346,1.657894736842105,True,-1,True,MEDIUM
2015-01-30,5,27,15,9.285714285714286,2.4299715851758563,1.6153846153846152,True,-1,True,MEDIUM
2015-02-07,5,27,21,10.714285714285714,1.9760470401187438,1.9600000000000002,True,-1,True,MEDIUM
2015-02-19,5,27,19,11.714285714285714,1.3801311186847556,1.6219512195121952,True,-1,True,MEDIUM
2015-02-21,5,27,6,13.142857142857142,3.0237157840738402,0.4565217391304348,True,-1,True,MEDIUM
2015-03-02,5,27,19,11.714285714285714,2.058663459163582,1.6219512195121952,True,-1,True,MEDIUM
2015-03-04,5,27,21,13.0,3.2659863237109255,1.6153846153846154,True,-1,True,MEDIUM
2015-03-09,5,27,7,18.714285714285715,7.432233529572077,0.3740458015267175,True,-1,True,MEDIUM
2015-04-03,5,27,8,18.142857142857142,3.3380918415851424,0.4409448818897638,True,-1,True,MEDIUM
2015-05-04,5,27,8,19.714285714285715,2.429971585175843,0.40579710144927533,True,-1,True,MEDIUM
2015-06-29,5,27,6,16.714285714285715,4.53557367611075,0.358974358974359,True,-1,True,MEDIUM
2015-07-01,5,27,25,14.285714285714286,4.151878519188098,1.75,True,-1,True,MEDIUM
2015-08-17,5,27,9,18.714285714285715,3.9880774697543226,0.4809160305343511,True,-1,True,MEDIUM
2015-09-09,5,27,28,15.285714285714286,5.122313465427068,1.8317757009345794,True,-1,True,MEDIUM
2015-10-09,5,27,25,15.0,3.055050463303928,1.6666666666666667,True,-1,True,MEDIUM
2015-12-01,5,27,9,20.285714285714285,2.927700218845615,0.44366197183098594,True,-1,True,MEDIUM
2015-12-02,5,27,9,19.142857142857142,5.14550196542481,0.4701492537313433,True,-1,True,MEDIUM
2015-12-11,5,27,19,11.714285714285714,2.2886885410853828,1.6219512195121952,True,-1,True,MEDIUM
2015-12-20,5,27,20,11.428571428571429,3.5989416433697934,1.75,True,-1,True,MEDIUM
2015-12-24,5,27,6,12.857142857142858,3.9339789623472496,0.4666666666666667,True,-1,True,MEDIUM
2015-12-28,5,27,16,9.857142857142858,3.2366943748508064,1.6231884057971013,True,-1,True,MEDIUM
2015-12-30,5,27,20,10.285714285714286,4.347960660443269,1.9444444444444442,True,-1,True,MEDIUM
2016-01-06,5,27,20,11.857142857142858,4.525062483125594,1.686746987951807,True,-1,True,MEDIUM
2016-01-16,5,27,17,9.428571428571429,2.9358214555807005,1.803030303030303,True,-1,True,MEDIUM
2016-01-17,5,27,18,10.857142857142858,3.8483144114695373,1.657894736842105,True,-1,True,MEDIUM
2016-02-05,5,27,17,9.857142857142858,3.436498771936951,1.7246376811594202,True,-1,True,MEDIUM
2016-02-18,5,27,21,12.428571428571429,2.992052966172431,1.6896551724137931,True,-1,True,MEDIUM
2016-03-04,5,27,21,13.0,3.1091263510296505,1.6153846153846154,True,-1,True,MEDIUM
2016-03-08,5,27,7,16.285714285714285,3.3523268393901335,0.4298245614035088,True,-1,True,MEDIUM
2016-03-20,5,27,28,15.0,3.7416573867739715,1.8666666666666667,True,-1,True,MEDIUM
2016-04-02,5,27,28,15.285714285714286,2.811540841738235,1.8317757009345794,True,-1,True,MEDIUM
2016-09-12,5,27,8,18.142857142857142,3.891382420536073,0.4409448818897638,True,-1,True,MEDIUM
2016-10-02,5,27,29,15.714285714285714,3.498298906339358,1.8454545454545455,True,-1,True,MEDIUM
2016-12-05,5,27,7,14.571428571428571,4.577377082170626,0.4803921568627451,True,-1,True,MEDIUM
2016-12-06,5,27,21,12.285714285714286,3.545621041711643,1.7093023255813953,True,-1,True,MEDIUM
2016-12-26,5,27,8,17.142857142857142,3.7606990231680584,0.4666666666666667,True,-1,True,MEDIUM
2016-12-30,5,27,7,15.428571428571429,3.6449573777637325,0.4537037037037037,True,-1,True,MEDIUM
2017-01-02,5,27,5,13.857142857142858,4.9473417585800945,0.36082474226804123,True,-1,True,MEDIUM
2017-01-16,5,27,6,14.142857142857142,2.9680841985233037,0.42424242424242425,True,-1,True,MEDIUM
2017-01-21,5,27,22,10.285714285714286,2.870208222079883,2.138888888888889,True,-1,True,MEDIUM
2017-01-22,5,27,19,11.428571428571429,5.223572942509185,1.6624999999999999,True,-1,True,MEDIUM
2017-01-26,5,27,4,15.0,3.999999999999994,0.26666666666666666,True,-1,True,HIGH
2017-02-01,5,27,17,10.428571428571429,4.353433237386402,1.6301369863013697,True,-1,True,MEDIUM
2017-02-03,5,27,22,12.857142857142858,4.298393941484459,1.711111111111111,True,-1,True,MEDIUM
2017-02-22,5,27,6,12.571428571428571,4.391550328268373,0.4772727272727273,True,-1,True,MEDIUM
2017-04-01,5,27,28,14.0,3.055050463303879,2.0,True,-1,True,MEDIUM
2017-04-24,5,27,8,20.142857142857142,4.598136268408915,0.3971631205673759,True,-1,True,MEDIUM
2017-05-06,5,27,39,19.285714285714285,4.111540089159071,2.022222222222222,True,-1,True,MEDIUM
2017-05-17,5,27,9,22.285714285714285,5.736267244886901,0.40384615384615385,True,-1,True,MEDIUM
2017-07-09,5,27,44,22.0,5.0000000000000275,2.0,True,-1,True,MEDIUM
2017-07-11,5,27,11,24.571428571428573,9.342682392424292,0.4476744186046511,True,-1,True,MEDIUM
2017-08-21,5,27,9,18.142857142857142,2.734262327610558,0.49606299212598426,True,-1,True,MEDIUM
2017-09-19,5,27,9,22.857142857142858,5.367450401216964,0.39375,True,-1,True,MEDIUM
2017-10-09,5,27,9,18.857142857142858,4.220133150686562,0.47727272727272724,True,-1,True,MEDIUM
2017-10-20,5,27,30,16.428571428571427,4.076646614442705,1.8260869565217392,True,-1,True,MEDIUM
2017-10-28,5,27,8,17.142857142857142,3.80475892484532,0.4666666666666667,True,-1,True,MEDIUM
2017-12-11,5,27,3,13.0,2.943920288775754,0.23076923076923078,True,-1,True,HIGH
2017-12-24,5,27,25,13.142857142857142,3.1847852585152454,1.9021739130434783,True,-1,True,MEDIUM
2017-12-25,5,27,7,15.285714285714286,5.154748157905273,0.45794392523364486,True,-1,True,MEDIUM
2013-02-02,5,28,63,37.285714285714285,11.412190641506792,1.6896551724137931,True,-1,True,MEDIUM
2013-10-27,5,28,83,49.0,9.345230512584122,1.6938775510204083,True,-1,True,MEDIUM
2014-03-02,5,28,74,45.142857142857146,14.713129866761557,1.6392405063291138,True,-1,True,MEDIUM
2013-04-05,5,29,71,42.857142857142854,3.0237157840737683,1.6566666666666667,True,-1,True,MEDIUM
2013-10-20,5,29,70,40.857142857142854,6.8417485929785204,1.7132867132867133,True,-1,True,MEDIUM
2014-11-30,5,29,87,53.714285714285715,9.759000729485217,1.6196808510638299,True,-1,True,MEDIUM
2017-11-18,5,29,96,59.714285714285715,8.280786712108227,1.6076555023923444,True,-1,True,MEDIUM
2013-05-04,5,30,47,23.428571428571427,2.299068134204455,2.00609756097561,True,-1,True,MEDIUM
2013-12-30,5,30,6,19.714285714285715,3.9460649476953074,0.3043478260869565,True,-1,True,MEDIUM
2014-01-27,5,30,6,19.571428571428573,5.3184315625676,0.3065693430656934,True,-1,True,MEDIUM
2014-03-01,5,30,39,20.142857142857142,6.440201120787415,1.9361702127659575,True,-1,True,MEDIUM
2014-08-17,5,30,57,30.714285714285715,5.023753102820172,1.855813953488372,True,-1,True,MEDIUM
2015-01-20,5,30,7,22.714285714285715,3.9460649476952465,0.3081761006289308,True,-1,True,MEDIUM
2013-05-04,5,31,72,37.714285714285715,7.565586245499729,1.909090909090909,True,-1,True,MEDIUM
2016-04-03,5,31,87,48.285714285714285,9.516902257112257,1.801775147928994,True,-1,True,MEDIUM
2017-01-21,5,31,53,32.42857142857143,3.047247001099753,1.634361233480176,True,-1,True,MEDIUM
2013-01-08,5,32,8,19.142857142857142,3.8483144114694956,0.417910447761194,True,-1,True,MEDIUM
2013-02-10,5,32,31,17.285714285714285,6.945365018348219,1.7933884297520661,True,-1,True,MEDIUM
2014-01-25,5,32,36,19.285714285714285,4.151878519188195,1.8666666666666667,True,-1,True,MEDIUM
2015-01-19,5,32,9,21.857142857142858,5.3984124650547844,0.4117647058823529,True,-1,True,MEDIUM
2015-11-09,5,32,14,35.285714285714285,11.279986491042287,0.3967611336032389,True,-1,True,MEDIUM
2016-02-05,5,32,40,22.714285714285715,4.029651999626882,1.761006289308176,True,-1,True,MEDIUM
2016-08-14,5,32,67,41.57142857142857,4.577377082170764,1.611683848797251,True,-1,True,MEDIUM
2017-09-09,5,32,70,40.285714285714285,11.54288071661908,1.7375886524822695,True,-1,True,MEDIUM
2013-12-15,5,33,54,29.571428571428573,9.675693650537044,1.826086956521739,True,-1,True,MEDIUM
2015-01-31,5,33,67,37.0,7.571877794400069,1.8108108108108107,True,-1,True,MEDIUM
2015-03-01,5,33,68,38.714285714285715,10.57850471024889,1.7564575645756457,True,-1,True,MEDIUM
2015-06-07,5,33,95,58.714285714285715,9.013217807092772,1.6180048661800486,True,-1,True,MEDIUM
2016-02-06,5,33,67,35.285714285714285,9.086882225022311,1.8987854251012146,True,-1,True,MEDIUM
2016-07-03,5,33,121,70.28571428571429,12.841524905740775,1.7215447154471544,True,-1,True,MEDIUM
2017-04-02,5,33,93,56.714285714285715,10.904346009951942,1.6397984886649875,True,-1,True,MEDIUM
2013-01-08,5,34,2,11.0,5.0990195135927845,0.18181818181818182,True,-1,True,HIGH
2013-01-20,5,34,19,11.285714285714286,1.6035674514745464,1.6835443037974682,True,-1,True,MEDIUM
2013-02-03,5,34,17,10.571428571428571,2.7602622373694152,1.6081081081081081,True,-1,True,MEDIUM
2013-02-09,5,34,19,11.428571428571429,3.3094381626464857,1.6624999999999999,True,-1,True,MEDIUM
2013-03-03,5,34,22,13.285714285714286,3.9036002917941337,1.6559139784946235,True,-1,True,MEDIUM
2013-04-15,5,34,5,19.714285714285715,4.3861253103502795,0.25362318840579706,True,-1,True,HIGH
2013-05-25,5,34,32,17.571428571428573,4.197504927816962,1.8211382113821137,True,-1,True,MEDIUM
2013-07-27,5,34,27,16.571428571428573,1.6183471874254063,1.629310344827586,True,-1,True,MEDIUM
2013-08-05,5,34,8,18.714285714285715,3.9880774697543164,0.42748091603053434,True,-1,True,MEDIUM
2013-10-20,5,34,24,13.285714285714286,4.029651999626678,1.8064516129032258,True,-1,True,MEDIUM
2013-11-15,5,34,36,17.857142857142858,4.180453381654985,2.016,True,-1,True,MEDIUM
2013-11-19,5,34,10,21.0,7.831560082980499,0.47619047619047616,True,-1,True,MEDIUM
2013-12-13,5,34,20,11.0,2.160246899469291,1.8181818181818181,True,-1,True,MEDIUM
2013-12-22,5,34,22,11.714285714285714,4.029651999626675,1.878048780487805,True,-1,True,MEDIUM
2013-12-24,5,34,3,13.428571428571429,5.22357294250921,0.22340425531914893,True,-1,True,HIGH
2013-12-28,5,34,5,11.142857142857142,6.256425268702341,0.44871794871794873,True,-1,True,MEDIUM
2014-01-03,5,34,15,9.285714285714286,3.352326839390104,1.6153846153846152,True,-1,True,MEDIUM
2014-01-17,5,34,19,11.428571428571429,3.5523298860110986,1.6624999999999999,True,-1,True,MEDIUM
2014-02-01,5,34,21,12.571428571428571,2.819996622760559,1.6704545454545454,True,-1,True,MEDIUM
2014-02-14,5,34,19,11.285714285714286,2.8702082220799303,1.6835443037974682,True,-1,True,MEDIUM
2014-02-23,5,34,21,12.428571428571429,2.439750182371332,1.6896551724137931,True,-1,True,MEDIUM
2014-02-27,5,34,22,12.0,4.582575694955839,1.8333333333333333,True,-1,True,MEDIUM
2014-04-02,5,34,31,16.428571428571427,3.207134902949096,1.8869565217391306,True,-1,True,MEDIUM
2014-06-02,5,34,9,22.285714285714285,5.0568200058365464,0.40384615384615385,True,-1,True,MEDIUM
2014-11-23,5,34,38,17.571428571428573,4.429339411136557,2.16260162601626,True,-1,True,MEDIUM
2014-12-01,5,34,7,20.571428571428573,2.572750982712405,0.34027777777777773,True,-1,True,MEDIUM
2014-12-02,5,34,7,18.714285714285715,5.76524893114731,0.3740458015267175,True,-1,True,MEDIUM
2014-12-11,5,34,22,12.571428571428571,3.457221565416468,1.75,True,-1,True,MEDIUM
2014-12-21,5,34,26,14.714285714285714,3.4503277967117447,1.766990291262136,True,-1,True,MEDIUM
2015-01-03,5,34,25,11.571428571428571,3.2071349029490435,2.160493827160494,True,-1,True,MEDIUM
2015-02-01,5,34,21,12.0,3.9581140290125965,1.75,True,-1,True,MEDIUM
2015-04-18,5,34,40,20.857142857142858,4.336994790119512,1.917808219178082,True,-1,True,MEDIUM
2015-06-29,5,34,9,23.857142857142858,5.398412465054624,0.3772455089820359,True,-1,True,MEDIUM
2015-10-03,5,34,36,19.285714285714285,3.8172540616821298,1.8666666666666667,True,-1,True,MEDIUM
2015-12-12,5,34,6,14.714285714285714,4.572172558506743,0.4077669902912622,True,-1,True,MEDIUM
2016-01-08,5,34,7,15.142857142857142,3.287784027201909,0.46226415094339623,True,-1,True,MEDIUM
2016-01-24,5,34,21,12.857142857142858,0.6900655593425103,1.6333333333333333,True,-1,True,MEDIUM
2016-08-22,5,34,9,23.285714285714285,6.701101544131504,0.38650306748466257,True,-1,True,MEDIUM
2016-12-05,5,34,7,17.142857142857142,3.5321651258385756,0.4083333333333333,True,-1,True,MEDIUM
2016-12-15,5,34,7,17.714285714285715,5.5891050480461555,0.3951612903225806,True,-1,True,MEDIUM
2016-12-26,5,34,7,15.285714285714286,2.8115408417381578,0.45794392523364486,True,-1,True,MEDIUM
2017-01-03,5,34,6,14.571428571428571,4.5773770821706155,0.4117647058823529,True,-1,True,MEDIUM
2017-03-21,5,34,6,20.142857142857142,5.336308693862294,0.2978723404255319,True,-1,True,HIGH
2017-07-21,5,34,14,33.0,12.083045973594578,0.42424242424242425,True,-1,True,MEDIUM
2017-10-15,5,34,38,21.714285714285715,3.4503277967117074,1.75,True,-1,True,MEDIUM
2017-12-05,5,34,10,20.714285714285715,3.683941988064951,0.48275862068965514,True,-1,True,MEDIUM
2013-02-03,5,35,54,30.857142857142858,6.491753010001005,1.75,True,-1,True,MEDIUM
2013-02-27,5,35,44,23.0,2.943920288775949,1.9130434782608696,True,-1,True,MEDIUM
2015-08-23,5,35,90,56.142857142857146,14.182484166846747,1.6030534351145038,True,-1,True,MEDIUM
2017-04-01,5,35,93,54.42857142857143,10.325649985306054,1.7086614173228345,True,-1,True,MEDIUM
2013-03-02,5,36,63,31.428571428571427,8.502100580780862,2.004545454545455,True,-1,True,MEDIUM
2015-02-01,5,36,60,37.0,3.0000000000012985,1.6216216216216217,True,-1,True,MEDIUM
2017-01-29,5,36,70,43.42857142857143,13.90272326868815,1.6118421052631577,True,-1,True,MEDIUM
2017-06-17,5,36,117,72.28571428571429,6.897204402613014,1.618577075098814,True,-1,True,MEDIUM
2013-01-29,5,37,7,15.0,5.385164807134506,0.4666666666666667,True,-1,True,MEDIUM
2013-02-23,5,37,19,11.571428571428571,2.149196970742246,1.6419753086419753,True,-1,True,MEDIUM
2013-03-01,5,37,24,13.857142857142858,2.7945525240230875,1.7319587628865978,True,-1,True,MEDIUM
2013-03-24,5,37,27,16.428571428571427,2.0701966780270533,1.6434782608695653,True,-1,True,MEDIUM
2013-04-01,5,37,8,16.857142857142858,3.184785258515416,0.4745762711864407,True,-1,True,MEDIUM
2013-09-09,5,37,8,19.571428571428573,4.755948656056688,0.4087591240875912,True,-1,True,MEDIUM
2013-11-01,5,37,27,15.714285714285714,2.690370836538154,1.7181818181818183,True,-1,True,MEDIUM
2013-11-11,5,37,7,21.714285714285715,6.499084184567468,0.3223684210526316,True,-1,True,MEDIUM
2013-11-23,5,37,10,20.428571428571427,2.4397501823712777,0.48951048951048953,True,-1,True,MEDIUM
2013-11-30,5,37,31,16.428571428571427,3.7352886036263113,1.8869565217391306,True,-1,True,MEDIUM
2013-12-02,5,37,7,18.571428571428573,6.4770657671804335,0.3769230769230769,True,-1,True,MEDIUM
2013-12-08,5,37,23,12.0,2.5819888974715055,1.9166666666666667,True,-1,True,MEDIUM
2013-12-27,5,37,25,13.714285714285714,4.2314018840995695,1.8229166666666667,True,-1,True,MEDIUM
2014-01-05,5,37,20,12.142857142857142,1.7728105208556701,1.647058823529412,True,-1,True,MEDIUM
2014-02-08,5,37,27,14.571428571428571,4.117326918327044,1.8529411764705883,True,-1,True,MEDIUM
2014-02-20,5,37,28,15.714285714285714,1.7994708216847561,1.781818181818182,True,-1,True,MEDIUM
2014-03-02,5,37,26,15.571428571428571,1.9880595947759034,1.6697247706422018,True,-1,True,MEDIUM
2014-09-22,5,37,4,23.857142857142858,6.011892975000216,0.16766467065868262,True,-1,True,HIGH
2015-01-12,5,37,7,14.428571428571429,4.1576092031014475,0.48514851485148514,True,-1,True,MEDIUM
2015-01-31,5,37,26,14.142857142857142,4.561745697594655,1.8383838383838385,True,-1,True,MEDIUM
2016-01-11,5,37,7,16.571428571428573,5.349677337844552,0.42241379310344823,True,-1,True,MEDIUM
2016-01-17,5,37,30,15.428571428571429,4.613644360558608,1.9444444444444444,True,-1,True,MEDIUM
2016-01-23,5,37,8,20.428571428571427,4.961758520831855,0.3916083916083916,True,-1,True,MEDIUM
2016-01-25,5,37,8,16.714285714285715,4.572172558506715,0.4786324786324786,True,-1,True,MEDIUM
2016-04-23,5,37,43,23.714285714285715,3.039423504234838,1.8132530120481927,True,-1,True,MEDIUM
2016-11-16,5,37,11,25.142857142857142,4.298393941484444,0.4375,True,-1,True,MEDIUM
2016-12-12,5,37,6,18.571428571428573,3.735288603626259,0.32307692307692304,True,-1,True,MEDIUM
2017-12-04,5,37,9,21.142857142857142,4.84522347020141,0.4256756756756757,True,-1,True,MEDIUM
2017-12-06,5,37,32,16.857142857142858,4.2983939414845125,1.8983050847457628,True,-1,True,MEDIUM
2017-12-11,5,37,9,18.714285714285715,8.280786712108265,0.4809160305343511,True,-1,True,MEDIUM
2017-12-20,5,37,8,18.142857142857142,3.532165125838643,0.4409448818897638,True,-1,True,MEDIUM
2017-12-30,5,37,31,17.571428571428573,4.197504927816987,1.7642276422764227,True,-1,True,MEDIUM
2015-03-01,5,38,80,45.0,6.608075867199669,1.7777777777777777,True,-1,True,MEDIUM
2017-11-18,5,38,109,67.85714285714286,10.237652260627103,1.6063157894736841,True,-1,True,MEDIUM
2013-02-26,5,39,9,21.857142857142858,4.670066788550661,0.4117647058823529,True,-1,True,MEDIUM
2013-03-03,5,39,36,19.285714285714285,5.90802521192673,1.8666666666666667,True,-1,True,MEDIUM
2013-12-08,5,39,32,17.571428571428573,2.370453040886857,1.8211382113821137,True,-1,True,MEDIUM
2015-03-20,5,39,55,33.0,3.915780041490349,1.6666666666666667,True,-1,True,MEDIUM
2016-07-03,5,39,73,41.57142857142857,8.580154288767107,1.7560137457044673,True,-1,True,MEDIUM
2016-12-05,5,39,9,29.428571428571427,7.253898787482921,0.30582524271844663,True,-1,True,MEDIUM
2017-03-13,5,39,14,35.285714285714285,4.151878519188028,0.3967611336032389,True,-1,True,MEDIUM
2017-11-26,5,39,63,36.0,9.3273790530888,1.75,True,-1,True,MEDIUM
2013-01-28,5,40,7,14.857142857142858,4.059087394500212,0.47115384615384615,True,-1,True,MEDIUM
2013-02-08,5,40,17,10.571428571428571,2.5071326821120334,1.6081081081081081,True,-1,True,MEDIUM
2013-02-11,5,40,5,13.857142857142858,3.484660262185853,0.36082474226804123,True,-1,True,MEDIUM
2013-02-25,5,40,6,12.285714285714286,2.288688541085322,0.4883720930232558,True,-1,True,MEDIUM
2013-03-09,5,40,28,15.142857142857142,2.9680841985233237,1.849056603773585,True,-1,True,MEDIUM
2013-11-02,5,40,26,14.714285714285714,3.6384193323606113,1.766990291262136,True,-1,True,MEDIUM
2013-11-18,5,40,9,19.285714285714285,5.992058236095671,0.4666666666666667,True,-1,True,MEDIUM
2013-12-05,5,40,7,19.285714285714285,5.12231346542705,0.362962962962963,True,-1,True,MEDIUM
2014-01-29,5,40,8,17.142857142857142,4.775931721614537,0.4666666666666667,True,-1,True,MEDIUM
2014-04-05,5,40,31,18.285714285714285,3.4503277967118,1.6953125,True,-1,True,MEDIUM
2014-09-05,5,40,36,21.285714285714285,3.592319850008064,1.691275167785235,True,-1,True,MEDIUM
2014-12-04,5,40,10,21.142857142857142,3.2366943748507664,0.47297297297297297,True,-1,True,MEDIUM
2014-12-27,5,40,7,17.0,4.163331998932318,0.4117647058823529,True,-1,True,MEDIUM
2015-01-21,5,40,5,14.142857142857142,2.267786838055515,0.35353535353535354,True,-1,True,MEDIUM
2015-01-24,5,40,24,13.285714285714286,4.2314018840997205,1.8064516129032258,True,-1,True,MEDIUM
2015-01-26,5,40,5,15.142857142857142,5.871642911161327,0.33018867924528306,True,-1,True,MEDIUM
2015-02-10,5,40,7,15.571428571428571,3.7352886036264312,0.44954128440366975,True,-1,True,MEDIUM
2015-04-05,5,40,37,19.142857142857142,6.84174859297855,1.9328358208955225,True,-1,True,MEDIUM
2015-06-07,5,40,40,23.714285714285715,2.6276913640611532,1.686746987951807,True,-1,True,MEDIUM
2015-10-18,5,40,33,20.142857142857142,3.38765264987292,1.6382978723404256,True,-1,True,MEDIUM
2015-10-28,5,40,9,22.857142857142858,8.05043624964037,0.39375,True,-1,True,MEDIUM
2015-11-04,5,40,38,20.857142857142858,6.362090102803546,1.821917808219178,True,-1,True,MEDIUM
2016-01-13,5,40,7,17.285714285714285,1.9760470401189985,0.40495867768595045,True,-1,True,MEDIUM
2016-02-28,5,40,30,16.857142857142858,4.259443290250312,1.7796610169491525,True,-1,True,MEDIUM
2016-12-18,5,40,32,16.857142857142858,1.7728105208559335,1.8983050847457628,True,-1,True,MEDIUM
2016-12-26,5,40,9,18.428571428571427,4.8941169737125225,0.48837209302325585,True,-1,True,MEDIUM
2017-01-08,5,40,27,15.571428571428571,2.507132682112157,1.7339449541284404,True,-1,True,MEDIUM
2017-01-12,5,40,7,18.428571428571427,4.429339411136571,0.3798449612403101,True,-1,True,MEDIUM
2017-01-16,5,40,5,15.0,4.509249752822974,0.3333333333333333,True,-1,True,MEDIUM
2017-01-22,5,40,27,13.571428571428571,4.894116973712617,1.9894736842105263,True,-1,True,MEDIUM
2017-01-25,5,40,7,16.428571428571427,5.826867164470236,0.42608695652173917,True,-1,True,MEDIUM
2017-01-28,5,40,29,15.857142857142858,6.593647736738067,1.8288288288288288,True,-1,True,MEDIUM
2017-01-31,5,40,6,16.857142857142858,7.380798769522906,0.3559322033898305,True,-1,True,MEDIUM
2017-02-01,5,40,27,15.428571428571429,8.462803768199299,1.75,True,-1,True,MEDIUM
2017-02-28,5,40,9,21.428571428571427,4.961758520831821,0.42000000000000004,True,-1,True,MEDIUM
2017-12-03,5,40,37,21.714285714285715,4.02965199962664,1.7039473684210527,True,-1,True,MEDIUM
2013-01-29,5,41,15,9.142857142857142,1.573591584938889,1.640625,True,-1,True,MEDIUM
2013-02-04,5,41,4,9.285714285714286,3.093772546815389,0.43076923076923074,True,-1,True,MEDIUM
2013-02-07,5,41,11,6.857142857142857,2.1157009420498203,1.6041666666666667,True,-1,True,MEDIUM
2013-02-09,5,41,13,7.857142857142857,2.853569193634028,1.6545454545454545,True,-1,True,MEDIUM
2013-02-10,5,41,17,8.714285714285714,3.4016802570830467,1.9508196721311477,True,-1,True,MEDIUM
2013-02-18,5,41,5,12.142857142857142,2.9113897843110017,0.411764705882353,True,-1,True,MEDIUM
2013-03-02,5,41,20,11.285714285714286,1.889822365046133,1.7721518987341771,True,-1,True,MEDIUM
2013-03-06,5,41,3,12.428571428571429,4.9952358255022276,0.24137931034482757,True,-1,True,HIGH
2013-03-07,5,41,19,11.142857142857142,6.14894493466349,1.7051282051282053,True,-1,True,MEDIUM
2013-03-12,5,41,5,12.0,5.597618541248887,0.4166666666666667,True,-1,True,MEDIUM
2013-03-14,5,41,6,12.571428571428571,4.9280538030458105,0.4772727272727273,True,-1,True,MEDIUM
2013-03-16,5,41,20,10.0,3.915780041490243,2.0,True,-1,True,MEDIUM
2013-03-17,5,41,17,10.428571428571429,4.859943170351646,1.6301369863013697,True,-1,True,MEDIUM
2013-03-21,5,41,6,12.857142857142858,4.913538149119954,0.4666666666666667,True,-1,True,MEDIUM
2013-04-07,5,41,24,13.428571428571429,3.6449573777637356,1.7872340425531914,True,-1,True,MEDIUM
2013-08-03,5,41,8,17.857142857142858,6.986381310057728,0.448,True,-1,True,MEDIUM
2013-09-09,5,41,6,14.714285714285714,2.9277002188456183,0.4077669902912622,True,-1,True,MEDIUM
2013-10-20,5,41,26,11.285714285714286,2.984084768360643,2.3037974683544302,True,-1,True,MEDIUM
2013-11-13,5,41,8,16.428571428571427,4.42933941113658,0.48695652173913045,True,-1,True,MEDIUM
2013-12-04,5,41,6,12.857142857142858,4.059087394500215,0.4666666666666667,True,-1,True,MEDIUM
2013-12-12,5,41,6,13.0,2.0816659994661504,0.46153846153846156,True,-1,True,MEDIUM
2013-12-21,5,41,17,9.428571428571429,2.7602622373694143,1.803030303030303,True,-1,True,MEDIUM
2013-12-22,5,41,18,11.0,3.5118845842842488,1.6363636363636365,True,-1,True,MEDIUM
2013-12-24,5,41,6,12.285714285714286,4.231401884099636,0.4883720930232558,True,-1,True,MEDIUM
2014-01-03,5,41,17,10.428571428571429,3.505098327538656,1.6301369863013697,True,-1,True,MEDIUM
2014-01-28,5,41,4,11.0,3.4641016151377566,0.36363636363636365,True,-1,True,MEDIUM
2014-02-03,5,41,19,11.0,4.472135954999581,1.7272727272727273,True,-1,True,MEDIUM
2014-02-21,5,41,4,12.142857142857142,3.5321651258386115,0.32941176470588235,True,-1,True,MEDIUM
2014-02-23,5,41,19,10.428571428571429,3.8668308667927205,1.821917808219178,True,-1,True,MEDIUM
2014-02-28,5,41,20,10.428571428571429,4.859943170351646,1.917808219178082,True,-1,True,MEDIUM
2014-03-06,5,41,8,16.0,4.472135954999593,0.5,True,-1,True,MEDIUM
2014-03-16,5,41,22,12.714285714285714,3.45032779671178,1.7303370786516854,True,-1,True,MEDIUM
2014-03-28,5,41,5,13.428571428571429,4.197504927816962,0.3723404255319149,True,-1,True,MEDIUM
2014-03-29,5,41,22,12.428571428571429,5.287001130355562,1.7701149425287357,True,-1,True,MEDIUM
2014-04-28,5,41,7,16.857142857142858,5.304984179322053,0.4152542372881356,True,-1,True,MEDIUM
2014-05-31,5,41,10,20.0,2.943920288775974,0.5,True,-1,True,MEDIUM
2014-08-07,5,41,9,19.142857142857142,2.5448360411214157,0.4701492537313433,True,-1,True,MEDIUM
2014-08-25,5,41,7,18.142857142857142,1.6761634196950617,0.38582677165354334,True,-1,True,MEDIUM
2014-09-01,5,41,8,19.857142857142858,8.532849688675164,0.4028776978417266,True,-1,True,MEDIUM
2014-09-04,5,41,8,19.0,8.366600265340756,0.42105263157894735,True,-1,True,MEDIUM
2014-09-23,5,41,9,20.0,4.082482904638637,0.45,True,-1,True,MEDIUM
2014-10-14,5,41,8,17.571428571428573,3.309438162646488,0.45528455284552843,True,-1,True,MEDIUM
2014-10-21,5,41,21,12.285714285714286,5.282495802626054,1.7093023255813953,True,-1,True,MEDIUM
2014-10-27,5,41,7,16.571428571428573,5.826867164470197,0.42241379310344823,True,-1,True,MEDIUM
2014-11-03,5,41,8,16.714285714285715,6.26403186758299,0.4786324786324786,True,-1,True,MEDIUM
2014-11-12,5,41,7,19.857142857142858,5.727959829601099,0.35251798561151076,True,-1,True,MEDIUM
2014-11-29,5,41,10,20.714285714285715,3.49829890633937,0.48275862068965514,True,-1,True,MEDIUM
2014-12-03,5,41,6,17.857142857142858,6.669047194029332,0.33599999999999997,True,-1,True,MEDIUM
2014-12-12,5,41,25,10.285714285714286,2.9277002188456276,2.4305555555555554,True,-1,True,MEDIUM
2014-12-27,5,41,19,11.285714285714286,2.429971585175857,1.6835443037974682,True,-1,True,MEDIUM
2015-01-04,5,41,16,9.857142857142858,2.3401261667249207,1.6231884057971013,True,-1,True,MEDIUM
2015-01-11,5,41,19,11.142857142857142,3.4846602621858715,1.7051282051282053,True,-1,True,MEDIUM
2015-01-18,5,41,22,12.0,3.8729833462074357,1.8333333333333333,True,-1,True,MEDIUM
2015-02-08,5,41,20,10.142857142857142,2.609506430251516,1.971830985915493,True,-1,True,MEDIUM
2015-02-11,5,41,19,10.428571428571429,4.755948656056729,1.821917808219178,True,-1,True,MEDIUM
2015-02-20,5,41,20,10.857142857142858,3.625307868699889,1.8421052631578947,True,-1,True,MEDIUM
2015-03-01,5,41,18,10.428571428571429,2.6367367999823497,1.726027397260274,True,-1,True,MEDIUM
2015-03-15,5,41,29,14.428571428571429,4.613644360558619,2.00990099009901,True,-1,True,MEDIUM
2015-03-16,5,41,7,15.857142857142858,7.128079952520442,0.44144144144144143,True,-1,True,MEDIUM
2015-05-11,5,41,10,20.285714285714285,3.592319850008039,0.49295774647887325,True,-1,True,MEDIUM
2015-07-12,5,41,33,18.571428571428573,5.028490259085153,1.7769230769230768,True,-1,True,MEDIUM
2015-07-27,5,41,9,22.714285714285715,7.47694870283069,0.3962264150943396,True,-1,True,MEDIUM
2015-08-10,5,41,9,19.571428571428573,4.035556254807279,0.4598540145985401,True,-1,True,MEDIUM
2015-08-23,5,41,34,19.714285714285715,2.984084768360605,1.7246376811594202,True,-1,True,MEDIUM
2015-09-07,5,41,7,17.428571428571427,6.10620293518929,0.40163934426229514,True,-1,True,MEDIUM
2015-09-21,5,41,7,18.142857142857142,4.63424108956261,0.38582677165354334,True,-1,True,MEDIUM
2015-09-28,5,41,8,16.857142857142858,4.879500364742674,0.4745762711864407,True,-1,True,MEDIUM
2015-10-11,5,41,25,14.142857142857142,3.579039509355005,1.7676767676767677,True,-1,True,MEDIUM
2015-11-09,5,41,3,17.571428571428573,3.735288603626359,0.17073170731707316,True,-1,True,HIGH
2015-11-21,5,41,30,16.571428571428573,2.439750182371357,1.8103448275862066,True,-1,True,MEDIUM
2015-12-01,5,41,8,19.857142857142858,3.6253078686998284,0.4028776978417266,True,-1,True,MEDIUM
2015-12-27,5,41,21,11.428571428571429,4.314979445958959,1.8375,True,-1,True,MEDIUM
2016-01-04,5,41,7,14.0,3.214550253664379,0.5,True,-1,True,MEDIUM
2016-01-14,5,41,22,11.571428571428571,1.1338934190279628,1.9012345679012346,True,-1,True,MEDIUM
2016-02-02,5,41,21,11.285714285714286,3.0937725468154964,1.860759493670886,True,-1,True,MEDIUM
2016-02-07,5,41,23,13.285714285714286,3.860668582611353,1.7311827956989245,True,-1,True,MEDIUM
2016-02-26,5,41,24,13.428571428571429,4.276179870598841,1.7872340425531914,True,-1,True,MEDIUM
2016-03-07,5,41,8,16.142857142857142,2.410295378065507,0.49557522123893805,True,-1,True,MEDIUM
2016-03-12,5,41,21,12.714285714285714,3.592319850008125,1.651685393258427,True,-1,True,MEDIUM
2016-07-25,5,41,9,28.0,4.082482904638489,0.32142857142857145,True,-1,True,MEDIUM
2016-10-05,5,41,10,20.857142857142858,3.023715784073787,0.4794520547945205,True,-1,True,MEDIUM
2016-12-06,5,41,5,16.0,3.651483716701158,0.3125,True,-1,True,MEDIUM
2016-12-08,5,41,23,13.285714285714286,4.111540089159126,1.7311827956989245,True,-1,True,MEDIUM
2016-12-14,5,41,7,17.428571428571427,5.563486402641885,0.40163934426229514,True,-1,True,MEDIUM
2016-12-29,5,41,6,12.571428571428571,4.540820148282518,0.4772727272727273,True,-1,True,MEDIUM
2016-12-31,5,41,22,10.857142857142858,3.3876526498730013,2.026315789473684,True,-1,True,MEDIUM
2017-01-02,5,41,6,13.0,5.507570547286174,0.46153846153846156,True,-1,True,MEDIUM
2017-01-08,5,41,23,13.428571428571429,4.237025012008035,1.7127659574468084,True,-1,True,MEDIUM
2017-01-21,5,41,19,11.285714285714286,4.423960733486407,1.6835443037974682,True,-1,True,MEDIUM
2017-01-26,5,41,3,13.428571428571429,3.258688021128801,0.22340425531914893,True,-1,True,HIGH
2017-01-29,5,41,20,11.857142857142858,4.259443290250274,1.686746987951807,True,-1,True,MEDIUM
2017-01-30,5,41,5,13.142857142857142,5.20988072251735,0.3804347826086957,True,-1,True,MEDIUM
2017-02-11,5,41,8,17.142857142857142,4.09994192757946,0.4666666666666667,True,-1,True,MEDIUM
2017-03-10,5,41,27,15.714285714285714,3.4503277967118264,1.7181818181818183,True,-1,True,MEDIUM
2017-03-27,5,41,8,16.285714285714285,3.1471831698778203,0.4912280701754386,True,-1,True,MEDIUM
2017-04-17,5,41,9,19.142857142857142,4.598136268408869,0.4701492537313433,True,-1,True,MEDIUM
2017-09-04,5,41,9,21.428571428571427,3.40867241298534,0.42000000000000004,True,-1,True,MEDIUM
2017-11-13,5,41,9,21.0,4.472135954999549,0.42857142857142855,True,-1,True,MEDIUM
2017-12-04,5,41,3,17.0,4.830458915396497,0.17647058823529413,True,-1,True,HIGH
2017-12-07,5,41,19,11.857142857142858,5.698788509515967,1.6024096385542168,True,-1,True,MEDIUM
2017-12-27,5,41,22,11.571428571428571,4.035556254807388,1.9012345679012346,True,-1,True,MEDIUM
2013-01-13,5,42,30,14.142857142857142,4.059087394500205,2.121212121212121,True,-1,True,MEDIUM
2013-05-13,5,42,11,27.0,3.7416573867739604,0.4074074074074074,True,-1,True,MEDIUM
2013-06-10,5,42,7,27.428571428571427,3.4572215654165257,0.25520833333333337,True,-1,True,HIGH
2013-10-13,5,42,38,20.571428571428573,6.4512826336355555,1.847222222222222,True,-1,True,MEDIUM
2014-01-27,5,42,5,18.571428571428573,3.047247001100233,0.2692307692307692,True,-1,True,HIGH
2014-03-01,5,42,32,17.714285714285715,3.3022358947782644,1.8064516129032258,True,-1,True,MEDIUM
2014-03-16,5,42,44,23.285714285714285,4.423960733486308,1.8895705521472392,True,-1,True,MEDIUM
2014-12-01,5,42,12,26.857142857142858,3.5790395093549447,0.44680851063829785,True,-1,True,MEDIUM
2014-12-13,5,42,32,17.857142857142858,3.579039509354963,1.792,True,-1,True,MEDIUM
2015-02-07,5,42,28,16.428571428571427,3.154739442867041,1.7043478260869567,True,-1,True,MEDIUM
2015-09-12,5,42,48,28.714285714285715,3.5456210417116854,1.671641791044776,True,-1,True,MEDIUM
2016-01-17,5,42,39,17.571428571428573,3.258688021128947,2.219512195121951,True,-1,True,MEDIUM
2016-09-26,5,42,15,33.285714285714285,3.8606685826112463,0.45064377682403434,True,-1,True,MEDIUM
2016-12-23,5,42,36,19.142857142857142,3.4846602621856753,1.8805970149253732,True,-1,True,MEDIUM
2016-12-29,5,42,35,19.285714285714285,7.8679579246943545,1.8148148148148149,True,-1,True,MEDIUM
2017-01-11,5,42,9,22.714285714285715,2.4299715851756405,0.3962264150943396,True,-1,True,MEDIUM
2017-02-13,5,42,8,24.714285714285715,5.964178784327961,0.3236994219653179,True,-1,True,MEDIUM
2017-07-01,5,42,54,33.142857142857146,3.5790395093549145,1.629310344827586,True,-1,True,MEDIUM
2013-12-03,5,43,13,33.142857142857146,10.056980518170334,0.3922413793103448,True,-1,True,MEDIUM
2014-03-01,5,43,53,27.714285714285715,3.8172540616822483,1.9123711340206184,True,-1,True,MEDIUM
2016-04-03,5,43,65,38.57142857142857,10.26088272448886,1.6851851851851853,True,-1,True,MEDIUM
2017-12-17,5,43,60,30.428571428571427,8.541216596737595,1.971830985915493,True,-1,True,MEDIUM
2013-01-08,5,44,20,12.285714285714286,3.352326839390103,1.627906976744186,True,-1,True,MEDIUM
2013-01-09,5,44,6,13.285714285714286,4.461475305855889,0.45161290322580644,True,-1,True,MEDIUM
2013-01-18,5,44,16,10.0,2.3094010767585043,1.6,True,-1,True,MEDIUM
2013-01-20,5,44,19,11.428571428571429,3.408672412985387,1.6624999999999999,True,-1,True,MEDIUM
2013-01-31,5,44,18,11.142857142857142,3.078342163598853,1.6153846153846154,True,-1,True,MEDIUM
2013-02-01,5,44,19,11.714285714285714,3.94606494769518,1.6219512195121952,True,-1,True,MEDIUM
2013-02-02,5,44,22,12.142857142857142,4.59813626840888,1.811764705882353,True,-1,True,MEDIUM
2013-03-10,5,44,27,14.857142857142858,5.1455019654248,1.8173076923076923,True,-1,True,MEDIUM
2013-03-11,5,44,7,16.0,6.831300510639734,0.4375,True,-1,True,MEDIUM
2013-03-16,5,44,30,15.857142857142858,6.440201120787338,1.8918918918918919,True,-1,True,MEDIUM
2013-04-30,5,44,9,20.571428571428573,3.779644730092275,0.43749999999999994,True,-1,True,MEDIUM
2013-05-04,5,44,34,18.285714285714285,5.407226205560042,1.859375,True,-1,True,MEDIUM
2013-05-27,5,44,8,21.571428571428573,7.997023255710903,0.37086092715231783,True,-1,True,MEDIUM
2013-06-02,5,44,34,18.714285714285715,7.499206307209802,1.816793893129771,True,-1,True,MEDIUM
2014-01-25,5,44,30,15.571428571428571,3.59894164336974,1.926605504587156,True,-1,True,MEDIUM
2014-01-30,5,44,7,16.857142857142858,6.517376042257377,0.4152542372881356,True,-1,True,MEDIUM
2014-02-04,5,44,21,12.0,3.214550253664298,1.75,True,-1,True,MEDIUM
2014-03-01,5,44,27,16.0,2.8284271247461743,1.6875,True,-1,True,MEDIUM
2014-03-31,5,44,6,19.571428571428573,4.076646614442751,0.3065693430656934,True,-1,True,MEDIUM
2014-08-30,5,44,41,22.428571428571427,2.6992062325273203,1.8280254777070064,True,-1,True,MEDIUM
2014-11-04,5,44,41,21.714285714285715,6.575568054403759,1.888157894736842,True,-1,True,MEDIUM
2014-12-16,5,44,8,16.857142857142858,4.488079449258561,0.4745762711864407,True,-1,True,MEDIUM
2014-12-17,5,44,4,15.714285714285714,5.61884583979917,0.2545454545454546,True,-1,True,HIGH
2015-01-03,5,44,28,15.0,4.396968652757626,1.8666666666666667,True,-1,True,MEDIUM
2015-01-12,5,44,8,16.428571428571427,4.720774754816647,0.48695652173913045,True,-1,True,MEDIUM
2015-01-15,5,44,7,15.285714285714286,5.376314900074379,0.45794392523364486,True,-1,True,MEDIUM
2015-01-24,5,44,26,14.0,3.2145502536642967,1.8571428571428572,True,-1,True,MEDIUM
2015-02-07,5,44,26,15.428571428571429,2.636736799982284,1.6851851851851851,True,-1,True,MEDIUM
2015-02-09,5,44,8,18.0,5.537749241945371,0.4444444444444444,True,-1,True,MEDIUM
2015-06-21,5,44,43,25.571428571428573,3.952094080237401,1.6815642458100557,True,-1,True,MEDIUM
2015-12-17,5,44,10,20.0,2.645751311064535,0.5,True,-1,True,MEDIUM
2016-01-09,5,44,29,16.142857142857142,3.6253078686998426,1.7964601769911506,True,-1,True,MEDIUM
2016-01-18,5,44,8,17.0,2.943920288775918,0.47058823529411764,True,-1,True,MEDIUM
2016-01-23,5,44,26,14.857142857142858,3.4364987719368845,1.75,True,-1,True,MEDIUM
2016-01-26,5,44,8,16.714285714285715,4.750939756661666,0.4786324786324786,True,-1,True,MEDIUM
2016-01-31,5,44,24,13.571428571428571,4.577377082170627,1.768421052631579,True,-1,True,MEDIUM
2016-02-27,5,44,31,16.571428571428573,4.540820148282408,1.8706896551724137,True,-1,True,MEDIUM
2016-03-01,5,44,34,17.857142857142858,6.175990377490638,1.904,True,-1,True,MEDIUM
2016-12-07,5,44,8,18.714285714285715,4.68025233344965,0.42748091603053434,True,-1,True,MEDIUM
2017-02-11,5,44,29,17.857142857142858,2.4102953780652725,1.6239999999999999,True,-1,True,MEDIUM
2017-02-24,5,44,32,18.0,4.760952285695129,1.7777777777777777,True,-1,True,MEDIUM
2017-02-28,5,44,7,19.285714285714285,6.15668432719764,0.362962962962963,True,-1,True,MEDIUM
2017-04-01,5,44,34,20.142857142857142,3.1847852585152987,1.6879432624113475,True,-1,True,MEDIUM
2017-07-09,5,44,63,27.285714285714285,6.290582530372558,2.3089005235602094,True,-1,True,MEDIUM
2017-10-21,5,44,36,21.285714285714285,3.450327796711796,1.691275167785235,True,-1,True,MEDIUM
2017-11-18,5,44,39,21.0,7.810249675906655,1.8571428571428572,True,-1,True,MEDIUM
2017-11-27,5,44,9,27.428571428571427,5.769377287516783,0.328125,True,-1,True,MEDIUM
2015-09-27,5,45,101,60.714285714285715,10.127755357008818,1.663529411764706,True,-1,True,MEDIUM
2016-04-03,5,45,98,61.142857142857146,13.557637102737168,1.602803738317757,True,-1,True,MEDIUM
2016-08-29,5,45,38,77.57142857142857,14.78577179652905,0.48987108655616945,True,-1,True,MEDIUM
2017-02-12,5,45,85,49.857142857142854,7.033931367036435,1.70487106017192,True,-1,True,MEDIUM
2013-10-20,5,46,55,30.0,7.348469228349638,1.8333333333333333,True,-1,True,MEDIUM
2013-12-30,5,46,14,28.857142857142858,3.3876526498731208,0.48514851485148514,True,-1,True,MEDIUM
2014-11-08,5,46,71,39.42857142857143,7.45781788588637,1.8007246376811594,True,-1,True,MEDIUM
2016-06-26,5,46,95,55.857142857142854,6.669047194029544,1.70076726342711,True,-1,True,MEDIUM
2013-01-13,5,47,20,10.142857142857142,2.4784787961282095,1.971830985915493,True,-1,True,MEDIUM
2013-01-17,5,47,4,10.428571428571429,4.961758520831865,0.3835616438356164,True,-1,True,MEDIUM
2013-01-22,5,47,4,8.142857142857142,3.132015933791498,0.4912280701754386,True,-1,True,MEDIUM
2013-02-04,5,47,18,7.857142857142857,1.7728105208558422,2.290909090909091,True,-1,True,MEDIUM
2013-02-20,5,47,5,11.142857142857142,3.078342163598852,0.44871794871794873,True,-1,True,MEDIUM
2013-03-03,5,47,21,12.0,3.2145502536643136,1.75,True,-1,True,MEDIUM
2013-03-11,5,47,6,12.571428571428571,2.819996622760551,0.4772727272727273,True,-1,True,MEDIUM
2013-03-25,5,47,4,14.142857142857142,4.29839394148447,0.2828282828282828,True,-1,True,HIGH
2013-04-13,5,47,22,13.285714285714286,2.5634797778466103,1.6559139784946235,True,-1,True,MEDIUM
2013-05-01,5,47,4,15.142857142857142,4.220133150686567,0.2641509433962264,True,-1,True,HIGH
2013-05-08,5,47,17,9.714285714285714,3.0937725468153836,1.7500000000000002,True,-1,True,MEDIUM
2013-05-11,5,47,23,12.857142857142858,3.670993118515809,1.7888888888888888,True,-1,True,MEDIUM
2013-05-12,5,47,26,14.428571428571429,5.25538272812243,1.801980198019802,True,-1,True,MEDIUM
2013-07-01,5,47,7,16.142857142857142,3.3380918415851073,0.4336283185840708,True,-1,True,MEDIUM
2013-07-06,5,47,30,13.857142857142858,4.845223470201386,2.1649484536082473,True,-1,True,MEDIUM
2013-07-07,5,47,26,15.142857142857142,7.515064236331608,1.7169811320754718,True,-1,True,MEDIUM
2013-07-23,5,47,9,18.428571428571427,2.5071326821120246,0.48837209302325585,True,-1,True,MEDIUM
2013-08-01,5,47,8,17.857142857142858,6.362090102803514,0.448,True,-1,True,MEDIUM
2013-08-26,5,47,7,18.285714285714285,5.677860093212513,0.3828125,True,-1,True,MEDIUM
2013-09-09,5,47,5,14.857142857142858,1.7728105208558127,0.3365384615384615,True,-1,True,MEDIUM
2013-09-25,5,47,5,16.571428571428573,3.735288603626351,0.3017241379310345,True,-1,True,MEDIUM
2013-11-04,5,47,7,15.571428571428571,4.755948656056708,0.44954128440366975,True,-1,True,MEDIUM
2013-11-05,5,47,7,15.285714285714286,5.2508502712826,0.45794392523364486,True,-1,True,MEDIUM
2013-11-10,5,47,20,11.714285714285714,4.347960660443217,1.707317073170732,True,-1,True,MEDIUM
2013-12-03,5,47,6,13.285714285714286,2.2886885410853006,0.45161290322580644,True,-1,True,MEDIUM
2013-12-04,5,47,6,12.714285714285714,3.4503277967117585,0.4719101123595506,True,-1,True,MEDIUM
2013-12-06,5,47,5,11.0,3.999999999999985,0.45454545454545453,True,-1,True,MEDIUM
2013-12-08,5,47,17,9.428571428571429,3.952094080237395,1.803030303030303,True,-1,True,MEDIUM
2013-12-29,5,47,17,9.428571428571429,2.5071326821120063,1.803030303030303,True,-1,True,MEDIUM
2013-12-31,5,47,5,10.142857142857142,3.5790395093549443,0.49295774647887325,True,-1,True,MEDIUM
2014-01-10,5,47,19,10.285714285714286,2.4299715851757955,1.847222222222222,True,-1,True,MEDIUM
2014-01-12,5,47,25,12.0,3.65148371670109,2.0833333333333335,True,-1,True,MEDIUM
2014-01-13,5,47,5,13.857142857142858,6.1217800088038405,0.36082474226804123,True,-1,True,MEDIUM
2014-01-25,5,47,5,10.714285714285714,3.147183169877749,0.4666666666666667,True,-1,True,MEDIUM
2014-02-09,5,47,20,12.142857142857142,2.3401261667248447,1.647058823529412,True,-1,True,MEDIUM
2014-02-19,5,47,6,12.142857142857142,3.2366943748507238,0.49411764705882355,True,-1,True,MEDIUM
2014-02-23,5,47,21,9.571428571428571,2.149196970742208,2.1940298507462686,True,-1,True,MEDIUM
2014-02-28,5,47,5,11.571428571428571,4.276179870598772,0.4320987654320988,True,-1,True,MEDIUM
2014-03-08,5,47,25,13.142857142857142,3.1320159337914655,1.9021739130434783,True,-1,True,MEDIUM
2014-03-10,5,47,7,15.142857142857142,5.2734735999646,0.46226415094339623,True,-1,True,MEDIUM
2014-03-20,5,47,22,13.571428571428571,2.1491969707421985,1.6210526315789473,True,-1,True,MEDIUM
2014-03-31,5,47,6,12.571428571428571,2.225394561056713,0.4772727272727273,True,-1,True,MEDIUM
2014-04-01,5,47,19,11.571428571428571,3.3094381626464675,1.6419753086419753,True,-1,True,MEDIUM
2014-05-03,5,47,24,14.285714285714286,2.751622897751143,1.68,True,-1,True,MEDIUM
2014-05-20,5,47,5,19.0,5.597618541248856,0.2631578947368421,True,-1,True,HIGH
2014-07-16,5,47,9,19.714285714285715,3.039423504234777,0.45652173913043476,True,-1,True,MEDIUM
2014-10-05,5,47,7,14.142857142857142,3.8913824205360847,0.494949494949495,True,-1,True,MEDIUM
2014-10-14,5,47,7,17.428571428571427,4.540820148282403,0.40163934426229514,True,-1,True,MEDIUM
2014-10-31,5,47,27,15.857142857142858,2.5448360411214006,1.7027027027027026,True,-1,True,MEDIUM
2014-11-10,5,47,5,17.142857142857142,3.7161167647860114,0.2916666666666667,True,-1,True,HIGH
2014-12-01,5,47,7,15.142857142857142,3.848314411469511,0.46226415094339623,True,-1,True,MEDIUM
2014-12-07,5,47,19,11.0,3.51188458428434,1.7272727272727273,True,-1,True,MEDIUM
2014-12-11,5,47,5,11.857142857142858,4.140393356054191,0.4216867469879518,True,-1,True,MEDIUM
2014-12-26,5,47,19,11.857142857142858,1.8644544714717535,1.6024096385542168,True,-1,True,MEDIUM
2014-12-27,5,47,21,12.857142857142858,3.2877840272019414,1.6333333333333333,True,-1,True,MEDIUM
2015-01-09,5,47,15,9.142857142857142,2.193062655175341,1.640625,True,-1,True,MEDIUM
2015-01-10,5,47,18,9.428571428571429,2.819996622760712,1.909090909090909,True,-1,True,MEDIUM
2015-01-14,5,47,6,12.428571428571429,4.314979445958936,0.48275862068965514,True,-1,True,MEDIUM
2015-02-02,5,47,3,10.714285714285714,2.7516228977513006,0.28,True,-1,True,HIGH
2015-02-05,5,47,14,8.571428571428571,3.598941643369884,1.6333333333333333,True,-1,True,MEDIUM
2015-02-06,5,47,18,8.714285714285714,3.817254061682236,2.0655737704918034,True,-1,True,MEDIUM
2015-02-07,5,47,16,9.714285714285714,5.186980037050724,1.647058823529412,True,-1,True,MEDIUM
2015-02-24,5,47,22,12.142857142857142,2.267786838055476,1.811764705882353,True,-1,True,MEDIUM
2015-03-08,5,47,20,12.142857142857142,2.968084198523403,1.647058823529412,True,-1,True,MEDIUM
2015-03-16,5,47,6,16.714285714285715,4.070801956792842,0.358974358974359,True,-1,True,MEDIUM
2015-04-13,5,47,8,19.714285714285715,4.990467102863345,0.40579710144927533,True,-1,True,MEDIUM
2015-05-10,5,47,37,16.142857142857142,2.9113897843109835,2.2920353982300887,True,-1,True,MEDIUM
2015-09-04,5,47,8,17.285714285714285,2.7516228977511084,0.4628099173553719,True,-1,True,MEDIUM
2015-09-26,5,47,26,15.714285714285714,2.870208222079907,1.6545454545454545,True,-1,True,MEDIUM
2015-10-12,5,47,6,17.285714285714285,4.347960660443188,0.34710743801652894,True,-1,True,MEDIUM
2016-01-06,5,47,6,13.714285714285714,3.988077469754353,0.4375,True,-1,True,MEDIUM
2016-01-10,5,47,23,12.285714285714286,4.6802523334498245,1.872093023255814,True,-1,True,MEDIUM
2016-01-15,5,47,19,11.857142857142858,5.550632739564428,1.6024096385542168,True,-1,True,MEDIUM
2016-01-30,5,47,6,12.0,4.123105625617741,0.5,True,-1,True,MEDIUM
2016-02-04,5,47,21,12.142857142857142,3.5321651258386995,1.7294117647058824,True,-1,True,MEDIUM
2016-02-21,5,47,20,12.285714285714286,3.7733400639348473,1.627906976744186,True,-1,True,MEDIUM
2016-05-08,5,47,32,17.428571428571427,5.798193478924913,1.836065573770492,True,-1,True,MEDIUM
2016-05-23,5,47,8,21.571428571428573,6.553806600166048,0.37086092715231783,True,-1,True,MEDIUM
2016-09-10,5,47,10,21.142857142857142,3.7606990231679447,0.47297297297297297,True,-1,True,MEDIUM
2016-10-18,5,47,8,19.285714285714285,2.058663459163431,0.41481481481481486,True,-1,True,MEDIUM
2016-10-26,5,47,9,20.0,3.4641016151376642,0.45,True,-1,True,MEDIUM
2016-11-25,5,47,32,18.428571428571427,3.779644730092232,1.736434108527132,True,-1,True,MEDIUM
2016-12-02,5,47,6,21.571428571428573,8.141603913585657,0.2781456953642384,True,-1,True,HIGH
2016-12-11,5,47,20,12.285714285714286,3.9880774697544306,1.627906976744186,True,-1,True,MEDIUM
2016-12-19,5,47,5,13.714285714285714,3.6839419880651287,0.36458333333333337,True,-1,True,MEDIUM
2016-12-25,5,47,22,12.428571428571429,4.466808810815829,1.7701149425287357,True,-1,True,MEDIUM
2017-01-11,5,47,6,13.571428571428571,2.9920529661725004,0.4421052631578947,True,-1,True,MEDIUM
2017-01-24,5,47,4,14.428571428571429,4.076646614442822,0.2772277227722772,True,-1,True,HIGH
2017-02-02,5,47,5,13.428571428571429,3.3094381626465945,0.3723404255319149,True,-1,True,MEDIUM
2017-02-20,5,47,5,14.571428571428571,4.540820148282477,0.3431372549019608,True,-1,True,MEDIUM
2017-02-22,5,47,6,12.142857142857142,6.202917900165334,0.49411764705882355,True,-1,True,MEDIUM
2017-02-23,5,47,20,11.857142857142858,6.466028441750385,1.686746987951807,True,-1,True,MEDIUM
2017-02-25,5,47,19,11.0,6.377042156569766,1.7272727272727273,True,-1,True,MEDIUM
2017-02-26,5,47,27,12.285714285714286,7.016986193380762,2.197674418604651,True,-1,True,MEDIUM
2017-03-13,5,47,8,19.285714285714285,3.9460649476950977,0.41481481481481486,True,-1,True,MEDIUM
2017-03-23,5,47,6,15.714285714285714,3.817254061682136,0.38181818181818183,True,-1,True,MEDIUM
2017-05-29,5,47,9,22.0,5.131601439446755,0.4090909090909091,True,-1,True,MEDIUM
2017-10-29,5,47,37,19.142857142857142,6.388233230676791,1.9328358208955225,True,-1,True,MEDIUM
2017-12-14,5,47,7,14.285714285714286,4.644505202002587,0.49,True,-1,True,MEDIUM
2017-12-20,5,47,23,12.285714285714286,3.7289089429433475,1.872093023255814,True,-1,True,MEDIUM
2017-12-26,5,47,8,16.857142857142858,4.845223470201387,0.4745762711864407,True,-1,True,MEDIUM
2013-01-12,5,48,38,21.714285714285715,2.3603873774083297,1.75,True,-1,True,MEDIUM
2013-01-14,5,48,8,23.571428571428573,6.729466121893644,0.33939393939393936,True,-1,True,MEDIUM
2013-07-15,5,48,19,41.42857142857143,10.845231561338263,0.4586206896551724,True,-1,True,MEDIUM
2013-08-10,5,48,64,36.142857142857146,5.113008619478067,1.7707509881422923,True,-1,True,MEDIUM
2016-12-11,5,48,49,27.142857142857142,4.180453381655151,1.805263157894737,True,-1,True,MEDIUM
2013-01-08,5,49,7,14.0,3.162277660168379,0.5,True,-1,True,MEDIUM
2013-01-21,5,49,5,13.285714285714286,3.638419332360584,0.3763440860215054,True,-1,True,MEDIUM
2013-02-08,5,49,23,11.571428571428571,1.7182493859684487,1.9876543209876543,True,-1,True,MEDIUM
2013-02-26,5,49,7,16.285714285714285,4.347960660443229,0.4298245614035088,True,-1,True,MEDIUM
2013-07-21,5,49,39,21.285714285714285,4.572172558506725,1.8322147651006713,True,-1,True,MEDIUM
2013-10-01,5,49,9,20.142857142857142,5.87164291116128,0.4468085106382979,True,-1,True,MEDIUM
2013-11-15,5,49,28,16.857142857142858,2.0354009783964195,1.6610169491525424,True,-1,True,MEDIUM
2013-12-26,5,49,6,14.0,4.041451884327383,0.42857142857142855,True,-1,True,MEDIUM
2014-01-09,5,49,24,12.857142857142858,2.4102953780654848,1.8666666666666667,True,-1,True,MEDIUM
2014-02-15,5,49,24,14.285714285714286,3.63841933236059,1.68,True,-1,True,MEDIUM
2014-02-24,5,49,8,17.142857142857142,2.6726124191242624,0.4666666666666667,True,-1,True,MEDIUM
2014-02-27,5,49,7,16.571428571428573,4.790864322059333,0.42241379310344823,True,-1,True,MEDIUM
2014-03-18,5,49,10,21.142857142857142,2.8535691936340664,0.47297297297297297,True,-1,True,MEDIUM
2014-04-18,5,49,40,21.571428571428573,6.294366339755565,1.8543046357615893,True,-1,True,MEDIUM
2014-11-28,5,49,7,20.571428571428573,6.65475125648694,0.34027777777777773,True,-1,True,MEDIUM
2014-11-29,5,49,35,19.0,8.42614977317637,1.8421052631578947,True,-1,True,MEDIUM
2014-12-12,5,49,28,15.571428571428571,4.076646614442781,1.798165137614679,True,-1,True,MEDIUM
2015-01-12,5,49,6,15.142857142857142,2.6726124191242797,0.39622641509433965,True,-1,True,MEDIUM
2015-01-25,5,49,23,14.285714285714286,1.88982236504619,1.6099999999999999,True,-1,True,MEDIUM
2015-02-07,5,49,31,17.857142857142858,1.8644544714716518,1.736,True,-1,True,MEDIUM
2015-02-16,5,49,7,18.428571428571427,4.429339411136583,0.3798449612403101,True,-1,True,MEDIUM
2015-02-23,5,49,8,16.285714285714285,5.154748157905364,0.4912280701754386,True,-1,True,MEDIUM
2015-03-15,5,49,33,18.428571428571427,3.207134902949134,1.7906976744186047,True,-1,True,MEDIUM
2015-04-27,5,49,10,20.571428571428573,2.507132682112066,0.48611111111111105,True,-1,True,MEDIUM
2015-12-02,5,49,9,18.285714285714285,4.191828786034683,0.4921875,True,-1,True,MEDIUM
2016-01-20,5,49,8,17.428571428571427,3.154739442867096,0.459016393442623,True,-1,True,MEDIUM
2016-04-02,5,49,41,23.285714285714285,2.8115408417382195,1.7607361963190185,True,-1,True,MEDIUM
2016-11-07,5,49,9,23.857142857142858,5.756983337031437,0.3772455089820359,True,-1,True,MEDIUM
2017-01-09,5,49,9,18.428571428571427,4.613644360558698,0.48837209302325585,True,-1,True,MEDIUM
2017-01-16,5,49,8,17.0,4.582575694955942,0.47058823529411764,True,-1,True,MEDIUM
2017-01-29,5,49,25,15.285714285714286,1.6035674514749005,1.6355140186915886,True,-1,True,MEDIUM
2017-03-04,5,49,35,17.571428571428573,3.7352886036264645,1.9918699186991868,True,-1,True,MEDIUM
2017-06-16,5,49,52,29.142857142857142,6.256425268702283,1.7843137254901962,True,-1,True,MEDIUM
2014-03-31,5,50,20,43.285714285714285,13.38798324013354,0.46204620462046203,True,-1,True,MEDIUM
2015-02-01,5,50,60,31.714285714285715,5.282495802626129,1.8918918918918919,True,-1,True,MEDIUM
2015-05-02,5,50,88,47.857142857142854,5.956189257922478,1.8388059701492538,True,-1,True,MEDIUM
2017-03-12,5,50,77,48.0,5.944184833375704,1.6041666666666667,True,-1,True,MEDIUM
2013-01-22,6,1,3,9.0,3.1091263510296043,0.3333333333333333,True,-1,True,MEDIUM
2013-01-27,6,1,11,6.571428571428571,1.8126539343499264,1.673913043478261,True,-1,True,MEDIUM
2013-02-01,6,1,14,8.428571428571429,2.149196970742237,1.6610169491525424,True,-1,True,MEDIUM
2013-02-17,6,1,19,10.142857142857142,3.5790395093549603,1.8732394366197185,True,-1,True,MEDIUM
2013-02-18,6,1,2,11.142857142857142,4.913538149119952,0.1794871794871795,True,-1,True,HIGH
2013-02-21,6,1,17,10.142857142857142,5.7858612562167835,1.676056338028169,True,-1,True,MEDIUM
2013-02-26,6,1,6,13.571428571428571,4.391550328268394,0.4421052631578947,True,-1,True,MEDIUM
2013-03-07,6,1,7,15.0,2.8284271247461796,0.4666666666666667,True,-1,True,MEDIUM
2013-03-17,6,1,23,12.714285714285714,2.811540841738184,1.808988764044944,True,-1,True,MEDIUM
2013-04-04,6,1,22,12.285714285714286,1.9760470401186958,1.7906976744186045,True,-1,True,MEDIUM
2013-04-16,6,1,6,14.571428571428571,3.9940431835898913,0.4117647058823529,True,-1,True,MEDIUM
2013-04-21,6,1,26,12.571428571428571,5.0615262143989295,2.0681818181818183,True,-1,True,MEDIUM
2013-05-20,6,1,6,14.857142857142858,4.298393941484467,0.40384615384615385,True,-1,True,MEDIUM
2013-07-28,6,1,26,14.571428571428571,1.9023794624226664,1.7843137254901962,True,-1,True,MEDIUM
2013-09-04,6,1,19,10.428571428571429,4.076646614442771,1.821917808219178,True,-1,True,MEDIUM
2013-09-06,6,1,19,11.0,5.259911279353173,1.7272727272727273,True,-1,True,MEDIUM
2013-10-12,6,1,26,10.857142857142858,2.4784787961282193,2.394736842105263,True,-1,True,MEDIUM
2013-10-15,6,1,4,13.857142857142858,6.644009116704848,0.28865979381443296,True,-1,True,HIGH
2013-10-22,6,1,7,14.428571428571429,6.347102826149444,0.48514851485148514,True,-1,True,MEDIUM
2013-11-28,6,1,22,13.142857142857142,1.3451854182690899,1.673913043478261,True,-1,True,MEDIUM
2013-12-09,6,1,6,12.714285714285714,1.7994708216848754,0.4719101123595506,True,-1,True,MEDIUM
2013-12-21,6,1,18,10.714285714285714,2.429971585175831,1.6800000000000002,True,-1,True,MEDIUM
2013-12-23,6,1,4,12.714285714285714,4.309458036856673,0.3146067415730337,True,-1,True,MEDIUM
2013-12-26,6,1,5,12.285714285714286,5.056820005836531,0.4069767441860465,True,-1,True,MEDIUM
2013-12-29,6,1,5,10.428571428571429,4.995235825502235,0.4794520547945205,True,-1,True,MEDIUM
2014-01-04,6,1,5,10.142857142857142,3.484660262185853,0.49295774647887325,True,-1,True,MEDIUM
2014-01-07,6,1,2,10.285714285714286,3.6384193323605887,0.19444444444444442,True,-1,True,HIGH
2014-01-10,6,1,4,9.142857142857142,4.74090608177282,0.4375,True,-1,True,MEDIUM
2014-01-12,6,1,20,10.0,4.898979485566359,2.0,True,-1,True,MEDIUM
2014-01-24,6,1,17,9.428571428571429,3.2586880211286964,1.803030303030303,True,-1,True,MEDIUM
2014-01-25,6,1,18,10.571428571428571,4.314979445958884,1.7027027027027029,True,-1,True,MEDIUM
2014-01-27,6,1,4,12.142857142857142,4.775931721614517,0.32941176470588235,True,-1,True,MEDIUM
2014-02-01,6,1,21,11.142857142857142,4.775931721614519,1.8846153846153848,True,-1,True,MEDIUM
2014-02-16,6,1,19,11.714285714285714,3.90360029179413,1.6219512195121952,True,-1,True,MEDIUM
2014-02-26,6,1,19,11.142857142857142,0.8997354108424218,1.7051282051282053,True,-1,True,MEDIUM
2014-03-31,6,1,6,15.285714285714286,4.990467102863406,0.3925233644859813,True,-1,True,MEDIUM
2014-05-06,6,1,26,15.714285714285714,1.8898223650461272,1.6545454545454545,True,-1,True,MEDIUM
2014-06-02,6,1,6,19.142857142857142,4.059087394500203,0.31343283582089554,True,-1,True,MEDIUM
2014-06-22,6,1,31,17.857142857142858,2.410295378065466,1.736,True,-1,True,MEDIUM
2014-09-16,6,1,8,19.0,3.9581140290126413,0.42105263157894735,True,-1,True,MEDIUM
2014-11-21,6,1,10,21.285714285714285,3.401680257083025,0.46979865771812085,True,-1,True,MEDIUM
2014-12-03,6,1,7,16.285714285714285,5.023753102820157,0.4298245614035088,True,-1,True,MEDIUM
2014-12-09,6,1,5,13.142857142857142,3.9339789623472097,0.3804347826086957,True,-1,True,MEDIUM
2014-12-21,6,1,21,11.571428571428571,1.718249385968442,1.8148148148148149,True,-1,True,MEDIUM
2014-12-24,6,1,19,11.571428571428571,4.577377082170631,1.6419753086419753,True,-1,True,MEDIUM
2015-01-10,6,1,20,10.857142857142858,3.1847852585154164,1.8421052631578947,True,-1,True,MEDIUM
2015-01-15,6,1,6,13.428571428571429,3.9096949095439983,0.44680851063829785,True,-1,True,MEDIUM
2015-01-22,6,1,15,8.571428571428571,1.9023794624226724,1.75,True,-1,True,MEDIUM
2015-01-24,6,1,15,9.285714285714286,3.0937725468153814,1.6153846153846152,True,-1,True,MEDIUM
2015-02-08,6,1,20,12.0,2.8284271247461836,1.6666666666666667,True,-1,True,MEDIUM
2015-02-17,6,1,6,13.857142857142858,3.0783421635988484,0.43298969072164945,True,-1,True,MEDIUM
2015-02-20,6,1,18,11.0,3.9157800414902386,1.6363636363636365,True,-1,True,MEDIUM
2015-02-21,6,1,21,11.714285714285714,4.715728494951252,1.7926829268292683,True,-1,True,MEDIUM
2015-02-24,6,1,5,13.0,6.480740698407857,0.38461538461538464,True,-1,True,MEDIUM
2015-02-27,6,1,6,14.285714285714286,5.879747322073333,0.42,True,-1,True,MEDIUM
2015-03-02,6,1,18,10.714285714285714,4.347960660443222,1.6800000000000002,True,-1,True,MEDIUM
2015-03-12,6,1,24,13.285714285714286,2.751622897751168,1.8064516129032258,True,-1,True,MEDIUM
2015-03-17,6,1,7,14.857142857142858,4.740906081772812,0.47115384615384615,True,-1,True,MEDIUM
2015-03-20,6,1,25,12.571428571428571,3.5050983275386502,1.9886363636363638,True,-1,True,MEDIUM
2015-03-30,6,1,6,16.285714285714285,2.984084768360622,0.368421052631579,True,-1,True,MEDIUM
2015-04-22,6,1,9,18.714285714285715,4.111540089159036,0.4809160305343511,True,-1,True,MEDIUM
2015-04-27,6,1,8,17.571428571428573,5.3184315625675085,0.45528455284552843,True,-1,True,MEDIUM
2015-04-29,6,1,9,18.285714285714285,7.432233529572066,0.4921875,True,-1,True,MEDIUM
2015-07-31,6,1,8,21.428571428571427,5.472876844254853,0.37333333333333335,True,-1,True,MEDIUM
2015-09-08,6,1,8,18.714285714285715,4.461475305855883,0.42748091603053434,True,-1,True,MEDIUM
2015-09-09,6,1,8,17.571428571428573,6.023762469230853,0.45528455284552843,True,-1,True,MEDIUM
2015-09-27,6,1,33,17.285714285714285,4.070801956792847,1.9090909090909092,True,-1,True,MEDIUM
2015-10-17,6,1,23,13.142857142857142,2.5448360411213637,1.75,True,-1,True,MEDIUM
2015-10-22,6,1,31,15.142857142857142,4.598136268408863,2.047169811320755,True,-1,True,MEDIUM
2015-11-09,6,1,9,19.285714285714285,4.151878519188065,0.4666666666666667,True,-1,True,MEDIUM
2015-11-21,6,1,29,16.857142857142858,2.6726124191242207,1.7203389830508473,True,-1,True,MEDIUM
2015-12-02,6,1,7,18.142857142857142,5.639993245521113,0.38582677165354334,True,-1,True,MEDIUM
2015-12-14,6,1,7,14.571428571428571,4.197504927816917,0.4803921568627451,True,-1,True,MEDIUM
2015-12-23,6,1,6,12.285714285714286,3.498298906339302,0.4883720930232558,True,-1,True,MEDIUM
2016-01-14,6,1,18,9.857142857142858,2.6095064302513515,1.826086956521739,True,-1,True,MEDIUM
2016-01-29,6,1,17,10.142857142857142,3.1320159337913935,1.676056338028169,True,-1,True,MEDIUM
2016-02-04,6,1,22,12.571428571428571,4.157609203101445,1.75,True,-1,True,MEDIUM
2016-02-27,6,1,25,13.857142857142858,3.078342163598797,1.8041237113402062,True,-1,True,MEDIUM
2016-03-10,6,1,8,17.285714285714285,2.984084768360614,0.4628099173553719,True,-1,True,MEDIUM
2016-03-31,6,1,8,18.857142857142858,6.094494002200445,0.42424242424242425,True,-1,True,MEDIUM
2016-04-03,6,1,31,17.0,5.773502691896249,1.8235294117647058,True,-1,True,MEDIUM
2016-04-12,6,1,8,19.285714285714285,4.990467102863424,0.41481481481481486,True,-1,True,MEDIUM
2016-05-02,6,1,9,18.571428571428573,2.1491969707422682,0.48461538461538456,True,-1,True,MEDIUM
2016-05-14,6,1,29,16.285714285714285,3.6384193323605754,1.7807017543859651,True,-1,True,MEDIUM
2016-05-22,6,1,33,18.428571428571427,5.19156825558338,1.7906976744186047,True,-1,True,MEDIUM
2016-06-05,6,1,37,17.857142857142858,4.298393941484485,2.072,True,-1,True,MEDIUM
2016-07-25,6,1,9,23.285714285714285,5.559205150447541,0.38650306748466257,True,-1,True,MEDIUM
2016-09-20,6,1,31,16.714285714285715,3.8606685826112637,1.8547008547008546,True,-1,True,MEDIUM
2016-12-05,6,1,9,20.142857142857142,5.727959829601105,0.4468085106382979,True,-1,True,MEDIUM
2016-12-07,6,1,9,19.142857142857142,5.756983337031396,0.4701492537313433,True,-1,True,MEDIUM
2016-12-13,6,1,22,13.0,2.645751311064464,1.6923076923076923,True,-1,True,MEDIUM
2016-12-17,6,1,28,14.714285714285714,3.4016802570829734,1.9029126213592233,True,-1,True,MEDIUM
2017-01-03,6,1,7,14.571428571428571,2.9358214555805535,0.4803921568627451,True,-1,True,MEDIUM
2017-03-07,6,1,7,16.428571428571427,3.8234863173610734,0.42608695652173917,True,-1,True,MEDIUM
2017-04-02,6,1,33,19.142857142857142,3.3876526498728445,1.7238805970149254,True,-1,True,MEDIUM
2017-05-29,6,1,10,22.571428571428573,4.035556254807346,0.4430379746835443,True,-1,True,MEDIUM
2017-09-22,6,1,10,22.0,3.651483716701156,0.45454545454545453,True,-1,True,MEDIUM
2017-09-27,6,1,7,19.571428571428573,5.503245795502347,0.3576642335766423,True,-1,True,MEDIUM
2017-09-29,6,1,32,16.857142857142858,6.256425268702303,1.8983050847457628,True,-1,True,MEDIUM
2017-10-16,6,1,9,20.0,5.715476066494087,0.45,True,-1,True,MEDIUM
2017-11-06,6,1,10,20.285714285714285,4.0708019567928675,0.49295774647887325,True,-1,True,MEDIUM
2017-11-20,6,1,9,22.857142857142858,4.450789122113545,0.39375,True,-1,True,MEDIUM
2017-12-07,6,1,6,15.0,3.829708431025264,0.4,True,-1,True,MEDIUM
2017-12-10,6,1,24,12.285714285714286,3.498298906339218,1.9534883720930232,True,-1,True,MEDIUM
2017-12-20,6,1,7,14.857142857142858,4.220133150686494,0.47115384615384615,True,-1,True,MEDIUM
2017-12-24,6,1,21,13.0,2.8867513459479617,1.6153846153846154,True,-1,True,MEDIUM
2015-03-01,6,2,56,30.714285714285715,5.154748157905533,1.8232558139534882,True,-1,True,MEDIUM
2013-12-17,6,3,9,18.571428571428573,3.9520940802373725,0.48461538461538456,True,-1,True,MEDIUM
2014-02-10,6,3,11,22.571428571428573,3.3094381626464546,0.4873417721518987,True,-1,True,MEDIUM
2014-02-21,6,3,31,18.571428571428573,3.0472470011001773,1.669230769230769,True,-1,True,MEDIUM
2014-02-24,6,3,8,20.142857142857142,5.7569833370313725,0.3971631205673759,True,-1,True,MEDIUM
2014-11-30,6,3,44,25.857142857142858,10.807845474909586,1.7016574585635358,True,-1,True,MEDIUM
2015-02-23,6,3,8,19.0,3.958114029012599,0.42105263157894735,True,-1,True,MEDIUM
2015-03-05,6,3,37,21.142857142857142,4.450789122113463,1.75,True,-1,True,MEDIUM
2016-06-12,6,3,60,33.42857142857143,6.704653678780188,1.7948717948717947,True,-1,True,MEDIUM
2017-02-26,6,3,35,20.714285714285715,3.9036002917942567,1.689655172413793,True,-1,True,MEDIUM
2017-07-30,6,3,61,36.42857142857143,5.652643713553929,1.6745098039215685,True,-1,True,MEDIUM
2017-10-28,6,3,45,26.857142857142858,3.8483144114694725,1.675531914893617,True,-1,True,MEDIUM
2013-01-16,6,4,5,12.428571428571429,2.4397501823713315,0.40229885057471265,True,-1,True,MEDIUM
2013-01-17,6,4,5,11.142857142857142,3.5790395093549625,0.44871794871794873,True,-1,True,MEDIUM
2013-02-04,6,4,3,9.571428571428571,2.2990681342044432,0.31343283582089554,True,-1,True,MEDIUM
2013-02-06,6,4,23,8.857142857142858,3.287784027201883,2.596774193548387,True,-1,True,HIGH
2013-02-18,6,4,3,10.571428571428571,3.408672412985386,0.28378378378378377,True,-1,True,HIGH
2013-02-24,6,4,16,8.571428571428571,3.7352886036263593,1.8666666666666667,True,-1,True,MEDIUM
2013-03-13,6,4,6,12.857142857142858,3.132015933791491,0.4666666666666667,True,-1,True,MEDIUM
2013-03-22,6,4,22,13.142857142857142,2.6726124191242384,1.673913043478261,True,-1,True,MEDIUM
2013-03-25,6,4,7,15.142857142857142,4.947341758580101,0.46226415094339623,True,-1,True,MEDIUM
2013-04-05,6,4,20,11.857142857142858,2.340126166724874,1.686746987951807,True,-1,True,MEDIUM
2013-04-14,6,4,26,14.142857142857142,1.4638501094227852,1.8383838383838385,True,-1,True,MEDIUM
2013-04-25,6,4,6,15.714285714285714,3.5923198500080473,0.38181818181818183,True,-1,True,MEDIUM
2013-04-27,6,4,7,15.0,4.932882862316242,0.4666666666666667,True,-1,True,MEDIUM
2013-06-19,6,4,8,17.0,1.7320508075688532,0.47058823529411764,True,-1,True,MEDIUM
2013-06-23,6,4,32,15.714285714285714,3.592319850008049,2.0363636363636366,True,-1,True,MEDIUM
2013-07-24,6,4,9,18.714285714285715,1.799470821684834,0.4809160305343511,True,-1,True,MEDIUM
2013-08-15,6,4,8,16.571428571428573,5.3184315625675,0.48275862068965514,True,-1,True,MEDIUM
2013-08-20,6,4,21,12.857142857142858,3.6253078686998657,1.6333333333333333,True,-1,True,MEDIUM
2013-08-26,6,4,7,17.285714285714285,5.282495802626047,0.40495867768595045,True,-1,True,MEDIUM
2013-09-11,6,4,6,13.285714285714286,5.282495802626056,0.45161290322580644,True,-1,True,MEDIUM
2013-09-30,6,4,6,14.142857142857142,2.9680841985233197,0.42424242424242425,True,-1,True,MEDIUM
2013-10-08,6,4,24,14.285714285714286,3.0394235042348483,1.68,True,-1,True,MEDIUM
2013-11-02,6,4,25,14.428571428571429,3.952094080237418,1.7326732673267327,True,-1,True,MEDIUM
2013-11-11,6,4,8,16.857142857142858,4.77593172161451,0.4745762711864407,True,-1,True,MEDIUM
2013-12-08,6,4,16,9.428571428571429,1.718249385968506,1.696969696969697,True,-1,True,MEDIUM
2013-12-19,6,4,5,10.714285714285714,3.9880774697543244,0.4666666666666667,True,-1,True,MEDIUM
2013-12-21,6,4,16,9.428571428571429,3.9940431835899246,1.696969696969697,True,-1,True,MEDIUM
2013-12-29,6,4,16,8.571428571428571,2.760262237369455,1.8666666666666667,True,-1,True,MEDIUM
2014-01-12,6,4,22,10.428571428571429,2.878491668515726,2.1095890410958904,True,-1,True,MEDIUM
2014-01-15,6,4,0,13.285714285714286,4.231401884099639,0.0,True,-1,True,HIGH
2014-04-06,6,4,29,14.285714285714286,3.9460649476951764,2.03,True,-1,True,MEDIUM
2014-05-17,6,4,35,17.142857142857142,5.273473599964592,2.0416666666666665,True,-1,True,MEDIUM
2014-09-17,6,4,10,20.0,3.055050463303827,0.5,True,-1,True,MEDIUM
2014-09-25,6,4,27,15.571428571428571,2.3704530408863693,1.7339449541284404,True,-1,True,MEDIUM
2014-10-06,6,4,9,18.571428571428573,3.823486317361067,0.48461538461538456,True,-1,True,MEDIUM
2014-10-19,6,4,28,14.0,2.99999999999999,2.0,True,-1,True,MEDIUM
2014-11-26,6,4,8,17.142857142857142,4.33699479011949,0.4666666666666667,True,-1,True,MEDIUM
2014-12-03,6,4,7,15.285714285714286,4.923220007078207,0.45794392523364486,True,-1,True,MEDIUM
2014-12-09,6,4,3,12.714285714285714,5.2824958026260616,0.2359550561797753,True,-1,True,HIGH
2014-12-12,6,4,5,12.0,6.191391873668912,0.4166666666666667,True,-1,True,MEDIUM
2014-12-28,6,4,18,10.0,2.7080128015453626,1.8,True,-1,True,MEDIUM
2015-01-05,6,4,3,12.428571428571429,2.5071326821120494,0.24137931034482757,True,-1,True,HIGH
2015-01-16,6,4,19,11.142857142857142,1.573591584938937,1.7051282051282053,True,-1,True,MEDIUM
2015-01-19,6,4,4,11.0,4.281744192888396,0.36363636363636365,True,-1,True,MEDIUM
2015-01-22,6,4,19,9.428571428571429,4.894116973712544,2.015151515151515,True,-1,True,MEDIUM
2015-02-10,6,4,18,9.857142857142858,2.6095064302515163,1.826086956521739,True,-1,True,MEDIUM
2015-04-24,6,4,7,16.571428571428573,2.1491969707421945,0.42241379310344823,True,-1,True,MEDIUM
2015-04-26,6,4,31,15.571428571428571,4.076646614442747,1.9908256880733946,True,-1,True,MEDIUM
2015-05-10,6,4,26,15.285714285714286,3.450327796711758,1.7009345794392523,True,-1,True,MEDIUM
2015-05-14,6,4,31,18.428571428571427,4.0766466144427165,1.682170542635659,True,-1,True,MEDIUM
2015-05-28,6,4,9,21.142857142857142,4.947341758580043,0.4256756756756757,True,-1,True,MEDIUM
2015-10-02,6,4,30,18.285714285714285,2.3603873774082937,1.640625,True,-1,True,MEDIUM
2015-10-12,6,4,8,18.142857142857142,3.078342163598831,0.4409448818897638,True,-1,True,MEDIUM
2015-11-06,6,4,7,18.714285714285715,5.559205150447472,0.3740458015267175,True,-1,True,MEDIUM
2015-11-19,6,4,8,16.428571428571427,4.076646614442763,0.48695652173913045,True,-1,True,MEDIUM
2015-11-24,6,4,23,12.428571428571429,3.8668308667927755,1.8505747126436782,True,-1,True,MEDIUM
2015-12-19,6,4,21,11.285714285714286,2.360387377408453,1.860759493670886,True,-1,True,MEDIUM
2015-12-22,6,4,6,13.571428571428571,4.6136443605586495,0.4421052631578947,True,-1,True,MEDIUM
2015-12-23,6,4,4,12.857142857142858,5.398412465054663,0.3111111111111111,True,-1,True,MEDIUM
2016-01-02,6,4,18,10.857142857142858,3.3876526498729342,1.657894736842105,True,-1,True,MEDIUM
2016-01-18,6,4,6,14.142857142857142,2.4784787961282753,0.42424242424242425,True,-1,True,MEDIUM
2016-01-23,6,4,16,9.571428571428571,3.2071349029492096,1.671641791044776,True,-1,True,MEDIUM
2016-02-05,6,4,22,10.714285714285714,2.7516228977512918,2.0533333333333337,True,-1,True,MEDIUM
2016-02-10,6,4,5,15.285714285714286,5.5891050480461955,0.32710280373831774,True,-1,True,MEDIUM
2016-02-13,6,4,21,12.571428571428571,5.682051943243284,1.6704545454545454,True,-1,True,MEDIUM
2016-02-14,6,4,21,12.571428571428571,5.682051943243284,1.6704545454545454,True,-1,True,MEDIUM
2016-02-15,6,4,6,13.142857142857142,6.362090102803553,0.4565217391304348,True,-1,True,MEDIUM
2016-02-20,6,4,28,12.714285714285714,6.237368187365757,2.202247191011236,True,-1,True,MEDIUM
2016-03-05,6,4,22,12.857142857142858,3.760699023168116,1.711111111111111,True,-1,True,MEDIUM
2016-06-11,6,4,33,20.0,2.4494897427831233,1.65,True,-1,True,MEDIUM
2016-06-27,6,4,10,23.714285714285715,2.4299715851756756,0.4216867469879518,True,-1,True,MEDIUM
2016-07-06,6,4,9,25.142857142857142,2.5448360411212274,0.35795454545454547,True,-1,True,MEDIUM
2016-08-13,6,4,10,20.857142857142858,4.336994790119471,0.4794520547945205,True,-1,True,MEDIUM
2016-08-30,6,4,7,20.571428571428573,6.294366339755517,0.34027777777777773,True,-1,True,MEDIUM
2016-09-18,6,4,39,18.857142857142858,5.209880722517259,2.0681818181818183,True,-1,True,MEDIUM
2016-10-06,6,4,9,18.0,3.4641016151377277,0.5,True,-1,True,MEDIUM
2016-10-08,6,4,27,15.571428571428571,3.8668308667927302,1.7339449541284404,True,-1,True,MEDIUM
2016-10-17,6,4,8,17.857142857142858,3.976119189551999,0.448,True,-1,True,MEDIUM
2016-11-11,6,4,31,17.714285714285715,2.9277002188455747,1.75,True,-1,True,MEDIUM
2016-12-03,6,4,10,21.714285714285715,3.545621041711593,0.4605263157894737,True,-1,True,MEDIUM
2016-12-17,6,4,21,11.714285714285714,1.8898223650463162,1.7926829268292683,True,-1,True,MEDIUM
2016-12-18,6,4,28,12.857142857142858,4.017817460121561,2.1777777777777776,True,-1,True,MEDIUM
2016-12-19,6,4,7,15.714285714285714,6.395683067879619,0.4454545454545455,True,-1,True,MEDIUM
2017-01-13,6,4,19,11.857142857142858,2.8535691936341365,1.6024096385542168,True,-1,True,MEDIUM
2017-01-14,6,4,22,12.714285714285714,3.9460649476952487,1.7303370786516854,True,-1,True,MEDIUM
2017-01-16,6,4,6,13.142857142857142,5.39841246505467,0.4565217391304348,True,-1,True,MEDIUM
2017-01-20,6,4,6,12.857142857142858,5.698788509515948,0.4666666666666667,True,-1,True,MEDIUM
2017-01-25,6,4,5,11.0,3.51188458428435,0.45454545454545453,True,-1,True,MEDIUM
2017-01-29,6,4,18,10.857142857142858,3.625307868699965,1.657894736842105,True,-1,True,MEDIUM
2017-02-01,6,4,21,11.285714285714286,4.2314018840997125,1.860759493670886,True,-1,True,MEDIUM
2017-02-06,6,4,7,14.857142857142858,4.450789122113525,0.47115384615384615,True,-1,True,MEDIUM
2017-03-02,6,4,23,14.142857142857142,2.4102953780655527,1.6262626262626263,True,-1,True,MEDIUM
2017-04-15,6,4,35,18.428571428571427,3.9520940802373974,1.8992248062015507,True,-1,True,MEDIUM
2017-06-29,6,4,38,21.428571428571427,3.1014589500825465,1.7733333333333334,True,-1,True,MEDIUM
2017-07-17,6,4,10,22.714285714285715,3.8172540616820334,0.440251572327044,True,-1,True,MEDIUM
2017-09-18,6,4,9,21.142857142857142,7.197883286739468,0.4256756756756757,True,-1,True,MEDIUM
2017-10-09,6,4,7,20.0,5.859465277082283,0.35,True,-1,True,MEDIUM
2017-10-26,6,4,8,18.0,5.2599112793531395,0.4444444444444444,True,-1,True,MEDIUM
2017-11-05,6,4,32,18.0,4.4347115652166575,1.7777777777777777,True,-1,True,MEDIUM
2017-12-02,6,4,8,20.857142857142858,3.338091841585049,0.3835616438356164,True,-1,True,MEDIUM
2013-01-10,6,5,11,6.285714285714286,2.2886885410853175,1.75,True,-1,True,MEDIUM
2013-01-11,6,5,2,6.428571428571429,2.5727509827124,0.3111111111111111,True,-1,True,MEDIUM
2013-01-13,6,5,10,6.142857142857143,3.184785258515422,1.627906976744186,True,-1,True,MEDIUM
2013-01-14,6,5,11,6.571428571428571,3.505098327538656,1.673913043478261,True,-1,True,MEDIUM
2013-01-21,6,5,4,8.571428571428571,2.8199966227605557,0.4666666666666667,True,-1,True,MEDIUM
2013-01-27,6,5,14,7.571428571428571,2.507132682112033,1.849056603773585,True,-1,True,MEDIUM
2013-02-19,6,5,4,9.428571428571429,2.6367367999823075,0.42424242424242425,True,-1,True,MEDIUM
2013-02-28,6,5,15,9.142857142857142,2.5448360411214055,1.640625,True,-1,True,MEDIUM
2013-03-01,6,5,20,9.714285714285714,3.352326839390102,2.058823529411765,True,-1,True,MEDIUM
2013-03-02,6,5,5,11.428571428571429,4.99523582550223,0.4375,True,-1,True,MEDIUM
2013-03-18,6,5,5,11.142857142857142,2.478478796128208,0.44871794871794873,True,-1,True,MEDIUM
2013-04-27,6,5,18,9.571428571428571,3.207134902949095,1.8805970149253732,True,-1,True,MEDIUM
2013-04-28,6,5,21,10.857142857142858,4.488079449258575,1.9342105263157894,True,-1,True,MEDIUM
2013-05-22,6,5,6,14.571428571428571,2.99205296617238,0.4117647058823529,True,-1,True,MEDIUM
2013-05-29,6,5,3,11.0,2.581988897471626,0.2727272727272727,True,-1,True,HIGH
2013-06-01,6,5,20,10.571428571428571,3.5050983275386685,1.8918918918918919,True,-1,True,MEDIUM
2013-06-10,6,5,5,13.571428571428571,3.8668308667927214,0.3684210526315789,True,-1,True,MEDIUM
2013-06-12,6,5,24,12.857142857142858,4.525062483125564,1.8666666666666667,True,-1,True,MEDIUM
2013-07-02,6,5,26,14.571428571428571,2.7602622373694152,1.7843137254901962,True,-1,True,MEDIUM
2013-07-10,6,5,7,15.0,3.316624790355401,0.4666666666666667,True,-1,True,MEDIUM
2013-07-13,6,5,26,12.857142857142858,3.5790395093549727,2.022222222222222,True,-1,True,MEDIUM
2013-07-30,6,5,8,16.714285714285715,2.927700218845587,0.4786324786324786,True,-1,True,MEDIUM
2013-08-21,6,5,5,13.285714285714286,4.423960733486302,0.3763440860215054,True,-1,True,MEDIUM
2013-10-14,6,5,6,12.285714285714286,3.401680257083058,0.4883720930232558,True,-1,True,MEDIUM
2013-10-18,6,5,18,10.571428571428571,3.4572215654165257,1.7027027027027029,True,-1,True,MEDIUM
2013-10-30,6,5,7,14.285714285714286,2.8115408417381977,0.49,True,-1,True,MEDIUM
2013-11-18,6,5,4,11.857142857142858,2.115700942049841,0.3373493975903614,True,-1,True,MEDIUM
2013-11-23,6,5,20,9.714285714285714,3.3523268393901287,2.058823529411765,True,-1,True,MEDIUM
2013-11-24,6,5,19,11.285714285714286,5.089672082242826,1.6835443037974682,True,-1,True,MEDIUM
2013-12-03,6,5,4,11.0,3.4156502553198815,0.36363636363636365,True,-1,True,MEDIUM
2013-12-08,6,5,12,7.428571428571429,1.9880595947760618,1.6153846153846154,True,-1,True,MEDIUM
2013-12-22,6,5,12,7.428571428571429,1.9023794624227397,1.6153846153846154,True,-1,True,MEDIUM
2013-12-24,6,5,3,7.571428571428571,2.819996622760595,0.39622641509433965,True,-1,True,MEDIUM
2013-12-25,6,5,12,7.428571428571429,3.047247001100255,1.6153846153846154,True,-1,True,MEDIUM
2013-12-30,6,5,3,8.571428571428571,3.5050983275386813,0.35000000000000003,True,-1,True,MEDIUM
2014-01-06,6,5,3,7.142857142857143,2.6726124191242864,0.42,True,-1,True,MEDIUM
2014-01-12,6,5,15,7.285714285714286,2.2886885410853663,2.058823529411765,True,-1,True,MEDIUM
2014-01-20,6,5,2,9.714285714285714,2.9840847683606513,0.2058823529411765,True,-1,True,HIGH
2014-01-30,6,5,14,7.571428571428571,1.9023794624227357,1.849056603773585,True,-1,True,MEDIUM
2014-02-03,6,5,2,9.428571428571429,3.15473944286705,0.21212121212121213,True,-1,True,HIGH
2014-02-06,6,5,19,9.0,4.434711565216708,2.111111111111111,True,-1,True,MEDIUM
2014-02-12,6,5,5,12.428571428571429,3.309438162646501,0.40229885057471265,True,-1,True,MEDIUM
2014-02-19,6,5,16,8.285714285714286,3.199702367110948,1.9310344827586206,True,-1,True,MEDIUM
2014-02-24,6,5,4,9.428571428571429,4.11732691832712,0.42424242424242425,True,-1,True,MEDIUM
2014-02-27,6,5,21,8.142857142857142,3.1320159337915228,2.5789473684210527,True,-1,True,HIGH
2014-03-08,6,5,20,11.142857142857142,1.5735915849389215,1.794871794871795,True,-1,True,MEDIUM
2014-03-10,6,5,5,13.142857142857142,3.9761191895520285,0.3804347826086957,True,-1,True,MEDIUM
2014-03-30,6,5,25,10.714285714285714,1.3801311186847494,2.3333333333333335,True,-1,True,MEDIUM
2014-03-31,6,5,4,12.428571428571429,5.623081683476392,0.3218390804597701,True,-1,True,MEDIUM
2014-04-17,6,5,27,16.571428571428573,2.1491969707422443,1.629310344827586,True,-1,True,MEDIUM
2014-04-21,6,5,9,19.285714285714285,4.461475305855888,0.4666666666666667,True,-1,True,MEDIUM
2014-06-01,6,5,22,13.285714285714286,3.6384193323605936,1.6559139784946235,True,-1,True,MEDIUM
2014-06-13,6,5,25,15.571428571428571,1.2724180205607079,1.6055045871559632,True,-1,True,MEDIUM
2014-06-22,6,5,27,15.142857142857142,2.4102953780654897,1.7830188679245285,True,-1,True,MEDIUM
2014-07-16,6,5,9,18.714285714285715,4.461475305855875,0.4809160305343511,True,-1,True,MEDIUM
2014-07-23,6,5,27,14.857142857142858,3.4364987719369076,1.8173076923076923,True,-1,True,MEDIUM
2014-07-28,6,5,9,20.714285714285715,4.5721725585067015,0.43448275862068964,True,-1,True,MEDIUM
2014-08-17,6,5,25,14.714285714285714,3.1997023671109246,1.6990291262135924,True,-1,True,MEDIUM
2014-09-15,6,5,7,15.714285714285714,4.785891965429424,0.4454545454545455,True,-1,True,MEDIUM
2014-09-22,6,5,6,13.0,3.785938897200192,0.46153846153846156,True,-1,True,MEDIUM
2014-09-26,6,5,6,13.714285714285714,4.111540089159044,0.4375,True,-1,True,MEDIUM
2014-10-04,6,5,5,11.428571428571429,1.9880595947760415,0.4375,True,-1,True,MEDIUM
2014-10-27,6,5,3,14.0,4.281744192888384,0.21428571428571427,True,-1,True,HIGH
2014-11-03,6,5,18,10.428571428571429,3.735288603626378,1.726027397260274,True,-1,True,MEDIUM
2014-11-25,6,5,7,14.857142857142858,4.775931721614527,0.47115384615384615,True,-1,True,MEDIUM
2014-11-30,6,5,18,11.142857142857142,2.91138978431104,1.6153846153846154,True,-1,True,MEDIUM
2014-12-01,6,5,4,12.0,3.9157800414902666,0.3333333333333333,True,-1,True,MEDIUM
2014-12-11,6,5,4,9.571428571428571,1.3972762620116381,0.417910447761194,True,-1,True,MEDIUM
2014-12-12,6,5,14,8.714285714285714,2.497617912751174,1.6065573770491806,True,-1,True,MEDIUM
2015-01-09,6,5,16,9.142857142857142,1.4638501094228953,1.75,True,-1,True,MEDIUM
2015-01-26,6,5,15,9.142857142857142,2.115700942049882,1.640625,True,-1,True,MEDIUM
2015-01-28,6,5,5,10.571428571428571,2.636736799982353,0.47297297297297297,True,-1,True,MEDIUM
2015-02-06,6,5,19,10.428571428571429,1.3972762620116261,1.821917808219178,True,-1,True,MEDIUM
2015-02-12,6,5,4,12.142857142857142,4.6342410895626305,0.32941176470588235,True,-1,True,MEDIUM
2015-02-18,6,5,13,8.0,3.000000000000059,1.625,True,-1,True,MEDIUM
2015-02-19,6,5,3,8.714285714285714,3.545621041711718,0.34426229508196726,True,-1,True,MEDIUM
2015-02-23,6,5,2,8.571428571428571,2.9920529661724373,0.23333333333333334,True,-1,True,HIGH
2015-02-25,6,5,16,7.714285714285714,3.988077469754353,2.074074074074074,True,-1,True,MEDIUM
2015-03-24,6,5,5,12.857142857142858,3.8913824205360776,0.3888888888888889,True,-1,True,MEDIUM
2015-04-05,6,5,22,13.428571428571429,1.7182493859684673,1.6382978723404256,True,-1,True,MEDIUM
2015-04-20,6,5,10,20.571428571428573,3.9096949095439544,0.48611111111111105,True,-1,True,MEDIUM
2015-05-26,6,5,6,15.142857142857142,4.298393941484467,0.39622641509433965,True,-1,True,MEDIUM
2015-06-15,6,5,8,19.142857142857142,5.3984124650546,0.417910447761194,True,-1,True,MEDIUM
2015-06-24,6,5,8,17.857142857142858,3.8913824205360377,0.448,True,-1,True,MEDIUM
2015-08-14,6,5,6,17.428571428571427,4.9952358255022045,0.34426229508196726,True,-1,True,MEDIUM
2015-09-22,6,5,6,12.142857142857142,4.336994790119516,0.49411764705882355,True,-1,True,MEDIUM
2015-09-29,6,5,6,12.857142857142858,4.017817460121494,0.4666666666666667,True,-1,True,MEDIUM
2015-10-01,6,5,20,12.142857142857142,3.80475892484537,1.647058823529412,True,-1,True,MEDIUM
2015-10-13,6,5,5,13.285714285714286,2.7516228977511705,0.3763440860215054,True,-1,True,MEDIUM
2015-10-16,6,5,20,11.857142857142858,3.848314411469503,1.686746987951807,True,-1,True,MEDIUM
2015-10-18,6,5,23,13.142857142857142,5.2734735999646185,1.75,True,-1,True,MEDIUM
2015-11-08,6,5,27,14.714285714285714,3.9880774697542924,1.8349514563106797,True,-1,True,MEDIUM
2015-12-09,6,5,4,10.571428571428571,3.9520940802374387,0.3783783783783784,True,-1,True,MEDIUM
2015-12-16,6,5,3,11.0,3.214550253664342,0.2727272727272727,True,-1,True,HIGH
2015-12-21,6,5,3,9.571428571428571,4.276179870598821,0.31343283582089554,True,-1,True,MEDIUM
2015-12-26,6,5,14,7.571428571428571,3.1014589500826943,1.849056603773585,True,-1,True,MEDIUM
2016-01-05,6,5,5,10.428571428571429,1.9023794624227348,0.4794520547945205,True,-1,True,MEDIUM
2016-01-10,6,5,16,9.857142857142858,3.2366943748507855,1.6231884057971013,True,-1,True,MEDIUM
2016-01-23,6,5,15,9.142857142857142,1.5735915849389823,1.640625,True,-1,True,MEDIUM
2016-02-01,6,5,5,10.285714285714286,3.2513733362117594,0.48611111111111105,True,-1,True,MEDIUM
2016-02-09,6,5,4,11.714285714285714,2.4299715851758408,0.34146341463414637,True,-1,True,MEDIUM
2016-02-19,6,5,20,11.428571428571429,3.5050983275386725,1.75,True,-1,True,MEDIUM
2016-03-04,6,5,23,13.428571428571429,3.207134902949081,1.7127659574468084,True,-1,True,MEDIUM
2016-03-08,6,5,5,16.857142857142858,4.220133150686525,0.2966101694915254,True,-1,True,HIGH
2016-03-14,6,5,6,16.0,5.94418483337564,0.375,True,-1,True,MEDIUM
2016-03-15,6,5,7,14.285714285714286,6.921326600064597,0.49,True,-1,True,MEDIUM
2016-03-19,6,5,20,11.714285714285714,4.956957592256433,1.707317073170732,True,-1,True,MEDIUM
2016-04-02,6,5,22,13.285714285714286,3.1471831698777613,1.6559139784946235,True,-1,True,MEDIUM
2016-04-17,6,5,28,13.714285714285714,3.728908942943201,2.041666666666667,True,-1,True,MEDIUM
2016-04-19,6,5,7,15.285714285714286,6.42168943799799,0.45794392523364486,True,-1,True,MEDIUM
2016-05-01,6,5,26,15.857142857142858,3.0237157840737576,1.6396396396396395,True,-1,True,MEDIUM
2016-05-23,6,5,8,17.0,2.999999999999923,0.47058823529411764,True,-1,True,MEDIUM
2016-06-20,6,5,10,21.285714285714285,3.5923198500079545,0.46979865771812085,True,-1,True,MEDIUM
2016-07-03,6,5,36,19.142857142857142,3.6253078686997853,1.8805970149253732,True,-1,True,MEDIUM
2016-07-30,6,5,32,17.714285714285715,5.879747322073297,1.8064516129032258,True,-1,True,MEDIUM
2016-08-29,6,5,8,18.571428571428573,3.6903993847613714,0.43076923076923074,True,-1,True,MEDIUM
2016-09-05,6,5,8,16.142857142857142,4.450789122113464,0.49557522123893805,True,-1,True,MEDIUM
2016-09-30,6,5,27,14.571428571428571,4.894116973712502,1.8529411764705883,True,-1,True,MEDIUM
2016-10-03,6,5,8,19.0,7.95822425754218,0.42105263157894735,True,-1,True,MEDIUM
2016-10-21,6,5,7,15.428571428571429,2.9358214555806064,0.4537037037037037,True,-1,True,MEDIUM
2016-11-05,6,5,23,14.0,2.8867513459481233,1.6428571428571428,True,-1,True,MEDIUM
2016-12-06,6,5,16,9.857142857142858,1.9518001458971803,1.6231884057971013,True,-1,True,MEDIUM
2016-12-15,6,5,4,11.428571428571429,2.5727509827124533,0.35,True,-1,True,MEDIUM
2016-12-16,6,5,4,10.285714285714286,3.7733400639348202,0.38888888888888884,True,-1,True,MEDIUM
2016-12-23,6,5,15,7.857142857142857,3.236694374850849,1.9090909090909092,True,-1,True,MEDIUM
2016-12-28,6,5,14,8.0,3.6968455021365596,1.75,True,-1,True,MEDIUM
2017-01-01,6,5,5,10.285714285714286,3.728908942943269,0.48611111111111105,True,-1,True,MEDIUM
2017-01-07,6,5,24,9.714285714285714,3.199702367110993,2.4705882352941178,True,-1,True,MEDIUM
2017-01-08,6,5,5,11.142857142857142,6.229729031789754,0.44871794871794873,True,-1,True,MEDIUM
2017-01-15,6,5,18,9.285714285714286,3.8606685826113596,1.9384615384615382,True,-1,True,MEDIUM
2017-02-12,6,5,21,12.571428571428571,3.5989416433697667,1.6704545454545454,True,-1,True,MEDIUM
2017-02-17,6,5,7,14.285714285714286,4.070801956792852,0.49,True,-1,True,MEDIUM
2017-03-10,6,5,7,14.0,3.4156502553198616,0.5,True,-1,True,MEDIUM
2017-03-27,6,5,3,13.857142857142858,3.023715784073815,0.21649484536082472,True,-1,True,HIGH
2017-04-11,6,5,28,15.714285714285714,4.070801956792835,1.781818181818182,True,-1,True,MEDIUM
2017-04-17,6,5,7,20.857142857142858,5.843188953204958,0.3356164383561644,True,-1,True,MEDIUM
2017-05-20,6,5,31,16.857142857142858,3.236694374850702,1.8389830508474576,True,-1,True,MEDIUM
2017-07-21,6,5,33,18.714285714285715,4.029651999626614,1.7633587786259541,True,-1,True,MEDIUM
2017-08-12,6,5,24,13.714285714285714,4.750939756661683,1.75,True,-1,True,MEDIUM
2017-10-02,6,5,4,12.0,3.559026084010462,0.3333333333333333,True,-1,True,MEDIUM
2017-10-03,6,5,24,11.0,4.690415759823459,2.1818181818181817,True,-1,True,MEDIUM
2017-10-16,6,5,5,15.428571428571429,2.6367367999822764,0.32407407407407407,True,-1,True,MEDIUM
2017-11-25,6,5,26,14.714285714285714,4.386125310350246,1.766990291262136,True,-1,True,MEDIUM
2017-12-10,6,5,22,13.142857142857142,2.672612419124221,1.673913043478261,True,-1,True,MEDIUM
2017-12-19,6,5,6,14.0,3.5118845842842217,0.42857142857142855,True,-1,True,MEDIUM
2017-12-23,6,5,19,11.142857142857142,3.933978962347215,1.7051282051282053,True,-1,True,MEDIUM
2017-12-30,6,5,5,11.857142857142858,4.2201331506865705,0.4216867469879518,True,-1,True,MEDIUM
2013-12-08,6,6,54,27.714285714285715,7.454624643228303,1.9484536082474226,True,-1,True,MEDIUM
2014-03-02,6,6,59,30.571428571428573,10.277112805600906,1.9299065420560746,True,-1,True,MEDIUM
2016-04-03,6,6,75,43.285714285714285,12.592514783450834,1.7326732673267327,True,-1,True,MEDIUM
2017-10-16,6,6,25,51.857142857142854,16.283207827171502,0.48209366391184577,True,-1,True,MEDIUM
2014-03-02,6,7,60,32.714285714285715,5.376314900074607,1.8340611353711789,True,-1,True,MEDIUM
2017-12-09,6,7,65,35.0,8.944271909999664,1.8571428571428572,True,-1,True,MEDIUM
2013-03-24,6,8,79,43.57142857142857,11.207990347026893,1.8131147540983608,True,-1,True,MEDIUM
2016-05-05,6,8,100,62.0,15.02220578565837,1.6129032258064515,True,-1,True,MEDIUM
2013-01-12,6,9,38,21.428571428571427,3.552329886011101,1.7733333333333334,True,-1,True,MEDIUM
2015-03-06,6,9,52,29.0,5.7154760664941655,1.793103448275862,True,-1,True,MEDIUM
2015-05-17,6,9,68,40.42857142857143,10.097147168996774,1.6819787985865724,True,-1,True,MEDIUM
2013-03-03,6,10,56,34.285714285714285,11.36829341801553,1.6333333333333333,True,-1,True,MEDIUM
2013-12-30,6,10,14,34.285714285714285,10.094788848943669,0.4083333333333333,True,-1,True,MEDIUM
2014-01-26,6,10,58,34.714285714285715,4.855041562275671,1.6707818930041152,True,-1,True,MEDIUM
2015-04-04,6,10,94,52.142857142857146,10.97616465238145,1.8027397260273972,True,-1,True,MEDIUM
2017-01-22,6,10,70,39.57142857142857,10.50170054256499,1.7689530685920578,True,-1,True,MEDIUM
2013-12-15,6,11,57,30.571428571428573,6.704653678779963,1.8644859813084111,True,-1,True,MEDIUM
2015-03-01,6,11,67,39.42857142857143,4.995235825501883,1.6992753623188406,True,-1,True,MEDIUM
2016-10-30,6,11,86,51.42857142857143,6.399404734222203,1.672222222222222,True,-1,True,MEDIUM
2014-04-07,6,12,22,56.0,14.94434118097327,0.39285714285714285,True,-1,True,MEDIUM
2015-05-09,6,12,96,56.0,12.89702808143542,1.7142857142857142,True,-1,True,MEDIUM
2016-06-20,6,12,31,71.42857142857143,16.631868434395678,0.434,True,-1,True,MEDIUM
2014-03-01,6,13,74,46.142857142857146,4.488079449258732,1.6037151702786376,True,-1,True,MEDIUM
2014-11-09,6,14,80,44.0,10.230672835481911,1.8181818181818181,True,-1,True,MEDIUM
2015-03-14,6,14,59,35.285714285714285,6.395683067879481,1.6720647773279353,True,-1,True,MEDIUM
2016-07-23,6,14,93,57.142857142857146,6.41426980589859,1.6275,True,-1,True,MEDIUM
2017-03-12,6,14,72,39.857142857142854,7.244045173533325,1.806451612903226,True,-1,True,MEDIUM
2017-04-01,6,14,77,42.285714285714285,11.116268644263233,1.820945945945946,True,-1,True,MEDIUM
2013-04-14,6,15,95,57.857142857142854,11.625096005747931,1.6419753086419755,True,-1,True,MEDIUM
2013-11-03,6,15,92,53.857142857142854,10.854009572942257,1.7082228116710876,True,-1,True,MEDIUM
2014-03-01,6,15,77,44.714285714285715,7.2964440132227635,1.7220447284345048,True,-1,True,MEDIUM
2015-01-17,6,15,77,45.0,5.066228051190311,1.711111111111111,True,-1,True,MEDIUM
2015-12-13,6,15,71,44.142857142857146,15.442674330444973,1.6084142394822005,True,-1,True,MEDIUM
2017-12-16,6,15,84,52.142857142857146,4.525062483125618,1.6109589041095889,True,-1,True,MEDIUM
2013-01-15,6,16,14,8.428571428571429,2.8784916685156974,1.6610169491525424,True,-1,True,MEDIUM
2013-01-19,6,16,17,9.714285714285714,3.401680257083045,1.7500000000000002,True,-1,True,MEDIUM
2013-03-01,6,16,20,12.142857142857142,3.579039509354964,1.647058823529412,True,-1,True,MEDIUM
2013-03-06,6,16,6,14.571428571428571,3.9940431835899037,0.4117647058823529,True,-1,True,MEDIUM
2013-08-12,6,16,9,20.428571428571427,6.704653678780224,0.4405594405594406,True,-1,True,MEDIUM
2013-08-30,6,16,9,19.857142857142858,5.610364558225308,0.45323741007194246,True,-1,True,MEDIUM
2013-10-16,6,16,8,17.142857142857142,3.1320159337915165,0.4666666666666667,True,-1,True,MEDIUM
2013-10-23,6,16,26,13.142857142857142,4.180453381654984,1.9782608695652175,True,-1,True,MEDIUM
2013-10-29,6,16,9,18.714285714285715,4.231401884099648,0.4809160305343511,True,-1,True,MEDIUM
2013-11-08,6,16,25,13.714285714285714,2.360387377408357,1.8229166666666667,True,-1,True,MEDIUM
2013-12-02,6,16,6,16.857142857142858,5.014265364224079,0.3559322033898305,True,-1,True,MEDIUM
2013-12-11,6,16,2,14.857142857142858,4.561745697594711,0.1346153846153846,True,-1,True,HIGH
2013-12-30,6,16,4,11.285714285714286,4.151878519188055,0.35443037974683544,True,-1,True,MEDIUM
2014-01-13,6,16,6,13.714285714285714,3.545621041711677,0.4375,True,-1,True,MEDIUM
2014-02-14,6,16,7,14.714285714285714,3.6384193323605905,0.47572815533980584,True,-1,True,MEDIUM
2014-02-25,6,16,6,13.571428571428571,2.5071326821120388,0.4421052631578947,True,-1,True,MEDIUM
2014-03-10,6,16,8,17.285714285714285,4.715728494951269,0.4628099173553719,True,-1,True,MEDIUM
2014-03-16,6,16,8,17.0,6.271629240742269,0.47058823529411764,True,-1,True,MEDIUM
2014-05-04,6,16,35,19.571428571428573,7.457817885886454,1.7883211678832116,True,-1,True,MEDIUM
2014-05-16,6,16,33,20.0,3.2659863237109477,1.65,True,-1,True,MEDIUM
2014-10-18,6,16,28,16.142857142857142,2.8535691936340823,1.7345132743362832,True,-1,True,MEDIUM
2014-10-20,6,16,8,20.285714285714285,6.92132660006463,0.3943661971830986,True,-1,True,MEDIUM
2014-10-21,6,16,9,19.571428571428573,7.976154939508629,0.4598540145985401,True,-1,True,MEDIUM
2014-11-03,6,16,9,20.571428571428573,5.061526214398962,0.43749999999999994,True,-1,True,MEDIUM
2014-12-07,6,16,26,14.571428571428571,3.779644730092311,1.7843137254901962,True,-1,True,MEDIUM
2014-12-09,6,16,5,15.714285714285714,5.707138387268077,0.3181818181818182,True,-1,True,MEDIUM
2015-01-20,6,16,6,13.0,2.000000000000065,0.46153846153846156,True,-1,True,MEDIUM
2015-01-24,6,16,19,11.0,2.5819888974716583,1.7272727272727273,True,-1,True,MEDIUM
2015-01-25,6,16,19,11.714285714285714,3.9036002917941643,1.6219512195121952,True,-1,True,MEDIUM
2015-01-28,6,16,6,14.428571428571429,4.076646614442792,0.4158415841584158,True,-1,True,MEDIUM
2015-02-08,6,16,26,14.571428571428571,4.197504927816985,1.7843137254901962,True,-1,True,MEDIUM
2015-03-02,6,16,7,15.142857142857142,4.413183712037233,0.46226415094339623,True,-1,True,MEDIUM
2015-03-10,6,16,8,17.428571428571427,3.994043183589937,0.459016393442623,True,-1,True,MEDIUM
2015-03-22,6,16,30,14.714285714285714,3.7733400639347936,2.0388349514563107,True,-1,True,MEDIUM
2015-10-01,6,16,8,19.428571428571427,6.241184258807071,0.411764705882353,True,-1,True,MEDIUM
2015-10-04,6,16,33,15.428571428571429,4.276179870598784,2.138888888888889,True,-1,True,MEDIUM
2015-12-02,6,16,8,19.142857142857142,5.580578567035626,0.417910447761194,True,-1,True,MEDIUM
2015-12-07,6,16,7,14.571428571428571,3.5523298860111114,0.4803921568627451,True,-1,True,MEDIUM
2016-01-04,6,16,8,16.285714285714285,2.4976179127511444,0.4912280701754386,True,-1,True,MEDIUM
2016-01-26,6,16,5,14.857142857142858,5.080307452263486,0.3365384615384615,True,-1,True,MEDIUM
2016-01-30,6,16,21,11.714285714285714,3.817254061682111,1.7926829268292683,True,-1,True,MEDIUM
2016-02-08,6,16,6,12.857142857142858,2.9680841985233255,0.4666666666666667,True,-1,True,MEDIUM
2016-02-22,6,16,8,19.0,4.966554808583805,0.42105263157894735,True,-1,True,MEDIUM
2016-12-05,6,16,6,21.714285714285715,4.785891965429481,0.2763157894736842,True,-1,True,HIGH
2017-01-07,6,16,28,16.857142857142858,3.1320159337915308,1.6610169491525424,True,-1,True,MEDIUM
2017-01-28,6,16,28,14.285714285714286,4.889249625940767,1.96,True,-1,True,MEDIUM
2017-04-19,6,16,36,20.428571428571427,4.157609203101562,1.7622377622377623,True,-1,True,MEDIUM
2017-07-24,6,16,13,28.142857142857142,2.9680841985235733,0.4619289340101523,True,-1,True,MEDIUM
2013-01-09,6,17,7,14.714285714285714,3.352326839390103,0.47572815533980584,True,-1,True,MEDIUM
2013-01-22,6,17,18,11.142857142857142,2.968084198523315,1.6153846153846154,True,-1,True,MEDIUM
2013-01-24,6,17,22,12.571428571428571,3.552329886011096,1.75,True,-1,True,MEDIUM
2013-03-25,6,17,8,18.428571428571427,3.4572215654165013,0.434108527131783,True,-1,True,MEDIUM
2013-04-28,6,17,36,20.428571428571427,4.276179870598785,1.7622377622377623,True,-1,True,MEDIUM
2013-11-04,6,17,9,21.571428571428573,5.287001130355541,0.4172185430463576,True,-1,True,MEDIUM
2013-11-11,6,17,9,23.285714285714285,8.097618697581932,0.38650306748466257,True,-1,True,MEDIUM
2013-12-02,6,17,8,21.0,6.110100926607769,0.38095238095238093,True,-1,True,MEDIUM
2013-12-22,6,17,25,14.714285714285714,3.98807746975422,1.6990291262135924,True,-1,True,MEDIUM
2014-02-17,6,17,9,18.285714285714285,1.9760470401185972,0.4921875,True,-1,True,MEDIUM
2014-02-22,6,17,34,14.571428571428571,3.9096949095439006,2.3333333333333335,True,-1,True,MEDIUM
2014-02-23,6,17,35,17.142857142857142,8.375133261199885,2.0416666666666665,True,-1,True,MEDIUM
2014-03-17,6,17,11,22.857142857142858,3.287784027201877,0.48125,True,-1,True,MEDIUM
2014-12-01,6,17,11,28.142857142857142,4.2594432902502035,0.39086294416243655,True,-1,True,MEDIUM
2014-12-15,6,17,5,21.571428571428573,6.399404734221855,0.23178807947019867,True,-1,True,HIGH
2015-01-18,6,17,24,14.285714285714286,1.6035674514745102,1.68,True,-1,True,MEDIUM
2015-03-01,6,17,34,18.285714285714285,4.680252333449765,1.859375,True,-1,True,MEDIUM
2015-03-25,6,17,11,23.571428571428573,2.69920623252738,0.4666666666666666,True,-1,True,MEDIUM
2015-08-13,6,17,40,24.142857142857142,2.853569193634048,1.6568047337278107,True,-1,True,MEDIUM
2016-01-18,6,17,9,21.0,3.7859388972001886,0.42857142857142855,True,-1,True,MEDIUM
2016-02-21,6,17,35,20.0,4.434711565216681,1.75,True,-1,True,MEDIUM
2013-03-01,6,18,70,39.57142857142857,9.863352081605633,1.7689530685920578,True,-1,True,MEDIUM
2014-02-15,6,18,78,46.285714285714285,6.317021600783064,1.6851851851851851,True,-1,True,MEDIUM
2014-03-08,6,18,84,52.285714285714285,7.1580790187097625,1.6065573770491803,True,-1,True,MEDIUM
2014-03-30,6,18,83,49.857142857142854,8.933617621631331,1.664756446991404,True,-1,True,MEDIUM
2015-11-01,6,18,97,59.57142857142857,12.313368654395545,1.6282973621103118,True,-1,True,MEDIUM
2016-03-11,6,18,92,55.57142857142857,8.847921466972911,1.6555269922879179,True,-1,True,MEDIUM
2016-10-03,6,18,33,71.0,14.165686240583792,0.4647887323943662,True,-1,True,MEDIUM
2013-02-17,6,19,29,16.285714285714285,3.638419332360583,1.7807017543859651,True,-1,True,MEDIUM
2013-02-27,6,19,5,15.714285714285714,2.497617912751119,0.3181818181818182,True,-1,True,MEDIUM
2013-10-13,6,19,41,23.571428571428573,4.035556254807376,1.7393939393939393,True,-1,True,MEDIUM
2013-10-27,6,19,41,24.0,3.6514837167011938,1.7083333333333333,True,-1,True,MEDIUM
2014-02-16,6,19,30,18.428571428571427,0.975900072949227,1.6279069767441863,True,-1,True,MEDIUM
2014-05-11,6,19,57,33.142857142857146,10.574002260711099,1.7198275862068964,True,-1,True,MEDIUM
2014-11-28,6,19,59,32.0,5.196152422706622,1.84375,True,-1,True,MEDIUM
2014-12-03,6,19,15,32.857142857142854,13.508374827350265,0.4565217391304348,True,-1,True,MEDIUM
2014-12-14,6,19,41,22.571428571428573,2.99205296617262,1.8164556962025316,True,-1,True,MEDIUM
2015-12-21,6,19,10,24.428571428571427,8.017837257372788,0.40935672514619886,True,-1,True,MEDIUM
2016-02-01,6,19,33,17.857142857142858,3.976119189552234,1.8479999999999999,True,-1,True,MEDIUM
2016-03-20,6,19,52,28.571428571428573,5.318431562567565,1.8199999999999998,True,-1,True,MEDIUM
2017-11-22,6,19,16,35.285714285714285,10.889050857234,0.4534412955465587,True,-1,True,MEDIUM
2015-12-12,6,20,41,23.285714285714285,2.9840847683605465,1.7607361963190185,True,-1,True,MEDIUM
2016-10-02,6,20,56,32.42857142857143,4.577377082170653,1.7268722466960351,True,-1,True,MEDIUM
2017-01-14,6,20,44,24.428571428571427,3.9940431835899655,1.801169590643275,True,-1,True,MEDIUM
2013-01-23,6,21,26,15.428571428571429,2.636736799982311,1.6851851851851851,True,-1,True,MEDIUM
2013-03-01,6,21,43,19.142857142857142,5.113008619478086,2.246268656716418,True,-1,True,MEDIUM
2013-03-31,6,21,35,20.428571428571427,3.4572215654165337,1.7132867132867133,True,-1,True,MEDIUM
2014-01-13,6,21,9,20.142857142857142,5.6987885095159525,0.4468085106382979,True,-1,True,MEDIUM
2015-01-05,6,21,8,22.714285714285715,4.820590756131038,0.3522012578616352,True,-1,True,MEDIUM
2015-03-01,6,21,37,20.285714285714285,6.824326235712174,1.823943661971831,True,-1,True,MEDIUM
2015-09-20,6,21,52,30.428571428571427,3.952094080237445,1.7089201877934272,True,-1,True,MEDIUM
2017-12-29,6,21,40,21.428571428571427,6.996597812678818,1.8666666666666667,True,-1,True,MEDIUM
2013-01-20,6,22,57,34.142857142857146,5.7279598296010965,1.6694560669456064,True,-1,True,MEDIUM
2013-03-01,6,22,65,35.857142857142854,7.690439333539876,1.812749003984064,True,-1,True,MEDIUM
2013-03-02,6,22,67,40.57142857142857,13.125765283811623,1.6514084507042255,True,-1,True,MEDIUM
2014-12-01,6,22,32,64.42857142857143,16.761634196950556,0.4966740576496674,True,-1,True,MEDIUM
2013-01-18,6,23,18,11.0,2.160246899469287,1.6363636363636365,True,-1,True,MEDIUM
2013-01-20,6,23,21,12.428571428571429,2.9920529661723836,1.6896551724137931,True,-1,True,MEDIUM
2013-02-01,6,23,19,11.142857142857142,2.410295378065479,1.7051282051282053,True,-1,True,MEDIUM
2013-02-18,6,23,6,12.142857142857142,3.2366943748507486,0.49411764705882355,True,-1,True,MEDIUM
2013-03-03,6,23,27,14.0,3.316624790355403,1.9285714285714286,True,-1,True,MEDIUM
2013-03-28,6,23,24,13.428571428571429,3.64495737776375,1.7872340425531914,True,-1,True,MEDIUM
2013-10-03,6,23,8,20.0,6.683312551921153,0.4,True,-1,True,MEDIUM
2013-10-14,6,23,6,19.571428571428573,3.86683086679275,0.3065693430656934,True,-1,True,MEDIUM
2013-12-02,6,23,7,19.142857142857142,6.618876325292992,0.3656716417910448,True,-1,True,MEDIUM
2013-12-27,6,23,26,14.285714285714286,2.1380899352995635,1.8199999999999998,True,-1,True,MEDIUM
2014-01-14,6,23,4,15.142857142857142,3.8047589248454483,0.2641509433962264,True,-1,True,HIGH
2014-02-17,6,23,8,17.285714285714285,3.1997023671109868,0.4628099173553719,True,-1,True,MEDIUM
2014-02-22,6,23,8,16.285714285714285,5.765248931147359,0.4912280701754386,True,-1,True,MEDIUM
2014-03-15,6,23,32,17.142857142857142,3.9761191895520756,1.8666666666666667,True,-1,True,MEDIUM
2014-04-28,6,23,9,22.428571428571427,5.798193478924915,0.4012738853503185,True,-1,True,MEDIUM
2014-10-26,6,23,35,18.428571428571427,5.191568255583434,1.8992248062015507,True,-1,True,MEDIUM
2014-12-01,6,23,8,19.142857142857142,4.879500364742721,0.417910447761194,True,-1,True,MEDIUM
2014-12-04,6,23,8,17.714285714285715,6.473388749701554,0.45161290322580644,True,-1,True,MEDIUM
2014-12-15,6,23,7,17.142857142857142,4.670066788550744,0.4083333333333333,True,-1,True,MEDIUM
2015-01-05,6,23,7,16.0,1.632993161855767,0.4375,True,-1,True,MEDIUM
2015-01-16,6,23,23,14.0,3.0550504633041173,1.6428571428571428,True,-1,True,MEDIUM
2015-02-03,6,23,26,14.571428571428571,4.46680881081586,1.7843137254901962,True,-1,True,MEDIUM
2015-02-17,6,23,8,18.571428571428573,3.047247001100316,0.43076923076923074,True,-1,True,MEDIUM
2015-02-28,6,23,25,15.428571428571429,2.5071326821122595,1.6203703703703702,True,-1,True,MEDIUM
2015-03-12,6,23,34,19.0,2.3804761428477295,1.7894736842105263,True,-1,True,MEDIUM
2015-08-23,6,23,42,24.571428571428573,3.1014589500825576,1.7093023255813953,True,-1,True,MEDIUM
2015-10-25,6,23,32,17.571428571428573,3.5050983275387395,1.8211382113821137,True,-1,True,MEDIUM
2015-12-16,6,23,23,12.571428571428571,3.9520940802376163,1.8295454545454546,True,-1,True,MEDIUM
2015-12-23,6,23,7,16.0,5.715476066494169,0.4375,True,-1,True,MEDIUM
2016-02-22,6,23,8,17.714285714285715,5.02375310282023,0.45161290322580644,True,-1,True,MEDIUM
2016-09-06,6,23,11,25.428571428571427,9.727232269204158,0.43258426966292135,True,-1,True,MEDIUM
2016-10-09,6,23,42,20.428571428571427,3.994043183589914,2.0559440559440563,True,-1,True,MEDIUM
2016-10-22,6,23,39,20.571428571428573,4.27617987059879,1.8958333333333333,True,-1,True,MEDIUM
2016-12-05,6,23,8,23.285714285714285,3.0394235042347666,0.34355828220858897,True,-1,True,MEDIUM
2016-12-26,6,23,6,17.714285714285715,2.2886885410854823,0.3387096774193548,True,-1,True,MEDIUM
2017-01-03,6,23,28,16.0,3.5590260840105956,1.75,True,-1,True,MEDIUM
2017-01-23,6,23,7,15.142857142857142,4.74090608177296,0.46226415094339623,True,-1,True,MEDIUM
2017-01-29,6,23,27,13.0,4.123105625617891,2.076923076923077,True,-1,True,MEDIUM
2017-02-26,6,23,31,16.285714285714285,5.822779568622097,1.9035087719298247,True,-1,True,MEDIUM
2017-02-27,6,23,7,19.142857142857142,7.470577207252742,0.3656716417910448,True,-1,True,MEDIUM
2017-03-13,6,23,11,23.857142857142858,3.933978962347122,0.4610778443113772,True,-1,True,MEDIUM
2017-04-01,6,23,36,20.714285714285715,3.5923198500080566,1.7379310344827585,True,-1,True,MEDIUM
2014-03-02,6,24,63,34.42857142857143,8.482474930842978,1.829875518672199,True,-1,True,MEDIUM
2014-12-02,6,24,25,50.57142857142857,15.554818576646353,0.4943502824858757,True,-1,True,MEDIUM
2017-04-01,6,24,88,51.714285714285715,10.873734190152732,1.7016574585635358,True,-1,True,MEDIUM
2016-02-21,6,25,82,48.714285714285715,8.538428538364805,1.683284457478006,True,-1,True,MEDIUM
2017-04-02,6,25,95,58.142857142857146,14.747073963203349,1.633906633906634,True,-1,True,MEDIUM
2013-01-20,6,26,36,21.571428571428573,3.2071349029490848,1.6688741721854303,True,-1,True,MEDIUM
2013-02-01,6,26,35,20.571428571428573,3.2586880211286915,1.7013888888888888,True,-1,True,MEDIUM
2013-07-29,6,26,15,39.0,11.224972160321796,0.38461538461538464,True,-1,True,MEDIUM
2014-03-01,6,26,47,23.714285714285715,3.5923198500081024,1.9819277108433735,True,-1,True,MEDIUM
2015-12-03,6,26,18,37.285714285714285,14.545495129813467,0.4827586206896552,True,-1,True,MEDIUM
2016-04-10,6,26,76,43.0,5.88784057755156,1.7674418604651163,True,-1,True,MEDIUM
2016-04-11,6,26,20,46.857142857142854,13.885586909076546,0.426829268292683,True,-1,True,MEDIUM
2016-05-01,6,26,75,41.714285714285715,5.822779568621717,1.797945205479452,True,-1,True,MEDIUM
2013-01-08,6,27,13,7.571428571428571,2.9920529661723827,1.7169811320754718,True,-1,True,MEDIUM
2013-01-12,6,27,4,10.0,2.8867513459481295,0.4,True,-1,True,MEDIUM
2013-01-25,6,27,5,10.714285714285714,2.28868854108532,0.4666666666666667,True,-1,True,MEDIUM
2013-01-28,6,27,4,9.857142857142858,3.2366943748507486,0.40579710144927533,True,-1,True,MEDIUM
2013-01-29,6,27,16,8.714285714285714,3.728908942943217,1.836065573770492,True,-1,True,MEDIUM
2013-02-05,6,27,4,11.142857142857142,3.2366943748507504,0.358974358974359,True,-1,True,MEDIUM
2013-02-10,6,27,19,10.714285714285714,3.9036002917941337,1.7733333333333334,True,-1,True,MEDIUM
2013-02-18,6,27,4,9.857142857142858,2.5448360411214064,0.40579710144927533,True,-1,True,MEDIUM
2013-02-22,6,27,14,8.285714285714286,2.927700218845597,1.689655172413793,True,-1,True,MEDIUM
2013-02-23,6,27,16,8.857142857142858,3.625307868699861,1.8064516129032258,True,-1,True,MEDIUM
2013-02-28,6,27,4,9.571428571428571,3.9520940802374143,0.417910447761194,True,-1,True,MEDIUM
2013-03-01,6,27,20,9.142857142857142,4.4131837120372035,2.1875,True,-1,True,MEDIUM
2013-03-03,6,27,19,9.571428571428571,5.442338432975995,1.9850746268656716,True,-1,True,MEDIUM
2013-03-12,6,27,4,11.428571428571429,3.5523298860111012,0.35,True,-1,True,MEDIUM
2013-03-17,6,27,17,10.0,4.39696865275764,1.7,True,-1,True,MEDIUM
2013-03-24,6,27,5,14.285714285714286,3.093772546815398,0.35,True,-1,True,MEDIUM
2013-04-03,6,27,7,14.428571428571429,2.5727509827124124,0.48514851485148514,True,-1,True,MEDIUM
2013-04-04,6,27,29,13.428571428571429,3.8234863173611173,2.1595744680851063,True,-1,True,MEDIUM
2013-04-21,6,27,27,14.0,3.1622776601683937,1.9285714285714286,True,-1,True,MEDIUM
2013-05-08,6,27,23,14.0,3.0000000000000187,1.6428571428571428,True,-1,True,MEDIUM
2013-05-13,6,27,7,17.0,4.966554808583788,0.4117647058823529,True,-1,True,MEDIUM
2013-06-02,6,27,30,13.571428571428571,2.6367367999823252,2.210526315789474,True,-1,True,MEDIUM
2013-06-30,6,27,32,15.714285714285714,3.0394235042348576,2.0363636363636366,True,-1,True,MEDIUM
2013-07-17,6,27,8,18.428571428571427,4.117326918327111,0.434108527131783,True,-1,True,MEDIUM
2013-07-22,6,27,6,15.714285714285714,4.38612531035028,0.38181818181818183,True,-1,True,MEDIUM
2013-08-24,6,27,27,15.714285714285714,3.352326839390117,1.7181818181818183,True,-1,True,MEDIUM
2013-09-01,6,27,24,14.714285714285714,2.3603873774083493,1.6310679611650487,True,-1,True,MEDIUM
2013-09-04,6,27,6,15.571428571428571,4.429339411136576,0.3853211009174312,True,-1,True,MEDIUM
2013-09-14,6,27,23,13.857142857142858,3.0783421635988724,1.6597938144329896,True,-1,True,MEDIUM
2013-09-15,6,27,29,14.714285714285714,4.572172558506733,1.970873786407767,True,-1,True,MEDIUM
2013-10-17,6,27,24,13.0,3.511884584284264,1.8461538461538463,True,-1,True,MEDIUM
2013-11-05,6,27,6,13.428571428571429,3.5523298860111137,0.44680851063829785,True,-1,True,MEDIUM
2013-11-23,6,27,26,13.0,2.886751345948149,2.0,True,-1,True,MEDIUM
2013-11-25,6,27,7,15.142857142857142,5.871642911161284,0.46226415094339623,True,-1,True,MEDIUM
2013-12-13,6,27,19,11.285714285714286,1.9760470401187538,1.6835443037974682,True,-1,True,MEDIUM
2013-12-17,6,27,5,11.428571428571429,4.237025012007969,0.4375,True,-1,True,MEDIUM
2013-12-20,6,27,18,10.857142857142858,5.4291979588324715,1.657894736842105,True,-1,True,MEDIUM
2013-12-30,6,27,4,10.714285714285714,1.704336206492754,0.37333333333333335,True,-1,True,MEDIUM
2014-01-13,6,27,4,10.714285714285714,3.251373336211758,0.37333333333333335,True,-1,True,MEDIUM
2014-01-15,6,27,14,8.0,2.768874620972747,1.75,True,-1,True,MEDIUM
2014-01-24,6,27,4,9.857142857142858,3.933978962347247,0.40579710144927533,True,-1,True,MEDIUM
2014-01-26,6,27,16,8.285714285714286,3.545621041711715,1.9310344827586206,True,-1,True,MEDIUM
2014-01-30,6,27,19,9.285714285714286,4.029651999626704,2.046153846153846,True,-1,True,MEDIUM
2014-02-03,6,27,6,12.0,4.242640687119306,0.5,True,-1,True,MEDIUM
2014-04-01,6,27,7,15.857142857142858,4.0590873945002155,0.44144144144144143,True,-1,True,MEDIUM
2014-04-25,6,27,7,16.428571428571427,4.276179870598797,0.42608695652173917,True,-1,True,MEDIUM
2014-04-30,6,27,27,14.428571428571429,4.685336802448791,1.8712871287128712,True,-1,True,MEDIUM
2014-05-01,6,27,29,16.285714285714285,6.651172470932873,1.7807017543859651,True,-1,True,MEDIUM
2014-07-10,6,27,33,18.428571428571427,3.952094080237409,1.7906976744186047,True,-1,True,MEDIUM
2014-08-16,6,27,31,17.0,5.385164807134505,1.8235294117647058,True,-1,True,MEDIUM
2014-08-20,6,27,9,20.428571428571427,5.769377287516746,0.4405594405594406,True,-1,True,MEDIUM
2014-09-20,6,27,25,14.571428571428571,3.552329886011129,1.715686274509804,True,-1,True,MEDIUM
2014-10-21,6,27,26,14.857142857142858,3.804758924845401,1.75,True,-1,True,MEDIUM
2014-11-03,6,27,8,17.142857142857142,2.6726124191242455,0.4666666666666667,True,-1,True,MEDIUM
2014-11-26,6,27,7,14.857142857142858,2.5448360411214566,0.47115384615384615,True,-1,True,MEDIUM
2014-12-07,6,27,6,14.428571428571429,3.5050983275386987,0.4158415841584158,True,-1,True,MEDIUM
2015-01-05,6,27,2,11.571428571428571,3.823486317361187,0.1728395061728395,True,-1,True,HIGH
2015-01-10,6,27,17,9.857142857142858,5.610364558225361,1.7246376811594202,True,-1,True,MEDIUM
2015-02-04,6,27,6,12.857142857142858,2.1157009420499286,0.4666666666666667,True,-1,True,MEDIUM
2015-02-18,6,27,6,13.285714285714286,3.988077469754361,0.45161290322580644,True,-1,True,MEDIUM
2015-02-28,6,27,7,14.142857142857142,2.5448360411214783,0.494949494949495,True,-1,True,MEDIUM
2015-03-16,6,27,7,14.428571428571429,2.370453040886478,0.48514851485148514,True,-1,True,MEDIUM
2015-05-25,6,27,9,19.714285714285715,4.151878519188051,0.45652173913043476,True,-1,True,MEDIUM
2015-06-07,6,27,32,18.0,3.316624790355401,1.7777777777777777,True,-1,True,MEDIUM
2015-07-27,6,27,10,24.714285714285715,3.7289089429431446,0.40462427745664736,True,-1,True,MEDIUM
2015-08-15,6,27,30,17.428571428571427,3.909694909544015,1.7213114754098362,True,-1,True,MEDIUM
2015-09-01,6,27,9,20.571428571428573,5.769377287516746,0.43749999999999994,True,-1,True,MEDIUM
2015-09-21,6,27,8,16.428571428571427,4.613644360558629,0.48695652173913045,True,-1,True,MEDIUM
2015-10-23,6,27,27,15.0,2.309401076758574,1.8,True,-1,True,MEDIUM
2015-12-03,6,27,7,18.285714285714285,5.765248931147309,0.3828125,True,-1,True,MEDIUM
2015-12-10,6,27,4,10.571428571428571,1.902379462422958,0.3783783783783784,True,-1,True,MEDIUM
2015-12-12,6,27,16,9.714285714285714,2.6276913640614397,1.647058823529412,True,-1,True,MEDIUM
2015-12-20,6,27,19,11.285714285714286,2.2146697055684954,1.6835443037974682,True,-1,True,MEDIUM
2015-12-21,6,27,5,12.428571428571429,3.644957377763842,0.40229885057471265,True,-1,True,MEDIUM
2016-01-07,6,27,5,11.857142857142858,2.4102953780656575,0.4216867469879518,True,-1,True,MEDIUM
2016-01-31,6,27,18,11.0,3.1091263510297655,1.6363636363636365,True,-1,True,MEDIUM
2016-02-28,6,27,28,14.285714285714286,3.0394235042349367,1.96,True,-1,True,MEDIUM
2016-03-16,6,27,6,16.428571428571427,2.878491668515743,0.3652173913043479,True,-1,True,MEDIUM
2016-03-28,6,27,8,17.285714285714285,3.6384193323606047,0.4628099173553719,True,-1,True,MEDIUM
2016-05-31,6,27,8,20.285714285714285,6.183695920571689,0.3943661971830986,True,-1,True,MEDIUM
2016-08-08,6,27,10,21.428571428571427,3.3094381626464218,0.4666666666666667,True,-1,True,MEDIUM
2016-11-19,6,27,33,18.142857142857142,4.298393941484491,1.8188976377952757,True,-1,True,MEDIUM
2016-11-27,6,27,36,18.714285714285715,3.7289089429432187,1.9236641221374045,True,-1,True,MEDIUM
2016-12-23,6,27,25,11.285714285714286,2.8115408417384278,2.2151898734177213,True,-1,True,MEDIUM
2016-12-26,6,27,7,14.714285714285714,5.936168397046695,0.47572815533980584,True,-1,True,MEDIUM
2017-02-11,6,27,25,15.142857142857142,3.184785258515514,1.650943396226415,True,-1,True,MEDIUM
2017-02-15,6,27,7,15.857142857142858,4.879500364742712,0.44144144144144143,True,-1,True,MEDIUM
2017-04-03,6,27,8,17.0,5.228129047119398,0.47058823529411764,True,-1,True,MEDIUM
2017-04-05,6,27,8,16.714285714285715,5.7071383872680785,0.4786324786324786,True,-1,True,MEDIUM
2017-04-08,6,27,29,15.285714285714286,6.575568054403807,1.8971962616822429,True,-1,True,MEDIUM
2017-04-17,6,27,9,19.142857142857142,5.727959829601075,0.4701492537313433,True,-1,True,MEDIUM
2017-04-23,6,27,35,17.714285714285715,5.313952882562592,1.975806451612903,True,-1,True,MEDIUM
2017-07-01,6,27,37,20.571428571428573,4.995235825502173,1.798611111111111,True,-1,True,MEDIUM
2017-08-15,6,27,30,18.714285714285715,2.4976179127510862,1.6030534351145038,True,-1,True,MEDIUM
2017-08-28,6,27,9,21.571428571428573,5.50324579550229,0.4172185430463576,True,-1,True,MEDIUM
2017-09-18,6,27,8,19.285714285714285,4.535573676110705,0.41481481481481486,True,-1,True,MEDIUM
2017-12-03,6,27,9,18.857142857142858,1.6761634196950037,0.47727272727272724,True,-1,True,MEDIUM
2014-06-08,6,28,114,69.57142857142857,9.23502649079659,1.6386036960985626,True,-1,True,MEDIUM
2015-03-01,6,28,83,50.285714285714285,9.911513266807283,1.6505681818181819,True,-1,True,MEDIUM
2014-03-02,6,29,67,40.857142857142854,12.928374110570038,1.63986013986014,True,-1,True,MEDIUM
2014-04-13,6,29,86,53.142857142857146,7.174690967295386,1.618279569892473,True,-1,True,MEDIUM
2014-12-02,6,29,22,52.142857142857146,15.910463762658136,0.42191780821917807,True,-1,True,MEDIUM
2015-11-29,6,29,95,52.42857142857143,9.466733735510257,1.8119891008174387,True,-1,True,MEDIUM
2017-02-25,6,29,73,45.57142857142857,4.859943170351466,1.6018808777429467,True,-1,True,MEDIUM
2013-01-31,6,30,24,14.142857142857142,2.911389784311003,1.696969696969697,True,-1,True,MEDIUM
2013-02-21,6,30,8,17.714285714285715,4.820590756130959,0.45161290322580644,True,-1,True,MEDIUM
2013-12-09,6,30,9,19.142857142857142,3.18478525851545,0.4701492537313433,True,-1,True,MEDIUM
2013-12-28,6,30,31,18.142857142857142,2.968084198523342,1.7086614173228347,True,-1,True,MEDIUM
2013-12-31,6,30,8,21.857142857142858,5.367450401216956,0.3660130718954248,True,-1,True,MEDIUM
2014-02-02,6,30,41,22.428571428571427,3.6903993847614784,1.8280254777070064,True,-1,True,MEDIUM
2014-12-15,6,30,10,21.0,4.00000000000003,0.47619047619047616,True,-1,True,MEDIUM
2015-01-12,6,30,9,20.428571428571427,4.117326918327124,0.4405594405594406,True,-1,True,MEDIUM
2015-01-16,6,30,9,19.428571428571427,5.968169536721261,0.4632352941176471,True,-1,True,MEDIUM
2015-01-18,6,30,37,17.857142857142858,6.986381310057707,2.072,True,-1,True,MEDIUM
2015-02-15,6,30,41,21.428571428571427,5.533448076836715,1.9133333333333336,True,-1,True,MEDIUM
2016-03-04,6,30,48,26.428571428571427,8.715066319448256,1.8162162162162163,True,-1,True,MEDIUM
2016-12-05,6,30,12,24.857142857142858,3.436498771937041,0.48275862068965514,True,-1,True,MEDIUM
2017-01-24,6,30,12,27.142857142857142,9.118270512704605,0.4421052631578947,True,-1,True,MEDIUM
2017-02-25,6,30,36,21.142857142857142,1.7728105208559968,1.7027027027027029,True,-1,True,MEDIUM
2017-12-10,6,30,46,23.714285714285715,6.156684327197732,1.9397590361445782,True,-1,True,MEDIUM
2013-03-11,6,31,12,31.857142857142858,8.914941978285148,0.37668161434977576,True,-1,True,MEDIUM
2013-07-07,6,31,76,41.142857142857146,7.603257447273775,1.847222222222222,True,-1,True,MEDIUM
2013-10-13,6,31,58,31.142857142857142,4.980915960897428,1.8623853211009174,True,-1,True,MEDIUM
2014-02-06,6,31,53,28.714285714285715,6.290582530372484,1.845771144278607,True,-1,True,MEDIUM
2016-09-24,6,31,84,51.142857142857146,7.967194642795621,1.6424581005586592,True,-1,True,MEDIUM
2014-03-01,6,32,45,23.571428571428573,3.1014589500823933,1.909090909090909,True,-1,True,MEDIUM
2015-01-19,6,32,9,23.285714285714285,4.231401884099369,0.38650306748466257,True,-1,True,MEDIUM
2015-01-25,6,32,35,19.0,7.0710678118652535,1.8421052631578947,True,-1,True,MEDIUM
2015-05-03,6,32,66,35.714285714285715,6.775305299745715,1.8479999999999999,True,-1,True,MEDIUM
2015-06-13,6,32,60,34.285714285714285,8.280786712108261,1.75,True,-1,True,MEDIUM
2016-01-17,6,32,42,23.571428571428573,3.4572215654160323,1.7818181818181817,True,-1,True,MEDIUM
2016-01-31,6,32,44,24.428571428571427,9.324826054805413,1.801169590643275,True,-1,True,MEDIUM
2017-04-08,6,32,62,34.57142857142857,6.051367417290659,1.7933884297520661,True,-1,True,MEDIUM
2014-04-06,6,33,86,49.714285714285715,11.025943432261439,1.7298850574712643,True,-1,True,MEDIUM
2015-07-03,6,33,112,65.0,12.138094304022244,1.7230769230769232,True,-1,True,MEDIUM
2013-01-08,6,34,5,11.857142857142858,4.845223470201398,0.4216867469879518,True,-1,True,MEDIUM
2013-01-20,6,34,20,11.857142857142858,2.4102953780654803,1.686746987951807,True,-1,True,MEDIUM
2013-01-31,6,34,21,12.142857142857142,3.9339789623472163,1.7294117647058824,True,-1,True,MEDIUM
2013-02-04,6,34,6,14.571428571428571,5.380741673076395,0.4117647058823529,True,-1,True,MEDIUM
2013-02-05,6,34,6,14.142857142857142,5.984105932344765,0.42424242424242425,True,-1,True,MEDIUM
2013-02-14,6,34,19,11.571428571428571,3.457221565416505,1.6419753086419753,True,-1,True,MEDIUM
2013-02-25,6,34,5,10.428571428571429,2.439750182371329,0.4794520547945205,True,-1,True,MEDIUM
2013-03-01,6,34,19,11.285714285714286,3.4982989063393686,1.6835443037974682,True,-1,True,MEDIUM
2013-03-10,6,34,25,14.428571428571429,3.7352886036263584,1.7326732673267327,True,-1,True,MEDIUM
2013-03-15,6,34,8,17.857142857142858,3.484660262185851,0.448,True,-1,True,MEDIUM
2013-03-18,6,34,5,14.285714285714286,3.147183169877773,0.35,True,-1,True,MEDIUM
2013-03-22,6,34,17,10.428571428571429,3.35942171894424,1.6301369863013697,True,-1,True,MEDIUM
2013-03-23,6,34,20,11.714285714285714,3.94606494769518,1.707317073170732,True,-1,True,MEDIUM
2013-04-06,6,34,27,14.285714285714286,2.9840847683606326,1.89,True,-1,True,MEDIUM
2013-08-23,6,34,33,17.428571428571427,6.241184258807052,1.8934426229508199,True,-1,True,MEDIUM
2013-09-02,6,34,9,20.571428571428573,4.117326918327087,0.43749999999999994,True,-1,True,MEDIUM
2013-10-20,6,34,25,13.142857142857142,3.078342163598864,1.9021739130434783,True,-1,True,MEDIUM
2013-10-28,6,34,6,17.285714285714285,5.992058236095665,0.34710743801652894,True,-1,True,MEDIUM
2013-12-02,6,34,8,16.0,3.829708431025348,0.5,True,-1,True,MEDIUM
2013-12-03,6,34,7,15.571428571428571,4.5773770821706306,0.44954128440366975,True,-1,True,MEDIUM
2013-12-04,6,34,4,13.285714285714286,4.231401884099626,0.3010752688172043,True,-1,True,MEDIUM
2013-12-06,6,34,18,10.571428571428571,5.094347941825422,1.7027027027027029,True,-1,True,MEDIUM
2013-12-10,6,34,18,10.142857142857142,4.8107023544236345,1.7746478873239437,True,-1,True,MEDIUM
2013-12-17,6,34,6,12.857142857142858,3.579039509354956,0.4666666666666667,True,-1,True,MEDIUM
2013-12-19,6,34,18,11.142857142857142,3.579039509354956,1.6153846153846154,True,-1,True,MEDIUM
2013-12-20,6,34,19,11.857142857142858,4.413183712037199,1.6024096385542168,True,-1,True,MEDIUM
2013-12-22,6,34,19,11.714285714285714,5.250850271282597,1.6219512195121952,True,-1,True,MEDIUM
2013-12-23,6,34,6,13.142857142857142,5.727959829601092,0.4565217391304348,True,-1,True,MEDIUM
2013-12-28,6,34,22,11.285714285714286,4.715728494951251,1.9493670886075949,True,-1,True,MEDIUM
2014-01-16,6,34,25,10.285714285714286,1.7994708216848645,2.4305555555555554,True,-1,True,MEDIUM
2014-02-17,6,34,7,15.571428571428571,4.577377082170627,0.44954128440366975,True,-1,True,MEDIUM
2014-03-02,6,34,24,13.857142857142858,2.544836041121395,1.7319587628865978,True,-1,True,MEDIUM
2014-03-06,6,34,7,14.714285714285714,4.785891965429416,0.47572815533980584,True,-1,True,MEDIUM
2014-04-06,6,34,39,16.714285714285715,1.7994708216848532,2.333333333333333,True,-1,True,MEDIUM
2014-05-03,6,34,34,18.285714285714285,2.751622897751159,1.859375,True,-1,True,MEDIUM
2014-07-20,6,34,38,20.428571428571427,4.577377082170627,1.8601398601398602,True,-1,True,MEDIUM
2014-11-02,6,34,31,16.285714285714285,5.056820005836477,1.9035087719298247,True,-1,True,MEDIUM
2014-11-16,6,34,28,17.0,2.9439202887758675,1.6470588235294117,True,-1,True,MEDIUM
2014-11-29,6,34,32,17.285714285714285,3.728908942943162,1.8512396694214877,True,-1,True,MEDIUM
2014-12-01,6,34,7,19.428571428571427,6.972736021035607,0.3602941176470589,True,-1,True,MEDIUM
2014-12-08,6,34,4,15.0,4.830458915396404,0.26666666666666666,True,-1,True,HIGH
2014-12-20,6,34,8,16.285714285714285,6.79985994253519,0.4912280701754386,True,-1,True,MEDIUM
2014-12-29,6,34,7,14.142857142857142,4.525062483125472,0.494949494949495,True,-1,True,MEDIUM
2015-01-01,6,34,6,12.142857142857142,3.5321651258384588,0.49411764705882355,True,-1,True,MEDIUM
2015-01-10,6,34,19,11.571428571428571,4.035556254807155,1.6419753086419753,True,-1,True,MEDIUM
2015-01-19,6,34,4,13.0,3.4156502553197265,0.3076923076923077,True,-1,True,MEDIUM
2015-01-27,6,34,7,14.857142857142858,4.488079449258493,0.47115384615384615,True,-1,True,MEDIUM
2015-02-02,6,34,6,13.428571428571429,4.79086432205923,0.44680851063829785,True,-1,True,MEDIUM
2015-03-01,6,34,27,10.571428571428571,2.6367367999820623,2.554054054054054,True,-1,True,HIGH
2015-03-24,6,34,9,18.428571428571427,5.061526214398915,0.48837209302325585,True,-1,True,MEDIUM
2015-04-15,6,34,10,22.571428571428573,3.82348631736117,0.4430379746835443,True,-1,True,MEDIUM
2015-06-01,6,34,11,24.428571428571427,3.8668308667928355,0.45029239766081874,True,-1,True,MEDIUM
2015-09-29,6,34,8,17.714285714285715,1.8898223650459751,0.45161290322580644,True,-1,True,MEDIUM
2015-10-01,6,34,29,15.857142857142858,3.8913824205359364,1.8288288288288288,True,-1,True,MEDIUM
2015-10-20,6,34,8,21.714285714285715,3.773340063934805,0.3684210526315789,True,-1,True,MEDIUM
2015-12-01,6,34,9,23.428571428571427,5.191568255583433,0.38414634146341464,True,-1,True,MEDIUM
2015-12-26,6,34,22,11.571428571428571,1.9880595947755217,1.9012345679012346,True,-1,True,MEDIUM
2015-12-27,6,34,22,13.0,4.4347115652165074,1.6923076923076923,True,-1,True,MEDIUM
2016-01-14,6,34,7,14.857142857142858,3.5790395093547955,0.47115384615384615,True,-1,True,MEDIUM
2016-01-24,6,34,18,10.428571428571429,3.7352886036260626,1.726027397260274,True,-1,True,MEDIUM
2016-01-25,6,34,22,10.428571428571429,3.7352886036260626,2.1095890410958904,True,-1,True,MEDIUM
2016-01-29,6,34,6,13.857142857142858,5.080307452263336,0.43298969072164945,True,-1,True,MEDIUM
2016-02-08,6,34,6,16.142857142857142,4.450789122113394,0.37168141592920356,True,-1,True,MEDIUM
2016-04-17,6,34,36,19.714285714285715,7.931252228038258,1.826086956521739,True,-1,True,MEDIUM
2016-06-05,6,34,49,25.142857142857142,9.099973835650582,1.9488636363636365,True,-1,True,MEDIUM
2016-09-06,6,34,8,24.142857142857142,3.4846602621860185,0.33136094674556216,True,-1,True,MEDIUM
2016-11-21,6,34,9,23.0,8.717797887081407,0.391304347826087,True,-1,True,MEDIUM
2016-12-07,6,34,7,18.0,3.2659863237108944,0.3888888888888889,True,-1,True,MEDIUM
2016-12-12,6,34,3,17.285714285714285,6.019808571549016,0.17355371900826447,True,-1,True,HIGH
2017-01-01,6,34,24,14.285714285714286,3.147183169877617,1.68,True,-1,True,MEDIUM
2017-01-17,6,34,7,14.428571428571429,3.408672412985254,0.48514851485148514,True,-1,True,MEDIUM
2017-01-30,6,34,8,17.714285714285715,3.8172540616820942,0.45161290322580644,True,-1,True,MEDIUM
2017-02-04,6,34,23,13.714285714285714,3.4503277967116115,1.6770833333333335,True,-1,True,MEDIUM
2017-02-05,6,34,28,14.428571428571429,4.755948656056612,1.9405940594059405,True,-1,True,MEDIUM
2017-12-24,6,34,27,15.142857142857142,3.716116764785958,1.7830188679245285,True,-1,True,MEDIUM
2014-11-28,6,35,80,48.714285714285715,7.158079018709966,1.6422287390029324,True,-1,True,MEDIUM
2014-12-02,6,35,24,53.0,14.988884770611417,0.4528301886792453,True,-1,True,MEDIUM
2013-06-16,6,36,92,55.857142857142854,13.259318376505012,1.647058823529412,True,-1,True,MEDIUM
2017-03-04,6,36,92,57.42857142857143,9.897089519266864,1.6019900497512438,True,-1,True,MEDIUM
2013-01-09,6,37,23,13.0,4.546060565661952,1.7692307692307692,True,-1,True,MEDIUM
2013-01-27,6,37,23,11.571428571428571,3.2586880211286915,1.9876543209876543,True,-1,True,MEDIUM
2013-05-06,6,37,7,20.142857142857142,5.304984179322039,0.3475177304964539,True,-1,True,MEDIUM
2013-11-09,6,37,33,18.714285714285715,2.4299715851757617,1.7633587786259541,True,-1,True,MEDIUM
2013-12-20,6,37,21,13.0,3.4156502553197687,1.6153846153846154,True,-1,True,MEDIUM
2014-01-25,6,37,21,13.0,2.886751345948013,1.6153846153846154,True,-1,True,MEDIUM
2014-03-31,6,37,6,20.142857142857142,5.047394424471931,0.2978723404255319,True,-1,True,HIGH
2014-11-08,6,37,34,19.285714285714285,2.563479777846551,1.762962962962963,True,-1,True,MEDIUM
2014-12-07,6,37,33,17.142857142857142,4.05908739450015,1.925,True,-1,True,MEDIUM
2015-01-09,6,37,27,13.714285714285714,3.683941988064956,1.96875,True,-1,True,MEDIUM
2015-02-22,6,37,36,15.0,3.999999999999931,2.4,True,-1,True,MEDIUM
2015-03-29,6,37,33,18.0,2.943920288775883,1.8333333333333333,True,-1,True,MEDIUM
2015-12-12,6,37,28,16.714285714285715,3.545621041711692,1.675213675213675,True,-1,True,MEDIUM
2015-12-30,6,37,9,19.571428571428573,6.55380660016613,0.4598540145985401,True,-1,True,MEDIUM
2016-01-01,6,37,5,16.714285714285715,7.994045402971016,0.29914529914529914,True,-1,True,HIGH
2016-01-09,6,37,7,14.285714285714286,2.7516228977511905,0.49,True,-1,True,MEDIUM
2016-01-14,6,37,23,12.571428571428571,3.457221565416515,1.8295454545454546,True,-1,True,MEDIUM
2016-01-24,6,37,26,14.571428571428571,2.2253945610567705,1.7843137254901962,True,-1,True,MEDIUM
2016-01-25,6,37,4,16.285714285714285,4.820590756130971,0.2456140350877193,True,-1,True,HIGH
2016-02-07,6,37,31,18.142857142857142,3.6253078686998896,1.7086614173228347,True,-1,True,MEDIUM
2016-03-21,6,37,11,23.571428571428573,2.507132682112133,0.4666666666666666,True,-1,True,MEDIUM
2016-05-01,6,37,44,24.285714285714285,6.26403186758303,1.811764705882353,True,-1,True,MEDIUM
2016-05-21,6,37,34,20.428571428571427,2.8784916685157595,1.6643356643356644,True,-1,True,MEDIUM
2016-11-03,6,37,33,18.142857142857142,4.059087394500275,1.8188976377952757,True,-1,True,MEDIUM
2017-05-15,6,37,12,28.428571428571427,9.846440014156466,0.4221105527638191,True,-1,True,MEDIUM
2017-05-27,6,37,50,25.857142857142858,6.38823323067689,1.9337016574585635,True,-1,True,MEDIUM
2013-02-03,6,38,59,34.57142857142857,4.39155032826839,1.706611570247934,True,-1,True,MEDIUM
2013-11-30,6,38,81,48.285714285714285,9.58669713221212,1.6775147928994083,True,-1,True,MEDIUM
2016-04-02,6,38,93,55.857142857142854,10.172324733126947,1.6649616368286446,True,-1,True,MEDIUM
2017-01-06,6,38,80,43.285714285714285,7.27356596895635,1.8481848184818481,True,-1,True,MEDIUM
2017-03-04,6,38,93,57.142857142857146,12.798809468443622,1.6275,True,-1,True,MEDIUM
2013-01-22,6,39,9,19.857142857142858,4.336994790119521,0.45323741007194246,True,-1,True,MEDIUM
2013-01-28,6,39,9,21.142857142857142,6.986381310057724,0.4256756756756757,True,-1,True,MEDIUM
2013-11-17,6,39,47,27.571428571428573,11.559370554621355,1.704663212435233,True,-1,True,MEDIUM
2013-12-02,6,39,8,26.428571428571427,4.995235825502192,0.3027027027027027,True,-1,True,MEDIUM
2013-12-09,6,39,9,19.285714285714285,7.250615737399706,0.4666666666666667,True,-1,True,MEDIUM
2014-01-26,6,39,31,18.714285714285715,2.497617912751075,1.6564885496183206,True,-1,True,MEDIUM
2014-12-01,6,39,13,32.857142857142854,4.0999419275792395,0.3956521739130435,True,-1,True,MEDIUM
2015-01-07,6,39,34,19.714285714285715,3.039423504234728,1.7246376811594202,True,-1,True,MEDIUM
2013-01-14,6,40,5,12.428571428571429,2.6367367999823093,0.40229885057471265,True,-1,True,MEDIUM
2013-01-25,6,40,19,11.571428571428571,3.309438162646485,1.6419753086419753,True,-1,True,MEDIUM
2013-01-30,6,40,4,13.857142857142858,3.9339789623472194,0.28865979381443296,True,-1,True,HIGH
2013-02-02,6,40,17,10.428571428571429,3.952094080237415,1.6301369863013697,True,-1,True,MEDIUM
2013-02-04,6,40,5,11.142857142857142,4.670066788550654,0.44871794871794873,True,-1,True,MEDIUM
2013-02-06,6,40,22,10.571428571428571,5.126959555693246,2.081081081081081,True,-1,True,MEDIUM
2013-02-12,6,40,6,14.0,3.9581140290126444,0.42857142857142855,True,-1,True,MEDIUM
2013-02-15,6,40,22,12.857142857142858,4.413183712037208,1.711111111111111,True,-1,True,MEDIUM
2013-02-20,6,40,7,15.428571428571429,5.126959555693251,0.4537037037037037,True,-1,True,MEDIUM
2013-02-23,6,40,20,11.571428571428571,4.353433237386439,1.7283950617283952,True,-1,True,MEDIUM
2013-03-01,6,40,28,15.142857142857142,5.014265364224075,1.849056603773585,True,-1,True,MEDIUM
2013-03-26,6,40,8,16.571428571428573,5.593363414414833,0.48275862068965514,True,-1,True,MEDIUM
2013-04-06,6,40,33,17.857142857142858,2.9680841985233304,1.8479999999999999,True,-1,True,MEDIUM
2013-07-29,6,40,12,26.285714285714285,2.7516228977512034,0.4565217391304348,True,-1,True,MEDIUM
2013-09-02,6,40,8,21.428571428571427,3.3094381626464977,0.37333333333333335,True,-1,True,MEDIUM
2013-09-22,6,40,32,16.142857142857142,4.561745697594707,1.9823008849557522,True,-1,True,MEDIUM
2013-10-19,6,40,31,15.285714285714286,4.785891965429417,2.02803738317757,True,-1,True,MEDIUM
2013-10-20,6,40,32,17.714285714285715,7.543524501502061,1.8064516129032258,True,-1,True,MEDIUM
2013-11-18,6,40,9,21.0,4.434711565216698,0.42857142857142855,True,-1,True,MEDIUM
2013-11-30,6,40,35,19.142857142857142,5.209880722517279,1.828358208955224,True,-1,True,MEDIUM
2013-12-02,6,40,9,20.571428571428573,7.828519290754435,0.43749999999999994,True,-1,True,MEDIUM
2013-12-03,6,40,9,20.0,8.582928793055824,0.45,True,-1,True,MEDIUM
2013-12-04,6,40,9,19.428571428571427,9.235026490796566,0.4632352941176471,True,-1,True,MEDIUM
2013-12-22,6,40,23,12.142857142857142,4.059087394500217,1.8941176470588237,True,-1,True,MEDIUM
2013-12-30,6,40,7,14.714285714285714,3.6839419880650466,0.47572815533980584,True,-1,True,MEDIUM
2014-01-30,6,40,6,14.142857142857142,2.734262327610596,0.42424242424242425,True,-1,True,MEDIUM
2014-02-09,6,40,24,13.857142857142858,3.5321651258386133,1.7319587628865978,True,-1,True,MEDIUM
2014-02-18,6,40,5,16.571428571428573,3.644957377763741,0.3017241379310345,True,-1,True,MEDIUM
2014-02-27,6,40,8,20.142857142857142,4.180453381654982,0.3971631205673759,True,-1,True,MEDIUM
2014-03-21,6,40,5,18.285714285714285,3.4982989063393823,0.2734375,True,-1,True,HIGH
2014-06-02,6,40,10,22.0,4.320493798938589,0.45454545454545453,True,-1,True,MEDIUM
2014-09-18,6,40,35,21.857142857142858,1.9518001458970515,1.6013071895424835,True,-1,True,MEDIUM
2014-12-22,6,40,7,16.285714285714285,4.2314018840995935,0.4298245614035088,True,-1,True,MEDIUM
2014-12-28,6,40,7,15.571428571428571,5.318431562567477,0.44954128440366975,True,-1,True,MEDIUM
2015-01-07,6,40,4,13.714285714285714,2.8115408417381134,0.2916666666666667,True,-1,True,HIGH
2015-01-19,6,40,8,17.285714285714285,3.592319850008019,0.4628099173553719,True,-1,True,MEDIUM
2015-01-28,6,40,6,14.571428571428571,2.5727509827123245,0.4117647058823529,True,-1,True,MEDIUM
2015-02-09,6,40,7,17.714285714285715,4.535573676110699,0.3951612903225806,True,-1,True,MEDIUM
2015-02-21,6,40,29,16.857142857142858,3.532165125838569,1.7203389830508473,True,-1,True,MEDIUM
2015-03-30,6,40,10,20.142857142857142,3.804758924845357,0.49645390070921985,True,-1,True,MEDIUM
2015-04-06,6,40,11,23.857142857142858,8.85867882227314,0.4610778443113772,True,-1,True,MEDIUM
2015-10-11,6,40,34,17.428571428571427,3.309438162646444,1.9508196721311477,True,-1,True,MEDIUM
2015-12-01,6,40,11,26.857142857142858,2.6095064302515283,0.4095744680851064,True,-1,True,MEDIUM
2015-12-02,6,40,9,25.142857142857142,6.542898731412857,0.35795454545454547,True,-1,True,MEDIUM
2016-01-17,6,40,24,14.0,3.741657386773885,1.7142857142857142,True,-1,True,MEDIUM
2016-02-25,6,40,27,15.142857142857142,2.6095064302514026,1.7830188679245285,True,-1,True,MEDIUM
2016-02-26,6,40,7,16.714285714285715,5.219012860502927,0.41880341880341876,True,-1,True,MEDIUM
2016-10-30,6,40,33,18.714285714285715,3.773340063934819,1.7633587786259541,True,-1,True,MEDIUM
2016-12-01,6,40,6,23.0,5.09901951359285,0.2608695652173913,True,-1,True,HIGH
2016-12-06,6,40,3,19.0,6.480740698407892,0.15789473684210525,True,-1,True,HIGH
2017-01-29,6,40,29,15.857142857142858,4.180453381655003,1.8288288288288288,True,-1,True,MEDIUM
2017-02-13,6,40,7,18.857142857142858,5.58057856703564,0.3712121212121212,True,-1,True,MEDIUM
2017-02-17,6,40,29,15.428571428571429,5.682051943243257,1.8796296296296295,True,-1,True,MEDIUM
2017-02-19,6,40,30,17.0,7.6594168620507235,1.7647058823529411,True,-1,True,MEDIUM
2017-09-17,6,40,43,25.142857142857142,3.848314411469497,1.7102272727272727,True,-1,True,MEDIUM
2017-10-10,6,40,11,24.142857142857142,3.2366943748507224,0.4556213017751479,True,-1,True,MEDIUM
2013-01-09,6,41,4,9.714285714285714,2.8702082220799303,0.411764705882353,True,-1,True,MEDIUM
2013-01-12,6,41,15,8.571428571428571,3.6449573777637343,1.75,True,-1,True,MEDIUM
2013-01-19,6,41,4,8.857142857142858,3.4364987719368973,0.45161290322580644,True,-1,True,MEDIUM
2013-01-20,6,41,14,7.285714285714286,2.5634797778466214,1.9215686274509804,True,-1,True,MEDIUM
2013-02-08,6,41,23,9.285714285714286,2.288688541085319,2.4769230769230766,True,-1,True,MEDIUM
2013-02-13,6,41,6,12.428571428571429,5.318431562567509,0.48275862068965514,True,-1,True,MEDIUM
2013-02-19,6,41,5,11.0,3.696845502136473,0.45454545454545453,True,-1,True,MEDIUM
2013-02-20,6,41,16,9.714285714285714,4.029651999626673,1.647058823529412,True,-1,True,MEDIUM
2013-03-07,6,41,18,10.571428571428571,2.9920529661723836,1.7027027027027029,True,-1,True,MEDIUM
2013-03-25,6,41,5,10.857142857142858,2.9680841985233193,0.4605263157894737,True,-1,True,MEDIUM
2013-04-16,6,41,27,12.714285714285714,3.450327796711771,2.1235955056179776,True,-1,True,MEDIUM
2013-04-27,6,41,23,12.714285714285714,4.535573676110727,1.808988764044944,True,-1,True,MEDIUM
2013-05-19,6,41,29,13.428571428571429,4.157609203101505,2.1595744680851063,True,-1,True,MEDIUM
2013-05-25,6,41,8,16.714285714285715,6.6008657440845315,0.4786324786324786,True,-1,True,MEDIUM
2013-06-24,6,41,7,17.0,4.320493798938579,0.4117647058823529,True,-1,True,MEDIUM
2013-09-03,6,41,6,15.0,2.000000000000007,0.4,True,-1,True,MEDIUM
2013-10-03,6,41,6,14.142857142857142,4.140393356054125,0.42424242424242425,True,-1,True,MEDIUM
2013-10-04,6,41,24,13.285714285714286,5.154748157905347,1.8064516129032258,True,-1,True,MEDIUM
2013-10-07,6,41,7,14.142857142857142,6.51737604225738,0.494949494949495,True,-1,True,MEDIUM
2013-10-12,6,41,23,11.428571428571429,2.878491668515697,2.0124999999999997,True,-1,True,MEDIUM
2013-10-27,6,41,20,12.428571428571429,2.370453040886408,1.6091954022988506,True,-1,True,MEDIUM
2013-10-28,6,41,5,13.714285714285714,3.5923198500080575,0.36458333333333337,True,-1,True,MEDIUM
2013-11-02,6,41,23,12.857142857142858,5.209880722517278,1.7888888888888888,True,-1,True,MEDIUM
2013-11-22,6,41,27,14.285714285714286,4.1115400891590355,1.89,True,-1,True,MEDIUM
2013-12-12,6,41,4,10.285714285714286,2.0586634591635224,0.38888888888888884,True,-1,True,MEDIUM
2013-12-14,6,41,17,9.857142857142858,2.9680841985232966,1.7246376811594202,True,-1,True,MEDIUM
2013-12-20,6,41,5,10.0,3.6055512754639714,0.5,True,-1,True,MEDIUM
2013-12-24,6,41,17,9.142857142857142,2.968084198523294,1.859375,True,-1,True,MEDIUM
2014-01-08,6,41,6,12.285714285714286,2.138089935299377,0.4883720930232558,True,-1,True,MEDIUM
2014-01-20,6,41,4,10.857142857142858,2.6095064302514572,0.3684210526315789,True,-1,True,MEDIUM
2014-02-08,6,41,19,10.857142857142858,1.772810520855803,1.75,True,-1,True,MEDIUM
2014-02-20,6,41,4,12.571428571428571,3.6903993847614265,0.3181818181818182,True,-1,True,MEDIUM
2014-02-22,6,41,19,10.714285714285714,5.023753102820154,1.7733333333333334,True,-1,True,MEDIUM
2014-02-24,6,41,21,11.142857142857142,5.273473599964609,1.8846153846153848,True,-1,True,MEDIUM
2014-03-08,6,41,21,13.0,2.828427124746171,1.6153846153846154,True,-1,True,MEDIUM
2014-03-23,6,41,8,17.857142857142858,3.579039509354965,0.448,True,-1,True,MEDIUM
2014-07-28,6,41,7,20.0,7.724420150837654,0.35,True,-1,True,MEDIUM
2014-09-08,6,41,5,18.0,5.5677643628300135,0.2777777777777778,True,-1,True,HIGH
2014-09-18,6,41,8,16.428571428571427,4.961758520831836,0.48695652173913045,True,-1,True,MEDIUM
2014-10-17,6,41,31,16.857142857142858,2.478478796128168,1.8389830508474576,True,-1,True,MEDIUM
2014-10-25,6,41,27,13.714285714285714,4.151878519187998,1.96875,True,-1,True,MEDIUM
2014-10-28,6,41,7,15.285714285714286,5.79408565447804,0.45794392523364486,True,-1,True,MEDIUM
2014-11-10,6,41,5,16.571428571428573,5.883795341363207,0.3017241379310345,True,-1,True,MEDIUM
2014-11-18,6,41,9,18.857142857142858,4.2594432902501635,0.47727272727272724,True,-1,True,MEDIUM
2014-12-02,6,41,7,15.714285714285714,2.8115408417381365,0.4454545454545455,True,-1,True,MEDIUM
2014-12-29,6,41,2,12.285714285714286,3.6384193323604905,0.1627906976744186,True,-1,True,HIGH
2015-01-01,6,41,6,12.0,5.131601439446815,0.5,True,-1,True,MEDIUM
2015-01-03,6,41,18,11.0,5.567764362829948,1.6363636363636365,True,-1,True,MEDIUM
2015-01-19,6,41,5,10.857142857142858,3.338091841584996,0.4605263157894737,True,-1,True,MEDIUM
2015-01-22,6,41,16,9.714285714285714,4.231401884099519,1.647058823529412,True,-1,True,MEDIUM
2015-01-25,6,41,14,8.571428571428571,3.6903993847612973,1.6333333333333333,True,-1,True,MEDIUM
2015-01-29,6,41,18,11.142857142857142,3.387652649872721,1.6153846153846154,True,-1,True,MEDIUM
2015-02-02,6,41,6,13.428571428571429,3.3094381626463973,0.44680851063829785,True,-1,True,MEDIUM
2015-02-11,6,41,7,14.0,3.109126351029519,0.5,True,-1,True,MEDIUM
2015-02-23,6,41,4,10.571428571428571,3.309438162646356,0.3783783783783784,True,-1,True,MEDIUM
2015-02-26,6,41,16,10.0,3.4156502553197323,1.6,True,-1,True,MEDIUM
2015-03-01,6,41,22,10.142857142857142,3.625307868699739,2.1690140845070425,True,-1,True,MEDIUM
2015-03-09,6,41,8,16.857142857142858,3.7161167647859963,0.4745762711864407,True,-1,True,MEDIUM
2015-03-26,6,41,7,16.857142857142858,3.48466026218581,0.4152542372881356,True,-1,True,MEDIUM
2015-04-13,6,41,9,21.142857142857142,3.760699023168061,0.4256756756756757,True,-1,True,MEDIUM
2015-04-26,6,41,32,17.142857142857142,3.236694374850715,1.8666666666666667,True,-1,True,MEDIUM
2015-05-08,6,41,30,15.0,3.109126351029538,2.0,True,-1,True,MEDIUM
2015-06-28,6,41,33,19.285714285714285,2.927700218845602,1.7111111111111112,True,-1,True,MEDIUM
2015-07-31,6,41,33,18.714285714285715,3.9036002917941075,1.7633587786259541,True,-1,True,MEDIUM
2015-08-12,6,41,8,19.714285714285715,2.5634797778466076,0.40579710144927533,True,-1,True,MEDIUM
2015-08-30,6,41,34,17.428571428571427,6.7046536787801765,1.9508196721311477,True,-1,True,MEDIUM
2015-09-14,6,41,7,18.857142857142858,5.113008619478055,0.3712121212121212,True,-1,True,MEDIUM
2015-09-27,6,41,33,14.714285714285714,4.309458036856589,2.242718446601942,True,-1,True,MEDIUM
2015-10-05,6,41,8,17.857142857142858,3.9761191895519703,0.448,True,-1,True,MEDIUM
2015-10-19,6,41,5,13.285714285714286,3.4016802570829006,0.3763440860215054,True,-1,True,MEDIUM
2015-11-27,6,41,7,18.142857142857142,4.561745697594667,0.38582677165354334,True,-1,True,MEDIUM
2015-12-12,6,41,22,11.857142857142858,3.3876526498726713,1.855421686746988,True,-1,True,MEDIUM
2016-01-07,6,41,20,12.0,2.0816659994658577,1.6666666666666667,True,-1,True,MEDIUM
2016-01-13,6,41,5,12.714285714285714,3.8606685826111593,0.39325842696629215,True,-1,True,MEDIUM
2016-01-18,6,41,16,7.714285714285714,2.4299715851754646,2.074074074074074,True,-1,True,MEDIUM
2016-01-30,6,41,17,10.571428571428571,3.1014589500824115,1.6081081081081081,True,-1,True,MEDIUM
2016-01-31,6,41,21,11.0,3.785938897200016,1.9090909090909092,True,-1,True,MEDIUM
2016-02-13,6,41,19,11.142857142857142,3.132015933791295,1.7051282051282053,True,-1,True,MEDIUM
2016-02-14,6,41,24,12.0,4.320493798938443,2.0,True,-1,True,MEDIUM
2016-02-26,6,41,17,10.571428571428571,2.149196970741933,1.6081081081081081,True,-1,True,MEDIUM
2016-02-27,6,41,20,11.285714285714286,3.2513733362115396,1.7721518987341771,True,-1,True,MEDIUM
2016-03-07,6,41,5,17.571428571428573,4.035556254807255,0.2845528455284553,True,-1,True,HIGH
2016-03-24,6,41,25,14.428571428571429,3.69039938476134,1.7326732673267327,True,-1,True,MEDIUM
2016-05-24,6,41,34,19.857142857142858,3.5321651258386035,1.7122302158273381,True,-1,True,MEDIUM
2016-10-02,6,41,30,18.285714285714285,2.28868854108526,1.640625,True,-1,True,MEDIUM
2016-10-07,6,41,7,20.857142857142858,5.209880722517271,0.3356164383561644,True,-1,True,MEDIUM
2016-10-16,6,41,24,13.285714285714286,4.151878519187982,1.8064516129032258,True,-1,True,MEDIUM
2016-11-19,6,41,32,16.0,1.9999999999998757,2.0,True,-1,True,MEDIUM
2016-12-12,6,41,6,13.0,1.8257418583503608,0.46153846153846156,True,-1,True,MEDIUM
2016-12-29,6,41,6,15.428571428571429,3.50509832753858,0.3888888888888889,True,-1,True,MEDIUM
2017-01-09,6,41,6,13.571428571428571,3.4086724129852866,0.4421052631578947,True,-1,True,MEDIUM
2017-01-13,6,41,19,11.0,4.242640687119185,1.7272727272727273,True,-1,True,MEDIUM
2017-01-14,6,41,21,11.857142857142858,5.209880722517201,1.7710843373493974,True,-1,True,MEDIUM
2017-01-23,6,41,6,12.285714285714286,3.199702367110802,0.4883720930232558,True,-1,True,MEDIUM
2017-02-09,6,41,7,15.571428571428571,4.649628761422468,0.44954128440366975,True,-1,True,MEDIUM
2017-02-22,6,41,21,12.142857142857142,4.298393941484391,1.7294117647058824,True,-1,True,MEDIUM
2017-03-05,6,41,23,13.571428571428571,2.699206232527183,1.694736842105263,True,-1,True,MEDIUM
2017-03-13,6,41,8,18.142857142857142,4.4131837120371475,0.4409448818897638,True,-1,True,MEDIUM
2017-04-01,6,41,25,14.714285714285714,3.9036002917940458,1.6990291262135924,True,-1,True,MEDIUM
2017-04-02,6,41,31,15.714285714285714,5.46852465522112,1.9727272727272729,True,-1,True,MEDIUM
2017-10-09,6,41,8,16.0,3.915780041490146,0.5,True,-1,True,MEDIUM
2017-10-17,6,41,9,21.571428571428573,3.457221565416451,0.4172185430463576,True,-1,True,MEDIUM
2017-11-06,6,41,7,19.142857142857142,5.814595756329349,0.3656716417910448,True,-1,True,MEDIUM
2017-12-20,6,41,19,10.571428571428571,2.7602622373691914,1.7972972972972974,True,-1,True,MEDIUM
2017-12-23,6,41,18,11.0,3.829708431025195,1.6363636363636365,True,-1,True,MEDIUM
2017-12-24,6,41,21,12.285714285714286,4.498677054212065,1.7093023255813953,True,-1,True,MEDIUM
2013-03-09,6,42,30,18.428571428571427,2.992052966172387,1.6279069767441863,True,-1,True,MEDIUM
2013-04-06,6,42,42,25.857142857142858,2.794552524023073,1.6243093922651934,True,-1,True,MEDIUM
2013-04-28,6,42,34,20.428571428571427,3.3094381626464604,1.6643356643356644,True,-1,True,MEDIUM
2013-11-10,6,42,50,24.714285714285715,4.785891965429408,2.0231213872832368,True,-1,True,MEDIUM
2013-12-12,6,42,7,17.714285714285715,7.36465173909089,0.3951612903225806,True,-1,True,MEDIUM
2013-12-13,6,42,27,15.571428571428571,8.059303999253284,1.7339449541284404,True,-1,True,MEDIUM
2014-01-27,6,42,7,20.0,5.773502691896207,0.35,True,-1,True,MEDIUM
2014-02-03,6,42,26,14.428571428571429,4.649628761422423,1.801980198019802,True,-1,True,MEDIUM
2014-02-10,6,42,8,21.714285714285715,2.6276913640611226,0.3684210526315789,True,-1,True,MEDIUM
2014-12-01,6,42,12,27.285714285714285,3.683941988065033,0.4397905759162304,True,-1,True,MEDIUM
2014-12-15,6,42,9,19.285714285714285,2.811540841738104,0.4666666666666667,True,-1,True,MEDIUM
2015-01-10,6,42,25,15.285714285714286,2.4976179127509663,1.6355140186915886,True,-1,True,MEDIUM
2015-11-15,6,42,47,27.142857142857142,2.9113897843110115,1.731578947368421,True,-1,True,MEDIUM
2016-01-06,6,42,8,20.714285714285715,6.15668432719771,0.38620689655172413,True,-1,True,MEDIUM
2016-11-27,6,42,54,30.714285714285715,5.186980037050691,1.7581395348837208,True,-1,True,MEDIUM
2017-01-05,6,42,37,20.285714285714285,3.946064947695393,1.823943661971831,True,-1,True,MEDIUM
2017-01-29,6,42,32,18.857142857142858,2.6095064302518187,1.696969696969697,True,-1,True,MEDIUM
2017-10-24,6,42,13,29.0,9.626352718795808,0.4482758620689655,True,-1,True,MEDIUM
2013-01-30,6,43,9,20.285714285714285,4.423960733486298,0.44366197183098594,True,-1,True,MEDIUM
2013-12-02,6,43,12,34.857142857142854,8.59124692984223,0.34426229508196726,True,-1,True,MEDIUM
2014-02-21,6,43,41,23.285714285714285,4.029651999626574,1.7607361963190185,True,-1,True,MEDIUM
2014-09-21,6,43,68,40.0,4.760952285695233,1.7,True,-1,True,MEDIUM
2015-01-18,6,43,41,23.714285714285715,3.5456210417118292,1.7289156626506024,True,-1,True,MEDIUM
2015-04-03,6,43,60,37.142857142857146,4.140393356054106,1.6153846153846152,True,-1,True,MEDIUM
2016-03-04,6,43,61,31.571428571428573,7.50238057457198,1.932126696832579,True,-1,True,MEDIUM
2016-04-03,6,43,65,37.42857142857143,7.390470053998435,1.7366412213740456,True,-1,True,MEDIUM
2016-05-15,6,43,80,48.42857142857143,7.412987316350934,1.6519174041297935,True,-1,True,MEDIUM
2017-03-04,6,43,75,37.714285714285715,8.280786712108306,1.9886363636363635,True,-1,True,MEDIUM
2013-01-26,6,44,17,9.857142857142858,2.478478796128206,1.7246376811594202,True,-1,True,MEDIUM
2013-01-27,6,44,19,11.285714285714286,3.302235894778246,1.6835443037974682,True,-1,True,MEDIUM
2013-02-13,6,44,6,15.142857142857142,4.059087394500209,0.39622641509433965,True,-1,True,MEDIUM
2013-03-01,6,44,23,13.142857142857142,3.4846602621858485,1.75,True,-1,True,MEDIUM
2013-04-01,6,44,9,18.714285714285715,3.8172540616821196,0.4809160305343511,True,-1,True,MEDIUM
2013-07-22,6,44,9,24.857142857142858,4.298393941484504,0.3620689655172414,True,-1,True,MEDIUM
2013-11-18,6,44,8,22.0,2.16024689946931,0.36363636363636365,True,-1,True,MEDIUM
2013-12-01,6,44,8,19.0,5.887840577551888,0.42105263157894735,True,-1,True,MEDIUM
2013-12-08,6,44,21,12.142857142857142,3.023715784073716,1.7294117647058824,True,-1,True,MEDIUM
2013-12-19,6,44,7,14.428571428571429,3.9096949095439446,0.48514851485148514,True,-1,True,MEDIUM
2013-12-22,6,44,22,12.428571428571429,4.720774754816595,1.7701149425287357,True,-1,True,MEDIUM
2014-01-09,6,44,8,16.0,3.872983346207374,0.5,True,-1,True,MEDIUM
2014-02-22,6,44,23,13.428571428571429,1.39727626201136,1.7127659574468084,True,-1,True,MEDIUM
2014-03-01,6,44,28,16.857142857142858,3.5790395093549217,1.6610169491525424,True,-1,True,MEDIUM
2014-03-17,6,44,8,19.857142857142858,3.9761191895520067,0.4028776978417266,True,-1,True,MEDIUM
2014-03-24,6,44,5,16.142857142857142,6.229729031789699,0.3097345132743363,True,-1,True,MEDIUM
2014-03-29,6,44,28,14.857142857142858,7.581305327988708,1.8846153846153846,True,-1,True,MEDIUM
2014-04-06,6,44,36,19.857142857142858,5.580578567035598,1.8129496402877698,True,-1,True,MEDIUM
2014-06-02,6,44,10,28.0,4.4721359549996675,0.35714285714285715,True,-1,True,MEDIUM
2014-09-08,6,44,10,25.428571428571427,4.503966505838456,0.39325842696629215,True,-1,True,MEDIUM
2014-11-24,6,44,8,27.142857142857142,3.6709931185158826,0.2947368421052632,True,-1,True,HIGH
2014-12-08,6,44,6,17.571428571428573,4.429339411136502,0.3414634146341463,True,-1,True,MEDIUM
2014-12-28,6,44,31,16.857142857142858,4.879500364742599,1.8389830508474576,True,-1,True,MEDIUM
2015-01-01,6,44,4,18.428571428571427,6.5791879655253656,0.2170542635658915,True,-1,True,HIGH
2015-02-22,6,44,25,12.857142857142858,2.9113897843108054,1.9444444444444444,True,-1,True,MEDIUM
2015-07-27,6,44,12,29.428571428571427,4.035556254807428,0.4077669902912622,True,-1,True,MEDIUM
2015-10-18,6,44,42,20.571428571428573,5.3807416730763835,2.0416666666666665,True,-1,True,MEDIUM
2015-12-09,6,44,24,13.571428571428571,3.359421718944107,1.768421052631579,True,-1,True,MEDIUM
2015-12-24,6,44,26,13.428571428571429,2.572750982712227,1.9361702127659575,True,-1,True,MEDIUM
2015-12-28,6,44,8,16.428571428571427,5.159365040297792,0.48695652173913045,True,-1,True,MEDIUM
2016-09-04,6,44,47,25.857142857142858,3.716116764786087,1.8176795580110496,True,-1,True,MEDIUM
2016-11-21,6,44,12,27.285714285714285,8.53842853836481,0.4397905759162304,True,-1,True,MEDIUM
2016-12-29,6,44,7,20.142857142857142,2.968084198523203,0.3475177304964539,True,-1,True,MEDIUM
2017-01-20,6,44,34,19.714285714285715,3.5923198500079474,1.7246376811594202,True,-1,True,MEDIUM
2017-01-23,6,44,7,21.857142857142858,6.4142698058981535,0.3202614379084967,True,-1,True,MEDIUM
2017-09-04,6,44,14,29.571428571428573,3.101458950082829,0.47342995169082125,True,-1,True,MEDIUM
2013-03-03,6,45,72,33.285714285714285,8.57737888701605,2.163090128755365,True,-1,True,MEDIUM
2015-01-17,6,45,62,36.857142857142854,5.459809869357206,1.682170542635659,True,-1,True,MEDIUM
2013-09-22,6,46,62,37.142857142857146,3.532165125838661,1.669230769230769,True,-1,True,MEDIUM
2015-12-28,6,46,16,32.0,12.701705922171795,0.5,True,-1,True,MEDIUM
2016-06-10,6,46,91,51.57142857142857,11.355720186425005,1.7645429362880887,True,-1,True,MEDIUM
2013-01-12,6,47,16,10.0,3.415650255319866,1.6,True,-1,True,MEDIUM
2013-01-20,6,47,18,11.0,2.943920288775949,1.6363636363636365,True,-1,True,MEDIUM
2013-01-25,6,47,17,10.142857142857142,4.09994192757944,1.676056338028169,True,-1,True,MEDIUM
2013-01-30,6,47,4,10.142857142857142,3.7161167647860345,0.3943661971830986,True,-1,True,MEDIUM
2013-02-03,6,47,15,8.714285714285714,2.9840847683606335,1.7213114754098362,True,-1,True,MEDIUM
2013-02-14,6,47,3,10.857142857142858,2.4102953780654777,0.2763157894736842,True,-1,True,HIGH
2013-02-24,6,47,14,8.285714285714286,1.603567451474559,1.689655172413793,True,-1,True,MEDIUM
2013-03-03,6,47,18,10.428571428571429,1.812653934349933,1.726027397260274,True,-1,True,MEDIUM
2013-03-14,6,47,7,14.714285714285714,2.429971585175809,0.47572815533980584,True,-1,True,MEDIUM
2013-03-20,6,47,22,11.285714285714286,3.30223589477825,1.9493670886075949,True,-1,True,MEDIUM
2013-03-22,6,47,23,12.428571428571429,4.755948656056708,1.8505747126436782,True,-1,True,MEDIUM
2013-04-24,6,47,6,14.142857142857142,2.2677868380553514,0.42424242424242425,True,-1,True,MEDIUM
2013-04-30,6,47,6,16.0,5.507570547286095,0.375,True,-1,True,MEDIUM
2013-05-04,6,47,28,15.0,5.3851648071344975,1.8666666666666667,True,-1,True,MEDIUM
2013-05-06,6,47,4,16.142857142857142,7.081162132224982,0.24778761061946902,True,-1,True,HIGH
2013-05-08,6,47,8,16.428571428571427,7.3904700539984285,0.48695652173913045,True,-1,True,MEDIUM
2013-05-19,6,47,31,15.428571428571429,4.466808810815714,2.009259259259259,True,-1,True,MEDIUM
2013-06-10,6,47,6,18.857142857142858,4.525062483125544,0.3181818181818182,True,-1,True,MEDIUM
2013-09-17,6,47,5,15.714285714285714,1.6035674514745029,0.3181818181818182,True,-1,True,MEDIUM
2013-09-21,6,47,21,12.857142857142858,3.9761191895520116,1.6333333333333333,True,-1,True,MEDIUM
2013-10-02,6,47,21,13.0,3.5118845842842323,1.6153846153846154,True,-1,True,MEDIUM
2013-10-29,6,47,6,12.714285714285714,2.6903708365381727,0.4719101123595506,True,-1,True,MEDIUM
2013-11-03,6,47,28,10.857142857142858,3.2877840272018632,2.5789473684210527,True,-1,True,HIGH
2013-11-26,6,47,8,16.142857142857142,3.2366943748507153,0.49557522123893805,True,-1,True,MEDIUM
2013-11-28,6,47,7,14.428571428571429,3.6449573777637094,0.48514851485148514,True,-1,True,MEDIUM
2013-12-08,6,47,5,10.571428571428571,1.8126539343498929,0.47297297297297297,True,-1,True,MEDIUM
2013-12-15,6,47,16,9.0,1.9148542155126445,1.7777777777777777,True,-1,True,MEDIUM
2014-01-04,6,47,18,11.142857142857142,2.9680841985232935,1.6153846153846154,True,-1,True,MEDIUM
2014-01-07,6,47,6,12.428571428571429,4.035556254807276,0.48275862068965514,True,-1,True,MEDIUM
2014-01-19,6,47,19,10.857142857142858,3.184785258515397,1.75,True,-1,True,MEDIUM
2014-02-02,6,47,23,13.428571428571429,3.3094381626464617,1.7127659574468084,True,-1,True,MEDIUM
2014-02-18,6,47,3,10.428571428571429,2.370453040886378,0.2876712328767123,True,-1,True,HIGH
2014-02-22,6,47,19,9.428571428571429,3.4086724129853674,2.015151515151515,True,-1,True,MEDIUM
2014-02-24,6,47,5,10.0,4.760952285695219,0.5,True,-1,True,MEDIUM
2014-03-05,6,47,26,13.142857142857142,3.1320159337914677,1.9782608695652175,True,-1,True,MEDIUM
2014-03-24,6,47,4,15.142857142857142,3.8483144114694707,0.2641509433962264,True,-1,True,HIGH
2014-04-06,6,47,26,14.142857142857142,1.7728105208557905,1.8383838383838385,True,-1,True,MEDIUM
2014-04-12,6,47,32,17.857142857142858,4.670066788550624,1.792,True,-1,True,MEDIUM
2014-04-15,6,47,8,19.428571428571427,6.528326555791101,0.411764705882353,True,-1,True,MEDIUM
2014-06-12,6,47,32,18.428571428571427,2.935821455580587,1.736434108527132,True,-1,True,MEDIUM
2014-06-25,6,47,9,18.0,4.123105625617624,0.5,True,-1,True,MEDIUM
2014-09-25,6,47,6,18.857142857142858,2.267786838055289,0.3181818181818182,True,-1,True,MEDIUM
2014-10-07,6,47,7,18.142857142857142,3.4364987719368543,0.38582677165354334,True,-1,True,MEDIUM
2014-10-24,6,47,9,18.285714285714285,3.5923198500080153,0.4921875,True,-1,True,MEDIUM
2014-10-27,6,47,7,16.571428571428573,5.028490259085136,0.42241379310344823,True,-1,True,MEDIUM
2014-11-03,6,47,6,16.714285714285715,5.023753102820146,0.358974358974359,True,-1,True,MEDIUM
2014-12-01,6,47,7,16.285714285714285,4.608480795022918,0.4298245614035088,True,-1,True,MEDIUM
2014-12-25,6,47,23,11.142857142857142,2.734262327610626,2.0641025641025643,True,-1,True,MEDIUM
2015-02-01,6,47,22,11.714285714285714,2.0586634591635935,1.878048780487805,True,-1,True,MEDIUM
2015-02-03,6,47,3,13.285714285714286,4.347960660443237,0.22580645161290322,True,-1,True,HIGH
2015-03-01,6,47,26,12.714285714285714,4.461475305855903,2.044943820224719,True,-1,True,MEDIUM
2015-03-15,6,47,26,15.285714285714286,1.4960264830861691,1.7009345794392523,True,-1,True,MEDIUM
2015-03-23,6,47,7,14.0,4.546060565661954,0.5,True,-1,True,MEDIUM
2015-03-28,6,47,23,12.285714285714286,4.111540089159054,1.872093023255814,True,-1,True,MEDIUM
2015-04-05,6,47,8,19.0,6.244997998398373,0.42105263157894735,True,-1,True,MEDIUM
2015-04-19,6,47,28,16.714285714285715,2.9840847683606033,1.675213675213675,True,-1,True,MEDIUM
2015-05-11,6,47,9,19.857142857142858,3.1320159337914415,0.45323741007194246,True,-1,True,MEDIUM
2015-06-17,6,47,9,18.285714285714285,4.151878519188033,0.4921875,True,-1,True,MEDIUM
2015-08-30,6,47,35,17.428571428571427,5.094347941825427,2.0081967213114758,True,-1,True,MEDIUM
2015-09-17,6,47,25,15.0,2.000000000000073,1.6666666666666667,True,-1,True,MEDIUM
2015-10-06,6,47,7,15.857142857142858,4.140393356054154,0.44144144144144143,True,-1,True,MEDIUM
2015-10-26,6,47,5,18.142857142857142,6.148944934663486,0.2755905511811024,True,-1,True,HIGH
2015-11-16,6,47,9,18.285714285714285,3.251373336211714,0.4921875,True,-1,True,MEDIUM
2015-11-28,6,47,7,15.571428571428571,3.8234863173611386,0.44954128440366975,True,-1,True,MEDIUM
2015-12-03,6,47,5,13.428571428571429,4.076646614442819,0.3723404255319149,True,-1,True,MEDIUM
2015-12-13,6,47,20,12.285714285714286,3.14718316987787,1.627906976744186,True,-1,True,MEDIUM
2016-01-06,6,47,20,12.0,1.2909944487360612,1.6666666666666667,True,-1,True,MEDIUM
2016-01-10,6,47,22,12.857142857142858,3.8483144114695667,1.711111111111111,True,-1,True,MEDIUM
2016-01-13,6,47,6,13.714285714285714,5.648430038936691,0.4375,True,-1,True,MEDIUM
2016-01-17,6,47,19,11.285714285714286,5.7652489311473785,1.6835443037974682,True,-1,True,MEDIUM
2016-02-02,6,47,19,11.0,2.3094010767586735,1.7272727272727273,True,-1,True,MEDIUM
2016-02-15,6,47,22,12.142857142857142,2.544836041121533,1.811764705882353,True,-1,True,MEDIUM
2016-02-26,6,47,17,10.428571428571429,2.439750182371507,1.6301369863013697,True,-1,True,MEDIUM
2016-02-27,6,47,19,11.428571428571429,3.4572215654166105,1.6624999999999999,True,-1,True,MEDIUM
2016-03-27,6,47,25,15.0,2.5819888974716614,1.6666666666666667,True,-1,True,MEDIUM
2016-04-18,6,47,9,21.285714285714285,5.677860093212484,0.4228187919463087,True,-1,True,MEDIUM
2016-05-23,6,47,9,22.857142857142858,7.174690967295388,0.39375,True,-1,True,MEDIUM
2016-09-05,6,47,4,20.142857142857142,6.414269805898169,0.19858156028368795,True,-1,True,HIGH
2016-10-02,6,47,38,19.142857142857142,6.1217800088038405,1.9850746268656716,True,-1,True,MEDIUM
2016-11-09,6,47,9,19.0,2.708012801545309,0.47368421052631576,True,-1,True,MEDIUM
2016-11-13,6,47,27,16.142857142857142,3.3876526498728627,1.672566371681416,True,-1,True,MEDIUM
2016-12-11,6,47,22,13.714285714285714,2.2146697055683666,1.6041666666666667,True,-1,True,MEDIUM
2016-12-19,6,47,8,16.0,2.380476142847652,0.5,True,-1,True,MEDIUM
2017-01-14,6,47,19,11.714285714285714,3.0394235042349322,1.6219512195121952,True,-1,True,MEDIUM
2017-01-18,6,47,6,15.0,2.768874620972732,0.4,True,-1,True,MEDIUM
2017-02-28,6,47,7,16.428571428571427,5.318431562567523,0.42608695652173917,True,-1,True,MEDIUM
2017-03-11,6,47,25,14.0,3.109126351029656,1.7857142857142858,True,-1,True,MEDIUM
2017-04-06,6,47,9,18.285714285714285,3.7289089429432156,0.4921875,True,-1,True,MEDIUM
2017-04-24,6,47,9,20.142857142857142,4.259443290250145,0.4468085106382979,True,-1,True,MEDIUM
2017-06-02,6,47,34,20.285714285714285,3.1471831698777386,1.676056338028169,True,-1,True,MEDIUM
2017-08-28,6,47,8,21.571428571428573,7.276838664721147,0.37086092715231783,True,-1,True,MEDIUM
2017-09-17,6,47,40,19.857142857142858,6.593647736738001,2.014388489208633,True,-1,True,MEDIUM
2017-12-10,6,47,25,14.428571428571429,3.5050983275386276,1.7326732673267327,True,-1,True,MEDIUM
2013-09-24,6,48,16,34.57142857142857,11.631238725334216,0.4628099173553719,True,-1,True,MEDIUM
2013-10-27,6,48,53,29.714285714285715,4.9569575922564395,1.783653846153846,True,-1,True,MEDIUM
2014-02-09,6,48,46,27.142857142857142,10.09007055523023,1.694736842105263,True,-1,True,MEDIUM
2014-03-16,6,48,59,34.142857142857146,7.470577207252772,1.728033472803347,True,-1,True,MEDIUM
2015-05-03,6,48,69,34.285714285714285,8.826367424074448,2.0125,True,-1,True,MEDIUM
2017-02-03,6,48,50,31.142857142857142,3.078342163599139,1.6055045871559632,True,-1,True,MEDIUM
2017-12-10,6,48,56,32.0,6.298147875897388,1.75,True,-1,True,MEDIUM
2013-01-23,6,49,19,11.857142857142858,3.2877840272018743,1.6024096385542168,True,-1,True,MEDIUM
2013-02-04,6,49,7,14.285714285714286,3.5456210417116725,0.49,True,-1,True,MEDIUM
2013-03-01,6,49,24,13.428571428571429,3.20713490294909,1.7872340425531914,True,-1,True,MEDIUM
2013-04-07,6,49,34,19.142857142857142,3.1320159337914926,1.7761194029850746,True,-1,True,MEDIUM
2013-05-08,6,49,8,22.428571428571427,5.533448076836684,0.356687898089172,True,-1,True,MEDIUM
2013-09-15,6,49,33,19.714285714285715,3.8172540616821076,1.6739130434782608,True,-1,True,MEDIUM
2013-10-16,6,49,9,21.0,4.546060565661946,0.42857142857142855,True,-1,True,MEDIUM
2013-12-05,6,49,7,17.285714285714285,4.498677054212198,0.40495867768595045,True,-1,True,MEDIUM
2013-12-09,6,49,5,11.857142857142858,3.236694374850807,0.4216867469879518,True,-1,True,MEDIUM
2013-12-13,6,49,19,11.142857142857142,3.804758924845422,1.7051282051282053,True,-1,True,MEDIUM
2013-12-22,6,49,22,13.0,3.6055512754640344,1.6923076923076923,True,-1,True,MEDIUM
2014-01-06,6,49,6,13.0,3.7416573867739853,0.46153846153846156,True,-1,True,MEDIUM
2014-01-13,6,49,6,15.285714285714286,5.313952882562611,0.3925233644859813,True,-1,True,MEDIUM
2014-01-14,6,49,29,15.285714285714286,5.313952882562611,1.8971962616822429,True,-1,True,MEDIUM
2014-01-23,6,49,7,14.428571428571429,2.760262237369468,0.48514851485148514,True,-1,True,MEDIUM
2014-01-27,6,49,7,14.0,4.281744192888412,0.5,True,-1,True,MEDIUM
2014-02-12,6,49,8,17.571428571428573,3.3094381626465186,0.45528455284552843,True,-1,True,MEDIUM
2014-03-28,6,49,28,16.571428571428573,2.935821455580693,1.689655172413793,True,-1,True,MEDIUM
2014-05-12,6,49,11,26.571428571428573,4.117326918327111,0.4139784946236559,True,-1,True,MEDIUM
2014-10-13,6,49,7,18.142857142857142,3.023715784073838,0.38582677165354334,True,-1,True,MEDIUM
2014-10-15,6,49,30,16.142857142857142,4.450789122113507,1.8584070796460177,True,-1,True,MEDIUM
2015-01-18,6,49,8,16.571428571428573,4.31497944595889,0.48275862068965514,True,-1,True,MEDIUM
2015-01-26,6,49,7,17.285714285714285,4.8550415622761305,0.40495867768595045,True,-1,True,MEDIUM
2015-02-09,6,49,6,17.142857142857142,2.11570094204984,0.35000000000000003,True,-1,True,MEDIUM
2015-09-07,6,49,8,23.571428571428573,5.8554004376912,0.33939393939393936,True,-1,True,MEDIUM
2015-11-18,6,49,9,25.714285714285715,6.921326600064609,0.35,True,-1,True,MEDIUM
2015-12-12,6,49,27,15.142857142857142,2.4102953780654994,1.7830188679245285,True,-1,True,MEDIUM
2016-01-26,6,49,6,17.285714285714285,4.715728494951264,0.34710743801652894,True,-1,True,MEDIUM
2017-01-12,6,49,8,19.285714285714285,4.82059075613086,0.41481481481481486,True,-1,True,MEDIUM
2017-02-08,6,49,8,19.714285714285715,6.047431568147561,0.40579710144927533,True,-1,True,MEDIUM
2017-02-26,6,49,26,15.0,3.9581140290124717,1.7333333333333334,True,-1,True,MEDIUM
2017-03-26,6,49,45,23.571428571428573,3.4086724129852923,1.909090909090909,True,-1,True,MEDIUM
2017-11-03,6,49,38,22.0,1.9999999999997746,1.7272727272727273,True,-1,True,MEDIUM
2017-12-17,6,49,30,16.714285714285715,3.7733400639346213,1.7948717948717947,True,-1,True,MEDIUM
2017-12-18,6,49,8,18.571428571428573,6.2943663397554666,0.43076923076923074,True,-1,True,MEDIUM
2017-12-30,6,49,27,15.857142857142858,3.4364987719367277,1.7027027027027026,True,-1,True,MEDIUM
2013-05-25,6,50,77,46.0,13.329166015421464,1.673913043478261,True,-1,True,MEDIUM
2015-04-05,6,50,84,45.714285714285715,11.056133828698655,1.8375,True,-1,True,MEDIUM
2013-01-09,7,1,3,7.0,1.9148542155126762,0.42857142857142855,True,-1,True,MEDIUM
2013-01-15,7,1,13,6.857142857142857,1.9518001458970662,1.8958333333333335,True,-1,True,MEDIUM
2013-01-22,7,1,4,9.0,3.0000000000000013,0.4444444444444444,True,-1,True,MEDIUM
2013-01-26,7,1,15,8.142857142857142,3.0237157840738185,1.842105263157895,True,-1,True,MEDIUM
2013-02-10,7,1,17,10.571428571428571,2.572750982712405,1.6081081081081081,True,-1,True,MEDIUM
2013-02-11,7,1,3,11.142857142857142,3.4846602621858533,0.2692307692307692,True,-1,True,HIGH
2013-02-15,7,1,5,10.714285714285714,4.53557367611073,0.4666666666666667,True,-1,True,MEDIUM
2013-02-16,7,1,16,10.0,5.033222956847169,1.6,True,-1,True,MEDIUM
2013-02-24,7,1,21,12.0,1.9148542155126882,1.75,True,-1,True,MEDIUM
2013-03-02,7,1,19,10.714285714285714,5.089672082242816,1.7733333333333334,True,-1,True,MEDIUM
2013-04-04,7,1,21,12.714285714285714,3.3523268393901113,1.651685393258427,True,-1,True,MEDIUM
2013-04-15,7,1,7,16.714285714285715,4.855041562276133,0.41880341880341876,True,-1,True,MEDIUM
2013-04-19,7,1,27,15.142857142857142,5.014265364224078,1.7830188679245285,True,-1,True,MEDIUM
2013-04-22,7,1,7,16.142857142857142,6.414269805898193,0.4336283185840708,True,-1,True,MEDIUM
2013-04-28,7,1,23,12.857142857142858,4.913538149119959,1.7888888888888888,True,-1,True,MEDIUM
2013-05-03,7,1,6,15.0,4.4721359549995885,0.4,True,-1,True,MEDIUM
2013-06-01,7,1,22,13.142857142857142,4.670066788550659,1.673913043478261,True,-1,True,MEDIUM
2013-06-06,7,1,6,16.0,5.228129047119381,0.375,True,-1,True,MEDIUM
2013-09-05,7,1,8,16.285714285714285,3.4016802570830555,0.4912280701754386,True,-1,True,MEDIUM
2013-09-12,7,1,20,12.428571428571429,3.644957377763771,1.6091954022988506,True,-1,True,MEDIUM
2013-10-10,7,1,20,12.285714285714286,2.870208222079979,1.627906976744186,True,-1,True,MEDIUM
2013-10-11,7,1,6,13.714285714285714,3.860668582611319,0.4375,True,-1,True,MEDIUM
2013-10-25,7,1,5,12.0,3.651483716701148,0.4166666666666667,True,-1,True,MEDIUM
2013-10-29,7,1,4,12.142857142857142,4.634241089562643,0.32941176470588235,True,-1,True,MEDIUM
2013-11-03,7,1,21,11.571428571428571,4.685336802448814,1.8148148148148149,True,-1,True,MEDIUM
2013-11-11,7,1,5,15.714285714285714,4.3861253103502715,0.3181818181818182,True,-1,True,MEDIUM
2013-11-23,7,1,19,11.714285714285714,3.2513733362117754,1.6219512195121952,True,-1,True,MEDIUM
2013-12-02,7,1,5,13.571428571428571,2.572750982712435,0.3684210526315789,True,-1,True,MEDIUM
2013-12-03,7,1,6,12.571428571428571,4.157609203101529,0.4772727272727273,True,-1,True,MEDIUM
2013-12-09,7,1,4,11.142857142857142,4.450789122113532,0.358974358974359,True,-1,True,MEDIUM
2013-12-11,7,1,4,11.285714285714286,4.386125310350306,0.35443037974683544,True,-1,True,MEDIUM
2013-12-14,7,1,15,9.142857142857142,4.259443290250217,1.640625,True,-1,True,MEDIUM
2013-12-18,7,1,18,9.714285714285714,3.638419332360641,1.8529411764705883,True,-1,True,MEDIUM
2013-12-19,7,1,3,11.714285714285714,3.8172540616821493,0.25609756097560976,True,-1,True,HIGH
2013-12-20,7,1,22,11.0,4.932882862316282,2.0,True,-1,True,MEDIUM
2013-12-25,7,1,5,11.285714285714286,6.550172662209923,0.4430379746835443,True,-1,True,MEDIUM
2013-12-28,7,1,16,8.571428571428571,2.149196970742356,1.8666666666666667,True,-1,True,MEDIUM
2014-01-01,7,1,5,10.0,3.8729833462074694,0.5,True,-1,True,MEDIUM
2014-01-09,7,1,1,7.857142857142857,1.3451854182693008,0.1272727272727273,True,-1,True,HIGH
2014-01-15,7,1,12,7.285714285714286,3.0937725468154813,1.6470588235294117,True,-1,True,MEDIUM
2014-01-16,7,1,16,8.0,3.5590260840105117,2.0,True,-1,True,MEDIUM
2014-01-26,7,1,17,9.571428571428571,1.133893419027866,1.7761194029850746,True,-1,True,MEDIUM
2014-01-27,7,1,3,10.571428571428571,3.047247001100279,0.28378378378378377,True,-1,True,HIGH
2014-02-06,7,1,15,8.857142857142858,1.8644544714717317,1.693548387096774,True,-1,True,MEDIUM
2014-02-07,7,1,16,9.571428571428571,2.9920529661724524,1.671641791044776,True,-1,True,MEDIUM
2014-02-08,7,1,18,10.285714285714286,3.8606685826113436,1.7499999999999998,True,-1,True,MEDIUM
2014-02-10,7,1,2,11.428571428571429,4.825527358301327,0.175,True,-1,True,HIGH
2014-02-16,7,1,16,8.285714285714286,3.2513733362118056,1.9310344827586206,True,-1,True,MEDIUM
2014-03-05,7,1,19,11.571428571428571,1.8126539343500154,1.6419753086419753,True,-1,True,MEDIUM
2014-03-27,7,1,5,11.857142857142858,2.5448360411214637,0.4216867469879518,True,-1,True,MEDIUM
2014-06-01,7,1,30,15.0,3.8729833462074206,2.0,True,-1,True,MEDIUM
2014-06-15,7,1,40,14.857142857142858,2.410295378065479,2.692307692307692,True,-1,True,HIGH
2014-06-26,7,1,29,16.571428571428573,2.9920529661723765,1.7499999999999998,True,-1,True,MEDIUM
2014-08-11,7,1,7,14.142857142857142,3.236694374850769,0.494949494949495,True,-1,True,MEDIUM
2014-08-14,7,1,23,13.428571428571429,4.117326918327122,1.7127659574468084,True,-1,True,MEDIUM
2014-10-13,7,1,6,13.0,2.449489742783222,0.46153846153846156,True,-1,True,MEDIUM
2014-10-23,7,1,19,11.714285714285714,3.352326839390146,1.6219512195121952,True,-1,True,MEDIUM
2014-10-24,7,1,21,12.0,3.915780041490278,1.75,True,-1,True,MEDIUM
2014-10-26,7,1,24,13.142857142857142,5.014265364224091,1.8260869565217392,True,-1,True,MEDIUM
2014-11-16,7,1,30,15.0,2.00000000000003,2.0,True,-1,True,MEDIUM
2014-11-30,7,1,27,12.857142857142858,2.0354009783964795,2.1,True,-1,True,MEDIUM
2014-12-01,7,1,6,14.857142857142858,5.727959829601106,0.40384615384615385,True,-1,True,MEDIUM
2015-01-08,7,1,15,9.285714285714286,1.6035674514746432,1.6153846153846152,True,-1,True,MEDIUM
2015-01-14,7,1,5,10.428571428571429,3.6449573777637743,0.4794520547945205,True,-1,True,MEDIUM
2015-01-16,7,1,4,9.285714285714286,3.4016802570830915,0.43076923076923074,True,-1,True,MEDIUM
2015-01-17,7,1,13,7.714285714285714,2.811540841738256,1.6851851851851851,True,-1,True,MEDIUM
2015-01-22,7,1,16,8.714285714285714,3.0394235042349016,1.836065573770492,True,-1,True,MEDIUM
2015-01-28,7,1,5,11.285714285714286,3.498298906339408,0.4430379746835443,True,-1,True,MEDIUM
2015-02-03,7,1,14,8.571428571428571,2.299068134204513,1.6333333333333333,True,-1,True,MEDIUM
2015-02-09,7,1,22,10.857142857142858,2.267786838055422,2.026315789473684,True,-1,True,MEDIUM
2015-03-01,7,1,26,12.428571428571429,2.225394561056799,2.0919540229885056,True,-1,True,MEDIUM
2015-04-18,7,1,9,18.714285714285715,2.138089935299423,0.4809160305343511,True,-1,True,MEDIUM
2015-05-11,7,1,7,17.0,5.859465277082331,0.4117647058823529,True,-1,True,MEDIUM
2015-06-07,7,1,33,17.428571428571427,6.267831705280103,1.8934426229508199,True,-1,True,MEDIUM
2015-08-01,7,1,10,20.571428571428573,4.197504927816967,0.48611111111111105,True,-1,True,MEDIUM
2015-08-10,7,1,7,16.142857142857142,5.727959829601128,0.4336283185840708,True,-1,True,MEDIUM
2015-08-17,7,1,8,17.142857142857142,5.047394424471975,0.4666666666666667,True,-1,True,MEDIUM
2015-10-11,7,1,27,14.714285714285714,3.352326839390166,1.8349514563106797,True,-1,True,MEDIUM
2015-10-26,7,1,8,16.0,2.8867513459481913,0.5,True,-1,True,MEDIUM
2015-11-07,7,1,22,13.571428571428571,2.5071326821121254,1.6210526315789473,True,-1,True,MEDIUM
2015-11-22,7,1,26,14.285714285714286,2.138089935299498,1.8199999999999998,True,-1,True,MEDIUM
2015-12-16,7,1,17,9.714285714285714,1.496026483086424,1.7500000000000002,True,-1,True,MEDIUM
2015-12-19,7,1,5,10.428571428571429,3.2586880211287914,0.4794520547945205,True,-1,True,MEDIUM
2015-12-31,7,1,1,11.0,3.6968455021365574,0.09090909090909091,True,-1,True,HIGH
2016-01-01,7,1,15,9.285714285714286,5.1223134654271165,1.6153846153846152,True,-1,True,MEDIUM
2016-01-03,7,1,20,8.857142857142858,4.488079449258656,2.258064516129032,True,-1,True,MEDIUM
2016-01-12,7,1,5,11.285714285714286,3.54562104171176,0.4430379746835443,True,-1,True,MEDIUM
2016-01-21,7,1,6,12.142857142857142,3.0783421635989474,0.49411764705882355,True,-1,True,MEDIUM
2016-02-04,7,1,18,10.857142857142858,2.9113897843111136,1.657894736842105,True,-1,True,MEDIUM
2016-02-08,7,1,6,13.142857142857142,4.810702354423695,0.4565217391304348,True,-1,True,MEDIUM
2016-02-19,7,1,20,11.0,2.160246899469432,1.8181818181818181,True,-1,True,MEDIUM
2016-02-20,7,1,20,11.857142857142858,3.9761191895520946,1.686746987951807,True,-1,True,MEDIUM
2016-03-01,7,1,7,14.428571428571429,4.314979445958941,0.48514851485148514,True,-1,True,MEDIUM
2016-03-21,7,1,5,15.571428571428571,4.540820148282478,0.3211009174311927,True,-1,True,MEDIUM
2016-03-26,7,1,20,11.714285714285714,4.3861253103503355,1.707317073170732,True,-1,True,MEDIUM
2016-04-01,7,1,27,13.571428571428571,3.552329886011174,1.9894736842105263,True,-1,True,MEDIUM
2016-04-24,7,1,36,19.571428571428573,5.349677337844588,1.8394160583941603,True,-1,True,MEDIUM
2016-05-17,7,1,10,21.142857142857142,4.017817460121521,0.47297297297297297,True,-1,True,MEDIUM
2016-05-23,7,1,8,17.0,4.654746681256358,0.47058823529411764,True,-1,True,MEDIUM
2016-08-13,7,1,32,18.428571428571427,2.8784916685157613,1.736434108527132,True,-1,True,MEDIUM
2016-08-28,7,1,28,16.285714285714285,1.6035674514746672,1.719298245614035,True,-1,True,MEDIUM
2016-09-21,7,1,27,16.428571428571427,2.4397501823714056,1.6434782608695653,True,-1,True,MEDIUM
2016-12-18,7,1,25,10.714285714285714,2.4299715851759354,2.3333333333333335,True,-1,True,MEDIUM
2017-01-02,7,1,6,12.428571428571429,2.63673679998241,0.48275862068965514,True,-1,True,MEDIUM
2017-01-08,7,1,21,10.714285714285714,4.231401884099699,1.9600000000000002,True,-1,True,MEDIUM
2017-01-23,7,1,5,11.142857142857142,2.035400978396567,0.44871794871794873,True,-1,True,MEDIUM
2017-02-05,7,1,21,11.0,2.8867513459482277,1.9090909090909092,True,-1,True,MEDIUM
2017-02-06,7,1,6,12.571428571428571,4.685336802448832,0.4772727272727273,True,-1,True,MEDIUM
2017-03-03,7,1,22,13.0,1.6329931618555942,1.6923076923076923,True,-1,True,MEDIUM
2017-03-11,7,1,23,13.428571428571429,3.7352886036264175,1.7127659574468084,True,-1,True,MEDIUM
2017-03-16,7,1,8,17.428571428571427,4.237025012007976,0.459016393442623,True,-1,True,MEDIUM
2017-03-20,7,1,6,16.285714285714285,5.023753102820193,0.368421052631579,True,-1,True,MEDIUM
2017-04-01,7,1,25,14.857142857142858,3.436498771936948,1.6826923076923077,True,-1,True,MEDIUM
2017-06-27,7,1,9,22.142857142857142,7.1978832867395015,0.4064516129032258,True,-1,True,MEDIUM
2017-07-11,7,1,9,22.142857142857142,5.6987885095159045,0.4064516129032258,True,-1,True,MEDIUM
2017-08-29,7,1,9,20.0,3.4641016151377744,0.45,True,-1,True,MEDIUM
2017-11-13,7,1,8,18.142857142857142,5.145501965424832,0.4409448818897638,True,-1,True,MEDIUM
2017-11-20,7,1,7,16.285714285714285,6.156684327197756,0.4298245614035088,True,-1,True,MEDIUM
2017-12-08,7,1,21,12.857142857142858,3.078342163599021,1.6333333333333333,True,-1,True,MEDIUM
2017-12-11,7,1,7,14.571428571428571,3.823486317361216,0.4803921568627451,True,-1,True,MEDIUM
2013-09-09,7,2,14,36.142857142857146,4.259443290250142,0.38735177865612647,True,-1,True,MEDIUM
2013-12-04,7,2,16,35.285714285714285,10.419761445034537,0.4534412955465587,True,-1,True,MEDIUM
2015-02-14,7,2,48,27.0,4.618802153516818,1.7777777777777777,True,-1,True,MEDIUM
2015-03-29,7,2,57,31.0,9.966610925150643,1.8387096774193548,True,-1,True,MEDIUM
2013-01-11,7,3,25,13.142857142857142,3.38765264987284,1.9021739130434783,True,-1,True,MEDIUM
2013-01-23,7,3,19,11.857142857142858,3.8047589248453653,1.6024096385542168,True,-1,True,MEDIUM
2013-03-02,7,3,30,16.428571428571427,2.572750982712391,1.8260869565217392,True,-1,True,MEDIUM
2013-05-06,7,3,9,22.285714285714285,3.450327796711745,0.40384615384615385,True,-1,True,MEDIUM
2013-08-05,7,3,11,27.285714285714285,9.105205209371269,0.40314136125654454,True,-1,True,MEDIUM
2013-10-13,7,3,34,19.0,4.509249752822914,1.7894736842105263,True,-1,True,MEDIUM
2013-10-28,7,3,8,17.857142857142858,3.1320159337915254,0.448,True,-1,True,MEDIUM
2014-01-23,7,3,26,15.285714285714286,2.751622897751231,1.7009345794392523,True,-1,True,MEDIUM
2014-01-28,7,3,7,16.285714285714285,5.559205150447514,0.4298245614035088,True,-1,True,MEDIUM
2014-02-01,7,3,25,13.714285714285714,4.498677054212229,1.8229166666666667,True,-1,True,MEDIUM
2014-02-05,7,3,7,18.0,4.358898943540699,0.3888888888888889,True,-1,True,MEDIUM
2014-02-17,7,3,9,19.714285714285715,4.461475305855907,0.45652173913043476,True,-1,True,MEDIUM
2014-03-02,7,3,41,20.142857142857142,6.693991620066753,2.0354609929078014,True,-1,True,MEDIUM
2014-04-04,7,3,29,15.857142857142858,3.8483144114695547,1.8288288288288288,True,-1,True,MEDIUM
2014-04-28,7,3,10,25.714285714285715,3.8172540616820676,0.3888888888888889,True,-1,True,MEDIUM
2014-06-11,7,3,12,31.428571428571427,10.390013520317485,0.38181818181818183,True,-1,True,MEDIUM
2014-12-15,7,3,9,23.714285714285715,2.8702082220799596,0.3795180722891566,True,-1,True,MEDIUM
2015-01-04,7,3,33,16.714285714285715,4.680252333449865,1.9743589743589742,True,-1,True,MEDIUM
2015-04-14,7,3,12,29.285714285714285,10.371664696249491,0.40975609756097564,True,-1,True,MEDIUM
2016-01-18,7,3,8,19.571428571428573,4.466808810815847,0.4087591240875912,True,-1,True,MEDIUM
2016-01-21,7,3,8,17.142857142857142,4.740906081772972,0.4666666666666667,True,-1,True,MEDIUM
2017-01-22,7,3,32,16.142857142857142,1.951800145897588,1.9823008849557522,True,-1,True,MEDIUM
2017-02-09,7,3,35,18.714285714285715,4.111540089159247,1.8702290076335877,True,-1,True,MEDIUM
2017-07-02,7,3,60,35.714285714285715,5.677860093212529,1.68,True,-1,True,MEDIUM
2017-12-14,7,3,37,20.857142857142858,4.488079449258804,1.773972602739726,True,-1,True,MEDIUM
2013-01-10,7,4,13,8.0,4.08248290463863,1.625,True,-1,True,MEDIUM
2013-01-11,7,4,14,8.571428571428571,4.503966505838414,1.6333333333333333,True,-1,True,MEDIUM
2013-01-15,7,4,3,10.0,2.6457513110645907,0.3,True,-1,True,HIGH
2013-01-21,7,4,4,8.142857142857142,3.6709931185158156,0.4912280701754386,True,-1,True,MEDIUM
2013-02-04,7,4,17,9.428571428571429,2.7602622373694183,1.803030303030303,True,-1,True,MEDIUM
2013-02-11,7,4,4,10.428571428571429,3.5523298860111003,0.3835616438356164,True,-1,True,MEDIUM
2013-02-25,7,4,4,12.0,2.768874620972698,0.3333333333333333,True,-1,True,MEDIUM
2013-03-03,7,4,16,10.0,3.696845502136474,1.6,True,-1,True,MEDIUM
2013-03-06,7,4,21,11.142857142857142,3.078342163598859,1.8846153846153848,True,-1,True,MEDIUM
2013-03-11,7,4,5,12.714285714285714,4.498677054212194,0.39325842696629215,True,-1,True,MEDIUM
2013-04-12,7,4,5,11.571428571428571,3.408672412985394,0.4320987654320988,True,-1,True,MEDIUM
2013-04-14,7,4,19,11.142857142857142,4.059087394500213,1.7051282051282053,True,-1,True,MEDIUM
2013-04-23,7,4,4,14.0,3.4156502553198775,0.2857142857142857,True,-1,True,HIGH
2013-04-28,7,4,21,11.142857142857142,3.976119189552026,1.8846153846153848,True,-1,True,MEDIUM
2013-06-06,7,4,30,13.142857142857142,4.059087394500215,2.282608695652174,True,-1,True,MEDIUM
2013-08-17,7,4,25,13.857142857142858,3.8913824205360683,1.8041237113402062,True,-1,True,MEDIUM
2013-08-26,7,4,6,18.0,4.396968652757652,0.3333333333333333,True,-1,True,MEDIUM
2013-09-05,7,4,7,15.0,4.3969686527576455,0.4666666666666667,True,-1,True,MEDIUM
2013-09-06,7,4,6,14.285714285714286,5.28249580262606,0.42,True,-1,True,MEDIUM
2013-09-08,7,4,22,12.285714285714286,5.37631490007439,1.7906976744186045,True,-1,True,MEDIUM
2013-10-02,7,4,7,14.285714285714286,2.214669705568289,0.49,True,-1,True,MEDIUM
2013-10-26,7,4,22,13.142857142857142,2.911389784311004,1.673913043478261,True,-1,True,MEDIUM
2013-11-14,7,4,7,14.142857142857142,1.951800145897075,0.494949494949495,True,-1,True,MEDIUM
2013-11-29,7,4,19,11.571428571428571,4.237025012007948,1.6419753086419753,True,-1,True,MEDIUM
2013-12-09,7,4,17,9.428571428571429,1.7182493859684373,1.803030303030303,True,-1,True,MEDIUM
2013-12-15,7,4,4,9.714285714285714,3.4982989063393664,0.411764705882353,True,-1,True,MEDIUM
2013-12-17,7,4,15,7.571428571428571,2.1491969707422283,1.9811320754716981,True,-1,True,MEDIUM
2013-12-29,7,4,18,10.0,2.886751345948124,1.8,True,-1,True,MEDIUM
2014-01-02,7,4,5,11.571428571428571,4.4293394111365645,0.4320987654320988,True,-1,True,MEDIUM
2014-01-07,7,4,5,11.571428571428571,3.505098327538654,0.4320987654320988,True,-1,True,MEDIUM
2014-01-18,7,4,14,7.714285714285714,2.9840847683606193,1.8148148148148149,True,-1,True,MEDIUM
2014-01-19,7,4,15,9.0,3.5118845842842403,1.6666666666666667,True,-1,True,MEDIUM
2014-01-20,7,4,4,9.428571428571429,4.076646614442756,0.42424242424242425,True,-1,True,MEDIUM
2014-02-02,7,4,19,10.0,2.380476142847609,1.9,True,-1,True,MEDIUM
2014-02-17,7,4,3,12.714285714285714,1.7994708216848692,0.2359550561797753,True,-1,True,HIGH
2014-03-05,7,4,20,12.428571428571429,2.760262237369414,1.6091954022988506,True,-1,True,MEDIUM
2014-03-21,7,4,7,14.142857142857142,2.410295378065479,0.494949494949495,True,-1,True,MEDIUM
2014-04-05,7,4,26,14.714285714285714,2.5634797778466276,1.766990291262136,True,-1,True,MEDIUM
2014-04-28,7,4,7,15.285714285714286,5.765248931147316,0.45794392523364486,True,-1,True,MEDIUM
2014-06-16,7,4,7,18.428571428571427,2.8784916685157067,0.3798449612403101,True,-1,True,MEDIUM
2014-07-19,7,4,34,20.0,3.8297084310253666,1.7,True,-1,True,MEDIUM
2014-08-16,7,4,24,14.571428571428571,2.1491969707422234,1.6470588235294117,True,-1,True,MEDIUM
2014-08-20,7,4,7,15.571428571428571,4.076646614442756,0.44954128440366975,True,-1,True,MEDIUM
2014-09-21,7,4,24,13.285714285714286,2.81154084173817,1.8064516129032258,True,-1,True,MEDIUM
2014-10-20,7,4,6,16.428571428571427,5.159365040297851,0.3652173913043479,True,-1,True,MEDIUM
2014-11-03,7,4,5,15.571428571428571,3.4086724129853847,0.3211009174311927,True,-1,True,MEDIUM
2014-11-09,7,4,22,13.0,4.242640687119271,1.6923076923076923,True,-1,True,MEDIUM
2014-11-17,7,4,4,14.571428571428571,3.2071349029490843,0.27450980392156865,True,-1,True,HIGH
2014-11-24,7,4,8,16.571428571428573,5.711308748355991,0.48275862068965514,True,-1,True,MEDIUM
2014-12-01,7,4,6,16.142857142857142,4.913538149119958,0.37168141592920356,True,-1,True,MEDIUM
2014-12-03,7,4,7,15.285714285714286,5.908025211926732,0.45794392523364486,True,-1,True,MEDIUM
2014-12-18,7,4,19,10.285714285714286,3.9036002917941026,1.847222222222222,True,-1,True,MEDIUM
2014-12-22,7,4,5,11.0,4.472135954999557,0.45454545454545453,True,-1,True,MEDIUM
2015-01-10,7,4,20,10.142857142857142,2.5448360411213584,1.971830985915493,True,-1,True,MEDIUM
2015-01-19,7,4,6,12.428571428571429,3.3094381626464675,0.48275862068965514,True,-1,True,MEDIUM
2015-02-05,7,4,16,9.857142857142858,1.6761634196949737,1.6231884057971013,True,-1,True,MEDIUM
2015-02-22,7,4,16,9.857142857142858,1.9518001458969971,1.6231884057971013,True,-1,True,MEDIUM
2015-02-25,7,4,3,11.857142857142858,3.5321651258385813,0.25301204819277107,True,-1,True,HIGH
2015-02-27,7,4,5,11.142857142857142,4.740906081772793,0.44871794871794873,True,-1,True,MEDIUM
2015-02-28,7,4,17,10.428571428571429,5.287001130355535,1.6301369863013697,True,-1,True,MEDIUM
2015-03-04,7,4,19,11.0,5.44671154612271,1.7272727272727273,True,-1,True,MEDIUM
2015-03-07,7,4,24,14.571428571428571,3.0472470011002057,1.6470588235294117,True,-1,True,MEDIUM
2015-03-10,7,4,8,16.428571428571427,4.685336802448777,0.48695652173913045,True,-1,True,MEDIUM
2015-03-28,7,4,19,11.857142857142858,2.5448360411213713,1.6024096385542168,True,-1,True,MEDIUM
2015-05-11,7,4,8,19.0,7.483314773547883,0.42105263157894735,True,-1,True,MEDIUM
2015-08-17,7,4,8,18.285714285714285,3.817254061682104,0.4375,True,-1,True,MEDIUM
2015-08-26,7,4,9,18.285714285714285,2.927700218845594,0.4921875,True,-1,True,MEDIUM
2015-08-31,7,4,22,12.0,3.265986323710862,1.8333333333333333,True,-1,True,MEDIUM
2015-10-02,7,4,27,16.0,3.4156502553198447,1.6875,True,-1,True,MEDIUM
2015-10-18,7,4,27,12.571428571428571,2.507132682111979,2.147727272727273,True,-1,True,MEDIUM
2015-10-28,7,4,8,16.571428571428573,3.4086724129853705,0.48275862068965514,True,-1,True,MEDIUM
2015-11-09,7,4,9,18.142857142857142,3.2366943748507455,0.49606299212598426,True,-1,True,MEDIUM
2015-12-07,7,4,5,12.0,3.1622776601683324,0.4166666666666667,True,-1,True,MEDIUM
2015-12-12,7,4,19,10.0,3.265986323710845,1.9,True,-1,True,MEDIUM
2015-12-20,7,4,18,10.857142857142858,3.4364987719368463,1.657894736842105,True,-1,True,MEDIUM
2015-12-28,7,4,3,10.571428571428571,2.2990681342043606,0.28378378378378377,True,-1,True,HIGH
2015-12-31,7,4,20,9.428571428571429,3.3094381626464235,2.121212121212121,True,-1,True,MEDIUM
2016-01-03,7,4,19,11.857142857142858,5.727959829601069,1.6024096385542168,True,-1,True,MEDIUM
2016-01-07,7,4,6,16.285714285714285,2.3603873774083146,0.368421052631579,True,-1,True,MEDIUM
2016-01-19,7,4,6,12.285714285714286,2.6276913640611657,0.4883720930232558,True,-1,True,MEDIUM
2016-02-15,7,4,6,13.428571428571429,3.4086724129853594,0.44680851063829785,True,-1,True,MEDIUM
2016-03-10,7,4,26,15.571428571428571,2.9920529661723774,1.6697247706422018,True,-1,True,MEDIUM
2016-04-03,7,4,25,14.571428571428571,2.1491969707422127,1.715686274509804,True,-1,True,MEDIUM
2016-07-04,7,4,9,20.0,2.8284271247462405,0.45,True,-1,True,MEDIUM
2016-07-09,7,4,34,18.571428571428573,4.859943170351666,1.8307692307692307,True,-1,True,MEDIUM
2016-07-29,7,4,31,16.857142857142858,4.017817460121508,1.8389830508474576,True,-1,True,MEDIUM
2016-08-09,7,4,5,18.714285714285715,5.4685246552211995,0.26717557251908397,True,-1,True,HIGH
2016-10-11,7,4,9,18.142857142857142,2.2677868380554016,0.49606299212598426,True,-1,True,MEDIUM
2016-10-21,7,4,27,14.142857142857142,2.544836041121351,1.9090909090909092,True,-1,True,MEDIUM
2016-12-12,7,4,5,12.0,3.109126351029528,0.4166666666666667,True,-1,True,MEDIUM
2016-12-20,7,4,18,10.714285714285714,3.199702367110824,1.6800000000000002,True,-1,True,MEDIUM
2016-12-25,7,4,17,10.285714285714286,4.191828786034551,1.6527777777777777,True,-1,True,MEDIUM
2017-01-11,7,4,6,12.571428571428571,2.299068134204348,0.4772727272727273,True,-1,True,MEDIUM
2017-01-15,7,4,17,10.142857142857142,2.853569193633902,1.676056338028169,True,-1,True,MEDIUM
2017-01-20,7,4,18,10.285714285714286,3.25137333621162,1.7499999999999998,True,-1,True,MEDIUM
2017-02-03,7,4,19,11.571428571428571,3.4572215654164262,1.6419753086419753,True,-1,True,MEDIUM
2017-02-12,7,4,20,12.0,2.1602468994691715,1.6666666666666667,True,-1,True,MEDIUM
2017-07-06,7,4,33,18.571428571428573,6.7788185513687615,1.7769230769230768,True,-1,True,MEDIUM
2017-09-24,7,4,28,13.142857142857142,2.911389784310998,2.130434782608696,True,-1,True,MEDIUM
2017-10-17,7,4,8,16.428571428571427,5.223572942509226,0.48695652173913045,True,-1,True,MEDIUM
2017-10-30,7,4,7,18.857142857142858,5.756983337031429,0.3712121212121212,True,-1,True,MEDIUM
2017-12-04,7,4,5,16.142857142857142,3.625307868699895,0.3097345132743363,True,-1,True,MEDIUM
2017-12-20,7,4,6,12.428571428571429,2.699206232527318,0.48275862068965514,True,-1,True,MEDIUM
2017-12-30,7,4,20,10.571428571428571,2.8199966227605473,1.8918918918918919,True,-1,True,MEDIUM
2013-01-26,7,5,11,6.714285714285714,2.1380899352993947,1.6382978723404256,True,-1,True,MEDIUM
2013-01-28,7,5,3,7.142857142857143,2.267786838055363,0.42,True,-1,True,MEDIUM
2013-01-31,7,5,2,7.142857142857143,2.544836041121407,0.27999999999999997,True,-1,True,HIGH
2013-02-03,7,5,10,6.142857142857143,2.853569193634026,1.627906976744186,True,-1,True,MEDIUM
2013-02-06,7,5,11,6.571428571428571,2.9358214555806383,1.673913043478261,True,-1,True,MEDIUM
2013-02-16,7,5,17,7.428571428571429,1.9023794624226837,2.2884615384615383,True,-1,True,MEDIUM
2013-02-20,7,5,5,10.142857142857142,3.6709931185158173,0.49295774647887325,True,-1,True,MEDIUM
2013-02-22,7,5,3,10.0,4.041451884327382,0.3,True,-1,True,HIGH
2013-02-26,7,5,4,8.714285714285714,3.903600291794134,0.459016393442623,True,-1,True,MEDIUM
2013-02-28,7,5,14,8.571428571428571,4.076646614442762,1.6333333333333333,True,-1,True,MEDIUM
2013-03-11,7,5,4,9.142857142857142,2.035400978396432,0.4375,True,-1,True,MEDIUM
2013-03-15,7,5,18,8.714285714285714,2.4299715851758252,2.0655737704918034,True,-1,True,MEDIUM
2013-03-31,7,5,4,8.714285714285714,1.4960264830861951,0.459016393442623,True,-1,True,MEDIUM
2013-04-04,7,5,19,8.714285714285714,2.3603873774083315,2.180327868852459,True,-1,True,MEDIUM
2013-04-14,7,5,21,10.142857142857142,1.8644544714716158,2.0704225352112675,True,-1,True,MEDIUM
2013-04-16,7,5,6,12.0,4.320493798938578,0.5,True,-1,True,MEDIUM
2013-05-08,7,5,20,11.857142857142858,3.2366943748507544,1.686746987951807,True,-1,True,MEDIUM
2013-05-09,7,5,22,12.428571428571429,4.276179870598796,1.7701149425287357,True,-1,True,MEDIUM
2013-05-17,7,5,6,12.571428571428571,3.690399384761445,0.4772727272727273,True,-1,True,MEDIUM
2013-05-25,7,5,19,9.571428571428571,2.7602622373694103,1.9850746268656716,True,-1,True,MEDIUM
2013-06-21,7,5,5,12.571428571428571,3.6903993847614456,0.39772727272727276,True,-1,True,MEDIUM
2013-07-01,7,5,5,14.428571428571429,4.503966505838425,0.3465346534653465,True,-1,True,MEDIUM
2013-07-04,7,5,7,14.857142857142858,4.947341758580116,0.47115384615384615,True,-1,True,MEDIUM
2013-07-20,7,5,22,12.285714285714286,4.029651999626674,1.7906976744186045,True,-1,True,MEDIUM
2013-08-06,7,5,7,14.285714285714286,3.450327796711785,0.49,True,-1,True,MEDIUM
2013-08-10,7,5,6,13.0,4.281744192888382,0.46153846153846156,True,-1,True,MEDIUM
2013-08-14,7,5,6,12.142857142857142,3.4364987719369,0.49411764705882355,True,-1,True,MEDIUM
2013-08-19,7,5,4,12.142857142857142,3.0783421635988564,0.32941176470588235,True,-1,True,MEDIUM
2013-08-24,7,5,18,9.857142857142858,3.5321651258385955,1.826086956521739,True,-1,True,MEDIUM
2013-08-30,7,5,19,10.428571428571429,3.9940431835898935,1.821917808219178,True,-1,True,MEDIUM
2013-09-18,7,5,4,13.428571428571429,2.070196678027086,0.2978723404255319,True,-1,True,HIGH
2013-10-08,7,5,3,8.857142857142858,2.544836041121379,0.3387096774193548,True,-1,True,MEDIUM
2013-10-15,7,5,15,9.0,3.109126351029584,1.6666666666666667,True,-1,True,MEDIUM
2013-10-19,7,5,17,10.428571428571429,2.6992062325272994,1.6301369863013697,True,-1,True,MEDIUM
2013-11-01,7,5,17,8.571428571428571,2.225394561056713,1.9833333333333334,True,-1,True,MEDIUM
2013-11-11,7,5,4,9.571428571428571,1.988059594775982,0.417910447761194,True,-1,True,MEDIUM
2013-11-14,7,5,16,8.714285714285714,2.4976179127510854,1.836065573770492,True,-1,True,MEDIUM
2013-11-23,7,5,16,9.714285714285714,3.5456210417116583,1.647058823529412,True,-1,True,MEDIUM
2013-11-26,7,5,5,10.428571428571429,4.755948656056702,0.4794520547945205,True,-1,True,MEDIUM
2013-11-30,7,5,21,10.714285714285714,5.21901286050295,1.9600000000000002,True,-1,True,MEDIUM
2013-12-02,7,5,5,10.571428571428571,5.968169536721251,0.47297297297297297,True,-1,True,MEDIUM
2013-12-09,7,5,4,8.714285714285714,3.592319850008031,0.459016393442623,True,-1,True,MEDIUM
2013-12-10,7,5,3,8.571428571428571,3.779644730092247,0.35000000000000003,True,-1,True,MEDIUM
2013-12-12,7,5,1,6.571428571428571,2.878491668515643,0.15217391304347827,True,-1,True,HIGH
2013-12-15,7,5,9,5.571428571428571,2.9358214555805735,1.6153846153846154,True,-1,True,MEDIUM
2013-12-16,7,5,13,5.857142857142857,3.1847852585153653,2.2195121951219514,True,-1,True,MEDIUM
2013-12-20,7,5,2,8.285714285714286,2.811540841738157,0.24137931034482757,True,-1,True,HIGH
2014-01-15,7,5,4,9.285714285714286,2.811540841738171,0.43076923076923074,True,-1,True,MEDIUM
2014-01-18,7,5,13,7.857142857142857,2.19306265517508,1.6545454545454545,True,-1,True,MEDIUM
2014-01-20,7,5,3,8.714285714285714,3.0394235042348194,0.34426229508196726,True,-1,True,MEDIUM
2014-01-22,7,5,17,8.142857142857142,3.6709931185157867,2.0877192982456143,True,-1,True,MEDIUM
2014-01-27,7,5,5,10.285714285714286,4.923220007078212,0.48611111111111105,True,-1,True,MEDIUM
2014-02-03,7,5,4,9.714285714285714,2.563479777846606,0.411764705882353,True,-1,True,MEDIUM
2014-02-17,7,5,4,10.142857142857142,2.911389784310995,0.3943661971830986,True,-1,True,MEDIUM
2014-02-24,7,5,5,10.0,3.415650255319857,0.5,True,-1,True,MEDIUM
2014-03-02,7,5,17,9.857142857142858,3.436498771936887,1.7246376811594202,True,-1,True,MEDIUM
2014-03-07,7,5,5,10.428571428571429,3.3594217189442377,0.4794520547945205,True,-1,True,MEDIUM
2014-03-12,7,5,15,8.428571428571429,2.8199966227605255,1.7796610169491525,True,-1,True,MEDIUM
2014-03-22,7,5,14,8.571428571428571,2.22539456105671,1.6333333333333333,True,-1,True,MEDIUM
2014-03-23,7,5,16,9.285714285714286,3.039423504234828,1.723076923076923,True,-1,True,MEDIUM
2014-04-29,7,5,3,14.428571428571429,4.755948656056742,0.2079207920792079,True,-1,True,HIGH
2014-05-04,7,5,22,12.571428571428571,6.1062029351893,1.75,True,-1,True,MEDIUM
2014-05-05,7,5,5,12.714285714285714,6.343350474165478,0.39325842696629215,True,-1,True,MEDIUM
2014-05-28,7,5,21,13.0,2.828427124746225,1.6153846153846154,True,-1,True,MEDIUM
2014-06-04,7,5,8,17.0,4.0000000000000755,0.47058823529411764,True,-1,True,MEDIUM
2014-06-09,7,5,6,13.285714285714286,3.638419332360612,0.45161290322580644,True,-1,True,MEDIUM
2014-07-07,7,5,6,14.571428571428571,1.7182493859685501,0.4117647058823529,True,-1,True,MEDIUM
2014-08-06,7,5,6,15.285714285714286,2.81154084173827,0.3925233644859813,True,-1,True,MEDIUM
2014-09-07,7,5,20,12.0,2.7080128015453213,1.6666666666666667,True,-1,True,MEDIUM
2014-09-08,7,5,6,13.142857142857142,4.059087394500226,0.4565217391304348,True,-1,True,MEDIUM
2014-09-10,7,5,20,12.285714285714286,4.923220007078221,1.627906976744186,True,-1,True,MEDIUM
2014-09-22,7,5,6,13.571428571428571,3.101458950082659,0.4421052631578947,True,-1,True,MEDIUM
2014-10-04,7,5,20,10.0,4.163331998932231,2.0,True,-1,True,MEDIUM
2014-10-09,7,5,21,12.428571428571429,4.755948656056714,1.6896551724137931,True,-1,True,MEDIUM
2014-10-14,7,5,6,15.285714285714286,4.680252333449808,0.3925233644859813,True,-1,True,MEDIUM
2014-11-09,7,5,18,11.0,3.0550504633038753,1.6363636363636365,True,-1,True,MEDIUM
2014-12-24,7,5,13,7.571428571428571,1.9023794624225345,1.7169811320754718,True,-1,True,MEDIUM
2014-12-26,7,5,17,8.714285714285714,2.429971585175738,1.9508196721311477,True,-1,True,MEDIUM
2015-01-19,7,5,3,9.714285714285714,2.6276913640611648,0.3088235294117647,True,-1,True,MEDIUM
2015-01-31,7,5,16,7.142857142857143,1.9518001458969154,2.2399999999999998,True,-1,True,MEDIUM
2015-02-07,7,5,3,9.857142857142858,3.338091841585082,0.3043478260869565,True,-1,True,MEDIUM
2015-02-08,7,5,20,8.0,2.943920288775866,2.5,True,-1,True,HIGH
2015-02-09,7,5,3,9.571428571428571,5.442338432975969,0.31343283582089554,True,-1,True,MEDIUM
2015-02-13,7,5,14,8.714285714285714,6.1836959205716795,1.6065573770491806,True,-1,True,MEDIUM
2015-02-21,7,5,17,9.857142857142858,3.28778402720184,1.7246376811594202,True,-1,True,MEDIUM
2015-02-24,7,5,5,10.857142857142858,4.099941927579422,0.4605263157894737,True,-1,True,MEDIUM
2015-02-25,7,5,5,10.285714285714286,4.644505202002509,0.48611111111111105,True,-1,True,MEDIUM
2015-02-26,7,5,18,9.857142857142858,5.014265364224044,1.826086956521739,True,-1,True,MEDIUM
2015-03-06,7,5,21,11.428571428571429,2.50713268211202,1.8375,True,-1,True,MEDIUM
2015-03-16,7,5,19,10.285714285714286,1.2535663410559297,1.847222222222222,True,-1,True,MEDIUM
2015-03-17,7,5,4,11.714285714285714,3.401680257083039,0.34146341463414637,True,-1,True,MEDIUM
2015-03-22,7,5,18,11.142857142857142,4.705619740571589,1.6153846153846154,True,-1,True,MEDIUM
2015-03-23,7,5,6,12.142857142857142,5.367450401216934,0.49411764705882355,True,-1,True,MEDIUM
2015-04-02,7,5,23,11.285714285714286,3.450327796711757,2.0379746835443036,True,-1,True,MEDIUM
2015-04-14,7,5,6,13.0,3.511884584284263,0.46153846153846156,True,-1,True,MEDIUM
2015-04-23,7,5,22,13.571428571428571,2.2253945610567927,1.6210526315789473,True,-1,True,MEDIUM
2015-05-04,7,5,8,16.142857142857142,3.933978962347287,0.49557522123893805,True,-1,True,MEDIUM
2015-05-05,7,5,7,15.285714285714286,4.990467102863453,0.45794392523364486,True,-1,True,MEDIUM
2015-05-30,7,5,23,12.285714285714286,2.9840847683606264,1.872093023255814,True,-1,True,MEDIUM
2015-06-19,7,5,6,14.285714285714286,4.029651999626706,0.42,True,-1,True,MEDIUM
2015-06-21,7,5,21,12.428571428571429,4.466808810815719,1.6896551724137931,True,-1,True,MEDIUM
2015-06-27,7,5,25,14.285714285714286,3.2513733362117687,1.75,True,-1,True,MEDIUM
2015-07-06,7,5,7,14.857142857142858,3.0783421635989168,0.47115384615384615,True,-1,True,MEDIUM
2015-07-25,7,5,25,13.0,4.203173404306176,1.9230769230769231,True,-1,True,MEDIUM
2015-08-27,7,5,24,14.428571428571429,2.878491668515752,1.6633663366336633,True,-1,True,MEDIUM
2015-08-31,7,5,8,16.714285714285715,5.219012860503017,0.4786324786324786,True,-1,True,MEDIUM
2015-09-03,7,5,7,17.142857142857142,6.6939916200667975,0.4083333333333333,True,-1,True,MEDIUM
2015-10-13,7,5,5,14.285714285714286,3.3022358947782955,0.35,True,-1,True,MEDIUM
2015-11-07,7,5,8,16.0,4.24264068711935,0.5,True,-1,True,MEDIUM
2015-11-13,7,5,19,11.571428571428571,4.117326918327094,1.6419753086419753,True,-1,True,MEDIUM
2015-11-14,7,5,20,11.428571428571429,3.7796447300922607,1.75,True,-1,True,MEDIUM
2015-12-02,7,5,7,14.0,3.511884584284284,0.5,True,-1,True,MEDIUM
2015-12-09,7,5,6,12.571428571428571,4.276179870598798,0.4772727272727273,True,-1,True,MEDIUM
2015-12-13,7,5,17,10.285714285714286,3.638419332360553,1.6527777777777777,True,-1,True,MEDIUM
2015-12-26,7,5,14,8.714285714285714,1.1126972805281812,1.6065573770491806,True,-1,True,MEDIUM
2016-01-05,7,5,15,8.142857142857142,1.5735915849387234,1.842105263157895,True,-1,True,MEDIUM
2016-01-10,7,5,20,10.142857142857142,2.4102953780654253,1.971830985915493,True,-1,True,MEDIUM
2016-01-13,7,5,18,10.714285714285714,4.231401884099609,1.6800000000000002,True,-1,True,MEDIUM
2016-01-20,7,5,4,10.571428571428571,3.598941643369723,0.3783783783783784,True,-1,True,MEDIUM
2016-01-25,7,5,18,8.285714285714286,2.288688541085218,2.172413793103448,True,-1,True,MEDIUM
2016-01-30,7,5,18,10.857142857142858,4.059087394500189,1.657894736842105,True,-1,True,MEDIUM
2016-02-02,7,5,3,11.714285714285714,3.9880774697542996,0.25609756097560976,True,-1,True,HIGH
2016-02-06,7,5,4,10.285714285714286,4.715728494951235,0.38888888888888884,True,-1,True,MEDIUM
2016-02-21,7,5,14,8.285714285714286,2.811540841738119,1.689655172413793,True,-1,True,MEDIUM
2016-03-10,7,5,6,12.428571428571429,3.952094080237422,0.48275862068965514,True,-1,True,MEDIUM
2016-03-13,7,5,19,11.142857142857142,4.413183712037194,1.7051282051282053,True,-1,True,MEDIUM
2016-03-21,7,5,5,14.0,2.768874620972733,0.35714285714285715,True,-1,True,MEDIUM
2016-03-26,7,5,22,12.714285714285714,4.15187851918807,1.7303370786516854,True,-1,True,MEDIUM
2016-04-03,7,5,24,12.714285714285714,2.3603873774083484,1.8876404494382024,True,-1,True,MEDIUM
2016-04-25,7,5,6,16.571428571428573,3.2586880211287697,0.3620689655172413,True,-1,True,MEDIUM
2016-05-09,7,5,6,16.0,3.0550504633039695,0.375,True,-1,True,MEDIUM
2016-06-13,7,5,9,18.142857142857142,3.0237157840739415,0.49606299212598426,True,-1,True,MEDIUM
2016-06-14,7,5,8,17.571428571428573,4.276179870598869,0.45528455284552843,True,-1,True,MEDIUM
2016-06-18,7,5,28,14.285714285714286,4.820590756130985,1.96,True,-1,True,MEDIUM
2016-06-19,7,5,30,15.285714285714286,6.775305299745709,1.9626168224299065,True,-1,True,MEDIUM
2016-07-06,7,5,29,15.428571428571429,6.451282633635581,1.8796296296296295,True,-1,True,MEDIUM
2016-08-10,7,5,8,16.142857142857142,3.7606990231681183,0.49557522123893805,True,-1,True,MEDIUM
2016-08-16,7,5,7,14.857142857142858,4.670066788550686,0.47115384615384615,True,-1,True,MEDIUM
2016-09-17,7,5,26,15.857142857142858,3.184785258515491,1.6396396396396395,True,-1,True,MEDIUM
2016-09-25,7,5,24,13.714285714285714,2.0586634591635864,1.75,True,-1,True,MEDIUM
2016-09-28,7,5,7,14.428571428571429,5.061526214398959,0.48514851485148514,True,-1,True,MEDIUM
2016-10-04,7,5,6,13.571428571428571,4.995235825502244,0.4421052631578947,True,-1,True,MEDIUM
2016-10-05,7,5,5,12.857142857142858,5.727959829601099,0.3888888888888889,True,-1,True,MEDIUM
2016-10-09,7,5,21,12.285714285714286,5.992058236095664,1.7093023255813953,True,-1,True,MEDIUM
2016-10-24,7,5,7,14.0,3.4156502553198917,0.5,True,-1,True,MEDIUM
2016-10-29,7,5,19,11.857142857142858,3.9761191895520063,1.6024096385542168,True,-1,True,MEDIUM
2016-11-06,7,5,25,13.571428571428571,5.740416444159873,1.8421052631578947,True,-1,True,MEDIUM
2016-11-18,7,5,25,15.142857142857142,3.1320159337915516,1.650943396226415,True,-1,True,MEDIUM
2016-12-02,7,5,6,14.428571428571429,2.1491969707423006,0.4158415841584158,True,-1,True,MEDIUM
2016-12-14,7,5,4,10.0,2.999999999999939,0.4,True,-1,True,MEDIUM
2016-12-19,7,5,3,9.142857142857142,2.41029537806538,0.328125,True,-1,True,MEDIUM
2016-12-29,7,5,5,11.142857142857142,2.6095064302514364,0.44871794871794873,True,-1,True,MEDIUM
2016-12-30,7,5,16,10.0,3.316624790355345,1.6,True,-1,True,MEDIUM
2017-01-08,7,5,21,11.142857142857142,2.6095064302514372,1.8846153846153848,True,-1,True,MEDIUM
2017-01-09,7,5,6,12.571428571428571,4.540820148282422,0.4772727272727273,True,-1,True,MEDIUM
2017-01-19,7,5,2,8.571428571428571,2.7602622373693113,0.23333333333333334,True,-1,True,HIGH
2017-01-20,7,5,2,8.0,3.6514837167010166,0.25,True,-1,True,HIGH
2017-01-21,7,5,17,6.571428571428571,3.779644730092158,2.5869565217391304,True,-1,True,HIGH
2017-01-22,7,5,13,7.714285714285714,5.468524655221113,1.6851851851851851,True,-1,True,MEDIUM
2017-01-24,7,5,13,7.714285714285714,5.589105048046112,1.6851851851851851,True,-1,True,MEDIUM
2017-02-02,7,5,17,8.428571428571429,1.6183471874251825,2.016949152542373,True,-1,True,MEDIUM
2017-02-17,7,5,4,13.142857142857142,2.8535691936340357,0.30434782608695654,True,-1,True,MEDIUM
2017-02-18,7,5,19,11.857142857142858,4.488079449258559,1.6024096385542168,True,-1,True,MEDIUM
2017-02-20,7,5,5,11.571428571428571,5.34967733784454,0.4320987654320988,True,-1,True,MEDIUM
2017-02-24,7,5,17,9.428571428571429,4.92805380304576,1.803030303030303,True,-1,True,MEDIUM
2017-03-07,7,5,20,12.0,3.829708431025337,1.6666666666666667,True,-1,True,MEDIUM
2017-03-09,7,5,25,14.857142857142858,3.2366943748507966,1.6826923076923077,True,-1,True,MEDIUM
2017-03-20,7,5,7,14.0,2.5819888974716423,0.5,True,-1,True,MEDIUM
2017-03-23,7,5,21,12.285714285714286,4.111540089159023,1.7093023255813953,True,-1,True,MEDIUM
2017-04-15,7,5,22,13.571428571428571,2.819996622760576,1.6210526315789473,True,-1,True,MEDIUM
2017-04-19,7,5,5,16.285714285714285,3.4982989063394454,0.30701754385964913,True,-1,True,MEDIUM
2017-05-29,7,5,8,17.0,4.5092497528229645,0.47058823529411764,True,-1,True,MEDIUM
2017-06-11,7,5,31,17.714285714285715,4.461475305855974,1.75,True,-1,True,MEDIUM
2017-06-19,7,5,6,17.857142857142858,5.113008619478156,0.33599999999999997,True,-1,True,MEDIUM
2017-06-22,7,5,7,16.571428571428573,7.114706432386945,0.42241379310344823,True,-1,True,MEDIUM
2017-08-31,7,5,6,18.285714285714285,3.4503277967118846,0.328125,True,-1,True,MEDIUM
2017-09-05,7,5,7,15.142857142857142,5.080307452263499,0.46226415094339623,True,-1,True,MEDIUM
2017-09-27,7,5,6,16.285714285714285,4.070801956792912,0.368421052631579,True,-1,True,MEDIUM
2017-10-06,7,5,22,11.857142857142858,2.6095064302514106,1.855421686746988,True,-1,True,MEDIUM
2017-11-02,7,5,7,14.428571428571429,3.2586880211287075,0.48514851485148514,True,-1,True,MEDIUM
2017-11-12,7,5,26,14.285714285714286,4.309458036856682,1.8199999999999998,True,-1,True,MEDIUM
2017-11-22,7,5,25,13.285714285714286,4.608480795022923,1.8817204301075268,True,-1,True,MEDIUM
2017-12-04,7,5,5,14.285714285714286,4.070801956792869,0.35,True,-1,True,MEDIUM
2017-12-07,7,5,20,11.714285714285714,4.461475305855847,1.707317073170732,True,-1,True,MEDIUM
2017-12-19,7,5,18,10.571428571428571,3.457221565416422,1.7027027027027029,True,-1,True,MEDIUM
2017-12-28,7,5,5,11.571428571428571,3.10145895008256,0.4320987654320988,True,-1,True,MEDIUM
2017-12-29,7,5,4,11.285714285714286,3.6384193323605216,0.35443037974683544,True,-1,True,MEDIUM
2013-01-20,7,6,39,20.571428571428573,4.503966505838414,1.8958333333333333,True,-1,True,MEDIUM
2013-06-21,7,6,59,35.285714285714285,6.290582530372548,1.6720647773279353,True,-1,True,MEDIUM
2013-08-31,7,6,65,37.142857142857146,5.177791402666105,1.7499999999999998,True,-1,True,MEDIUM
2015-10-11,7,6,57,35.285714285714285,3.8172540616821014,1.6153846153846154,True,-1,True,MEDIUM
2016-04-03,7,6,68,41.857142857142854,4.488079449258485,1.6245733788395906,True,-1,True,MEDIUM
2013-01-10,7,7,12,24.0,2.380476142847617,0.5,True,-1,True,MEDIUM
2014-03-01,7,7,53,24.714285714285715,6.499084184567558,2.144508670520231,True,-1,True,MEDIUM
2014-06-01,7,7,71,43.42857142857143,13.087616829878298,1.6348684210526314,True,-1,True,MEDIUM
2016-02-14,7,7,58,31.714285714285715,9.551863443229035,1.8288288288288288,True,-1,True,MEDIUM
2016-03-06,7,7,59,35.0,5.715476066494051,1.6857142857142857,True,-1,True,MEDIUM
2013-12-05,7,8,17,42.714285714285715,12.106668764421855,0.3979933110367893,True,-1,True,MEDIUM
2014-04-20,7,8,90,53.714285714285715,9.516902257112344,1.675531914893617,True,-1,True,MEDIUM
2015-01-18,7,8,65,37.285714285714285,8.014867137894253,1.7432950191570882,True,-1,True,MEDIUM
2015-11-15,7,8,90,55.714285714285715,8.712333895390117,1.6153846153846154,True,-1,True,MEDIUM
2017-04-02,7,8,93,55.857142857142854,6.8417485929784565,1.6649616368286446,True,-1,True,MEDIUM
2013-01-21,7,9,6,21.285714285714285,1.9760470401187047,0.2818791946308725,True,-1,True,HIGH
2013-02-04,7,9,8,20.428571428571427,6.502746672423454,0.3916083916083916,True,-1,True,MEDIUM
2013-03-05,7,9,9,28.142857142857142,6.8902968351291305,0.3197969543147208,True,-1,True,MEDIUM
2013-08-04,7,9,58,33.42857142857143,3.5050983275386627,1.7350427350427349,True,-1,True,MEDIUM
2013-12-09,7,9,7,24.0,3.559026084010408,0.2916666666666667,True,-1,True,HIGH
2014-03-22,7,9,46,27.142857142857142,2.19306265517512,1.694736842105263,True,-1,True,MEDIUM
2014-05-18,7,9,59,33.714285714285715,10.177004891982152,1.75,True,-1,True,MEDIUM
2015-12-07,7,9,12,27.285714285714285,3.63841933236029,0.4397905759162304,True,-1,True,MEDIUM
2016-10-29,7,9,57,34.285714285714285,6.102302453836194,1.6625,True,-1,True,MEDIUM
2013-02-02,7,10,57,27.714285714285715,5.3452248382484955,2.056701030927835,True,-1,True,MEDIUM
2013-03-01,7,10,47,29.285714285714285,2.4299715851758266,1.604878048780488,True,-1,True,MEDIUM
2014-03-23,7,10,75,43.57142857142857,7.546680127869581,1.7213114754098362,True,-1,True,MEDIUM
2015-02-07,7,10,56,31.142857142857142,4.180453381655638,1.798165137614679,True,-1,True,MEDIUM
2015-03-01,7,10,67,37.142857142857146,6.8902968351294565,1.8038461538461537,True,-1,True,MEDIUM
2017-02-17,7,10,65,37.142857142857146,6.309478885734543,1.7499999999999998,True,-1,True,MEDIUM
2014-06-01,7,11,78,47.142857142857146,5.39841246505475,1.6545454545454545,True,-1,True,MEDIUM
2013-01-14,7,12,12,27.857142857142858,4.099941927579441,0.43076923076923074,True,-1,True,MEDIUM
2013-03-03,7,12,57,30.857142857142858,7.197883286739501,1.847222222222222,True,-1,True,MEDIUM
2014-03-30,7,12,74,41.285714285714285,7.609517849690715,1.7923875432525953,True,-1,True,MEDIUM
2014-11-01,7,12,77,42.42857142857143,13.974466511667421,1.8148148148148147,True,-1,True,MEDIUM
2015-05-17,7,12,90,50.142857142857146,12.588732679511,1.7948717948717947,True,-1,True,MEDIUM
2016-05-28,7,12,94,56.142857142857146,9.88986975695445,1.6743002544529262,True,-1,True,MEDIUM
2017-01-28,7,12,62,34.42857142857143,8.223080178318108,1.800829875518672,True,-1,True,MEDIUM
2014-01-04,7,13,62,35.285714285714285,3.8172540616822825,1.7570850202429151,True,-1,True,MEDIUM
2014-02-02,7,13,68,39.0,6.531972647421895,1.7435897435897436,True,-1,True,MEDIUM
2015-12-01,7,13,27,64.57142857142857,15.820420799893999,0.418141592920354,True,-1,True,MEDIUM
2016-12-24,7,13,75,43.42857142857143,9.43145698990228,1.7269736842105263,True,-1,True,MEDIUM
2017-12-24,7,13,81,48.714285714285715,12.526163095887068,1.662756598240469,True,-1,True,MEDIUM
2013-03-26,7,14,48,28.285714285714285,11.146214390459896,1.696969696969697,True,-1,True,MEDIUM
2013-06-01,7,14,69,36.285714285714285,7.40977475398287,1.9015748031496063,True,-1,True,MEDIUM
2014-03-04,7,14,48,26.857142857142858,8.552359741197513,1.7872340425531914,True,-1,True,MEDIUM
2014-07-20,7,14,73,44.57142857142857,14.339422848184903,1.637820512820513,True,-1,True,MEDIUM
2014-10-15,7,14,19,39.857142857142854,13.107613200332231,0.47670250896057353,True,-1,True,MEDIUM
2015-02-01,7,14,50,22.0,4.830458915396532,2.272727272727273,True,-1,True,MEDIUM
2016-04-03,7,14,69,37.142857142857146,3.579039509355277,1.8576923076923075,True,-1,True,MEDIUM
2016-05-01,7,14,71,40.142857142857146,5.014265364224198,1.7686832740213523,True,-1,True,MEDIUM
2014-02-22,7,15,72,42.857142857142854,10.792413561210013,1.6800000000000002,True,-1,True,MEDIUM
2014-06-01,7,15,106,61.857142857142854,8.112306935115326,1.7136258660508084,True,-1,True,MEDIUM
2015-12-27,7,15,72,43.142857142857146,11.246163366952356,1.6688741721854303,True,-1,True,MEDIUM
2013-01-11,7,16,16,8.285714285714286,1.2535663410560172,1.9310344827586206,True,-1,True,MEDIUM
2013-01-31,7,16,5,10.0,2.76887462097269,0.5,True,-1,True,MEDIUM
2013-02-02,7,16,22,9.428571428571429,3.1547394428670246,2.3333333333333335,True,-1,True,MEDIUM
2013-02-06,7,16,5,10.714285714285714,5.589105048046174,0.4666666666666667,True,-1,True,MEDIUM
2013-02-07,7,16,4,10.571428571428571,5.740416444159861,0.3783783783783784,True,-1,True,MEDIUM
2013-02-18,7,16,22,10.142857142857142,2.8535691936340233,2.1690140845070425,True,-1,True,MEDIUM
2013-03-06,7,16,18,10.857142857142858,3.532165125838605,1.657894736842105,True,-1,True,MEDIUM
2013-03-10,7,16,24,14.285714285714286,3.773340063934759,1.68,True,-1,True,MEDIUM
2013-03-11,7,16,5,15.571428571428571,5.287001130355551,0.3211009174311927,True,-1,True,MEDIUM
2013-03-23,7,16,28,16.714285714285715,3.3523268393900896,1.675213675213675,True,-1,True,MEDIUM
2013-04-09,7,16,6,15.571428571428571,2.760262237369406,0.3853211009174312,True,-1,True,MEDIUM
2013-04-30,7,16,6,15.142857142857142,3.4846602621858414,0.39622641509433965,True,-1,True,MEDIUM
2013-05-13,7,16,8,18.714285714285715,6.969320524371687,0.42748091603053434,True,-1,True,MEDIUM
2013-05-27,7,16,7,17.428571428571427,4.64962876142252,0.40163934426229514,True,-1,True,MEDIUM
2013-06-12,7,16,6,17.285714285714285,5.468524655221171,0.34710743801652894,True,-1,True,MEDIUM
2013-06-19,7,16,23,12.571428571428571,4.117326918327108,1.8295454545454546,True,-1,True,MEDIUM
2013-06-24,7,16,5,18.142857142857142,6.309478885734044,0.2755905511811024,True,-1,True,HIGH
2013-07-20,7,16,26,16.0,1.9999999999999871,1.625,True,-1,True,MEDIUM
2013-08-01,7,16,8,19.714285714285715,5.765248931147304,0.40579710144927533,True,-1,True,MEDIUM
2013-08-05,7,16,7,15.142857142857142,6.388233230676829,0.46226415094339623,True,-1,True,MEDIUM
2013-10-05,7,16,22,13.428571428571429,3.1547394428670024,1.6382978723404256,True,-1,True,MEDIUM
2013-10-28,7,16,8,16.285714285714285,5.154748157905335,0.4912280701754386,True,-1,True,MEDIUM
2013-10-30,7,16,6,16.285714285714285,5.25085027128259,0.368421052631579,True,-1,True,MEDIUM
2013-11-08,7,16,7,15.428571428571429,4.314979445958867,0.4537037037037037,True,-1,True,MEDIUM
2013-11-24,7,16,25,14.428571428571429,2.935821455580609,1.7326732673267327,True,-1,True,MEDIUM
2013-12-02,7,16,7,14.142857142857142,3.436498771936871,0.494949494949495,True,-1,True,MEDIUM
2013-12-07,7,16,4,12.142857142857142,3.28778402720184,0.32941176470588235,True,-1,True,MEDIUM
2013-12-14,7,16,5,10.857142857142858,3.8913824205360283,0.4605263157894737,True,-1,True,MEDIUM
2013-12-18,7,16,4,11.714285714285714,4.461475305855859,0.34146341463414637,True,-1,True,MEDIUM
2013-12-20,7,16,17,10.428571428571429,5.255382728122406,1.6301369863013697,True,-1,True,MEDIUM
2013-12-21,7,16,18,10.571428571428571,5.442338432975967,1.7027027027027029,True,-1,True,MEDIUM
2013-12-28,7,16,6,12.428571428571429,3.8668308667926903,0.48275862068965514,True,-1,True,MEDIUM
2014-01-08,7,16,4,11.0,2.5819888974715544,0.36363636363636365,True,-1,True,MEDIUM
2014-01-11,7,16,19,10.0,3.696845502136427,1.9,True,-1,True,MEDIUM
2014-01-16,7,16,6,13.428571428571429,4.035556254807268,0.44680851063829785,True,-1,True,MEDIUM
2014-01-20,7,16,6,12.285714285714286,3.3523268393900643,0.4883720930232558,True,-1,True,MEDIUM
2014-01-23,7,16,5,10.142857142857142,3.1847852585153693,0.49295774647887325,True,-1,True,MEDIUM
2014-01-25,7,16,19,9.857142857142858,3.287784027201827,1.9275362318840579,True,-1,True,MEDIUM
2014-01-26,7,16,23,10.714285714285714,4.715728494951222,2.146666666666667,True,-1,True,MEDIUM
2014-02-11,7,16,6,14.714285714285714,3.1997023671108895,0.4077669902912622,True,-1,True,MEDIUM
2014-02-18,7,16,16,9.285714285714286,2.497617912751042,1.723076923076923,True,-1,True,MEDIUM
2014-03-01,7,16,23,10.857142857142858,4.0999419275794,2.1184210526315788,True,-1,True,MEDIUM
2014-03-02,7,16,22,12.0,6.0827625302981945,1.8333333333333333,True,-1,True,MEDIUM
2014-03-16,7,16,26,13.857142857142858,5.639993245521089,1.8762886597938144,True,-1,True,MEDIUM
2014-03-31,7,16,7,15.857142857142858,4.525062483125535,0.44144144144144143,True,-1,True,MEDIUM
2014-04-13,7,16,28,16.142857142857142,2.4102953780654266,1.7345132743362832,True,-1,True,MEDIUM
2014-04-20,7,16,40,20.0,4.163331998932255,2.0,True,-1,True,MEDIUM
2014-05-04,7,16,29,16.714285714285715,3.903600291794106,1.7350427350427349,True,-1,True,MEDIUM
2014-06-01,7,16,32,17.428571428571427,3.5523298860110613,1.836065573770492,True,-1,True,MEDIUM
2014-06-20,7,16,30,17.714285714285715,3.352326839390059,1.693548387096774,True,-1,True,MEDIUM
2014-08-11,7,16,9,21.428571428571427,5.318431562567511,0.42000000000000004,True,-1,True,MEDIUM
2014-08-13,7,16,7,21.0,6.429100507328634,0.3333333333333333,True,-1,True,MEDIUM
2014-09-20,7,16,28,15.714285714285714,4.1115400891589795,1.781818181818182,True,-1,True,MEDIUM
2014-10-06,7,16,8,16.285714285714285,3.683941988064978,0.4912280701754386,True,-1,True,MEDIUM
2014-11-03,7,16,7,17.714285714285715,2.497617912751051,0.3951612903225806,True,-1,True,MEDIUM
2014-12-15,7,16,7,14.285714285714286,2.288688541085192,0.49,True,-1,True,MEDIUM
2015-01-09,7,16,19,11.285714285714286,3.6839419880649222,1.6835443037974682,True,-1,True,MEDIUM
2015-01-27,7,16,4,12.285714285714286,3.147183169877655,0.3255813953488372,True,-1,True,MEDIUM
2015-02-18,7,16,7,14.857142857142858,4.09994192757938,0.47115384615384615,True,-1,True,MEDIUM
2015-03-03,7,16,23,13.571428571428571,3.552329886011013,1.694736842105263,True,-1,True,MEDIUM
2015-03-28,7,16,23,13.857142857142858,2.34012616672475,1.6597938144329896,True,-1,True,MEDIUM
2015-04-13,7,16,10,20.714285714285715,3.7289089429432294,0.48275862068965514,True,-1,True,MEDIUM
2015-05-02,7,16,32,19.714285714285715,2.214669705568278,1.6231884057971013,True,-1,True,MEDIUM
2015-09-21,7,16,8,18.285714285714285,3.773340063934753,0.4375,True,-1,True,MEDIUM
2015-10-25,7,16,32,18.0,3.4156502553198482,1.7777777777777777,True,-1,True,MEDIUM
2015-11-14,7,16,25,15.428571428571429,2.819996622760481,1.6203703703703702,True,-1,True,MEDIUM
2015-12-03,7,16,8,16.714285714285715,5.12231346542703,0.4786324786324786,True,-1,True,MEDIUM
2015-12-13,7,16,19,11.714285714285714,3.545621041711566,1.6219512195121952,True,-1,True,MEDIUM
2015-12-30,7,16,7,14.428571428571429,2.439750182371242,0.48514851485148514,True,-1,True,MEDIUM
2016-01-11,7,16,3,12.571428571428571,3.866830866792636,0.23863636363636365,True,-1,True,HIGH
2016-01-16,7,16,19,11.0,4.79583152331263,1.7272727272727273,True,-1,True,MEDIUM
2016-01-28,7,16,21,12.285714285714286,3.683941988064942,1.7093023255813953,True,-1,True,MEDIUM
2016-02-09,7,16,22,12.428571428571429,3.866830866792636,1.7701149425287357,True,-1,True,MEDIUM
2016-03-04,7,16,26,15.0,3.4156502553198087,1.7333333333333334,True,-1,True,MEDIUM
2016-03-06,7,16,31,16.571428571428573,5.472876844254833,1.8706896551724137,True,-1,True,MEDIUM
2016-05-08,7,16,34,20.714285714285715,1.3801311186848015,1.6413793103448275,True,-1,True,MEDIUM
2016-08-10,7,16,7,27.571428571428573,5.255382728122553,0.25388601036269426,True,-1,True,HIGH
2016-08-29,7,16,9,20.857142857142858,4.059087394500248,0.4315068493150685,True,-1,True,MEDIUM
2016-11-06,7,16,33,18.142857142857142,1.3451854182690761,1.8188976377952757,True,-1,True,MEDIUM
2016-12-12,7,16,7,15.0,1.9148542155125408,0.4666666666666667,True,-1,True,MEDIUM
2017-01-02,7,16,3,12.714285714285714,3.30223589477812,0.2359550561797753,True,-1,True,HIGH
2017-01-13,7,16,4,13.857142857142858,3.2366943748506447,0.28865979381443296,True,-1,True,HIGH
2017-02-11,7,16,25,14.571428571428571,3.309438162646404,1.715686274509804,True,-1,True,MEDIUM
2017-02-13,7,16,8,16.857142857142858,4.980915960897517,0.4745762711864407,True,-1,True,MEDIUM
2017-03-13,7,16,8,19.142857142857142,6.283008075451651,0.417910447761194,True,-1,True,MEDIUM
2017-08-20,7,16,37,20.142857142857142,6.440201120787368,1.8368794326241136,True,-1,True,MEDIUM
2017-09-20,7,16,8,17.428571428571427,2.4397501823713132,0.459016393442623,True,-1,True,MEDIUM
2017-11-05,7,16,38,18.142857142857142,5.520524474738837,2.0944881889763782,True,-1,True,MEDIUM
2017-12-16,7,16,25,13.571428571428571,3.823486317361016,1.8421052631578947,True,-1,True,MEDIUM
2013-01-12,7,17,23,11.571428571428571,2.9920529661723823,1.9876543209876543,True,-1,True,MEDIUM
2013-01-19,7,17,5,13.142857142857142,4.947341758580104,0.3804347826086957,True,-1,True,MEDIUM
2013-01-22,7,17,18,11.142857142857142,3.4364987719368996,1.6153846153846154,True,-1,True,MEDIUM
2013-01-23,7,17,4,12.0,4.320493798938574,0.3333333333333333,True,-1,True,MEDIUM
2013-02-03,7,17,23,13.0,2.7688746209726887,1.7692307692307692,True,-1,True,MEDIUM
2013-02-10,7,17,26,12.0,5.29150262212918,2.1666666666666665,True,-1,True,MEDIUM
2013-02-24,7,17,23,12.142857142857142,3.1320159337914903,1.8941176470588237,True,-1,True,MEDIUM
2013-02-25,7,17,6,13.142857142857142,5.0803074522634715,0.4565217391304348,True,-1,True,MEDIUM
2013-03-03,7,17,7,16.285714285714285,6.421689437998008,0.4298245614035088,True,-1,True,MEDIUM
2013-03-24,7,17,8,17.428571428571427,4.276179870598783,0.459016393442623,True,-1,True,MEDIUM
2013-04-10,7,17,8,18.857142857142858,3.9339789623472083,0.42424242424242425,True,-1,True,MEDIUM
2013-10-01,7,17,8,19.714285714285715,4.498677054212184,0.40579710144927533,True,-1,True,MEDIUM
2013-12-27,7,17,9,18.285714285714285,4.461475305855881,0.4921875,True,-1,True,MEDIUM
2014-01-20,7,17,7,18.428571428571427,3.952094080237403,0.3798449612403101,True,-1,True,MEDIUM
2014-01-29,7,17,7,15.142857142857142,4.775931721614497,0.46226415094339623,True,-1,True,MEDIUM
2014-03-03,7,17,7,18.0,4.509249752822882,0.3888888888888889,True,-1,True,MEDIUM
2014-04-12,7,17,33,19.714285714285715,3.401680257083042,1.6739130434782608,True,-1,True,MEDIUM
2014-12-01,7,17,11,26.0,3.741657386773988,0.4230769230769231,True,-1,True,MEDIUM
2014-12-16,7,17,28,14.285714285714286,3.545621041711703,1.96,True,-1,True,MEDIUM
2014-12-29,7,17,8,18.857142857142858,4.598136268408904,0.42424242424242425,True,-1,True,MEDIUM
2015-01-19,7,17,5,15.571428571428571,2.5727509827124453,0.3211009174311927,True,-1,True,MEDIUM
2015-01-25,7,17,32,15.714285714285714,5.31395288256261,2.0363636363636366,True,-1,True,MEDIUM
2015-04-25,7,17,35,21.285714285714285,2.058663459163601,1.644295302013423,True,-1,True,MEDIUM
2015-05-24,7,17,41,24.285714285714285,3.199702367110932,1.688235294117647,True,-1,True,MEDIUM
2015-12-01,7,17,10,23.571428571428573,4.117326918327146,0.4242424242424242,True,-1,True,MEDIUM
2015-12-12,7,17,21,12.285714285714286,3.0394235042350344,1.7093023255813953,True,-1,True,MEDIUM
2015-12-13,7,17,32,13.714285714285714,4.386125310350386,2.3333333333333335,True,-1,True,MEDIUM
2015-12-26,7,17,27,14.571428571428571,5.255382728122523,1.8529411764705883,True,-1,True,MEDIUM
2016-01-09,7,17,27,15.0,2.5166114784237616,1.8,True,-1,True,MEDIUM
2016-01-18,7,17,6,17.714285714285715,4.38612531035035,0.3387096774193548,True,-1,True,MEDIUM
2016-03-14,7,17,6,27.0,5.477225575051683,0.2222222222222222,True,-1,True,HIGH
2016-03-27,7,17,40,21.285714285714285,3.1997023671109983,1.8791946308724834,True,-1,True,MEDIUM
2016-11-21,7,17,12,24.571428571428573,2.7602622373694192,0.4883720930232558,True,-1,True,MEDIUM
2017-01-02,7,17,9,19.714285714285715,5.7652489311473,0.45652173913043476,True,-1,True,MEDIUM
2017-01-22,7,17,7,17.428571428571427,3.552329886011069,0.40163934426229514,True,-1,True,MEDIUM
2017-04-22,7,17,37,21.0,3.999999999999974,1.7619047619047619,True,-1,True,MEDIUM
2013-06-01,7,18,87,54.142857142857146,10.35098339013529,1.6068601583113455,True,-1,True,MEDIUM
2015-12-02,7,18,30,60.42857142857143,17.84990329438923,0.49645390070921985,True,-1,True,MEDIUM
2017-03-03,7,18,79,47.142857142857146,8.532849688675647,1.6757575757575756,True,-1,True,MEDIUM
2013-04-09,7,19,45,22.285714285714285,5.765248931147315,2.019230769230769,True,-1,True,MEDIUM
2013-08-06,7,19,12,25.428571428571427,3.101458950082673,0.4719101123595506,True,-1,True,MEDIUM
2014-02-24,7,19,8,18.428571428571427,5.380741673076404,0.434108527131783,True,-1,True,MEDIUM
2014-03-02,7,19,35,18.571428571428573,6.729466121893653,1.8846153846153844,True,-1,True,MEDIUM
2014-06-01,7,19,59,28.0,5.228129047119439,2.107142857142857,True,-1,True,MEDIUM
2014-08-04,7,19,17,34.857142857142854,1.951800145897458,0.4877049180327869,True,-1,True,MEDIUM
2015-05-30,7,19,54,30.714285714285715,4.8550415622761935,1.7581395348837208,True,-1,True,MEDIUM
2015-09-21,7,19,12,27.428571428571427,3.258688021128755,0.4375,True,-1,True,MEDIUM
2015-12-20,7,19,35,21.142857142857142,3.436498771936893,1.6554054054054055,True,-1,True,MEDIUM
2016-01-10,7,19,33,19.714285714285715,2.751622897751156,1.6739130434782608,True,-1,True,MEDIUM
2016-02-15,7,19,7,21.428571428571427,5.7981934789249285,0.3266666666666667,True,-1,True,MEDIUM
2016-12-06,7,19,10,24.142857142857142,7.946247991527637,0.41420118343195267,True,-1,True,MEDIUM
2017-10-02,7,19,12,31.571428571428573,3.9096949095441476,0.38009049773755654,True,-1,True,MEDIUM
2013-01-13,7,20,31,15.571428571428571,3.505098327538655,1.9908256880733946,True,-1,True,MEDIUM
2013-03-02,7,20,36,18.571428571428573,3.598941643369744,1.9384615384615382,True,-1,True,MEDIUM
2013-11-09,7,20,49,30.142857142857142,3.8483144114695507,1.6255924170616114,True,-1,True,MEDIUM
2014-01-02,7,20,9,18.428571428571427,3.1014589500825167,0.48837209302325585,True,-1,True,MEDIUM
2014-02-02,7,20,37,21.714285714285715,3.6384193323605354,1.7039473684210527,True,-1,True,MEDIUM
2014-12-25,7,20,11,28.714285714285715,8.76953601422354,0.38308457711442784,True,-1,True,MEDIUM
2016-01-24,7,20,39,22.142857142857142,4.059087394500815,1.761290322580645,True,-1,True,MEDIUM
2016-11-06,7,20,61,34.142857142857146,7.380798769522993,1.7866108786610877,True,-1,True,MEDIUM
2017-01-15,7,20,44,25.142857142857142,3.7161167647865985,1.75,True,-1,True,MEDIUM
2017-03-01,7,20,43,23.857142857142858,9.081640296565093,1.8023952095808382,True,-1,True,MEDIUM
2017-11-26,7,20,75,36.42857142857143,8.283661486266105,2.0588235294117645,True,-1,True,MEDIUM
2013-01-11,7,21,8,20.857142857142858,3.670993118515816,0.3835616438356164,True,-1,True,MEDIUM
2013-01-18,7,21,25,13.857142857142858,3.48466026218585,1.8041237113402062,True,-1,True,MEDIUM
2013-03-23,7,21,11,23.0,1.6329931618554563,0.4782608695652174,True,-1,True,MEDIUM
2013-05-05,7,21,44,23.285714285714285,6.183695920571706,1.8895705521472392,True,-1,True,MEDIUM
2013-05-26,7,21,39,23.428571428571427,3.598941643369742,1.6646341463414636,True,-1,True,MEDIUM
2013-07-12,7,21,53,29.142857142857142,5.367450401216948,1.8186274509803921,True,-1,True,MEDIUM
2013-12-11,7,21,27,16.714285714285715,2.058663459163269,1.6153846153846152,True,-1,True,MEDIUM
2013-12-22,7,21,22,13.428571428571429,1.511857892036424,1.6382978723404256,True,-1,True,MEDIUM
2014-02-01,7,21,33,18.285714285714285,2.927700218845443,1.8046875,True,-1,True,MEDIUM
2014-03-02,7,21,34,19.142857142857142,4.180453381654869,1.7761194029850746,True,-1,True,MEDIUM
2015-01-06,7,21,9,18.142857142857142,3.436498771936924,0.49606299212598426,True,-1,True,MEDIUM
2015-02-01,7,21,38,17.571428571428573,1.5118578920369674,2.16260162601626,True,-1,True,MEDIUM
2015-06-21,7,21,56,33.57142857142857,6.160550377391698,1.668085106382979,True,-1,True,MEDIUM
2015-12-02,7,21,14,28.0,2.4494897427832876,0.5,True,-1,True,MEDIUM
2015-12-29,7,21,9,21.285714285714285,2.690370836538431,0.4228187919463087,True,-1,True,MEDIUM
2016-02-21,7,21,41,22.714285714285715,3.2513733362119126,1.8050314465408803,True,-1,True,MEDIUM
2016-03-06,7,21,39,21.285714285714285,4.57217255850687,1.8322147651006713,True,-1,True,MEDIUM
2016-04-10,7,21,54,29.714285714285715,6.725927091345543,1.8173076923076923,True,-1,True,MEDIUM
2017-12-04,7,21,10,31.857142857142858,3.8047589248454243,0.31390134529147984,True,-1,True,MEDIUM
2016-11-13,7,22,95,56.57142857142857,12.299825782738179,1.6792929292929293,True,-1,True,MEDIUM
2017-11-12,7,22,102,59.0,16.451950239004123,1.728813559322034,True,-1,True,MEDIUM
2013-01-10,7,23,19,9.571428571428571,3.101458950082625,1.9850746268656716,True,-1,True,MEDIUM
2013-01-14,7,23,4,10.571428571428571,4.577377082170634,0.3783783783783784,True,-1,True,MEDIUM
2013-01-23,7,23,5,12.142857142857142,2.968084198523317,0.411764705882353,True,-1,True,MEDIUM
2013-02-03,7,23,23,10.714285714285714,3.6384193323605833,2.146666666666667,True,-1,True,MEDIUM
2013-03-14,7,23,30,15.0,2.828427124746183,2.0,True,-1,True,MEDIUM
2013-03-31,7,23,29,16.285714285714285,3.946064947695177,1.7807017543859651,True,-1,True,MEDIUM
2013-05-22,7,23,8,19.571428571428573,4.961758520831851,0.4087591240875912,True,-1,True,MEDIUM
2013-06-10,7,23,8,20.285714285714285,7.973169292786176,0.3943661971830986,True,-1,True,MEDIUM
2013-08-20,7,23,9,22.285714285714285,6.750661343263216,0.40384615384615385,True,-1,True,MEDIUM
2013-10-20,7,23,23,13.857142857142858,2.1157009420499104,1.6597938144329896,True,-1,True,MEDIUM
2013-11-12,7,23,7,20.285714285714285,4.347960660443201,0.3450704225352113,True,-1,True,MEDIUM
2013-12-04,7,23,5,15.285714285714286,2.8702082220799845,0.32710280373831774,True,-1,True,MEDIUM
2013-12-10,7,23,3,12.142857142857142,4.017817460121572,0.24705882352941178,True,-1,True,HIGH
2013-12-21,7,23,16,9.142857142857142,3.2366943748508907,1.75,True,-1,True,MEDIUM
2014-01-04,7,23,20,10.142857142857142,3.2366943748508743,1.971830985915493,True,-1,True,MEDIUM
2014-01-23,7,23,6,14.142857142857142,3.625307868699922,0.42424242424242425,True,-1,True,MEDIUM
2014-02-09,7,23,26,14.857142857142858,2.7342623276106544,1.75,True,-1,True,MEDIUM
2014-03-06,7,23,27,14.857142857142858,3.7161167647860807,1.8173076923076923,True,-1,True,MEDIUM
2014-03-15,7,23,8,17.0,5.62731433871139,0.47058823529411764,True,-1,True,MEDIUM
2014-05-11,7,23,37,19.857142857142858,3.6709931185158085,1.8633093525179856,True,-1,True,MEDIUM
2014-07-11,7,23,40,22.0,3.3665016461206485,1.8181818181818181,True,-1,True,MEDIUM
2014-08-25,7,23,9,23.0,5.773502691896224,0.391304347826087,True,-1,True,MEDIUM
2014-12-03,7,23,8,17.0,5.099019513592789,0.47058823529411764,True,-1,True,MEDIUM
2014-12-21,7,23,19,11.0,3.0550504633039766,1.7272727272727273,True,-1,True,MEDIUM
2014-12-26,7,23,24,12.285714285714286,4.1518785191881085,1.9534883720930232,True,-1,True,MEDIUM
2014-12-30,7,23,7,16.571428571428573,5.255382728122442,0.42241379310344823,True,-1,True,MEDIUM
2015-01-02,7,23,8,16.571428571428573,5.472876844254858,0.48275862068965514,True,-1,True,MEDIUM
2015-02-14,7,23,31,16.714285714285715,4.1918287860346375,1.8547008547008546,True,-1,True,MEDIUM
2015-02-27,7,23,23,13.285714285714286,3.7289089429432667,1.7311827956989245,True,-1,True,MEDIUM
2015-03-11,7,23,9,19.0,2.6457513110645645,0.47368421052631576,True,-1,True,MEDIUM
2015-04-19,7,23,38,19.428571428571427,6.106202935189278,1.9558823529411766,True,-1,True,MEDIUM
2015-06-21,7,23,40,21.285714285714285,4.46147530585585,1.8791946308724834,True,-1,True,MEDIUM
2015-08-25,7,23,9,22.285714285714285,4.498677054212131,0.40384615384615385,True,-1,True,MEDIUM
2015-09-07,7,23,8,18.571428571428573,5.5933634144148,0.43076923076923074,True,-1,True,MEDIUM
2015-10-01,7,23,9,20.285714285714285,5.056820005836494,0.44366197183098594,True,-1,True,MEDIUM
2015-11-01,7,23,34,18.714285714285715,4.111540089158999,1.816793893129771,True,-1,True,MEDIUM
2015-12-04,7,23,9,20.285714285714285,7.6749437720912,0.44366197183098594,True,-1,True,MEDIUM
2015-12-11,7,23,21,11.571428571428571,2.4397501823712977,1.8148148148148149,True,-1,True,MEDIUM
2015-12-12,7,23,22,13.285714285714286,4.029651999626646,1.6559139784946235,True,-1,True,MEDIUM
2015-12-21,7,23,7,14.428571428571429,1.812653934349864,0.48514851485148514,True,-1,True,MEDIUM
2016-01-25,7,23,7,15.285714285714286,3.5456210417116383,0.45794392523364486,True,-1,True,MEDIUM
2016-02-15,7,23,8,18.285714285714285,4.029651999626635,0.4375,True,-1,True,MEDIUM
2016-02-22,7,23,8,16.714285714285715,5.3452248382484635,0.4786324786324786,True,-1,True,MEDIUM
2016-03-03,7,23,26,15.571428571428571,2.0701966780270116,1.6697247706422018,True,-1,True,MEDIUM
2016-03-25,7,23,32,19.0,1.999999999999915,1.6842105263157894,True,-1,True,MEDIUM
2016-03-28,7,23,9,21.571428571428573,5.503245795502311,0.4172185430463576,True,-1,True,MEDIUM
2016-04-22,7,23,35,19.571428571428573,3.5050983275385996,1.7883211678832116,True,-1,True,MEDIUM
2016-05-12,7,23,38,21.0,3.5118845842841946,1.8095238095238095,True,-1,True,MEDIUM
2016-08-12,7,23,36,20.0,3.8297084310253084,1.8,True,-1,True,MEDIUM
2016-10-31,7,23,9,22.142857142857142,7.71208081364492,0.4064516129032258,True,-1,True,MEDIUM
2016-11-03,7,23,36,19.857142857142858,9.099973835650491,1.8129496402877698,True,-1,True,MEDIUM
2016-12-05,7,23,9,18.0,3.2659863237108766,0.5,True,-1,True,MEDIUM
2017-01-02,7,23,8,16.857142857142858,3.387652649872815,0.4745762711864407,True,-1,True,MEDIUM
2017-01-08,7,23,27,11.857142857142858,3.236694374850754,2.2771084337349397,True,-1,True,MEDIUM
2017-01-16,7,23,7,17.142857142857142,3.6253078686998412,0.4083333333333333,True,-1,True,MEDIUM
2017-02-02,7,23,7,17.428571428571427,4.6853368024487585,0.40163934426229514,True,-1,True,MEDIUM
2017-02-14,7,23,6,18.0,3.109126351029567,0.3333333333333333,True,-1,True,MEDIUM
2017-10-16,7,23,9,25.571428571428573,3.552329886011034,0.3519553072625698,True,-1,True,MEDIUM
2017-10-28,7,23,37,20.428571428571427,4.0355562548072355,1.8111888111888113,True,-1,True,MEDIUM
2014-03-30,7,24,58,35.0,4.082482904638504,1.6571428571428573,True,-1,True,MEDIUM
2014-10-26,7,24,63,37.285714285714285,6.2105900340810285,1.6896551724137931,True,-1,True,MEDIUM
2014-06-01,7,25,103,58.857142857142854,5.9841059323445505,1.75,True,-1,True,MEDIUM
2016-04-03,7,25,92,57.0,10.645812948447261,1.6140350877192982,True,-1,True,MEDIUM
2013-02-06,7,26,9,18.428571428571427,3.9096949095440023,0.48837209302325585,True,-1,True,MEDIUM
2013-12-09,7,26,8,22.285714285714285,5.964178784328111,0.358974358974359,True,-1,True,MEDIUM
2013-12-28,7,26,34,19.857142857142858,3.387652649873016,1.7122302158273381,True,-1,True,MEDIUM
2014-02-16,7,26,40,24.0,3.109126351029734,1.6666666666666667,True,-1,True,MEDIUM
2015-02-07,7,26,37,19.857142857142858,3.976119189552209,1.8633093525179856,True,-1,True,MEDIUM
2016-03-06,7,26,55,30.857142857142858,5.6694670951384865,1.7824074074074074,True,-1,True,MEDIUM
2016-11-06,7,26,63,36.42857142857143,6.4253960411568665,1.7294117647058822,True,-1,True,MEDIUM
2016-11-19,7,26,59,34.857142857142854,4.525062483125588,1.6926229508196722,True,-1,True,MEDIUM
2017-01-16,7,26,11,23.857142857142858,3.1847852585157064,0.4610778443113772,True,-1,True,MEDIUM
2013-01-10,7,27,3,9.285714285714286,2.138089935299396,0.32307692307692304,True,-1,True,MEDIUM
2013-01-14,7,27,4,8.571428571428571,3.0472470011002204,0.4666666666666667,True,-1,True,MEDIUM
2013-01-16,7,27,12,7.142857142857143,3.078342163598856,1.68,True,-1,True,MEDIUM
2013-01-28,7,27,4,11.0,2.581988897471612,0.36363636363636365,True,-1,True,MEDIUM
2013-02-07,7,27,5,10.142857142857142,2.9113897843110035,0.49295774647887325,True,-1,True,MEDIUM
2013-02-09,7,27,20,9.714285714285714,3.450327796711771,2.058823529411765,True,-1,True,MEDIUM
2013-02-13,7,27,17,10.142857142857142,5.3674504012169315,1.676056338028169,True,-1,True,MEDIUM
2013-02-15,7,27,6,12.428571428571429,5.094347941825424,0.48275862068965514,True,-1,True,MEDIUM
2013-02-20,7,27,4,11.285714285714286,3.638419332360582,0.35443037974683544,True,-1,True,MEDIUM
2013-03-02,7,27,14,8.285714285714286,1.976047040118706,1.689655172413793,True,-1,True,MEDIUM
2013-03-23,7,27,18,10.428571428571429,3.0472470011002217,1.726027397260274,True,-1,True,MEDIUM
2013-04-29,7,27,3,15.0,2.8284271247462014,0.2,True,-1,True,HIGH
2013-05-10,7,27,23,12.0,2.768874620972692,1.9166666666666667,True,-1,True,MEDIUM
2013-05-30,7,27,5,13.285714285714286,4.309458036856677,0.3763440860215054,True,-1,True,MEDIUM
2013-06-01,7,27,19,11.285714285714286,4.956957592256417,1.6835443037974682,True,-1,True,MEDIUM
2013-07-19,7,27,24,14.571428571428571,2.439750182371361,1.6470588235294117,True,-1,True,MEDIUM
2013-07-29,7,27,7,16.714285714285715,5.186980037050666,0.41880341880341876,True,-1,True,MEDIUM
2013-08-11,7,27,26,13.714285714285714,4.644505202002545,1.8958333333333335,True,-1,True,MEDIUM
2013-08-19,7,27,5,16.428571428571427,3.9096949095440277,0.30434782608695654,True,-1,True,MEDIUM
2013-09-16,7,27,5,13.714285714285714,2.1380899352994187,0.36458333333333337,True,-1,True,MEDIUM
2013-10-14,7,27,6,13.571428571428571,3.5050983275386702,0.4421052631578947,True,-1,True,MEDIUM
2013-11-03,7,27,20,10.285714285714286,3.1471831698777666,1.9444444444444442,True,-1,True,MEDIUM
2013-12-02,7,27,4,13.142857142857142,1.6761634196950783,0.30434782608695654,True,-1,True,MEDIUM
2013-12-10,7,27,3,8.285714285714286,1.1126972805283453,0.3620689655172413,True,-1,True,MEDIUM
2013-12-11,7,27,15,7.571428571428571,2.2990681342044215,1.9811320754716981,True,-1,True,MEDIUM
2013-12-15,7,27,17,9.428571428571429,3.7352886036263544,1.803030303030303,True,-1,True,MEDIUM
2013-12-19,7,27,4,10.285714285714286,3.728908942943216,0.38888888888888884,True,-1,True,MEDIUM
2013-12-21,7,27,15,9.285714285714286,4.386125310350264,1.6153846153846152,True,-1,True,MEDIUM
2013-12-22,7,27,17,9.857142857142858,4.879500364742664,1.7246376811594202,True,-1,True,MEDIUM
2013-12-23,7,27,3,9.857142857142858,4.879500364742664,0.3043478260869565,True,-1,True,MEDIUM
2014-01-02,7,27,14,8.714285714285714,3.25137333621172,1.6065573770491806,True,-1,True,MEDIUM
2014-01-25,7,27,18,8.857142857142858,2.4102953780654732,2.032258064516129,True,-1,True,MEDIUM
2014-02-01,7,27,19,11.0,3.464101615137757,1.7272727272727273,True,-1,True,MEDIUM
2014-02-03,7,27,4,10.857142857142858,3.8913824205360688,0.3684210526315789,True,-1,True,MEDIUM
2014-02-09,7,27,15,9.0,2.4494897427831703,1.6666666666666667,True,-1,True,MEDIUM
2014-02-12,7,27,5,11.285714285714286,2.138089935299399,0.4430379746835443,True,-1,True,MEDIUM
2014-02-15,7,27,18,9.857142857142858,3.6253078686998603,1.826086956521739,True,-1,True,MEDIUM
2014-02-20,7,27,17,10.0,4.320493798938571,1.7,True,-1,True,MEDIUM
2014-03-05,7,27,4,12.0,2.380476142847625,0.3333333333333333,True,-1,True,MEDIUM
2014-03-10,7,27,4,10.857142857142858,4.525062483125562,0.3684210526315789,True,-1,True,MEDIUM
2014-03-15,7,27,20,12.428571428571429,4.19750492781696,1.6091954022988506,True,-1,True,MEDIUM
2014-03-31,7,27,4,14.428571428571429,4.540820148282437,0.2772277227722772,True,-1,True,HIGH
2014-04-13,7,27,23,13.857142857142858,3.5790395093549723,1.6597938144329896,True,-1,True,MEDIUM
2014-04-28,7,27,6,16.0,3.785938897200201,0.375,True,-1,True,MEDIUM
2014-05-15,7,27,7,19.142857142857142,4.7759317216145485,0.3656716417910448,True,-1,True,MEDIUM
2014-06-09,7,27,8,20.428571428571427,1.988059594776083,0.3916083916083916,True,-1,True,MEDIUM
2014-06-15,7,27,31,17.571428571428573,7.1147064323869165,1.7642276422764227,True,-1,True,MEDIUM
2014-08-09,7,27,7,15.142857142857142,2.9680841985233184,0.46226415094339623,True,-1,True,MEDIUM
2014-08-13,7,27,24,13.142857142857142,4.488079449258564,1.8260869565217392,True,-1,True,MEDIUM
2014-09-03,7,27,8,17.285714285714285,3.8172540616821276,0.4628099173553719,True,-1,True,MEDIUM
2014-09-15,7,27,7,19.428571428571427,6.373307431706701,0.3602941176470589,True,-1,True,MEDIUM
2014-11-07,7,27,23,13.285714285714286,3.039423504234823,1.7311827956989245,True,-1,True,MEDIUM
2014-11-10,7,27,6,14.142857142857142,4.7759317216145085,0.42424242424242425,True,-1,True,MEDIUM
2014-12-11,7,27,4,9.142857142857142,1.95180014589692,0.4375,True,-1,True,MEDIUM
2014-12-14,7,27,18,8.857142857142858,2.794552524022981,2.032258064516129,True,-1,True,MEDIUM
2014-12-25,7,27,5,10.142857142857142,2.968084198523237,0.49295774647887325,True,-1,True,MEDIUM
2014-12-27,7,27,16,8.857142857142858,3.5790395093548795,1.8064516129032258,True,-1,True,MEDIUM
2014-12-30,7,27,16,9.857142857142858,3.891382420536002,1.6231884057971013,True,-1,True,MEDIUM
2015-01-08,7,27,19,10.571428571428571,2.6992062325272306,1.7972972972972974,True,-1,True,MEDIUM
2015-01-09,7,27,5,12.285714285714286,3.683941988064995,0.4069767441860465,True,-1,True,MEDIUM
2015-01-12,7,27,4,11.857142857142858,4.488079449258536,0.3373493975903614,True,-1,True,MEDIUM
2015-01-18,7,27,16,8.428571428571429,2.9920529661722797,1.8983050847457628,True,-1,True,MEDIUM
2015-01-19,7,27,15,8.857142857142858,3.8483144114694197,1.693548387096774,True,-1,True,MEDIUM
2015-02-10,7,27,4,10.428571428571429,2.5727509827123085,0.3835616438356164,True,-1,True,MEDIUM
2015-02-13,7,27,16,9.142857142857142,3.287784027201794,1.75,True,-1,True,MEDIUM
2015-02-21,7,27,21,9.571428571428571,2.2990681342043247,2.1940298507462686,True,-1,True,MEDIUM
2015-03-08,7,27,22,11.0,2.0816659994660265,2.0,True,-1,True,MEDIUM
2015-04-09,7,27,6,16.857142857142858,3.287784027201871,0.3559322033898305,True,-1,True,MEDIUM
2015-04-27,7,27,5,14.285714285714286,3.1471831698777413,0.35,True,-1,True,MEDIUM
2015-06-28,7,27,34,17.142857142857142,4.298393941484481,1.9833333333333334,True,-1,True,MEDIUM
2015-08-30,7,27,32,16.0,5.656854249492375,2.0,True,-1,True,MEDIUM
2015-09-22,7,27,7,17.142857142857142,3.89138242053607,0.4083333333333333,True,-1,True,MEDIUM
2015-09-28,7,27,6,16.571428571428573,6.754187413675136,0.3620689655172413,True,-1,True,MEDIUM
2015-10-23,7,27,25,12.857142857142858,2.3401261667248536,1.9444444444444444,True,-1,True,MEDIUM
2015-10-31,7,27,21,12.714285714285714,3.401680257083028,1.651685393258427,True,-1,True,MEDIUM
2015-11-20,7,27,8,18.857142857142858,6.669047194029335,0.42424242424242425,True,-1,True,MEDIUM
2015-11-28,7,27,24,12.857142857142858,2.672612419124224,1.8666666666666667,True,-1,True,MEDIUM
2015-11-30,7,27,4,14.428571428571429,5.126959555693241,0.2772277227722772,True,-1,True,HIGH
2015-12-10,7,27,5,11.285714285714286,4.309458036856655,0.4430379746835443,True,-1,True,MEDIUM
2015-12-25,7,27,20,11.714285714285714,2.2886885410852855,1.707317073170732,True,-1,True,MEDIUM
2016-01-06,7,27,22,11.857142857142858,3.8047589248453484,1.855421686746988,True,-1,True,MEDIUM
2016-01-09,7,27,5,13.857142857142858,5.2734735999646105,0.36082474226804123,True,-1,True,MEDIUM
2016-01-10,7,27,6,12.571428571428571,6.241184258807044,0.4772727272727273,True,-1,True,MEDIUM
2016-01-11,7,27,6,12.0,6.683312551921131,0.5,True,-1,True,MEDIUM
2016-01-14,7,27,17,9.428571428571429,5.380741673076377,1.803030303030303,True,-1,True,MEDIUM
2016-01-18,7,27,4,9.571428571428571,3.7796447300922487,0.417910447761194,True,-1,True,MEDIUM
2016-01-28,7,27,18,10.714285714285714,2.9277002188455716,1.6800000000000002,True,-1,True,MEDIUM
2016-02-09,7,27,5,10.857142857142858,2.73426232761056,0.4605263157894737,True,-1,True,MEDIUM
2016-02-14,7,27,17,10.0,2.82842712474616,1.7,True,-1,True,MEDIUM
2016-02-20,7,27,21,13.0,3.055050463303875,1.6153846153846154,True,-1,True,MEDIUM
2016-02-23,7,27,6,13.571428571428571,4.237025012007936,0.4421052631578947,True,-1,True,MEDIUM
2016-02-27,7,27,20,12.142857142857142,5.113008619478067,1.647058823529412,True,-1,True,MEDIUM
2016-03-07,7,27,8,17.428571428571427,5.318431562567508,0.459016393442623,True,-1,True,MEDIUM
2016-03-14,7,27,6,12.857142857142858,3.338091841585099,0.4666666666666667,True,-1,True,MEDIUM
2016-03-17,7,27,21,12.571428571428571,4.35343323738642,1.6704545454545454,True,-1,True,MEDIUM
2016-03-23,7,27,7,15.571428571428571,4.894116973712508,0.44954128440366975,True,-1,True,MEDIUM
2016-04-01,7,27,22,13.0,3.958114029012621,1.6923076923076923,True,-1,True,MEDIUM
2016-05-09,7,27,9,24.0,4.654746681256325,0.375,True,-1,True,MEDIUM
2016-05-18,7,27,28,17.0,2.943920288775923,1.6470588235294117,True,-1,True,MEDIUM
2016-05-22,7,27,34,20.142857142857142,4.059087394500204,1.6879432624113475,True,-1,True,MEDIUM
2016-06-13,7,27,9,22.285714285714285,5.056820005836545,0.40384615384615385,True,-1,True,MEDIUM
2016-07-17,7,27,34,16.571428571428573,5.191568255583348,2.0517241379310343,True,-1,True,MEDIUM
2016-10-04,7,27,8,16.428571428571427,3.7796447300922433,0.48695652173913045,True,-1,True,MEDIUM
2016-11-03,7,27,34,19.142857142857142,4.450789122113491,1.7761194029850746,True,-1,True,MEDIUM
2016-12-26,7,27,3,14.0,3.6055512754639243,0.21428571428571427,True,-1,True,HIGH
2017-01-07,7,27,5,11.857142857142858,3.0783421635987507,0.4216867469879518,True,-1,True,MEDIUM
2017-01-19,7,27,4,12.571428571428571,3.7796447300921954,0.3181818181818182,True,-1,True,MEDIUM
2017-01-28,7,27,7,14.285714285714286,2.0586634591634416,0.49,True,-1,True,MEDIUM
2017-02-03,7,27,5,11.285714285714286,3.0937725468152797,0.4430379746835443,True,-1,True,MEDIUM
2017-02-11,7,27,6,13.285714285714286,2.6276913640611173,0.45161290322580644,True,-1,True,MEDIUM
2017-02-13,7,27,5,12.857142857142858,3.976119189551949,0.3888888888888889,True,-1,True,MEDIUM
2017-02-14,7,27,21,11.428571428571429,4.790864322059256,1.8375,True,-1,True,MEDIUM
2017-02-19,7,27,26,12.285714285714286,5.0237531028201055,2.1162790697674416,True,-1,True,MEDIUM
2017-03-12,7,27,27,16.857142857142858,2.544836041121353,1.6016949152542372,True,-1,True,MEDIUM
2017-03-17,7,27,8,16.571428571428573,5.855400437691173,0.48275862068965514,True,-1,True,MEDIUM
2017-03-27,7,27,8,16.142857142857142,4.634241089562577,0.49557522123893805,True,-1,True,MEDIUM
2017-04-18,7,27,8,18.428571428571427,4.429339411136546,0.434108527131783,True,-1,True,MEDIUM
2017-05-15,7,27,8,17.714285714285715,6.019808571549019,0.45161290322580644,True,-1,True,MEDIUM
2017-08-13,7,27,40,20.142857142857142,5.241773600241652,1.9858156028368794,True,-1,True,MEDIUM
2017-08-29,7,27,8,21.285714285714285,8.24043457014021,0.37583892617449666,True,-1,True,MEDIUM
2017-09-24,7,27,29,17.428571428571427,3.3594217189442124,1.6639344262295084,True,-1,True,MEDIUM
2017-10-14,7,27,7,16.0,3.3665016461206525,0.4375,True,-1,True,MEDIUM
2017-10-26,7,27,8,16.285714285714285,4.423960733486265,0.4912280701754386,True,-1,True,MEDIUM
2017-10-28,7,27,27,13.428571428571429,5.380741673076365,2.0106382978723403,True,-1,True,MEDIUM
2017-11-06,7,27,6,19.285714285714285,3.903600291794115,0.3111111111111111,True,-1,True,MEDIUM
2017-12-21,7,27,19,11.857142857142858,3.6253078686997853,1.6024096385542168,True,-1,True,MEDIUM
2014-02-01,7,28,67,39.857142857142854,12.047524938461867,1.681003584229391,True,-1,True,MEDIUM
2015-03-01,7,28,91,45.42857142857143,6.241184258807671,2.00314465408805,True,-1,True,MEDIUM
2015-12-20,7,28,77,46.42857142857143,9.253056123198439,1.6584615384615384,True,-1,True,MEDIUM
2016-02-07,7,28,79,45.42857142857143,9.7272322692049,1.7389937106918238,True,-1,True,MEDIUM
2017-02-19,7,28,87,52.57142857142857,7.230886134196434,1.6548913043478262,True,-1,True,MEDIUM
2017-04-02,7,28,100,59.857142857142854,7.90418816047447,1.6706443914081146,True,-1,True,MEDIUM
2013-06-30,7,29,78,47.42857142857143,5.65264371355386,1.644578313253012,True,-1,True,MEDIUM
2014-02-09,7,29,55,30.0,5.715476066493994,1.8333333333333333,True,-1,True,MEDIUM
2015-06-13,7,29,96,57.0,11.46007562511409,1.6842105263157894,True,-1,True,MEDIUM
2013-01-26,7,30,31,14.285714285714286,2.7516228977511736,2.17,True,-1,True,MEDIUM
2013-02-01,7,30,8,16.714285714285715,7.7398166583428765,0.4786324786324786,True,-1,True,MEDIUM
2013-02-17,7,30,26,13.857142857142858,3.848314411469487,1.8762886597938144,True,-1,True,MEDIUM
2013-12-31,7,30,5,14.714285714285714,3.4503277967117247,0.33980582524271846,True,-1,True,MEDIUM
2014-01-20,7,30,7,18.0,5.228129047119355,0.3888888888888889,True,-1,True,MEDIUM
2014-06-06,7,30,55,28.142857142857142,5.550632739564356,1.9543147208121827,True,-1,True,MEDIUM
2014-12-21,7,30,35,18.0,3.1622776601682627,1.9444444444444444,True,-1,True,MEDIUM
2015-01-26,7,30,8,18.428571428571427,3.6449573777636357,0.434108527131783,True,-1,True,MEDIUM
2016-01-19,7,30,10,20.0,3.6968455021363664,0.5,True,-1,True,MEDIUM
2016-01-24,7,30,37,17.857142857142858,5.0803074522633755,2.072,True,-1,True,MEDIUM
2016-04-02,7,30,46,24.571428571428573,4.577377082170614,1.872093023255814,True,-1,True,MEDIUM
2016-10-01,7,30,55,27.857142857142858,6.914443130832948,1.9743589743589742,True,-1,True,MEDIUM
2017-01-05,7,30,10,22.714285714285715,3.147183169877456,0.440251572327044,True,-1,True,MEDIUM
2017-12-27,7,30,9,21.714285714285715,4.029651999626264,0.41447368421052627,True,-1,True,MEDIUM
2017-12-31,7,30,43,20.142857142857142,6.817344825970495,2.1347517730496453,True,-1,True,MEDIUM
2013-06-09,7,31,67,38.857142857142854,10.073539123674006,1.724264705882353,True,-1,True,MEDIUM
2014-12-02,7,31,20,41.0,12.596295751794141,0.4878048780487805,True,-1,True,MEDIUM
2015-02-01,7,31,44,22.0,7.118052168020907,2.0,True,-1,True,MEDIUM
2015-06-07,7,31,81,48.714285714285715,5.648430038936683,1.662756598240469,True,-1,True,MEDIUM
2016-01-24,7,31,48,26.428571428571427,3.2071349029487055,1.8162162162162163,True,-1,True,MEDIUM
2016-02-06,7,31,56,31.571428571428573,5.5032457955021545,1.7737556561085972,True,-1,True,MEDIUM
2016-12-05,7,31,15,34.714285714285715,3.545621041711585,0.43209876543209874,True,-1,True,MEDIUM
2017-07-29,7,31,89,53.142857142857146,9.719886340703237,1.6747311827956988,True,-1,True,MEDIUM
2013-02-05,7,32,5,19.142857142857142,4.413183712037201,0.2611940298507463,True,-1,True,HIGH
2013-02-16,7,32,30,15.0,4.932882862316246,2.0,True,-1,True,MEDIUM
2013-02-25,7,32,31,17.142857142857142,2.410295378065477,1.8083333333333333,True,-1,True,MEDIUM
2013-03-11,7,32,9,25.285714285714285,2.6903708365382237,0.3559322033898305,True,-1,True,MEDIUM
2013-11-17,7,32,47,27.428571428571427,4.4293394111365405,1.7135416666666667,True,-1,True,MEDIUM
2013-12-16,7,32,9,21.0,5.97215762238963,0.42857142857142855,True,-1,True,MEDIUM
2014-01-20,7,32,8,17.714285714285715,3.8606685826112948,0.45161290322580644,True,-1,True,MEDIUM
2014-02-02,7,32,39,20.857142857142858,3.7161167647860145,1.86986301369863,True,-1,True,MEDIUM
2015-01-30,7,32,33,19.142857142857142,4.09994192757939,1.7238805970149254,True,-1,True,MEDIUM
2015-10-25,7,32,51,29.714285714285715,3.6384193323606056,1.7163461538461537,True,-1,True,MEDIUM
2015-12-13,7,32,43,24.285714285714285,3.0394235042349775,1.7705882352941178,True,-1,True,MEDIUM
2016-01-04,7,32,9,24.714285714285715,5.407226205560107,0.36416184971098264,True,-1,True,MEDIUM
2016-03-01,7,32,36,20.571428571428573,4.391550328268526,1.7499999999999998,True,-1,True,MEDIUM
2016-12-09,7,32,12,24.142857142857142,2.1930626551752943,0.4970414201183432,True,-1,True,MEDIUM
2016-01-10,7,33,55,34.142857142857146,4.413183712038049,1.610878661087866,True,-1,True,MEDIUM
2017-07-01,7,33,102,62.0,8.544003745317331,1.6451612903225807,True,-1,True,MEDIUM
2013-02-01,7,34,16,8.571428571428571,2.8199966227605575,1.8666666666666667,True,-1,True,MEDIUM
2013-02-02,7,34,20,10.0,3.696845502136475,2.0,True,-1,True,MEDIUM
2013-02-24,7,34,19,10.714285714285714,4.151878519188065,1.7733333333333334,True,-1,True,MEDIUM
2013-02-26,7,34,5,12.0,4.618802153517014,0.4166666666666667,True,-1,True,MEDIUM
2013-03-06,7,34,7,14.571428571428571,3.909694909544018,0.4803921568627451,True,-1,True,MEDIUM
2013-03-14,7,34,23,13.285714285714286,2.6276913640612354,1.7311827956989245,True,-1,True,MEDIUM
2013-04-06,7,34,24,14.571428571428571,3.1014589500826477,1.6470588235294117,True,-1,True,MEDIUM
2013-05-30,7,34,8,17.285714285714285,1.8898223650462045,0.4628099173553719,True,-1,True,MEDIUM
2013-07-05,7,34,32,16.857142857142858,5.145501965424821,1.8983050847457628,True,-1,True,MEDIUM
2013-07-08,7,34,6,19.571428571428573,7.020378500174661,0.3065693430656934,True,-1,True,MEDIUM
2013-08-05,7,34,6,18.714285714285715,3.9036002917941715,0.32061068702290074,True,-1,True,MEDIUM
2013-08-12,7,34,7,14.714285714285714,4.750939756661685,0.47572815533980584,True,-1,True,MEDIUM
2013-08-17,7,34,22,12.714285714285714,4.923220007078204,1.7303370786516854,True,-1,True,MEDIUM
2013-09-09,7,34,6,16.285714285714285,4.386125310350285,0.368421052631579,True,-1,True,MEDIUM
2013-09-18,7,34,8,16.285714285714285,3.4982989063393917,0.4912280701754386,True,-1,True,MEDIUM
2013-10-12,7,34,22,12.142857142857142,3.2366943748507184,1.811764705882353,True,-1,True,MEDIUM
2013-10-29,7,34,5,13.142857142857142,2.544836041121387,0.3804347826086957,True,-1,True,MEDIUM
2013-11-01,7,34,21,12.285714285714286,3.63841933236056,1.7093023255813953,True,-1,True,MEDIUM
2013-12-04,7,34,2,12.0,2.82842712474615,0.16666666666666666,True,-1,True,HIGH
2013-12-07,7,34,20,10.142857142857142,4.740906081772775,1.971830985915493,True,-1,True,MEDIUM
2013-12-13,7,34,20,11.571428571428571,4.276179870598758,1.7283950617283952,True,-1,True,MEDIUM
2013-12-14,7,34,6,12.428571428571429,5.318431562567491,0.48275862068965514,True,-1,True,MEDIUM
2013-12-15,7,34,19,10.428571428571429,4.577377082170594,1.821917808219178,True,-1,True,MEDIUM
2013-12-16,7,34,5,12.0,5.416025603090618,0.4166666666666667,True,-1,True,MEDIUM
2013-12-23,7,34,4,10.0,3.4641016151376953,0.4,True,-1,True,MEDIUM
2014-01-10,7,34,24,13.571428571428571,3.5989416433697357,1.768421052631579,True,-1,True,MEDIUM
2014-01-14,7,34,6,14.714285714285714,5.37631490007439,0.4077669902912622,True,-1,True,MEDIUM
2014-01-17,7,34,6,13.285714285714286,5.559205150447479,0.45161290322580644,True,-1,True,MEDIUM
2014-01-23,7,34,20,11.0,2.449489742783111,1.8181818181818181,True,-1,True,MEDIUM
2014-02-02,7,34,22,12.714285714285714,3.9880774697542827,1.7303370786516854,True,-1,True,MEDIUM
2014-02-08,7,34,7,14.571428571428571,4.928053803045809,0.4803921568627451,True,-1,True,MEDIUM
2014-02-15,7,34,17,10.0,2.380476142847534,1.7,True,-1,True,MEDIUM
2014-02-24,7,34,5,12.857142857142858,2.7945525240230578,0.3888888888888889,True,-1,True,MEDIUM
2014-02-25,7,34,4,11.857142857142858,4.09994192757941,0.3373493975903614,True,-1,True,MEDIUM
2014-02-26,7,34,19,10.571428571428571,4.9952358255021965,1.7972972972972974,True,-1,True,MEDIUM
2014-03-02,7,34,21,10.428571428571429,5.191568255583335,2.0136986301369864,True,-1,True,MEDIUM
2014-09-22,7,34,8,20.0,5.830951894845335,0.4,True,-1,True,MEDIUM
2014-10-27,7,34,8,16.142857142857142,4.598136268408894,0.49557522123893805,True,-1,True,MEDIUM
2014-12-02,7,34,6,18.285714285714285,6.29058253037259,0.328125,True,-1,True,MEDIUM
2014-12-13,7,34,22,12.0,2.9439202887759253,1.8333333333333333,True,-1,True,MEDIUM
2014-12-19,7,34,29,13.285714285714286,4.820590756130951,2.182795698924731,True,-1,True,MEDIUM
2014-12-24,7,34,7,16.0,7.438637868140472,0.4375,True,-1,True,MEDIUM
2015-01-11,7,34,19,11.714285714285714,2.5634797778465996,1.6219512195121952,True,-1,True,MEDIUM
2015-01-14,7,34,20,11.714285714285714,4.029651999626657,1.707317073170732,True,-1,True,MEDIUM
2015-01-15,7,34,3,12.571428571428571,5.0943479418254185,0.23863636363636365,True,-1,True,HIGH
2015-01-25,7,34,23,11.0,3.366501646120671,2.090909090909091,True,-1,True,MEDIUM
2015-02-04,7,34,4,13.714285714285714,5.1223134654270455,0.2916666666666667,True,-1,True,HIGH
2015-02-09,7,34,6,14.142857142857142,6.517376042257382,0.42424242424242425,True,-1,True,MEDIUM
2015-02-16,7,34,4,12.0,3.99999999999999,0.3333333333333333,True,-1,True,MEDIUM
2015-02-20,7,34,19,11.142857142857142,4.980915960897522,1.7051282051282053,True,-1,True,MEDIUM
2015-02-21,7,34,22,12.714285714285714,5.529143565818175,1.7303370786516854,True,-1,True,MEDIUM
2015-03-05,7,34,25,15.142857142857142,2.1157009420498296,1.650943396226415,True,-1,True,MEDIUM
2015-03-10,7,34,7,17.285714285714285,4.990467102863425,0.40495867768595045,True,-1,True,MEDIUM
2015-03-22,7,34,24,13.428571428571429,3.0472470011002417,1.7872340425531914,True,-1,True,MEDIUM
2015-03-26,7,34,27,14.428571428571429,5.191568255583383,1.8712871287128712,True,-1,True,MEDIUM
2015-03-29,7,34,8,18.857142857142858,8.11230693511556,0.42424242424242425,True,-1,True,MEDIUM
2015-04-06,7,34,8,18.0,3.7416573867739675,0.4444444444444444,True,-1,True,MEDIUM
2015-04-11,7,34,37,16.571428571428573,5.503245795502367,2.232758620689655,True,-1,True,MEDIUM
2015-05-22,7,34,32,16.714285714285715,6.074928962939565,1.9145299145299144,True,-1,True,MEDIUM
2015-10-26,7,34,7,17.857142857142858,4.634241089562634,0.392,True,-1,True,MEDIUM
2015-11-30,7,34,8,16.857142857142858,5.698788509515909,0.4745762711864407,True,-1,True,MEDIUM
2015-12-02,7,34,8,17.714285714285715,6.395683067879618,0.45161290322580644,True,-1,True,MEDIUM
2015-12-12,7,34,23,13.285714285714286,4.029651999626655,1.7311827956989245,True,-1,True,MEDIUM
2016-01-02,7,34,22,12.428571428571429,3.359421718944213,1.7701149425287357,True,-1,True,MEDIUM
2016-01-18,7,34,5,13.571428571428571,3.6903993847614243,0.3684210526315789,True,-1,True,MEDIUM
2016-01-26,7,34,6,13.0,2.1602468994692496,0.46153846153846156,True,-1,True,MEDIUM
2016-02-14,7,34,25,12.285714285714286,2.4976179127510743,2.0348837209302326,True,-1,True,MEDIUM
2016-03-07,7,34,6,23.142857142857142,4.9473417585801585,0.25925925925925924,True,-1,True,HIGH
2016-03-16,7,34,30,16.285714285714285,4.151878519188073,1.842105263157895,True,-1,True,MEDIUM
2016-03-21,7,34,6,19.857142857142858,7.1046597720222175,0.302158273381295,True,-1,True,MEDIUM
2016-04-13,7,34,9,22.0,4.000000000000055,0.4090909090909091,True,-1,True,MEDIUM
2016-10-19,7,34,9,20.571428571428573,4.27617987059886,0.43749999999999994,True,-1,True,MEDIUM
2016-12-11,7,34,22,13.0,3.1091263510297202,1.6923076923076923,True,-1,True,MEDIUM
2016-12-19,7,34,6,13.142857142857142,2.9680841985234396,0.4565217391304348,True,-1,True,MEDIUM
2016-12-27,7,34,24,13.0,2.0000000000001803,1.8461538461538463,True,-1,True,MEDIUM
2017-01-02,7,34,8,16.428571428571427,5.191568255583434,0.48695652173913045,True,-1,True,MEDIUM
2017-01-12,7,34,23,13.285714285714286,3.9880774697544,1.7311827956989245,True,-1,True,MEDIUM
2017-02-10,7,34,7,18.142857142857142,3.8047589248454514,0.38582677165354334,True,-1,True,MEDIUM
2017-12-05,7,34,9,18.428571428571427,4.961758520831918,0.48837209302325585,True,-1,True,MEDIUM
2013-06-08,7,36,86,51.42857142857143,8.34380294704076,1.672222222222222,True,-1,True,MEDIUM
2014-03-02,7,36,65,39.285714285714285,10.843035948083346,1.6545454545454545,True,-1,True,MEDIUM
2015-02-01,7,36,57,34.57142857142857,4.2370250120079795,1.6487603305785126,True,-1,True,MEDIUM
2016-04-02,7,36,86,53.0,14.87727573628084,1.6226415094339623,True,-1,True,MEDIUM
2017-04-02,7,36,87,52.0,10.327955589886404,1.6730769230769231,True,-1,True,MEDIUM
2013-02-03,7,37,20,11.428571428571429,3.4572215654165044,1.75,True,-1,True,MEDIUM
2013-02-14,7,37,19,11.857142857142858,2.3401261667248767,1.6024096385542168,True,-1,True,MEDIUM
2013-02-18,7,37,3,13.571428571428571,3.994043183589899,0.22105263157894736,True,-1,True,HIGH
2013-02-26,7,37,6,14.0,1.9999999999999964,0.42857142857142855,True,-1,True,MEDIUM
2013-05-13,7,37,8,16.714285714285715,2.751622897751144,0.4786324786324786,True,-1,True,MEDIUM
2013-05-24,7,37,34,15.142857142857142,3.1320159337914624,2.2452830188679247,True,-1,True,MEDIUM
2013-05-25,7,37,31,17.571428571428573,7.849780100044044,1.7642276422764227,True,-1,True,MEDIUM
2013-05-27,7,37,9,19.857142857142858,9.099973835650504,0.45323741007194246,True,-1,True,MEDIUM
2013-07-17,7,37,9,22.0,3.8297084310253493,0.4090909090909091,True,-1,True,MEDIUM
2013-09-09,7,37,9,20.0,5.44671154612272,0.45,True,-1,True,MEDIUM
2013-11-12,7,37,9,18.428571428571427,4.076646614442745,0.48837209302325585,True,-1,True,MEDIUM
2013-11-23,7,37,30,17.142857142857142,3.23669437485074,1.75,True,-1,True,MEDIUM
2013-11-25,7,37,7,18.142857142857142,5.429197958832444,0.38582677165354334,True,-1,True,MEDIUM
2013-12-19,7,37,4,13.0,2.7688746209727255,0.3076923076923077,True,-1,True,MEDIUM
2013-12-22,7,37,18,11.0,3.6514837167011507,1.6363636363636365,True,-1,True,MEDIUM
2014-01-25,7,37,24,11.571428571428571,3.779644730092307,2.074074074074074,True,-1,True,MEDIUM
2014-01-26,7,37,25,13.142857142857142,6.067085281214035,1.9021739130434783,True,-1,True,MEDIUM
2014-02-04,7,37,7,14.428571428571429,3.1547394428670468,0.48514851485148514,True,-1,True,MEDIUM
2014-02-17,7,37,6,14.142857142857142,2.853569193634052,0.42424242424242425,True,-1,True,MEDIUM
2014-03-01,7,37,21,12.428571428571429,2.7602622373694623,1.6896551724137931,True,-1,True,MEDIUM
2014-06-01,7,37,36,21.0,3.8729833462073855,1.7142857142857142,True,-1,True,MEDIUM
2014-07-12,7,37,45,26.714285714285715,3.093772546815251,1.6844919786096255,True,-1,True,MEDIUM
2014-12-21,7,37,22,13.571428571428571,3.101458950082704,1.6210526315789473,True,-1,True,MEDIUM
2015-02-16,7,37,7,16.0,4.79583152331275,0.4375,True,-1,True,MEDIUM
2015-04-16,7,37,9,18.714285714285715,3.9460649476951732,0.4809160305343511,True,-1,True,MEDIUM
2015-04-18,7,37,34,17.857142857142858,5.3049841793220445,1.904,True,-1,True,MEDIUM
2015-04-19,7,37,35,20.0,8.124038404635947,1.75,True,-1,True,MEDIUM
2015-10-26,7,37,9,19.428571428571427,3.9520940802373943,0.4632352941176471,True,-1,True,MEDIUM
2015-12-11,7,37,6,15.857142857142858,4.37525509460391,0.37837837837837834,True,-1,True,MEDIUM
2015-12-15,7,37,7,14.571428571428571,4.928053803045862,0.4803921568627451,True,-1,True,MEDIUM
2016-01-01,7,37,22,13.285714285714286,3.4982989063394667,1.6559139784946235,True,-1,True,MEDIUM
2016-01-04,7,37,6,15.0,4.932882862316292,0.4,True,-1,True,MEDIUM
2016-02-15,7,37,7,15.571428571428571,2.299068134204519,0.44954128440366975,True,-1,True,MEDIUM
2016-02-21,7,37,31,16.0,5.29150262212921,1.9375,True,-1,True,MEDIUM
2016-05-01,7,37,39,19.857142857142858,4.413183712037166,1.9640287769784173,True,-1,True,MEDIUM
2016-12-13,7,37,24,11.714285714285714,2.3603873774085193,2.048780487804878,True,-1,True,MEDIUM
2017-02-27,7,37,6,17.142857142857142,4.37525509460389,0.35000000000000003,True,-1,True,MEDIUM
2017-05-17,7,37,13,28.428571428571427,3.552329886010909,0.45728643216080406,True,-1,True,MEDIUM
2017-12-04,7,37,6,20.571428571428573,5.126959555693162,0.29166666666666663,True,-1,True,HIGH
2017-12-10,7,37,29,16.285714285714285,6.447590912226669,1.7807017543859651,True,-1,True,MEDIUM
2017-12-26,7,37,9,18.857142857142858,4.180453381654877,0.47727272727272724,True,-1,True,MEDIUM
2015-04-11,7,38,90,55.285714285714285,13.768494056048034,1.627906976744186,True,-1,True,MEDIUM
2013-03-14,7,39,39,19.571428571428573,6.023762469230865,1.9927007299270072,True,-1,True,MEDIUM
2013-03-18,7,39,9,23.285714285714285,9.464218328601083,0.38650306748466257,True,-1,True,MEDIUM
2013-03-28,7,39,12,28.857142857142858,4.0590873945002315,0.4158415841584158,True,-1,True,MEDIUM
2013-04-17,7,39,43,25.857142857142858,2.968084198523338,1.6629834254143645,True,-1,True,MEDIUM
2013-08-05,7,39,12,31.0,4.546060565661978,0.3870967741935484,True,-1,True,MEDIUM
2013-10-14,7,39,7,25.285714285714285,5.468524655221174,0.2768361581920904,True,-1,True,HIGH
2013-12-16,7,39,9,18.285714285714285,4.029651999626607,0.4921875,True,-1,True,MEDIUM
2014-01-20,7,39,10,21.142857142857142,3.933978962347177,0.47297297297297297,True,-1,True,MEDIUM
2014-02-01,7,39,32,19.285714285714285,3.4982989063393095,1.6592592592592594,True,-1,True,MEDIUM
2014-03-02,7,39,35,19.571428571428573,3.644957377763678,1.7883211678832116,True,-1,True,MEDIUM
2014-07-18,7,39,59,32.857142857142854,7.798046153333806,1.7956521739130435,True,-1,True,MEDIUM
2014-11-21,7,39,48,27.428571428571427,3.9940431835898367,1.75,True,-1,True,MEDIUM
2015-02-09,7,39,9,21.0,5.627314338711248,0.42857142857142855,True,-1,True,MEDIUM
2015-02-21,7,39,11,22.142857142857142,3.1847852585152125,0.4967741935483871,True,-1,True,MEDIUM
2015-05-02,7,39,57,29.285714285714285,7.67494377209117,1.9463414634146343,True,-1,True,MEDIUM
2017-03-26,7,39,56,30.428571428571427,3.909694909543925,1.8403755868544602,True,-1,True,MEDIUM
2017-12-25,7,39,8,26.428571428571427,10.179344164485578,0.3027027027027027,True,-1,True,MEDIUM
2013-01-15,7,40,5,12.285714285714286,2.9277002188455983,0.4069767441860465,True,-1,True,MEDIUM
2013-02-11,7,40,5,11.428571428571429,1.2724180205607032,0.4375,True,-1,True,MEDIUM
2013-02-15,7,40,19,9.857142857142858,2.7342623276105913,1.9275362318840579,True,-1,True,MEDIUM
2013-03-04,7,40,7,14.714285714285714,4.111540089159034,0.47572815533980584,True,-1,True,MEDIUM
2013-03-18,7,40,8,16.857142857142858,2.5448360411214006,0.4745762711864407,True,-1,True,MEDIUM
2013-03-27,7,40,7,15.714285714285714,2.8115408417381875,0.4454545454545455,True,-1,True,MEDIUM
2013-03-29,7,40,25,13.571428571428571,4.237025012007945,1.8421052631578947,True,-1,True,MEDIUM
2013-04-07,7,40,34,16.142857142857142,4.375255094603869,2.106194690265487,True,-1,True,MEDIUM
2013-05-04,7,40,31,18.571428571428573,2.1491969707422354,1.669230769230769,True,-1,True,MEDIUM
2013-06-01,7,40,35,18.714285714285715,8.440266301373146,1.8702290076335877,True,-1,True,MEDIUM
2013-07-21,7,40,34,16.857142857142858,4.670066788550659,2.016949152542373,True,-1,True,MEDIUM
2013-10-01,7,40,8,20.0,3.8729833462074046,0.4,True,-1,True,MEDIUM
2013-10-08,7,40,6,13.714285714285714,5.089672082242802,0.4375,True,-1,True,MEDIUM
2013-10-30,7,40,8,17.142857142857142,3.484660262185833,0.4666666666666667,True,-1,True,MEDIUM
2013-11-29,7,40,30,15.857142857142858,4.18045338165495,1.8918918918918919,True,-1,True,MEDIUM
2014-01-19,7,40,30,13.571428571428571,3.4572215654164693,2.210526315789474,True,-1,True,MEDIUM
2014-01-27,7,40,5,13.142857142857142,4.259443290250133,0.3804347826086957,True,-1,True,MEDIUM
2014-02-01,7,40,27,12.142857142857142,4.336994790119481,2.223529411764706,True,-1,True,MEDIUM
2014-02-24,7,40,3,15.0,4.546060565661926,0.2,True,-1,True,HIGH
2014-02-27,7,40,6,14.714285714285714,6.369570517030824,0.4077669902912622,True,-1,True,MEDIUM
2014-02-28,7,40,30,13.571428571428571,7.184639700016093,2.210526315789474,True,-1,True,MEDIUM
2014-03-02,7,40,29,15.857142857142858,9.081640296564837,1.8288288288288288,True,-1,True,MEDIUM
2014-03-31,7,40,9,20.142857142857142,4.525062483125563,0.4468085106382979,True,-1,True,MEDIUM
2014-06-27,7,40,37,20.285714285714285,2.8702082220799383,1.823943661971831,True,-1,True,MEDIUM
2014-09-12,7,40,34,20.142857142857142,3.976119189552022,1.6879432624113475,True,-1,True,MEDIUM
2014-10-22,7,40,29,17.571428571428573,3.1547394428670135,1.6504065040650404,True,-1,True,MEDIUM
2014-11-21,7,40,10,21.285714285714285,3.302235894778266,0.46979865771812085,True,-1,True,MEDIUM
2014-12-11,7,40,7,14.428571428571429,5.3184315625675,0.48514851485148514,True,-1,True,MEDIUM
2015-01-25,7,40,25,14.428571428571429,2.225394561056721,1.7326732673267327,True,-1,True,MEDIUM
2015-01-26,7,40,5,16.285714285714285,4.3094580368566655,0.30701754385964913,True,-1,True,MEDIUM
2015-02-09,7,40,4,16.428571428571427,2.507132682112022,0.24347826086956523,True,-1,True,HIGH
2015-02-10,7,40,7,14.857142857142858,5.3674504012169235,0.47115384615384615,True,-1,True,MEDIUM
2015-02-21,7,40,26,13.571428571428571,3.9096949095439864,1.9157894736842105,True,-1,True,MEDIUM
2015-03-11,7,40,8,16.0,3.4641016151377393,0.5,True,-1,True,MEDIUM
2015-04-20,7,40,9,23.571428571428573,4.503966505838417,0.3818181818181818,True,-1,True,MEDIUM
2015-05-25,7,40,10,20.714285714285715,4.029651999626667,0.48275862068965514,True,-1,True,MEDIUM
2015-09-20,7,40,35,19.571428571428573,6.729466121893661,1.7883211678832116,True,-1,True,MEDIUM
2015-12-09,7,40,7,16.142857142857142,3.023715784073859,0.4336283185840708,True,-1,True,MEDIUM
2015-12-25,7,40,6,15.571428571428571,5.472876844254876,0.3853211009174312,True,-1,True,MEDIUM
2016-01-21,7,40,7,14.571428571428571,3.6903993847614807,0.4803921568627451,True,-1,True,MEDIUM
2016-01-24,7,40,23,12.857142857142858,4.450789122113533,1.7888888888888888,True,-1,True,MEDIUM
2016-06-24,7,40,47,24.571428571428573,3.2586880211286378,1.9127906976744184,True,-1,True,MEDIUM
2016-08-08,7,40,7,27.0,5.163977794943166,0.25925925925925924,True,-1,True,HIGH
2017-01-02,7,40,8,17.142857142857142,4.413183712037168,0.4666666666666667,True,-1,True,MEDIUM
2017-01-08,7,40,20,12.285714285714286,3.302235894778219,1.627906976744186,True,-1,True,MEDIUM
2017-01-15,7,40,24,13.857142857142858,3.5321651258385756,1.7319587628865978,True,-1,True,MEDIUM
2017-01-25,7,40,7,18.0,4.898979485566321,0.3888888888888889,True,-1,True,MEDIUM
2017-02-06,7,40,8,17.0,3.265986323710857,0.47058823529411764,True,-1,True,MEDIUM
2017-03-05,7,40,33,18.857142857142858,4.140393356054089,1.75,True,-1,True,MEDIUM
2013-01-09,7,41,17,9.0,2.70801280154532,1.8888888888888888,True,-1,True,MEDIUM
2013-01-10,7,41,5,10.285714285714286,3.9880774697543058,0.48611111111111105,True,-1,True,MEDIUM
2013-01-16,7,41,4,10.571428571428571,4.07664661444276,0.3783783783783784,True,-1,True,MEDIUM
2013-01-20,7,41,19,10.285714285714286,3.683941988065037,1.847222222222222,True,-1,True,MEDIUM
2013-01-22,7,41,4,11.285714285714286,5.122313465427046,0.35443037974683544,True,-1,True,MEDIUM
2013-01-29,7,41,3,8.428571428571429,3.309438162646489,0.3559322033898305,True,-1,True,MEDIUM
2013-02-03,7,41,18,10.0,3.7416573867739427,1.8,True,-1,True,MEDIUM
2013-02-04,7,41,5,11.0,4.8304589153964805,0.45454545454545453,True,-1,True,MEDIUM
2013-02-05,7,41,17,10.571428571428571,5.255382728122437,1.6081081081081081,True,-1,True,MEDIUM
2013-02-06,7,41,4,12.571428571428571,4.503966505838414,0.3181818181818182,True,-1,True,MEDIUM
2013-02-22,7,41,13,8.0,1.0000000000000124,1.625,True,-1,True,MEDIUM
2013-03-24,7,41,22,12.142857142857142,1.3451854182690968,1.811764705882353,True,-1,True,MEDIUM
2013-03-26,7,41,5,13.428571428571429,4.035556254807295,0.3723404255319149,True,-1,True,MEDIUM
2013-04-27,7,41,21,12.857142857142858,1.6761634196950497,1.6333333333333333,True,-1,True,MEDIUM
2013-05-05,7,41,22,12.714285714285714,2.0586634591635495,1.7303370786516854,True,-1,True,MEDIUM
2013-09-05,7,41,6,15.571428571428571,4.613644360558617,0.3853211009174312,True,-1,True,MEDIUM
2013-09-17,7,41,7,14.714285714285714,2.8702082220799308,0.47572815533980584,True,-1,True,MEDIUM
2013-10-07,7,41,2,13.714285714285714,3.251373336211726,0.14583333333333334,True,-1,True,HIGH
2013-10-11,7,41,18,11.142857142857142,4.598136268408872,1.6153846153846154,True,-1,True,MEDIUM
2013-10-13,7,41,22,11.428571428571429,5.318431562567503,1.925,True,-1,True,MEDIUM
2013-10-19,7,41,23,12.857142857142858,5.080307452263473,1.7888888888888888,True,-1,True,MEDIUM
2013-10-24,7,41,7,15.714285714285714,5.707138387268058,0.4454545454545455,True,-1,True,MEDIUM
2013-11-02,7,41,18,10.857142857142858,2.9113897843109853,1.657894736842105,True,-1,True,MEDIUM
2013-11-03,7,41,18,11.142857142857142,3.532165125838594,1.6153846153846154,True,-1,True,MEDIUM
2013-12-02,7,41,4,12.428571428571429,1.397276262011521,0.3218390804597701,True,-1,True,MEDIUM
2013-12-24,7,41,5,10.142857142857142,3.236694374850727,0.49295774647887325,True,-1,True,MEDIUM
2013-12-27,7,41,4,9.571428571428571,3.1547394428670015,0.417910447761194,True,-1,True,MEDIUM
2013-12-29,7,41,15,7.571428571428571,2.636736799982272,1.9811320754716981,True,-1,True,MEDIUM
2014-01-05,7,41,5,10.142857142857142,3.5790395093549443,0.49295774647887325,True,-1,True,MEDIUM
2014-01-06,7,41,3,8.714285714285714,3.302235894778223,0.34426229508196726,True,-1,True,MEDIUM
2014-01-09,7,41,15,8.428571428571429,3.7352886036263344,1.7796610169491525,True,-1,True,MEDIUM
2014-01-10,7,41,15,9.0,4.434711565216672,1.6666666666666667,True,-1,True,MEDIUM
2014-01-11,7,41,19,9.428571428571429,4.894116973712499,2.015151515151515,True,-1,True,MEDIUM
2014-01-19,7,41,16,8.428571428571429,2.699206232527279,1.8983050847457628,True,-1,True,MEDIUM
2014-01-23,7,41,18,10.857142857142858,4.2201331506865625,1.657894736842105,True,-1,True,MEDIUM
2014-02-10,7,41,6,12.571428571428571,3.505098327538646,0.4772727272727273,True,-1,True,MEDIUM
2014-02-16,7,41,22,11.142857142857142,3.4846602621858302,1.9743589743589745,True,-1,True,MEDIUM
2014-03-02,7,41,23,12.714285714285714,4.231401884099623,1.808988764044944,True,-1,True,MEDIUM
2014-03-17,7,41,6,16.0,2.4494897427831925,0.375,True,-1,True,MEDIUM
2014-06-03,7,41,28,16.285714285714285,3.988077469754312,1.719298245614035,True,-1,True,MEDIUM
2014-07-26,7,41,8,17.428571428571427,4.613644360558622,0.459016393442623,True,-1,True,MEDIUM
2014-08-15,7,41,25,14.285714285714286,1.49602648308619,1.75,True,-1,True,MEDIUM
2014-10-30,7,41,24,14.428571428571429,1.7182493859684467,1.6633663366336633,True,-1,True,MEDIUM
2014-11-03,7,41,7,15.857142857142858,4.740906081772821,0.44144144144144143,True,-1,True,MEDIUM
2014-11-07,7,41,6,14.857142857142858,6.388233230676837,0.40384615384615385,True,-1,True,MEDIUM
2014-11-20,7,41,21,12.857142857142858,2.2677868380553456,1.6333333333333333,True,-1,True,MEDIUM
2014-11-23,7,41,25,14.428571428571429,3.5050983275386542,1.7326732673267327,True,-1,True,MEDIUM
2014-12-01,7,41,5,16.428571428571427,4.503966505838421,0.30434782608695654,True,-1,True,MEDIUM
2014-12-03,7,41,5,15.428571428571429,6.078847008469697,0.32407407407407407,True,-1,True,MEDIUM
2014-12-10,7,41,5,11.857142857142858,5.080307452263466,0.4216867469879518,True,-1,True,MEDIUM
2014-12-18,7,41,20,12.428571428571429,3.2071349029490808,1.6091954022988506,True,-1,True,MEDIUM
2014-12-22,7,41,3,12.142857142857142,3.804758924845356,0.24705882352941178,True,-1,True,HIGH
2014-12-31,7,41,6,12.571428571428571,3.2071349029490803,0.4772727272727273,True,-1,True,MEDIUM
2015-01-11,7,41,17,7.714285714285714,1.976047040118645,2.2037037037037037,True,-1,True,MEDIUM
2015-01-15,7,41,16,10.0,4.04145188432736,1.6,True,-1,True,MEDIUM
2015-01-25,7,41,18,9.857142857142858,3.4364987719368734,1.826086956521739,True,-1,True,MEDIUM
2015-02-02,7,41,5,13.285714285714286,2.811540841738193,0.3763440860215054,True,-1,True,MEDIUM
2015-02-14,7,41,19,11.428571428571429,3.0472470011002035,1.6624999999999999,True,-1,True,MEDIUM
2015-02-22,7,41,19,11.285714285714286,2.429971585175801,1.6835443037974682,True,-1,True,MEDIUM
2015-02-23,7,41,6,12.571428571428571,3.690399384761436,0.4772727272727273,True,-1,True,MEDIUM
2015-03-02,7,41,19,10.0,2.3804761428475776,1.9,True,-1,True,MEDIUM
2015-04-27,7,41,8,18.285714285714285,4.820590756130994,0.4375,True,-1,True,MEDIUM
2015-08-03,7,41,9,19.571428571428573,4.3149794459589375,0.4598540145985401,True,-1,True,MEDIUM
2015-08-26,7,41,7,16.428571428571427,4.076646614442793,0.42608695652173917,True,-1,True,MEDIUM
2015-09-27,7,41,26,14.142857142857142,2.911389784311033,1.8383838383838385,True,-1,True,MEDIUM
2015-10-20,7,41,6,16.285714285714285,2.6903708365382504,0.368421052631579,True,-1,True,MEDIUM
2015-10-24,7,41,22,13.285714285714286,3.592319850008069,1.6559139784946235,True,-1,True,MEDIUM
2015-11-02,7,41,6,15.857142857142858,6.414269805898207,0.37837837837837834,True,-1,True,MEDIUM
2015-11-10,7,41,8,18.0,2.7080128015453933,0.4444444444444444,True,-1,True,MEDIUM
2015-12-03,7,41,6,16.0,4.9665548085838065,0.375,True,-1,True,MEDIUM
2015-12-19,7,41,23,11.142857142857142,3.023715784073811,2.0641025641025643,True,-1,True,MEDIUM
2015-12-28,7,41,6,14.857142857142858,3.0783421635988852,0.40384615384615385,True,-1,True,MEDIUM
2016-01-04,7,41,6,12.142857142857142,3.338091841585124,0.49411764705882355,True,-1,True,MEDIUM
2016-01-13,7,41,4,10.857142857142858,3.3876526498728325,0.3684210526315789,True,-1,True,MEDIUM
2016-01-15,7,41,18,9.142857142857142,3.3876526498728183,1.96875,True,-1,True,MEDIUM
2016-01-23,7,41,16,9.714285714285714,3.5923198500080398,1.647058823529412,True,-1,True,MEDIUM
2016-01-31,7,41,18,10.285714285714286,3.4503277967117585,1.7499999999999998,True,-1,True,MEDIUM
2016-02-05,7,41,19,11.857142857142858,3.7606990231680526,1.6024096385542168,True,-1,True,MEDIUM
2016-02-13,7,41,19,11.285714285714286,2.1380899352993885,1.6835443037974682,True,-1,True,MEDIUM
2016-02-16,7,41,5,13.0,3.3665016461207027,0.38461538461538464,True,-1,True,MEDIUM
2016-02-19,7,41,19,11.142857142857142,4.450789122113489,1.7051282051282053,True,-1,True,MEDIUM
2016-03-23,7,41,7,16.428571428571427,2.4397501823713985,0.42608695652173917,True,-1,True,MEDIUM
2016-05-14,7,41,34,19.714285714285715,3.039423504234935,1.7246376811594202,True,-1,True,MEDIUM
2016-06-21,7,41,6,18.857142857142858,3.0783421635989394,0.3181818181818182,True,-1,True,MEDIUM
2016-06-24,7,41,31,17.0,5.916079783099655,1.8235294117647058,True,-1,True,MEDIUM
2016-08-01,7,41,9,20.857142857142858,7.492853738253386,0.4315068493150685,True,-1,True,MEDIUM
2016-10-30,7,41,24,13.571428571428571,1.7182493859686114,1.768421052631579,True,-1,True,MEDIUM
2016-11-07,7,41,8,17.857142857142858,5.4902511001645085,0.448,True,-1,True,MEDIUM
2016-11-27,7,41,9,18.142857142857142,3.287784027201951,0.49606299212598426,True,-1,True,MEDIUM
2016-12-05,7,41,5,15.857142857142858,4.845223470201448,0.3153153153153153,True,-1,True,MEDIUM
2016-12-23,7,41,5,10.428571428571429,3.5523298860111803,0.4794520547945205,True,-1,True,MEDIUM
2016-12-26,7,41,16,9.714285714285714,4.111540089159111,1.647058823529412,True,-1,True,MEDIUM
2016-12-30,7,41,16,9.428571428571429,3.8668308667928013,1.696969696969697,True,-1,True,MEDIUM
2017-01-06,7,41,7,14.142857142857142,2.9113897843110883,0.494949494949495,True,-1,True,MEDIUM
2017-01-09,7,41,6,12.857142857142858,3.2366943748508286,0.4666666666666667,True,-1,True,MEDIUM
2017-01-10,7,41,19,11.857142857142858,4.140393356054191,1.6024096385542168,True,-1,True,MEDIUM
2017-02-14,7,41,6,14.571428571428571,3.8668308667927813,0.4117647058823529,True,-1,True,MEDIUM
2017-02-22,7,41,7,14.0,2.7080128015454106,0.5,True,-1,True,MEDIUM
2017-03-20,7,41,5,16.0,3.265986323710969,0.3125,True,-1,True,MEDIUM
2017-03-27,7,41,6,18.142857142857142,7.537209285241067,0.33070866141732286,True,-1,True,MEDIUM
2017-03-28,7,41,9,18.285714285714285,7.25061573739975,0.4921875,True,-1,True,MEDIUM
2017-04-02,7,41,24,13.142857142857142,5.520524474738882,1.8260869565217392,True,-1,True,MEDIUM
2017-09-11,7,41,6,17.285714285714285,3.19970236711101,0.34710743801652894,True,-1,True,MEDIUM
2017-09-17,7,41,29,14.428571428571429,4.649628761422614,2.00990099009901,True,-1,True,MEDIUM
2017-10-08,7,41,23,13.142857142857142,2.1157009420500144,1.75,True,-1,True,MEDIUM
2017-10-17,7,41,8,17.571428571428573,3.207134902949175,0.45528455284552843,True,-1,True,MEDIUM
2017-11-05,7,41,29,16.142857142857142,3.976119189552098,1.7964601769911506,True,-1,True,MEDIUM
2017-11-13,7,41,7,20.428571428571427,4.8941169737125465,0.34265734265734266,True,-1,True,MEDIUM
2017-11-27,7,41,6,18.571428571428573,4.314979445958929,0.32307692307692304,True,-1,True,MEDIUM
2017-12-10,7,41,5,12.285714285714286,4.231401884099744,0.4069767441860465,True,-1,True,MEDIUM
2017-12-13,7,41,20,10.571428571428571,4.755948656056826,1.8918918918918919,True,-1,True,MEDIUM
2017-12-16,7,41,16,9.714285714285714,4.923220007078337,1.647058823529412,True,-1,True,MEDIUM
2017-12-17,7,41,20,11.0,5.259911279353268,1.8181818181818181,True,-1,True,MEDIUM
2017-12-23,7,41,7,14.142857142857142,4.22013315068667,0.494949494949495,True,-1,True,MEDIUM
2017-12-31,7,41,19,11.142857142857142,1.3451854182694967,1.7051282051282053,True,-1,True,MEDIUM
2013-01-27,7,42,26,13.428571428571429,3.8668308667927205,1.9361702127659575,True,-1,True,MEDIUM
2013-02-17,7,42,28,13.714285714285714,4.820590756130956,2.041666666666667,True,-1,True,MEDIUM
2013-02-25,7,42,7,18.285714285714285,4.151878519188058,0.3828125,True,-1,True,MEDIUM
2013-03-01,7,42,28,15.142857142857142,5.9561892579224205,1.849056603773585,True,-1,True,MEDIUM
2013-03-15,7,42,30,18.285714285714285,2.9277002188456,1.640625,True,-1,True,MEDIUM
2013-11-10,7,42,36,20.0,4.472135954999605,1.8,True,-1,True,MEDIUM
2013-12-02,7,42,9,20.142857142857142,5.727959829601114,0.4468085106382979,True,-1,True,MEDIUM
2013-12-22,7,42,27,15.428571428571429,4.117326918327148,1.75,True,-1,True,MEDIUM
2014-01-09,7,42,9,18.428571428571427,4.157609203101538,0.48837209302325585,True,-1,True,MEDIUM
2014-01-13,7,42,8,19.714285714285715,5.736267244886889,0.40579710144927533,True,-1,True,MEDIUM
2014-02-10,7,42,8,18.428571428571427,4.46680881081576,0.434108527131783,True,-1,True,MEDIUM
2014-02-23,7,42,34,18.428571428571427,2.992052966172439,1.8449612403100777,True,-1,True,MEDIUM
2014-02-25,7,42,9,19.428571428571427,7.114706432386928,0.4632352941176471,True,-1,True,MEDIUM
2014-02-26,7,42,9,18.285714285714285,8.138678961483588,0.4921875,True,-1,True,MEDIUM
2014-11-20,7,42,40,22.714285714285715,3.1997023671109583,1.761006289308176,True,-1,True,MEDIUM
2015-05-18,7,42,14,30.571428571428573,3.2586880211286595,0.45794392523364486,True,-1,True,MEDIUM
2015-12-19,7,42,36,16.428571428571427,3.101458950082869,2.191304347826087,True,-1,True,MEDIUM
2016-01-18,7,42,7,19.285714285714285,5.15474815790546,0.362962962962963,True,-1,True,MEDIUM
2016-03-20,7,42,46,23.857142857142858,3.848314411469582,1.9281437125748502,True,-1,True,MEDIUM
2016-09-26,7,42,13,28.285714285714285,10.781377242175282,0.4595959595959596,True,-1,True,MEDIUM
2017-02-23,7,42,38,19.0,5.291502622129168,2.0,True,-1,True,MEDIUM
2017-06-04,7,42,59,32.57142857142857,7.5466801278695455,1.81140350877193,True,-1,True,MEDIUM
2013-02-24,7,43,34,20.285714285714285,2.8702082220799263,1.676056338028169,True,-1,True,MEDIUM
2013-05-11,7,43,54,29.285714285714285,5.765248931147322,1.8439024390243903,True,-1,True,MEDIUM
2015-09-20,7,43,65,38.0,4.5460605656618185,1.7105263157894737,True,-1,True,MEDIUM
2013-01-20,7,44,16,9.857142857142858,2.609506430251476,1.6231884057971013,True,-1,True,MEDIUM
2013-01-29,7,44,5,11.571428571428571,3.309438162646485,0.4320987654320988,True,-1,True,MEDIUM
2013-02-01,7,44,17,9.285714285714286,2.690370836538198,1.8307692307692307,True,-1,True,MEDIUM
2013-02-04,7,44,4,10.857142857142858,3.891382420536067,0.3684210526315789,True,-1,True,MEDIUM
2013-02-05,7,44,3,10.142857142857142,4.6700667885506535,0.29577464788732394,True,-1,True,HIGH
2013-02-08,7,44,15,9.142857142857142,5.273473599964621,1.640625,True,-1,True,MEDIUM
2013-03-02,7,44,24,12.428571428571429,3.5523298860110977,1.9310344827586206,True,-1,True,MEDIUM
2013-03-16,7,44,8,16.571428571428573,5.798193478924935,0.48275862068965514,True,-1,True,MEDIUM
2013-03-24,7,44,29,15.142857142857142,3.184785258515427,1.9150943396226416,True,-1,True,MEDIUM
2013-03-25,7,44,8,16.428571428571427,6.023762469230862,0.48695652173913045,True,-1,True,MEDIUM
2013-03-28,7,44,7,15.0,6.658328118479396,0.4666666666666667,True,-1,True,MEDIUM
2013-04-16,7,44,8,17.428571428571427,4.03555625480729,0.459016393442623,True,-1,True,MEDIUM
2013-06-01,7,44,32,18.0,8.286535263104028,1.7777777777777777,True,-1,True,MEDIUM
2013-09-20,7,44,8,18.285714285714285,2.8702082220798966,0.4375,True,-1,True,MEDIUM
2013-09-23,7,44,6,17.428571428571427,5.740416444159844,0.34426229508196726,True,-1,True,MEDIUM
2013-10-14,7,44,7,15.285714285714286,4.572172558506696,0.45794392523364486,True,-1,True,MEDIUM
2013-11-02,7,44,33,18.0,2.5819888974715703,1.8333333333333333,True,-1,True,MEDIUM
2013-11-20,7,44,7,18.142857142857142,4.775931721614495,0.38582677165354334,True,-1,True,MEDIUM
2013-12-24,7,44,5,11.428571428571429,4.429339411136517,0.4375,True,-1,True,MEDIUM
2013-12-26,7,44,18,10.285714285714286,4.956957592256373,1.7499999999999998,True,-1,True,MEDIUM
2014-01-27,7,44,7,14.285714285714286,3.6384193323605354,0.49,True,-1,True,MEDIUM
2014-01-28,7,44,4,13.428571428571429,4.577377082170592,0.2978723404255319,True,-1,True,HIGH
2014-02-08,7,44,22,12.714285714285714,3.352326839390042,1.7303370786516854,True,-1,True,MEDIUM
2014-02-10,7,44,5,13.0,4.690415759823387,0.38461538461538464,True,-1,True,MEDIUM
2014-02-16,7,44,22,11.857142857142858,3.716116764785974,1.855421686746988,True,-1,True,MEDIUM
2014-02-27,7,44,5,17.428571428571427,3.735288603626325,0.2868852459016394,True,-1,True,HIGH
2014-03-07,7,44,29,15.714285714285714,4.608480795022904,1.8454545454545455,True,-1,True,MEDIUM
2014-03-20,7,44,7,15.285714285714286,5.219012860502926,0.45794392523364486,True,-1,True,MEDIUM
2014-03-21,7,44,36,12.714285714285714,3.9036002917940893,2.8314606741573036,True,-1,True,HIGH
2014-03-23,7,44,28,15.857142857142858,9.822229404579705,1.7657657657657657,True,-1,True,MEDIUM
2014-07-02,7,44,36,22.428571428571427,2.29906813420442,1.605095541401274,True,-1,True,MEDIUM
2014-09-02,7,44,9,23.0,4.2031734043061695,0.391304347826087,True,-1,True,MEDIUM
2014-11-30,7,44,33,16.142857142857142,2.672612419124249,2.0442477876106193,True,-1,True,MEDIUM
2014-12-22,7,44,6,13.428571428571429,4.197504927816952,0.44680851063829785,True,-1,True,MEDIUM
2014-12-27,7,44,23,10.857142857142858,3.436498771936887,2.1184210526315788,True,-1,True,MEDIUM
2015-01-05,7,44,5,14.571428571428571,3.6903993847614416,0.3431372549019608,True,-1,True,MEDIUM
2015-02-10,7,44,8,17.714285714285715,4.386125310350283,0.45161290322580644,True,-1,True,MEDIUM
2015-02-15,7,44,25,14.0,3.3665016461206974,1.7857142857142858,True,-1,True,MEDIUM
2015-02-27,7,44,5,16.142857142857142,3.670993118515826,0.3097345132743363,True,-1,True,MEDIUM
2015-03-05,7,44,27,13.857142857142858,5.241773600241666,1.9484536082474226,True,-1,True,MEDIUM
2015-06-28,7,44,43,22.0,3.2659863237109388,1.9545454545454546,True,-1,True,MEDIUM
2015-10-14,7,44,9,21.428571428571427,3.258688021128728,0.42000000000000004,True,-1,True,MEDIUM
2016-01-10,7,44,26,14.714285714285714,2.8115408417381635,1.766990291262136,True,-1,True,MEDIUM
2016-01-21,7,44,27,15.857142857142858,3.848314411469481,1.7027027027027026,True,-1,True,MEDIUM
2016-02-03,7,44,8,17.857142857142858,5.336308693862308,0.448,True,-1,True,MEDIUM
2016-05-30,7,44,9,23.857142857142858,2.4102953780655696,0.3772455089820359,True,-1,True,MEDIUM
2016-10-10,7,44,7,21.285714285714285,7.364651739090943,0.3288590604026846,True,-1,True,MEDIUM
2016-12-06,7,44,7,18.0,5.859465277082295,0.3888888888888889,True,-1,True,MEDIUM
2017-01-16,7,44,7,14.857142857142858,3.132015933791416,0.47115384615384615,True,-1,True,MEDIUM
2017-02-07,7,44,8,19.285714285714285,2.9840847683606144,0.41481481481481486,True,-1,True,MEDIUM
2017-02-19,7,44,26,16.0,2.3094010767584154,1.625,True,-1,True,MEDIUM
2017-05-08,7,44,7,28.285714285714285,5.529143565818265,0.2474747474747475,True,-1,True,HIGH
2017-08-28,7,44,12,26.571428571428573,3.4086724129854624,0.45161290322580644,True,-1,True,MEDIUM
2014-01-12,7,45,60,34.0,5.597618541248986,1.7647058823529411,True,-1,True,MEDIUM
2015-08-17,7,45,30,65.42857142857143,20.015470207293152,0.4585152838427947,True,-1,True,MEDIUM
2016-02-05,7,45,67,40.714285714285715,2.8702082220795657,1.6456140350877193,True,-1,True,MEDIUM
2013-02-23,7,46,41,21.714285714285715,6.725927091345495,1.888157894736842,True,-1,True,MEDIUM
2013-04-07,7,46,56,33.142857142857146,4.180453381654918,1.689655172413793,True,-1,True,MEDIUM
2014-01-05,7,46,46,24.0,4.242640687119215,1.9166666666666667,True,-1,True,MEDIUM
2014-05-03,7,46,65,36.42857142857143,6.106202935189279,1.784313725490196,True,-1,True,MEDIUM
2015-01-04,7,46,41,25.0,2.4494897427824376,1.64,True,-1,True,MEDIUM
2015-02-22,7,46,48,30.0,2.943920288775497,1.6,True,-1,True,MEDIUM
2015-11-01,7,46,70,39.142857142857146,7.104659772022128,1.7883211678832116,True,-1,True,MEDIUM
2013-01-14,7,47,4,8.571428571428571,2.0701966780270626,0.4666666666666667,True,-1,True,MEDIUM
2013-01-15,7,47,2,7.857142857142857,2.672612419124243,0.2545454545454546,True,-1,True,HIGH
2013-01-20,7,47,13,6.571428571428571,3.35942171894424,1.9782608695652175,True,-1,True,MEDIUM
2013-01-21,7,47,16,6.714285714285714,3.6384193323605816,2.382978723404255,True,-1,True,MEDIUM
2013-02-10,7,47,5,10.714285714285714,2.05866345916355,0.4666666666666667,True,-1,True,MEDIUM
2013-02-12,7,47,4,9.142857142857142,3.023715784073818,0.4375,True,-1,True,MEDIUM
2013-02-20,7,47,3,10.285714285714286,2.9277002188455996,0.29166666666666663,True,-1,True,HIGH
2013-02-21,7,47,3,9.142857142857142,3.97611918955202,0.328125,True,-1,True,MEDIUM
2013-03-10,7,47,20,11.857142857142858,3.1320159337914935,1.686746987951807,True,-1,True,MEDIUM
2013-04-08,7,47,6,12.714285714285714,3.302235894778246,0.4719101123595506,True,-1,True,MEDIUM
2013-04-13,7,47,20,12.142857142857142,3.62530786869986,1.647058823529412,True,-1,True,MEDIUM
2013-04-15,7,47,5,12.428571428571429,4.429339411136563,0.40229885057471265,True,-1,True,MEDIUM
2013-04-21,7,47,20,11.142857142857142,3.132015933791495,1.794871794871795,True,-1,True,MEDIUM
2013-04-30,7,47,7,14.714285714285714,2.98408476836062,0.47572815533980584,True,-1,True,MEDIUM
2013-05-08,7,47,22,12.571428571428571,2.9920529661723756,1.75,True,-1,True,MEDIUM
2013-05-20,7,47,7,15.285714285714286,4.608480795022929,0.45794392523364486,True,-1,True,MEDIUM
2013-05-28,7,47,4,13.142857142857142,2.544836041121397,0.30434782608695654,True,-1,True,MEDIUM
2013-05-31,7,47,21,12.285714285714286,4.680252333449753,1.7093023255813953,True,-1,True,MEDIUM
2013-06-13,7,47,7,14.857142857142858,2.1157009420498,0.47115384615384615,True,-1,True,MEDIUM
2013-07-22,7,47,8,16.142857142857142,5.0803074522634715,0.49557522123893805,True,-1,True,MEDIUM
2013-07-29,7,47,8,19.714285714285715,6.34335047416546,0.40579710144927533,True,-1,True,MEDIUM
2013-08-01,7,47,8,17.714285714285715,7.111359122659219,0.45161290322580644,True,-1,True,MEDIUM
2013-08-10,7,47,23,12.714285714285714,2.21466970556827,1.808988764044944,True,-1,True,MEDIUM
2013-08-17,7,47,7,19.142857142857142,4.9473417585800945,0.3656716417910448,True,-1,True,MEDIUM
2013-08-31,7,47,25,14.142857142857142,2.9113897843109964,1.7676767676767677,True,-1,True,MEDIUM
2013-09-03,7,47,8,16.285714285714285,4.608480795022929,0.4912280701754386,True,-1,True,MEDIUM
2013-10-05,7,47,6,14.571428571428571,4.076646614442755,0.4117647058823529,True,-1,True,MEDIUM
2013-10-06,7,47,25,12.857142857142858,4.845223470201393,1.9444444444444444,True,-1,True,MEDIUM
2013-10-08,7,47,7,15.0,6.429100507328632,0.4666666666666667,True,-1,True,MEDIUM
2013-10-09,7,47,4,13.571428571428571,6.996597812678738,0.2947368421052632,True,-1,True,HIGH
2013-10-20,7,47,3,11.285714285714286,3.9036002917941275,0.26582278481012656,True,-1,True,HIGH
2013-10-26,7,47,15,8.571428571428571,2.8199966227605575,1.75,True,-1,True,MEDIUM
2013-10-31,7,47,21,11.428571428571429,2.636736799982303,1.8375,True,-1,True,MEDIUM
2013-11-08,7,47,23,12.285714285714286,4.461475305855884,1.872093023255814,True,-1,True,MEDIUM
2013-11-12,7,47,6,14.714285714285714,5.618845839799177,0.4077669902912622,True,-1,True,MEDIUM
2013-11-16,7,47,26,13.0,3.958114029012633,2.0,True,-1,True,MEDIUM
2013-12-19,7,47,17,9.142857142857142,2.6095064302514737,1.859375,True,-1,True,MEDIUM
2014-01-08,7,47,4,10.571428571428571,3.1547394428670215,0.3783783783783784,True,-1,True,MEDIUM
2014-01-09,7,47,18,9.142857142857142,3.5790395093549594,1.96875,True,-1,True,MEDIUM
2014-01-11,7,47,16,10.0,4.932882862316244,1.6,True,-1,True,MEDIUM
2014-01-20,7,47,5,12.857142857142858,2.267786838055356,0.3888888888888889,True,-1,True,MEDIUM
2014-01-30,7,47,16,9.571428571428571,2.507132682112031,1.671641791044776,True,-1,True,MEDIUM
2014-02-04,7,47,4,12.0,3.4156502553198607,0.3333333333333333,True,-1,True,MEDIUM
2014-03-01,7,47,22,11.571428571428571,1.8126539343499164,1.9012345679012346,True,-1,True,MEDIUM
2014-03-02,7,47,25,13.142857142857142,4.29839394148447,1.9021739130434783,True,-1,True,MEDIUM
2014-03-03,7,47,5,15.285714285714286,5.908025211926723,0.32710280373831774,True,-1,True,MEDIUM
2014-04-20,7,47,8,16.142857142857142,3.236694374850732,0.49557522123893805,True,-1,True,MEDIUM
2014-05-02,7,47,25,12.857142857142858,2.7945525240230715,1.9444444444444444,True,-1,True,MEDIUM
2014-05-03,7,47,26,14.285714285714286,5.407226205560032,1.8199999999999998,True,-1,True,MEDIUM
2014-06-11,7,47,8,18.285714285714285,4.423960733486281,0.4375,True,-1,True,MEDIUM
2014-06-25,7,47,7,17.857142857142858,4.298393941484467,0.392,True,-1,True,MEDIUM
2014-07-13,7,47,31,19.0,2.516611478423551,1.631578947368421,True,-1,True,MEDIUM
2014-08-04,7,47,9,19.571428571428573,3.1547394428670015,0.4598540145985401,True,-1,True,MEDIUM
2014-08-10,7,47,29,13.571428571428571,4.19750492781696,2.136842105263158,True,-1,True,MEDIUM
2014-09-28,7,47,27,16.714285714285715,2.8115408417381818,1.6153846153846152,True,-1,True,MEDIUM
2014-09-30,7,47,8,17.285714285714285,5.648430038936644,0.4628099173553719,True,-1,True,MEDIUM
2014-10-06,7,47,5,13.285714285714286,4.461475305855894,0.3763440860215054,True,-1,True,MEDIUM
2014-10-15,7,47,8,17.0,2.5819888974715965,0.47058823529411764,True,-1,True,MEDIUM
2014-10-22,7,47,21,12.285714285714286,2.627691364061231,1.7093023255813953,True,-1,True,MEDIUM
2014-10-27,7,47,6,15.285714285714286,3.6384193323605776,0.3925233644859813,True,-1,True,MEDIUM
2014-11-13,7,47,7,17.0,2.160246899469258,0.4117647058823529,True,-1,True,MEDIUM
2014-11-30,7,47,27,14.571428571428571,2.2253945610567296,1.8529411764705883,True,-1,True,MEDIUM
2014-12-03,7,47,7,15.142857142857142,5.87164291116127,0.46226415094339623,True,-1,True,MEDIUM
2014-12-16,7,47,3,10.571428571428571,2.1491969707422345,0.28378378378378377,True,-1,True,HIGH
2014-12-19,7,47,17,8.857142857142858,3.3380918415851193,1.9193548387096773,True,-1,True,MEDIUM
2014-12-21,7,47,16,9.142857142857142,4.3752550946038715,1.75,True,-1,True,MEDIUM
2015-01-05,7,47,3,11.571428571428571,3.4572215654165,0.25925925925925924,True,-1,True,HIGH
2015-01-11,7,47,20,9.857142857142858,3.891382420536062,2.0289855072463765,True,-1,True,MEDIUM
2015-01-25,7,47,4,9.142857142857142,2.9680841985233157,0.4375,True,-1,True,MEDIUM
2015-02-01,7,47,14,7.428571428571429,2.370453040886411,1.8846153846153846,True,-1,True,MEDIUM
2015-02-06,7,47,17,9.857142857142858,2.544836041121401,1.7246376811594202,True,-1,True,MEDIUM
2015-02-08,7,47,4,12.285714285714286,3.147183169877759,0.3255813953488372,True,-1,True,MEDIUM
2015-03-24,7,47,21,12.857142857142858,2.9680841985233033,1.6333333333333333,True,-1,True,MEDIUM
2015-04-27,7,47,8,16.0,3.2145502536642896,0.5,True,-1,True,MEDIUM
2015-05-07,7,47,8,16.142857142857142,4.450789122113471,0.49557522123893805,True,-1,True,MEDIUM
2015-05-10,7,47,20,12.142857142857142,2.6726124191242473,1.647058823529412,True,-1,True,MEDIUM
2015-05-14,7,47,27,14.571428571428571,3.9940431835898864,1.8529411764705883,True,-1,True,MEDIUM
2015-07-05,7,47,35,18.571428571428573,1.9023794624225905,1.8846153846153844,True,-1,True,MEDIUM
2015-07-07,7,47,7,20.714285714285715,6.395683067879568,0.33793103448275863,True,-1,True,MEDIUM
2015-12-11,7,47,22,11.571428571428571,2.636736799982324,1.9012345679012346,True,-1,True,MEDIUM
2015-12-18,7,47,7,15.0,4.163331998932253,0.4666666666666667,True,-1,True,MEDIUM
2016-01-07,7,47,17,8.857142857142858,2.03540097839648,1.9193548387096773,True,-1,True,MEDIUM
2016-01-09,7,47,18,9.714285714285714,3.4016802570830698,1.8529411764705883,True,-1,True,MEDIUM
2016-01-24,7,47,18,11.0,2.516611478423605,1.6363636363636365,True,-1,True,MEDIUM
2016-01-27,7,47,18,10.714285714285714,3.4982989063393886,1.6800000000000002,True,-1,True,MEDIUM
2016-01-28,7,47,3,11.857142857142858,4.413183712037212,0.25301204819277107,True,-1,True,HIGH
2016-02-07,7,47,21,11.857142857142858,2.734262327610601,1.7710843373493974,True,-1,True,MEDIUM
2016-02-16,7,47,19,9.571428571428571,2.22539456105679,1.9850746268656716,True,-1,True,MEDIUM
2016-02-18,7,47,18,11.0,4.041451884327394,1.6363636363636365,True,-1,True,MEDIUM
2016-02-26,7,47,24,11.142857142857142,2.6095064302514976,2.1538461538461537,True,-1,True,MEDIUM
2016-03-06,7,47,29,12.714285714285714,2.8702082220799343,2.2808988764044944,True,-1,True,MEDIUM
2016-03-11,7,47,8,17.142857142857142,6.175990377490638,0.4666666666666667,True,-1,True,MEDIUM
2016-03-18,7,47,23,13.571428571428571,3.952094080237416,1.694736842105263,True,-1,True,MEDIUM
2016-03-28,7,47,7,15.571428571428571,1.8126539343499066,0.44954128440366975,True,-1,True,MEDIUM
2016-04-05,7,47,7,16.857142857142858,4.059087394500185,0.4152542372881356,True,-1,True,MEDIUM
2016-04-27,7,47,9,20.857142857142858,3.5790395093549114,0.4315068493150685,True,-1,True,MEDIUM
2016-05-09,7,47,9,19.571428571428573,4.790864322059296,0.4598540145985401,True,-1,True,MEDIUM
2016-06-20,7,47,9,20.714285714285715,4.231401884099576,0.43448275862068964,True,-1,True,MEDIUM
2016-09-13,7,47,8,17.285714285714285,4.423960733486275,0.4628099173553719,True,-1,True,MEDIUM
2016-10-17,7,47,7,16.0,2.9439202887759346,0.4375,True,-1,True,MEDIUM
2016-10-18,7,47,6,14.428571428571429,4.314979445958881,0.4158415841584158,True,-1,True,MEDIUM
2016-10-19,7,47,23,13.0,5.259911279353173,1.7692307692307692,True,-1,True,MEDIUM
2016-10-30,7,47,26,16.142857142857142,2.2677868380553394,1.6106194690265487,True,-1,True,MEDIUM
2016-11-06,7,47,9,19.0,4.509249752822865,0.47368421052631576,True,-1,True,MEDIUM
2016-11-19,7,47,26,14.714285714285714,3.4016802570830427,1.766990291262136,True,-1,True,MEDIUM
2016-12-05,7,47,6,15.0,3.162277660168374,0.4,True,-1,True,MEDIUM
2016-12-07,7,47,6,13.428571428571429,4.076646614442765,0.44680851063829785,True,-1,True,MEDIUM
2016-12-19,7,47,6,12.571428571428571,2.8784916685157116,0.4772727272727273,True,-1,True,MEDIUM
2016-12-24,7,47,20,12.0,3.2659863237109197,1.6666666666666667,True,-1,True,MEDIUM
2017-01-07,7,47,22,12.857142857142858,2.4784787961282215,1.711111111111111,True,-1,True,MEDIUM
2017-01-15,7,47,21,12.571428571428571,4.613644360558618,1.6704545454545454,True,-1,True,MEDIUM
2017-02-05,7,47,21,11.285714285714286,3.592319850008072,1.860759493670886,True,-1,True,MEDIUM
2017-02-07,7,47,5,12.0,4.618802153517016,0.4166666666666667,True,-1,True,MEDIUM
2017-02-25,7,47,26,12.0,3.4641016151377673,2.1666666666666665,True,-1,True,MEDIUM
2017-03-12,7,47,27,15.428571428571429,4.613644360558609,1.75,True,-1,True,MEDIUM
2017-03-14,7,47,8,17.857142857142858,6.148944934663482,0.448,True,-1,True,MEDIUM
2017-03-20,7,47,7,16.714285714285715,4.889249625940756,0.41880341880341876,True,-1,True,MEDIUM
2017-04-24,7,47,8,19.0,3.741657386773923,0.42105263157894735,True,-1,True,MEDIUM
2017-05-29,7,47,9,21.428571428571427,6.553806600166104,0.42000000000000004,True,-1,True,MEDIUM
2017-08-15,7,47,9,21.714285714285715,3.6839419880650235,0.41447368421052627,True,-1,True,MEDIUM
2017-10-06,7,47,8,18.428571428571427,6.133436852128474,0.434108527131783,True,-1,True,MEDIUM
2017-10-16,7,47,9,19.857142857142858,5.080307452263474,0.45323741007194246,True,-1,True,MEDIUM
2017-10-17,7,47,9,19.428571428571427,5.912053869204926,0.4632352941176471,True,-1,True,MEDIUM
2017-10-24,7,47,7,16.714285714285715,4.1918287860346375,0.41880341880341876,True,-1,True,MEDIUM
2017-12-05,7,47,6,16.714285714285715,4.57217255850673,0.358974358974359,True,-1,True,MEDIUM
2017-12-06,7,47,5,15.142857142857142,6.09449400220045,0.33018867924528306,True,-1,True,MEDIUM
2017-12-23,7,47,21,12.571428571428571,3.359421718944268,1.6704545454545454,True,-1,True,MEDIUM
2013-01-14,7,48,9,22.142857142857142,7.9880863671797995,0.4064516129032258,True,-1,True,MEDIUM
2013-03-03,7,48,34,18.714285714285715,6.921326600064605,1.816793893129771,True,-1,True,MEDIUM
2013-08-16,7,48,52,32.42857142857143,3.7352886036263286,1.6035242290748897,True,-1,True,MEDIUM
2014-01-12,7,48,35,21.0,9.092121131323902,1.6666666666666667,True,-1,True,MEDIUM
2014-01-20,7,48,11,25.714285714285715,2.9277002188455787,0.42777777777777776,True,-1,True,MEDIUM
2015-08-16,7,48,69,40.0,6.298147875897125,1.725,True,-1,True,MEDIUM
2015-11-01,7,48,58,33.857142857142854,7.581305327988774,1.7130801687763715,True,-1,True,MEDIUM
2015-12-20,7,48,49,26.857142857142858,4.6342410895626,1.824468085106383,True,-1,True,MEDIUM
2016-10-23,7,48,64,37.714285714285715,5.822779568622013,1.696969696969697,True,-1,True,MEDIUM
2017-02-05,7,48,52,25.857142857142858,9.564318610135722,2.011049723756906,True,-1,True,MEDIUM
2017-02-06,7,48,14,29.142857142857142,13.82544238506876,0.4803921568627451,True,-1,True,MEDIUM
2013-01-14,7,49,3,10.571428571428571,1.9023794624226853,0.28378378378378377,True,-1,True,HIGH
2013-01-15,7,49,18,9.571428571428571,3.4572215654165066,1.8805970149253732,True,-1,True,MEDIUM
2013-01-26,7,49,19,11.857142857142858,1.772810520855836,1.6024096385542168,True,-1,True,MEDIUM
2013-02-13,7,49,4,11.0,3.0550504633039,0.36363636363636365,True,-1,True,MEDIUM
2013-02-15,7,49,16,9.0,2.9439202887759617,1.7777777777777777,True,-1,True,MEDIUM
2013-02-20,7,49,4,9.285714285714286,3.8172540616821196,0.43076923076923074,True,-1,True,MEDIUM
2013-02-23,7,49,21,8.285714285714286,3.3022358947782635,2.5344827586206895,True,-1,True,HIGH
2013-02-27,7,49,4,10.714285714285714,5.908025211926735,0.37333333333333335,True,-1,True,MEDIUM
2013-03-01,7,49,18,10.285714285714286,5.736267244886865,1.7499999999999998,True,-1,True,MEDIUM
2013-05-29,7,49,8,20.285714285714285,4.029651999626648,0.3943661971830986,True,-1,True,MEDIUM
2013-07-08,7,49,12,24.285714285714285,2.751622897751114,0.49411764705882355,True,-1,True,MEDIUM
2013-11-02,7,49,30,14.0,3.214550253664372,2.142857142857143,True,-1,True,MEDIUM
2013-11-24,7,49,27,16.285714285714285,3.0937725468154134,1.6578947368421053,True,-1,True,MEDIUM
2013-12-08,7,49,20,12.0,2.6457513110646698,1.6666666666666667,True,-1,True,MEDIUM
2013-12-12,7,49,6,14.285714285714286,2.8702082220799783,0.42,True,-1,True,MEDIUM
2013-12-18,7,49,4,11.428571428571429,3.9096949095440605,0.35,True,-1,True,MEDIUM
2013-12-20,7,49,18,10.714285714285714,4.23140188409969,1.6800000000000002,True,-1,True,MEDIUM
2013-12-27,7,49,23,12.428571428571429,3.7796447300923246,1.8505747126436782,True,-1,True,MEDIUM
2014-01-09,7,49,21,11.857142857142858,3.43649877193696,1.7710843373493974,True,-1,True,MEDIUM
2014-01-10,7,49,23,12.857142857142858,4.879500364742704,1.7888888888888888,True,-1,True,MEDIUM
2014-01-18,7,49,21,12.0,4.163331998932318,1.75,True,-1,True,MEDIUM
2014-02-10,7,49,19,11.857142857142858,2.544836041121493,1.6024096385542168,True,-1,True,MEDIUM
2014-02-23,7,49,28,16.0,2.886751345948152,1.75,True,-1,True,MEDIUM
2014-04-24,7,49,31,17.857142857142858,2.9113897843109977,1.736,True,-1,True,MEDIUM
2014-04-26,7,49,8,20.0,5.830951894845278,0.4,True,-1,True,MEDIUM
2014-09-07,7,49,35,19.285714285714285,7.204495950776955,1.8148148148148149,True,-1,True,MEDIUM
2014-10-08,7,49,9,19.571428571428573,3.309438162646422,0.4598540145985401,True,-1,True,MEDIUM
2014-10-26,7,49,36,19.0,2.9999999999999356,1.894736842105263,True,-1,True,MEDIUM
2014-11-17,7,49,8,20.857142857142858,3.7161167647859608,0.3835616438356164,True,-1,True,MEDIUM
2014-11-23,7,49,37,20.0,6.27162924074222,1.85,True,-1,True,MEDIUM
2014-12-03,7,49,8,21.714285714285715,8.577378887016009,0.3684210526315789,True,-1,True,MEDIUM
2014-12-16,7,49,24,14.142857142857142,3.6709931185157707,1.696969696969697,True,-1,True,MEDIUM
2014-12-29,7,49,9,19.857142857142858,3.8483144114694263,0.45323741007194246,True,-1,True,MEDIUM
2014-12-30,7,49,7,19.0,5.446711546122685,0.3684210526315789,True,-1,True,MEDIUM
2015-01-01,7,49,6,16.0,6.952217871538043,0.375,True,-1,True,MEDIUM
2015-02-04,7,49,19,11.714285714285714,2.811540841738158,1.6219512195121952,True,-1,True,MEDIUM
2015-02-06,7,49,20,12.428571428571429,3.552329886011068,1.6091954022988506,True,-1,True,MEDIUM
2015-02-09,7,49,4,15.714285714285714,5.023753102820135,0.2545454545454546,True,-1,True,HIGH
2015-02-22,7,49,26,14.285714285714286,2.6276913640611674,1.8199999999999998,True,-1,True,MEDIUM
2015-03-21,7,49,28,17.142857142857142,2.3401261667248154,1.6333333333333333,True,-1,True,MEDIUM
2015-03-25,7,49,9,20.714285714285715,4.785891965429371,0.43448275862068964,True,-1,True,MEDIUM
2015-04-26,7,49,40,20.428571428571427,5.652643713553902,1.9580419580419581,True,-1,True,MEDIUM
2015-05-23,7,49,33,18.857142857142858,2.4784787961281007,1.75,True,-1,True,MEDIUM
2015-08-09,7,49,42,22.714285714285715,4.6445052020024535,1.8490566037735847,True,-1,True,MEDIUM
2015-11-19,7,49,35,19.0,3.651483716701056,1.8421052631578947,True,-1,True,MEDIUM
2015-12-05,7,49,8,18.428571428571427,8.100558475750129,0.434108527131783,True,-1,True,MEDIUM
2015-12-09,7,49,20,11.285714285714286,2.563479777846674,1.7721518987341771,True,-1,True,MEDIUM
2015-12-11,7,49,25,13.142857142857142,4.336994790119526,1.9021739130434783,True,-1,True,MEDIUM
2016-01-13,7,49,23,12.0,3.0550504633039424,1.9166666666666667,True,-1,True,MEDIUM
2016-01-25,7,49,8,17.0,2.449489742783118,0.47058823529411764,True,-1,True,MEDIUM
2016-02-14,7,49,32,17.0,2.9439202887758986,1.8823529411764706,True,-1,True,MEDIUM
2016-02-18,7,49,8,18.714285714285715,6.2640318675829505,0.42748091603053434,True,-1,True,MEDIUM
2016-02-29,7,49,7,17.857142857142858,2.2677868380552786,0.392,True,-1,True,MEDIUM
2016-05-14,7,49,36,21.571428571428573,3.457221565416394,1.6688741721854303,True,-1,True,MEDIUM
2017-01-08,7,49,24,12.142857142857142,3.8047589248454687,1.9764705882352942,True,-1,True,MEDIUM
2017-01-29,7,49,27,15.142857142857142,2.609506430251539,1.7830188679245285,True,-1,True,MEDIUM
2017-02-06,7,49,8,18.428571428571427,4.720774754816645,0.434108527131783,True,-1,True,MEDIUM
2017-12-21,7,49,7,18.285714285714285,2.9277002188454992,0.3828125,True,-1,True,MEDIUM
2017-12-25,7,49,8,18.285714285714285,5.589105048046123,0.4375,True,-1,True,MEDIUM
2013-12-21,7,50,43,25.428571428571427,3.8234863173611617,1.6910112359550562,True,-1,True,MEDIUM
2014-02-22,7,50,50,28.714285714285715,3.5923198500080886,1.7412935323383083,True,-1,True,MEDIUM
2014-04-20,7,50,67,41.857142857142854,4.140393356054111,1.6006825938566553,True,-1,True,MEDIUM
2015-09-06,7,50,75,43.57142857142857,10.906529280773958,1.7213114754098362,True,-1,True,MEDIUM
2016-01-03,7,50,52,29.142857142857142,3.80475892484498,1.7843137254901962,True,-1,True,MEDIUM
2017-04-23,7,50,92,54.285714285714285,11.686377906410009,1.694736842105263,True,-1,True,MEDIUM
2013-01-27,8,1,22,13.285714285714286,4.029651999626673,1.6559139784946235,True,-1,True,MEDIUM
2013-03-02,8,1,31,16.857142857142858,4.140393356054127,1.8389830508474576,True,-1,True,MEDIUM
2013-12-03,8,1,10,25.0,4.5460605656619455,0.4,True,-1,True,MEDIUM
2013-12-16,8,1,8,16.0,2.3804761428475727,0.5,True,-1,True,MEDIUM
2013-12-19,8,1,7,17.0,4.795831523312699,0.4117647058823529,True,-1,True,MEDIUM
2013-12-27,8,1,31,17.571428571428573,3.55232988601107,1.7642276422764227,True,-1,True,MEDIUM
2014-01-01,8,1,7,17.714285714285715,7.296444013222814,0.3951612903225806,True,-1,True,MEDIUM
2014-01-05,8,1,28,14.714285714285714,5.345224838248467,1.9029126213592233,True,-1,True,MEDIUM
2014-03-22,8,1,39,20.142857142857142,5.3674504012169155,1.9361702127659575,True,-1,True,MEDIUM
2014-08-17,8,1,49,26.285714285714285,6.34335047416547,1.8641304347826089,True,-1,True,MEDIUM
2015-01-22,8,1,9,19.142857142857142,5.014265364224044,0.4701492537313433,True,-1,True,MEDIUM
2015-02-23,8,1,10,22.142857142857142,4.3369947901194985,0.45161290322580644,True,-1,True,MEDIUM
2015-10-01,8,1,13,29.857142857142858,8.725987459471668,0.4354066985645933,True,-1,True,MEDIUM
2016-01-17,8,1,37,18.857142857142858,3.132015933791242,1.9621212121212122,True,-1,True,MEDIUM
2016-03-05,8,1,47,24.714285714285715,8.280786712108199,1.9017341040462428,True,-1,True,MEDIUM
2017-01-01,8,1,32,19.857142857142858,2.4102953780654364,1.6115107913669064,True,-1,True,MEDIUM
2017-02-04,8,1,36,21.285714285714285,2.4976179127510765,1.691275167785235,True,-1,True,MEDIUM
2017-04-23,8,1,59,30.285714285714285,4.535573676110703,1.9481132075471699,True,-1,True,MEDIUM
2017-10-22,8,1,54,29.714285714285715,4.270608298368673,1.8173076923076923,True,-1,True,MEDIUM
2014-03-02,8,2,86,51.42857142857143,14.717983816374083,1.672222222222222,True,-1,True,MEDIUM
2014-12-01,8,2,35,76.14285714285714,14.170727709243526,0.45966228893058164,True,-1,True,MEDIUM
2013-10-13,8,3,60,37.0,2.3804761428476424,1.6216216216216217,True,-1,True,MEDIUM
2013-11-02,8,3,55,33.57142857142857,3.7796447300922837,1.6382978723404256,True,-1,True,MEDIUM
2014-11-23,8,3,71,44.0,4.082482904638684,1.6136363636363635,True,-1,True,MEDIUM
2015-01-25,8,3,54,30.0,5.9999999999996545,1.8,True,-1,True,MEDIUM
2017-03-26,8,3,78,46.0,7.527726527090898,1.6956521739130435,True,-1,True,MEDIUM
2017-07-09,8,3,104,64.0,8.205689083394649,1.625,True,-1,True,MEDIUM
2017-08-20,8,3,99,57.142857142857146,12.334620267477336,1.7325,True,-1,True,MEDIUM
2013-01-18,8,4,8,17.142857142857142,5.3984124650546255,0.4666666666666667,True,-1,True,MEDIUM
2013-02-17,8,4,23,13.857142857142858,3.184785258515426,1.6597938144329896,True,-1,True,MEDIUM
2013-03-01,8,4,37,17.142857142857142,4.450789122113497,2.158333333333333,True,-1,True,MEDIUM
2013-12-14,8,4,9,18.285714285714285,2.627691364061284,0.4921875,True,-1,True,MEDIUM
2013-12-16,8,4,8,17.0,4.546060565662011,0.47058823529411764,True,-1,True,MEDIUM
2013-12-17,8,4,7,16.142857142857142,5.639993245521175,0.4336283185840708,True,-1,True,MEDIUM
2013-12-30,8,4,8,17.285714285714285,5.8227795686220505,0.4628099173553719,True,-1,True,MEDIUM
2015-02-28,8,4,32,17.285714285714285,3.039423504234664,1.8512396694214877,True,-1,True,MEDIUM
2015-05-30,8,4,50,22.285714285714285,4.111540089158887,2.2435897435897436,True,-1,True,MEDIUM
2015-05-31,8,4,52,26.285714285714285,11.235572759681359,1.9782608695652175,True,-1,True,MEDIUM
2015-11-06,8,4,44,27.0,2.581988897471285,1.6296296296296295,True,-1,True,MEDIUM
2016-05-16,8,4,19,38.57142857142857,13.339879345495554,0.49259259259259264,True,-1,True,MEDIUM
2016-12-17,8,4,38,19.714285714285715,6.343350474165382,1.9275362318840579,True,-1,True,MEDIUM
2017-01-17,8,4,8,22.714285714285715,5.089672082242689,0.3522012578616352,True,-1,True,MEDIUM
2013-01-12,8,5,4,12.857142857142858,2.794552524023087,0.3111111111111111,True,-1,True,MEDIUM
2013-01-21,8,5,5,12.714285714285714,2.984084768360626,0.39325842696629215,True,-1,True,MEDIUM
2013-01-27,8,5,24,11.142857142857142,3.0237157840738176,2.1538461538461537,True,-1,True,MEDIUM
2013-02-08,8,5,21,12.857142857142858,2.6726124191242406,1.6333333333333333,True,-1,True,MEDIUM
2013-02-16,8,5,18,10.142857142857142,1.7728105208558353,1.7746478873239437,True,-1,True,MEDIUM
2013-02-18,8,5,6,12.571428571428571,4.076646614442758,0.4772727272727273,True,-1,True,MEDIUM
2013-03-22,8,5,29,15.857142857142858,4.298393941484474,1.8288288288288288,True,-1,True,MEDIUM
2013-04-29,8,5,9,21.0,3.511884584284226,0.42857142857142855,True,-1,True,MEDIUM
2013-09-15,8,5,32,19.428571428571427,3.4086724129853745,1.647058823529412,True,-1,True,MEDIUM
2013-09-24,8,5,9,20.571428571428573,5.883795341363213,0.43749999999999994,True,-1,True,MEDIUM
2013-09-28,8,5,32,18.0,7.071067811865475,1.7777777777777777,True,-1,True,MEDIUM
2013-12-02,8,5,9,18.428571428571427,2.8784916685156974,0.48837209302325585,True,-1,True,MEDIUM
2013-12-16,8,5,5,12.428571428571429,3.0472470011003083,0.40229885057471265,True,-1,True,MEDIUM
2013-12-22,8,5,24,11.428571428571429,4.46680881081579,2.1,True,-1,True,MEDIUM
2014-01-06,8,5,7,16.714285714285715,5.0237531028201845,0.41880341880341876,True,-1,True,MEDIUM
2014-02-01,8,5,27,14.142857142857142,4.099941927579485,1.9090909090909092,True,-1,True,MEDIUM
2014-03-01,8,5,33,13.857142857142858,4.220133150686626,2.381443298969072,True,-1,True,MEDIUM
2014-03-28,8,5,8,17.285714285714285,5.154748157905367,0.4628099173553719,True,-1,True,MEDIUM
2014-04-04,8,5,36,19.142857142857142,5.87164291116128,1.8805970149253732,True,-1,True,MEDIUM
2014-05-17,8,5,41,23.571428571428573,2.225394561056662,1.7393939393939393,True,-1,True,MEDIUM
2014-10-01,8,5,7,22.428571428571427,5.711308748355976,0.3121019108280255,True,-1,True,MEDIUM
2014-10-10,8,5,32,17.714285714285715,3.728908942943315,1.8064516129032258,True,-1,True,MEDIUM
2014-11-12,8,5,9,22.714285714285715,6.626066850308848,0.3962264150943396,True,-1,True,MEDIUM
2014-12-04,8,5,9,21.142857142857142,5.336308693862327,0.4256756756756757,True,-1,True,MEDIUM
2014-12-08,8,5,8,16.285714285714285,4.309458036856802,0.4912280701754386,True,-1,True,MEDIUM
2015-03-22,8,5,32,19.142857142857142,3.184785258515501,1.671641791044776,True,-1,True,MEDIUM
2015-12-23,8,5,8,19.285714285714285,4.535573676110726,0.41481481481481486,True,-1,True,MEDIUM
2016-01-16,8,5,26,16.0,1.1547005383795061,1.625,True,-1,True,MEDIUM
2016-02-08,8,5,8,18.285714285714285,4.644505202002546,0.4375,True,-1,True,MEDIUM
2016-02-13,8,5,25,13.571428571428571,4.649628761422642,1.8421052631578947,True,-1,True,MEDIUM
2016-02-21,8,5,36,17.857142857142858,4.845223470201417,2.016,True,-1,True,MEDIUM
2016-02-25,8,5,9,21.142857142857142,7.335497516155489,0.4256756756756757,True,-1,True,MEDIUM
2016-12-26,8,5,7,15.714285714285714,5.250850271282571,0.4454545454545455,True,-1,True,MEDIUM
2017-01-03,8,5,9,20.428571428571427,3.5523298860109653,0.4405594405594406,True,-1,True,MEDIUM
2017-01-09,8,5,6,17.428571428571427,6.241184258807013,0.34426229508196726,True,-1,True,MEDIUM
2017-02-11,8,5,25,15.285714285714286,3.147183169877741,1.6355140186915886,True,-1,True,MEDIUM
2013-03-02,8,6,74,43.857142857142854,5.785861256216799,1.6872964169381108,True,-1,True,MEDIUM
2014-02-01,8,6,75,43.0,7.593857166596135,1.744186046511628,True,-1,True,MEDIUM
2014-03-02,8,7,87,54.285714285714285,12.351980754981371,1.6026315789473684,True,-1,True,MEDIUM
2015-03-01,8,7,89,51.714285714285715,12.88040224157481,1.7209944751381214,True,-1,True,MEDIUM
2017-06-04,8,9,134,83.0,12.701705922171694,1.6144578313253013,True,-1,True,MEDIUM
2013-03-01,8,10,87,53.0,9.0,1.6415094339622642,True,-1,True,MEDIUM
2013-10-13,8,11,112,69.28571428571429,12.02378595000049,1.6164948453608246,True,-1,True,MEDIUM
2014-03-02,8,11,100,61.857142857142854,14.346063007303698,1.6166281755196306,True,-1,True,MEDIUM
2016-05-01,8,11,154,91.57142857142857,7.95523188132841,1.6817472698907956,True,-1,True,MEDIUM
2014-11-01,8,12,127,78.85714285714286,14.380873541253239,1.6105072463768115,True,-1,True,MEDIUM
2017-12-04,8,13,52,104.14285714285714,14.667748877822486,0.4993141289437586,True,-1,True,MEDIUM
2013-02-02,8,14,69,40.142857142857146,8.234653836654198,1.7188612099644127,True,-1,True,MEDIUM
2013-11-16,8,14,101,60.57142857142857,8.922950611711634,1.6674528301886793,True,-1,True,MEDIUM
2015-03-22,8,14,96,59.714285714285715,7.111359122658989,1.6076555023923444,True,-1,True,MEDIUM
2013-03-03,8,15,119,72.57142857142857,15.064938796834886,1.639763779527559,True,-1,True,MEDIUM
2014-12-01,8,15,49,105.42857142857143,18.946038661218115,0.46476964769647694,True,-1,True,MEDIUM
2014-12-02,8,15,46,102.57142857142857,25.670067801865496,0.44846796657381616,True,-1,True,MEDIUM
2016-12-05,8,15,49,104.57142857142857,15.68286902809456,0.4685792349726776,True,-1,True,MEDIUM
2013-01-08,8,16,6,19.142857142857142,3.6709931185158156,0.31343283582089554,True,-1,True,MEDIUM
2013-01-14,8,16,7,19.142857142857142,7.559289460184544,0.3656716417910448,True,-1,True,MEDIUM
2013-03-31,8,16,36,19.571428571428573,5.769377287516756,1.8394160583941603,True,-1,True,MEDIUM
2014-01-13,8,16,7,19.857142857142858,4.41318371203729,0.35251798561151076,True,-1,True,MEDIUM
2014-01-19,8,16,32,17.285714285714285,6.421689437998084,1.8512396694214877,True,-1,True,MEDIUM
2015-03-16,8,16,12,25.571428571428573,9.16255318960724,0.4692737430167597,True,-1,True,MEDIUM
2015-07-26,8,16,59,35.0,4.725815626252672,1.6857142857142857,True,-1,True,MEDIUM
2015-12-12,8,16,33,19.857142857142858,2.853569193634401,1.6618705035971222,True,-1,True,MEDIUM
2016-01-24,8,16,36,21.285714285714285,1.3801311186854053,1.691275167785235,True,-1,True,MEDIUM
2016-09-25,8,16,58,33.285714285714285,6.019808571549114,1.7424892703862662,True,-1,True,MEDIUM
2017-03-04,8,16,48,27.0,4.618802153517214,1.7777777777777777,True,-1,True,MEDIUM
2013-08-10,8,17,62,33.0,3.8729833462074628,1.878787878787879,True,-1,True,MEDIUM
2013-08-11,8,17,63,36.57142857142857,11.73111450882002,1.72265625,True,-1,True,MEDIUM
2014-03-02,8,17,54,28.142857142857142,5.014265364224118,1.9187817258883249,True,-1,True,MEDIUM
2014-07-06,8,17,78,48.42857142857143,16.328473523849254,1.6106194690265485,True,-1,True,MEDIUM
2015-04-18,8,17,65,38.714285714285715,11.056133828698629,1.6789667896678966,True,-1,True,MEDIUM
2017-03-12,8,17,76,37.142857142857146,6.938505396903392,2.046153846153846,True,-1,True,MEDIUM
2017-06-02,8,17,77,46.42857142857143,6.604471789556344,1.6584615384615384,True,-1,True,MEDIUM
2013-05-04,8,19,65,38.857142857142854,10.761483346152783,1.6727941176470589,True,-1,True,MEDIUM
2014-04-06,8,19,82,50.285714285714285,13.511899517515248,1.6306818181818181,True,-1,True,MEDIUM
2014-05-24,8,19,88,50.57142857142857,7.524562952029034,1.7401129943502827,True,-1,True,MEDIUM
2014-12-02,8,19,23,46.142857142857146,13.78922975161624,0.4984520123839009,True,-1,True,MEDIUM
2015-02-21,8,19,66,39.285714285714285,4.461475305856079,1.68,True,-1,True,MEDIUM
2015-03-01,8,19,68,37.0,5.6862407030775,1.837837837837838,True,-1,True,MEDIUM
2017-03-13,8,19,27,54.285714285714285,17.259917783835583,0.49736842105263157,True,-1,True,MEDIUM
2013-11-03,8,20,75,43.0,12.151817422372117,1.744186046511628,True,-1,True,MEDIUM
2014-02-02,8,20,65,36.57142857142857,10.04750620564035,1.77734375,True,-1,True,MEDIUM
2016-04-02,8,20,91,56.57142857142857,6.900655593423522,1.6085858585858586,True,-1,True,MEDIUM
2016-04-10,8,20,103,64.28571428571429,6.129553700835272,1.602222222222222,True,-1,True,MEDIUM
2016-05-01,8,20,99,58.0,6.480740698407738,1.706896551724138,True,-1,True,MEDIUM
2013-09-07,8,21,73,43.0,5.773502691896354,1.697674418604651,True,-1,True,MEDIUM
2014-01-04,8,21,53,28.714285714285715,7.825477316949904,1.845771144278607,True,-1,True,MEDIUM
2014-12-03,8,21,18,48.42857142857143,14.010200365651936,0.3716814159292035,True,-1,True,MEDIUM
2016-02-21,8,21,67,39.42857142857143,6.704653678780073,1.6992753623188406,True,-1,True,MEDIUM
2017-04-02,8,22,161,99.28571428571429,18.108140763335197,1.6215827338129496,True,-1,True,MEDIUM
2013-02-03,8,23,35,20.714285714285715,3.9880774697543093,1.689655172413793,True,-1,True,MEDIUM
2013-08-17,8,23,60,32.857142857142854,9.685531674075685,1.8260869565217392,True,-1,True,MEDIUM
2014-10-06,8,23,13,35.0,11.060440015358024,0.37142857142857144,True,-1,True,MEDIUM
2015-01-01,8,23,9,27.571428571428573,4.995235825502154,0.32642487046632124,True,-1,True,MEDIUM
2015-10-18,8,23,65,32.142857142857146,4.740906081772737,2.022222222222222,True,-1,True,MEDIUM
2015-12-01,8,23,12,37.42857142857143,4.540820148282416,0.32061068702290074,True,-1,True,MEDIUM
2016-05-01,8,23,71,40.0,6.928203230275538,1.775,True,-1,True,MEDIUM
2014-02-01,8,24,82,47.714285714285715,6.993193970194034,1.718562874251497,True,-1,True,MEDIUM
2014-03-01,8,24,96,59.57142857142857,11.900380145988867,1.6115107913669064,True,-1,True,MEDIUM
2014-05-04,8,24,132,80.28571428571429,16.131896827034925,1.6441281138790034,True,-1,True,MEDIUM
2014-12-01,8,24,39,84.42857142857143,18.617707904547572,0.4619289340101523,True,-1,True,MEDIUM
2015-07-26,8,24,154,96.14285714285714,20.19429433799392,1.6017830609212482,True,-1,True,MEDIUM
2014-02-02,8,25,110,66.42857142857143,13.239551136111945,1.6559139784946235,True,-1,True,MEDIUM
2014-03-02,8,25,115,71.42857142857143,11.32632836738024,1.6099999999999999,True,-1,True,MEDIUM
2013-02-02,8,27,29,14.142857142857142,1.5735915849388848,2.0505050505050506,True,-1,True,MEDIUM
2013-12-12,8,27,33,16.857142857142858,4.017817460121504,1.9576271186440677,True,-1,True,MEDIUM
2013-12-17,8,27,9,21.714285714285715,7.4322335295720885,0.41447368421052627,True,-1,True,MEDIUM
2014-01-13,8,27,8,16.0,3.464101615137767,0.5,True,-1,True,MEDIUM
2014-01-16,8,27,28,15.428571428571429,4.035556254807304,1.8148148148148149,True,-1,True,MEDIUM
2014-01-25,8,27,28,14.857142857142858,4.947341758580108,1.8846153846153846,True,-1,True,MEDIUM
2014-02-23,8,27,33,16.714285714285715,3.1471831698778,1.9743589743589742,True,-1,True,MEDIUM
2014-02-26,8,27,31,17.428571428571427,7.322502824789337,1.778688524590164,True,-1,True,MEDIUM
2014-12-21,8,27,32,19.142857142857142,3.2366943748510555,1.671641791044776,True,-1,True,MEDIUM
2016-01-17,8,27,36,20.285714285714285,4.270608298369009,1.7746478873239437,True,-1,True,MEDIUM
2016-05-15,8,27,54,30.142857142857142,5.9561892579226035,1.7914691943127963,True,-1,True,MEDIUM
2016-07-17,8,27,49,28.0,4.35889894354095,1.75,True,-1,True,MEDIUM
2016-11-21,8,27,15,35.57142857142857,4.276179870598973,0.42168674698795183,True,-1,True,MEDIUM
2017-04-24,8,27,15,33.285714285714285,3.251373336212016,0.45064377682403434,True,-1,True,MEDIUM
2017-09-24,8,27,56,26.857142857142858,2.8535691936343426,2.0851063829787235,True,-1,True,MEDIUM
2017-10-23,8,27,14,29.285714285714285,2.138089935299794,0.4780487804878049,True,-1,True,MEDIUM
2017-12-04,8,27,10,24.857142857142858,4.413183712037422,0.40229885057471265,True,-1,True,MEDIUM
2013-03-03,8,29,89,53.142857142857146,8.970852271450594,1.6747311827956988,True,-1,True,MEDIUM
2013-12-02,8,29,35,72.42857142857143,14.81954950796572,0.48323471400394474,True,-1,True,MEDIUM
2013-12-02,8,30,18,43.0,4.163331998932243,0.4186046511627907,True,-1,True,MEDIUM
2014-12-03,8,30,21,46.142857142857146,14.016996485559615,0.4551083591331269,True,-1,True,MEDIUM
2016-10-02,8,30,87,48.857142857142854,6.693991620066666,1.7807017543859651,True,-1,True,MEDIUM
2015-02-01,8,31,82,45.42857142857143,11.13339036198708,1.8050314465408803,True,-1,True,MEDIUM
2015-03-01,8,31,84,51.285714285714285,8.159131606453792,1.637883008356546,True,-1,True,MEDIUM
2015-04-03,8,31,104,64.85714285714286,11.364103886486564,1.6035242290748897,True,-1,True,MEDIUM
2014-01-03,8,32,62,30.857142857142858,8.275034167675063,2.009259259259259,True,-1,True,MEDIUM
2014-05-18,8,32,103,56.142857142857146,14.123604018669962,1.8346055979643765,True,-1,True,MEDIUM
2014-12-03,8,32,27,56.285714285714285,17.29849979732617,0.4796954314720812,True,-1,True,MEDIUM
2016-04-03,8,32,91,52.285714285714285,8.86405260427909,1.7404371584699454,True,-1,True,MEDIUM
2016-10-16,8,32,87,53.42857142857143,11.559370554621403,1.6283422459893047,True,-1,True,MEDIUM
2015-03-01,8,33,102,63.0,12.832251036613183,1.619047619047619,True,-1,True,MEDIUM
2017-04-02,8,33,155,88.28571428571429,20.377391767301607,1.755663430420712,True,-1,True,MEDIUM
2013-02-23,8,34,31,17.714285714285715,4.11154008915904,1.75,True,-1,True,MEDIUM
2013-05-25,8,34,47,27.428571428571427,1.6183471874252893,1.7135416666666667,True,-1,True,MEDIUM
2013-08-25,8,34,54,29.142857142857142,5.459809869356593,1.8529411764705883,True,-1,True,MEDIUM
2013-10-25,8,34,43,23.142857142857142,4.670066788550672,1.8580246913580247,True,-1,True,MEDIUM
2013-12-08,8,34,37,18.428571428571427,4.157609203101594,2.007751937984496,True,-1,True,MEDIUM
2014-01-18,8,34,37,19.714285714285715,6.237368187365773,1.8768115942028984,True,-1,True,MEDIUM
2014-02-01,8,34,37,20.142857142857142,5.304984179322103,1.8368794326241136,True,-1,True,MEDIUM
2014-02-10,8,34,7,21.142857142857142,3.3380918415852014,0.3310810810810811,True,-1,True,MEDIUM
2014-05-17,8,34,55,32.57142857142857,11.487052753094694,1.6885964912280702,True,-1,True,MEDIUM
2015-01-18,8,34,36,22.428571428571427,2.507132682112351,1.605095541401274,True,-1,True,MEDIUM
2016-01-10,8,34,39,21.0,3.511884584284808,1.8571428571428572,True,-1,True,MEDIUM
2016-01-18,8,34,7,23.0,4.320493798938957,0.30434782608695654,True,-1,True,MEDIUM
2016-10-23,8,34,58,32.857142857142854,6.7682733255627685,1.765217391304348,True,-1,True,MEDIUM
2017-03-01,8,34,12,25.428571428571427,3.952094080237807,0.4719101123595506,True,-1,True,MEDIUM
2013-08-25,8,35,121,73.0,15.947831618540881,1.6575342465753424,True,-1,True,MEDIUM
2013-12-03,8,35,35,71.0,19.773719933285154,0.49295774647887325,True,-1,True,MEDIUM
2014-11-23,8,35,127,78.85714285714286,11.767590682726592,1.6105072463768115,True,-1,True,MEDIUM
2014-12-01,8,35,36,80.85714285714286,15.741966961264,0.4452296819787986,True,-1,True,MEDIUM
2015-12-13,8,36,108,66.0,11.57583690278985,1.6363636363636365,True,-1,True,MEDIUM
2017-04-02,8,36,152,93.57142857142857,22.82438128301359,1.6244274809160306,True,-1,True,MEDIUM
2013-04-21,8,37,51,28.571428571428573,9.324826054805575,1.785,True,-1,True,MEDIUM
2013-06-23,8,37,56,31.571428571428573,10.612212192518957,1.7737556561085972,True,-1,True,MEDIUM
2013-11-10,8,37,54,33.142857142857146,2.8535691936340237,1.629310344827586,True,-1,True,MEDIUM
2015-01-18,8,37,41,21.142857142857142,4.336994790119773,1.9391891891891893,True,-1,True,MEDIUM
2015-07-04,8,37,71,40.857142857142854,7.289914755527415,1.737762237762238,True,-1,True,MEDIUM
2016-03-06,8,37,50,29.428571428571427,4.035556254807314,1.6990291262135924,True,-1,True,MEDIUM
2017-05-07,8,37,73,43.42857142857143,6.803360514165993,1.6809210526315788,True,-1,True,MEDIUM
2017-12-10,8,37,53,29.142857142857142,7.470577207252942,1.8186274509803921,True,-1,True,MEDIUM
2014-12-01,8,38,52,105.28571428571429,15.096514892675179,0.49389416553595655,True,-1,True,MEDIUM
2015-03-01,8,38,126,72.28571428571429,10.467637200984285,1.743083003952569,True,-1,True,MEDIUM
2014-07-27,8,39,107,64.85714285714286,8.132825901423136,1.6497797356828192,True,-1,True,MEDIUM
2013-01-27,8,40,30,17.714285714285715,3.0937725468153765,1.693548387096774,True,-1,True,MEDIUM
2013-03-03,8,40,38,20.428571428571427,6.241184258807046,1.8601398601398602,True,-1,True,MEDIUM
2013-05-12,8,40,59,32.285714285714285,5.186980037050676,1.8274336283185841,True,-1,True,MEDIUM
2013-12-16,8,40,10,21.571428571428573,2.760262237369485,0.46357615894039733,True,-1,True,MEDIUM
2014-01-05,8,40,42,20.714285714285715,6.701101544131547,2.027586206896552,True,-1,True,MEDIUM
2014-01-24,8,40,41,22.714285714285715,3.1471831698778407,1.8050314465408803,True,-1,True,MEDIUM
2015-10-11,8,40,56,29.857142857142858,4.9809159608976845,1.875598086124402,True,-1,True,MEDIUM
2013-01-21,8,41,6,15.714285714285714,3.4982989063393704,0.38181818181818183,True,-1,True,MEDIUM
2013-07-24,8,41,14,29.857142857142858,3.6709931185157725,0.4688995215311005,True,-1,True,MEDIUM
2013-12-10,8,41,8,18.0,4.509249752822872,0.4444444444444444,True,-1,True,MEDIUM
2014-01-12,8,41,27,16.714285714285715,2.5634797778465828,1.6153846153846152,True,-1,True,MEDIUM
2014-02-08,8,41,10,21.0,3.511884584284231,0.47619047619047616,True,-1,True,MEDIUM
2014-02-10,8,41,8,19.714285714285715,5.468524655221166,0.40579710144927533,True,-1,True,MEDIUM
2014-02-11,8,41,32,18.142857142857142,7.057586259446188,1.763779527559055,True,-1,True,MEDIUM
2014-03-02,8,41,36,15.857142857142858,4.375255094603846,2.27027027027027,True,-1,True,MEDIUM
2014-04-12,8,41,41,22.0,4.546060565661934,1.8636363636363635,True,-1,True,MEDIUM
2015-09-13,8,41,52,27.428571428571427,7.067699834626629,1.8958333333333335,True,-1,True,MEDIUM
2015-11-01,8,41,41,24.857142857142858,3.3876526498729063,1.6494252873563218,True,-1,True,MEDIUM
2016-01-20,8,41,9,21.714285714285715,4.820590756131027,0.41447368421052627,True,-1,True,MEDIUM
2016-02-26,8,41,35,18.428571428571427,4.429339411136673,1.8992248062015507,True,-1,True,MEDIUM
2016-03-01,8,41,39,20.714285714285715,7.296444013222878,1.8827586206896552,True,-1,True,MEDIUM
2016-03-09,8,41,12,29.428571428571427,3.9096949095439886,0.4077669902912622,True,-1,True,MEDIUM
2016-12-31,8,41,34,20.285714285714285,3.860668582611359,1.676056338028169,True,-1,True,MEDIUM
2017-11-19,8,41,47,27.857142857142858,3.532165125838617,1.6871794871794872,True,-1,True,MEDIUM
2017-12-04,8,41,9,32.714285714285715,4.785891965429471,0.27510917030567683,True,-1,True,HIGH
2017-12-28,8,41,38,21.857142857142858,3.532165125838512,1.738562091503268,True,-1,True,MEDIUM
2013-08-17,8,42,67,38.285714285714285,4.111540089158959,1.75,True,-1,True,MEDIUM
2014-12-01,8,43,28,64.85714285714286,5.241773600241659,0.4317180616740088,True,-1,True,MEDIUM
2014-03-01,8,44,53,27.571428571428573,5.996030432909744,1.922279792746114,True,-1,True,MEDIUM
2017-05-28,8,44,70,42.285714285714285,5.851332774513637,1.6554054054054055,True,-1,True,MEDIUM
2013-01-13,8,45,91,54.42857142857143,14.987296207757009,1.6719160104986877,True,-1,True,MEDIUM
2014-12-01,8,45,46,99.57142857142857,18.446834803990438,0.4619799139167862,True,-1,True,MEDIUM
2016-10-30,8,45,152,92.28571428571429,17.679689719319686,1.6470588235294117,True,-1,True,MEDIUM
2013-03-03,8,46,82,51.142857142857146,13.20894357911301,1.6033519553072624,True,-1,True,MEDIUM
2013-11-03,8,46,89,55.0,6.137317546507539,1.6181818181818182,True,-1,True,MEDIUM
2014-12-01,8,46,36,75.0,14.76482306023335,0.48,True,-1,True,MEDIUM
2015-05-03,8,46,113,70.0,14.271183085738429,1.6142857142857143,True,-1,True,MEDIUM
2015-08-16,8,46,123,74.71428571428571,10.688222267435108,1.6462715105162524,True,-1,True,MEDIUM
2017-04-02,8,46,117,72.71428571428571,15.882005390947775,1.6090373280943027,True,-1,True,MEDIUM
2013-02-02,8,47,29,15.571428571428571,3.598941643369749,1.8623853211009174,True,-1,True,MEDIUM
2013-02-17,8,47,30,14.714285714285714,1.9760470401187142,2.0388349514563107,True,-1,True,MEDIUM
2013-02-20,8,47,7,17.142857142857142,6.039552175136042,0.4083333333333333,True,-1,True,MEDIUM
2013-02-25,8,47,25,14.142857142857142,3.48466026218585,1.7676767676767677,True,-1,True,MEDIUM
2013-03-11,8,47,9,21.0,4.163331998932261,0.42857142857142855,True,-1,True,MEDIUM
2013-06-02,8,47,54,27.428571428571427,7.699721701835337,1.96875,True,-1,True,MEDIUM
2013-07-07,8,47,46,27.285714285714285,1.976047040118656,1.6858638743455499,True,-1,True,MEDIUM
2013-12-27,8,47,8,19.428571428571427,2.572750982712481,0.411764705882353,True,-1,True,MEDIUM
2014-01-01,8,47,8,16.857142857142858,4.705619740571652,0.4745762711864407,True,-1,True,MEDIUM
2014-01-12,8,47,24,14.428571428571429,3.505098327538731,1.6633663366336633,True,-1,True,MEDIUM
2014-02-01,8,47,32,15.714285714285714,2.9277002188456884,2.0363636363636366,True,-1,True,MEDIUM
2014-12-03,8,47,11,25.285714285714285,9.178131358729562,0.43502824858757067,True,-1,True,MEDIUM
2014-12-18,8,47,29,17.428571428571427,3.309438162646484,1.6639344262295084,True,-1,True,MEDIUM
2014-12-27,8,47,33,19.142857142857142,3.8913824205360594,1.7238805970149254,True,-1,True,MEDIUM
2015-01-09,8,47,32,17.714285714285715,5.851332774513446,1.8064516129032258,True,-1,True,MEDIUM
2015-03-01,8,47,34,20.571428571428573,3.1547394428670064,1.6527777777777777,True,-1,True,MEDIUM
2015-07-26,8,47,61,32.857142857142854,4.488079449258474,1.856521739130435,True,-1,True,MEDIUM
2015-12-07,8,47,8,24.571428571428573,2.507132682111997,0.3255813953488372,True,-1,True,MEDIUM
2017-10-07,8,47,53,28.571428571428573,8.541216596737314,1.855,True,-1,True,MEDIUM
2013-06-02,8,48,84,51.42857142857143,8.997354108424373,1.6333333333333333,True,-1,True,MEDIUM
2013-08-18,8,48,100,60.714285714285715,9.621404708847374,1.6470588235294117,True,-1,True,MEDIUM
2017-02-26,8,48,84,50.142857142857146,10.526610271570435,1.675213675213675,True,-1,True,MEDIUM
2017-11-04,8,48,110,67.0,16.57307052620824,1.6417910447761195,True,-1,True,MEDIUM
2013-01-13,8,49,35,17.857142857142858,3.532165125838608,1.96,True,-1,True,MEDIUM
2013-02-03,8,49,29,17.428571428571427,3.457221565416505,1.6639344262295084,True,-1,True,MEDIUM
2013-03-01,8,49,39,18.285714285714285,4.99046710286341,2.1328125,True,-1,True,MEDIUM
2013-03-02,8,49,41,21.0,9.345230512584129,1.9523809523809523,True,-1,True,MEDIUM
2013-04-07,8,49,50,29.0,4.2031734043062015,1.7241379310344827,True,-1,True,MEDIUM
2014-01-05,8,49,36,20.0,3.3665016461204442,1.8,True,-1,True,MEDIUM
2014-06-14,8,49,69,37.57142857142857,10.643576198144784,1.8365019011406845,True,-1,True,MEDIUM
2016-01-14,8,49,39,23.142857142857142,3.7161167647856677,1.6851851851851851,True,-1,True,MEDIUM
2017-01-19,8,49,14,29.142857142857142,2.8535691936340646,0.4803921568627451,True,-1,True,MEDIUM
2016-04-03,8,50,129,80.0,15.895492023421802,1.6125,True,-1,True,MEDIUM
2013-01-10,9,1,5,14.857142857142858,6.362090102803518,0.3365384615384615,True,-1,True,MEDIUM
2013-01-16,9,1,20,11.857142857142858,5.639993245521115,1.686746987951807,True,-1,True,MEDIUM
2013-01-23,9,1,7,14.142857142857142,3.532165125838608,0.494949494949495,True,-1,True,MEDIUM
2013-02-03,9,1,27,15.285714285714286,3.1997023671109246,1.7663551401869158,True,-1,True,MEDIUM
2013-02-06,9,1,8,16.571428571428573,5.4423384329759985,0.48275862068965514,True,-1,True,MEDIUM
2013-02-16,9,1,25,13.714285714285714,2.5634797778466245,1.8229166666666667,True,-1,True,MEDIUM
2013-02-25,9,1,5,14.0,4.79583152331272,0.35714285714285715,True,-1,True,MEDIUM
2013-03-02,9,1,25,13.714285714285714,5.023753102820166,1.8229166666666667,True,-1,True,MEDIUM
2013-04-15,9,1,7,23.142857142857142,5.367450401216948,0.30246913580246915,True,-1,True,MEDIUM
2013-05-03,9,1,10,21.571428571428573,2.2990681342044628,0.46357615894039733,True,-1,True,MEDIUM
2013-05-19,9,1,32,19.428571428571427,3.3094381626465004,1.647058823529412,True,-1,True,MEDIUM
2013-09-02,9,1,10,21.285714285714285,3.039423504234844,0.46979865771812085,True,-1,True,MEDIUM
2013-09-18,9,1,8,21.0,6.480740698407857,0.38095238095238093,True,-1,True,MEDIUM
2013-11-12,9,1,8,19.857142857142858,5.304984179322039,0.4028776978417266,True,-1,True,MEDIUM
2013-12-02,9,1,8,20.428571428571427,4.82552735830129,0.3916083916083916,True,-1,True,MEDIUM
2013-12-09,9,1,6,14.142857142857142,3.132015933791459,0.42424242424242425,True,-1,True,MEDIUM
2013-12-18,9,1,4,14.714285714285714,2.927700218845564,0.27184466019417475,True,-1,True,HIGH
2014-01-06,9,1,7,16.285714285714285,3.7733400639347514,0.4298245614035088,True,-1,True,MEDIUM
2014-01-11,9,1,22,12.428571428571429,5.62308168347636,1.7701149425287357,True,-1,True,MEDIUM
2014-01-23,9,1,6,13.714285714285714,3.8172540616820814,0.4375,True,-1,True,MEDIUM
2014-01-25,9,1,23,12.714285714285714,4.8205907561309305,1.808988764044944,True,-1,True,MEDIUM
2014-02-03,9,1,7,15.857142857142858,2.7945525240230653,0.44144144144144143,True,-1,True,MEDIUM
2014-03-31,9,1,9,20.142857142857142,4.099941927579451,0.4468085106382979,True,-1,True,MEDIUM
2014-11-07,9,1,33,19.857142857142858,2.340126166724886,1.6618705035971222,True,-1,True,MEDIUM
2015-01-05,9,1,8,19.285714285714285,4.309458036856667,0.41481481481481486,True,-1,True,MEDIUM
2015-01-12,9,1,7,16.571428571428573,4.685336802448764,0.42241379310344823,True,-1,True,MEDIUM
2015-01-26,9,1,8,18.0,2.708012801545307,0.4444444444444444,True,-1,True,MEDIUM
2015-02-14,9,1,25,14.857142857142858,3.184785258515388,1.6826923076923077,True,-1,True,MEDIUM
2015-03-06,9,1,26,15.285714285714286,4.029651999626654,1.7009345794392523,True,-1,True,MEDIUM
2015-03-08,9,1,33,17.571428571428573,5.4423384329759905,1.8780487804878048,True,-1,True,MEDIUM
2015-03-09,9,1,9,20.0,7.874007874011814,0.45,True,-1,True,MEDIUM
2015-08-25,9,1,9,25.714285714285715,4.990467102863424,0.35,True,-1,True,MEDIUM
2015-12-01,9,1,11,27.142857142857142,3.1847852585154834,0.4052631578947368,True,-1,True,MEDIUM
2015-12-12,9,1,27,15.428571428571429,4.613644360558488,1.75,True,-1,True,MEDIUM
2015-12-17,9,1,10,20.857142857142858,4.413183712037155,0.4794520547945205,True,-1,True,MEDIUM
2015-12-21,9,1,7,18.571428571428573,5.287001130355488,0.3769230769230769,True,-1,True,MEDIUM
2015-12-27,9,1,31,12.714285714285714,3.302235894778018,2.438202247191011,True,-1,True,MEDIUM
2016-01-07,9,1,7,18.0,6.027713773341639,0.3888888888888889,True,-1,True,MEDIUM
2016-01-30,9,1,22,13.0,2.516611478423308,1.6923076923076923,True,-1,True,MEDIUM
2016-01-31,9,1,26,14.0,4.242640687119135,1.8571428571428572,True,-1,True,MEDIUM
2016-02-28,9,1,26,15.428571428571429,3.258688021128522,1.6851851851851851,True,-1,True,MEDIUM
2016-05-29,9,1,49,27.714285714285715,4.4239607334862985,1.768041237113402,True,-1,True,MEDIUM
2016-08-03,9,1,14,32.285714285714285,10.84303594808341,0.4336283185840708,True,-1,True,MEDIUM
2016-12-06,9,1,8,21.857142857142858,7.057586259446151,0.3660130718954248,True,-1,True,MEDIUM
2016-12-20,9,1,8,16.714285714285715,3.6384193323604204,0.4786324786324786,True,-1,True,MEDIUM
2017-01-25,9,1,8,19.428571428571427,3.9096949095438718,0.411764705882353,True,-1,True,MEDIUM
2017-03-06,9,1,9,22.0,6.4291005073285685,0.4090909090909091,True,-1,True,MEDIUM
2017-12-17,9,1,30,16.571428571428573,4.197504927816651,1.8103448275862066,True,-1,True,MEDIUM
2017-04-02,9,2,93,56.285714285714285,13.021959475110792,1.6522842639593909,True,-1,True,MEDIUM
2013-02-01,9,3,33,19.0,3.464101615137762,1.736842105263158,True,-1,True,MEDIUM
2013-03-03,9,3,41,24.571428571428573,3.5523298860110906,1.6686046511627906,True,-1,True,MEDIUM
2013-04-27,9,3,64,34.857142857142854,6.388233230676828,1.836065573770492,True,-1,True,MEDIUM
2013-09-15,9,3,56,32.285714285714285,6.421689437997982,1.7345132743362832,True,-1,True,MEDIUM
2014-01-24,9,3,41,21.714285714285715,4.231401884099567,1.888157894736842,True,-1,True,MEDIUM
2014-01-27,9,3,9,26.142857142857142,9.099973835650488,0.3442622950819672,True,-1,True,MEDIUM
2014-04-06,9,3,55,33.0,4.16333199893222,1.6666666666666667,True,-1,True,MEDIUM
2014-10-25,9,3,56,31.142857142857142,4.810702354423658,1.798165137614679,True,-1,True,MEDIUM
2015-01-17,9,3,41,24.0,3.26598632371093,1.7083333333333333,True,-1,True,MEDIUM
2015-03-01,9,3,48,27.571428571428573,3.6903993847614274,1.7409326424870466,True,-1,True,MEDIUM
2015-10-17,9,3,59,31.428571428571427,6.876460883747875,1.8772727272727274,True,-1,True,MEDIUM
2015-11-20,9,3,69,39.714285714285715,7.4769487028307084,1.737410071942446,True,-1,True,MEDIUM
2016-12-31,9,3,52,27.571428571428573,6.502746672423481,1.8860103626943003,True,-1,True,MEDIUM
2013-01-17,9,4,19,10.285714285714286,2.811540841738193,1.847222222222222,True,-1,True,MEDIUM
2013-02-01,9,4,19,11.571428571428571,2.1491969707422403,1.6419753086419753,True,-1,True,MEDIUM
2013-02-03,9,4,28,13.428571428571429,4.035556254807297,2.0851063829787235,True,-1,True,MEDIUM
2013-04-29,9,4,7,18.714285714285715,5.992058236095666,0.3740458015267175,True,-1,True,MEDIUM
2013-05-18,9,4,37,19.857142857142858,6.067085281214025,1.8633093525179856,True,-1,True,MEDIUM
2013-06-24,9,4,9,21.142857142857142,5.398412465054632,0.4256756756756757,True,-1,True,MEDIUM
2013-08-11,9,4,35,19.285714285714285,7.273565968956482,1.8148148148148149,True,-1,True,MEDIUM
2013-11-17,9,4,37,21.142857142857142,6.175990377490657,1.75,True,-1,True,MEDIUM
2013-12-18,9,4,7,15.571428571428571,3.952094080237387,0.44954128440366975,True,-1,True,MEDIUM
2013-12-21,9,4,20,12.428571428571429,3.866830866792675,1.6091954022988506,True,-1,True,MEDIUM
2013-12-24,9,4,19,11.857142857142858,4.220133150686531,1.6024096385542168,True,-1,True,MEDIUM
2013-12-28,9,4,31,14.571428571428571,3.5989416433697126,2.127450980392157,True,-1,True,MEDIUM
2014-01-22,9,4,6,15.571428571428571,4.466808810815696,0.3853211009174312,True,-1,True,MEDIUM
2014-02-23,9,4,26,13.857142857142858,4.017817460121455,1.8762886597938144,True,-1,True,MEDIUM
2014-12-04,9,4,8,24.0,9.609023536933057,0.3333333333333333,True,-1,True,MEDIUM
2014-12-14,9,4,27,16.285714285714285,3.450327796711851,1.6578947368421053,True,-1,True,MEDIUM
2015-01-12,9,4,7,18.428571428571427,6.078847008469726,0.3798449612403101,True,-1,True,MEDIUM
2015-01-19,9,4,6,14.428571428571429,4.035556254807382,0.4158415841584158,True,-1,True,MEDIUM
2015-02-23,9,4,6,16.0,4.8648398397755335,0.375,True,-1,True,MEDIUM
2015-03-01,9,4,24,13.571428571428571,4.961758520831937,1.768421052631579,True,-1,True,MEDIUM
2015-03-16,9,4,10,23.714285714285715,4.231401884099642,0.4216867469879518,True,-1,True,MEDIUM
2015-04-04,9,4,37,21.0,4.396968652757666,1.7619047619047619,True,-1,True,MEDIUM
2015-10-30,9,4,37,22.285714285714285,2.288688541085301,1.6602564102564104,True,-1,True,MEDIUM
2015-12-08,9,4,7,20.428571428571427,6.023762469230862,0.34265734265734266,True,-1,True,MEDIUM
2015-12-30,9,4,6,16.0,2.000000000000079,0.375,True,-1,True,MEDIUM
2016-01-07,9,4,9,18.285714285714285,2.4299715851758585,0.4921875,True,-1,True,MEDIUM
2016-03-08,9,4,10,25.285714285714285,4.3861253103502476,0.3954802259887006,True,-1,True,MEDIUM
2017-01-09,9,4,6,16.857142857142858,5.727959829601124,0.3559322033898305,True,-1,True,MEDIUM
2017-02-13,9,4,8,18.285714285714285,3.147183169877809,0.4375,True,-1,True,MEDIUM
2017-02-20,9,4,6,16.857142857142858,7.197883286739523,0.3559322033898305,True,-1,True,MEDIUM
2017-09-09,9,4,43,26.571428571428573,3.3594217189441267,1.618279569892473,True,-1,True,MEDIUM
2017-10-09,9,4,9,26.857142857142858,8.355209381548915,0.3351063829787234,True,-1,True,MEDIUM
2013-01-16,9,5,5,10.714285714285714,3.1997023671109233,0.4666666666666667,True,-1,True,MEDIUM
2013-01-27,9,5,21,11.714285714285714,3.03942350423485,1.7926829268292683,True,-1,True,MEDIUM
2013-02-11,9,5,6,12.0,2.768874620972694,0.5,True,-1,True,MEDIUM
2013-02-16,9,5,21,10.571428571428571,3.0472470011002217,1.9864864864864866,True,-1,True,MEDIUM
2013-03-02,9,5,27,13.142857142857142,3.184785258515425,2.0543478260869565,True,-1,True,MEDIUM
2013-03-10,9,5,27,12.428571428571429,2.819996622760566,2.1724137931034484,True,-1,True,MEDIUM
2013-04-21,9,5,28,16.0,3.5118845842842448,1.75,True,-1,True,MEDIUM
2013-04-29,9,5,8,16.857142857142858,4.3369947901195145,0.4745762711864407,True,-1,True,MEDIUM
2013-05-14,9,5,9,19.0,3.785938897200182,0.47368421052631576,True,-1,True,MEDIUM
2013-06-07,9,5,34,18.571428571428573,5.912053869204927,1.8307692307692307,True,-1,True,MEDIUM
2013-06-17,9,5,9,21.285714285714285,5.345224838248489,0.4228187919463087,True,-1,True,MEDIUM
2013-07-04,9,5,9,19.428571428571427,4.5039665058384095,0.4632352941176471,True,-1,True,MEDIUM
2013-07-15,9,5,8,21.0,5.567764362830026,0.38095238095238093,True,-1,True,MEDIUM
2013-07-30,9,5,8,19.142857142857142,5.639993245521113,0.417910447761194,True,-1,True,MEDIUM
2013-09-02,9,5,9,18.714285714285715,4.151878519188055,0.4809160305343511,True,-1,True,MEDIUM
2013-12-02,9,5,7,19.142857142857142,7.174690967295417,0.3656716417910448,True,-1,True,MEDIUM
2013-12-13,9,5,22,12.0,2.4494897427831033,1.8333333333333333,True,-1,True,MEDIUM
2013-12-29,9,5,25,13.428571428571429,3.0472470011001698,1.8617021276595744,True,-1,True,MEDIUM
2014-01-11,9,5,22,13.571428571428571,2.7602622373693633,1.6210526315789473,True,-1,True,MEDIUM
2014-01-13,9,5,6,14.714285714285714,4.231401884099602,0.4077669902912622,True,-1,True,MEDIUM
2014-01-19,9,5,24,10.0,4.041451884327321,2.4,True,-1,True,MEDIUM
2014-01-21,9,5,5,11.857142857142858,5.756983337031363,0.4216867469879518,True,-1,True,MEDIUM
2014-03-22,9,5,25,14.285714285714286,3.903600291794102,1.75,True,-1,True,MEDIUM
2014-03-28,9,5,9,21.0,4.281744192888397,0.42857142857142855,True,-1,True,MEDIUM
2014-05-27,9,5,7,21.857142857142858,5.014265364224081,0.3202614379084967,True,-1,True,MEDIUM
2014-06-15,9,5,35,18.714285714285715,4.347960660443217,1.8702290076335877,True,-1,True,MEDIUM
2014-06-16,9,5,8,21.142857142857142,7.492853738253348,0.3783783783783784,True,-1,True,MEDIUM
2014-06-24,9,5,7,19.857142857142858,5.871642911161274,0.35251798561151076,True,-1,True,MEDIUM
2014-06-28,9,5,38,19.714285714285715,7.016986193380687,1.9275362318840579,True,-1,True,MEDIUM
2014-09-01,9,5,4,23.714285714285715,6.848705126136027,0.1686746987951807,True,-1,True,HIGH
2014-10-05,9,5,11,22.857142857142858,3.2877840272018757,0.48125,True,-1,True,MEDIUM
2014-10-13,9,5,6,18.0,4.795831523312695,0.3333333333333333,True,-1,True,MEDIUM
2014-11-10,9,5,9,20.0,3.16227766016835,0.45,True,-1,True,MEDIUM
2014-11-20,9,5,36,21.285714285714285,2.6276913640611914,1.691275167785235,True,-1,True,MEDIUM
2014-12-03,9,5,9,20.714285714285715,4.309458036856657,0.43448275862068964,True,-1,True,MEDIUM
2014-12-08,9,5,5,14.714285714285714,2.9277002188455543,0.33980582524271846,True,-1,True,MEDIUM
2014-12-18,9,5,19,11.857142857142858,3.184785258515373,1.6024096385542168,True,-1,True,MEDIUM
2014-12-31,9,5,7,16.428571428571427,4.685336802448751,0.42608695652173917,True,-1,True,MEDIUM
2015-01-08,9,5,19,10.714285714285714,3.5923198500080087,1.7733333333333334,True,-1,True,MEDIUM
2015-01-16,9,5,6,12.285714285714286,3.592319850008012,0.4883720930232558,True,-1,True,MEDIUM
2015-01-25,9,5,26,13.0,3.2145502536642687,2.0,True,-1,True,MEDIUM
2015-02-03,9,5,5,13.285714285714286,2.8702082220798752,0.3763440860215054,True,-1,True,MEDIUM
2015-02-16,9,5,8,16.285714285714285,4.990467102863379,0.4912280701754386,True,-1,True,MEDIUM
2015-03-01,9,5,29,14.857142857142858,4.740906081772785,1.9519230769230769,True,-1,True,MEDIUM
2015-03-16,9,5,8,20.285714285714285,6.31702160078321,0.3943661971830986,True,-1,True,MEDIUM
2015-03-21,9,5,25,13.857142857142858,3.5321651258385596,1.8041237113402062,True,-1,True,MEDIUM
2015-04-03,9,5,30,16.714285714285715,3.545621041711632,1.7948717948717947,True,-1,True,MEDIUM
2015-04-05,9,5,37,19.428571428571427,5.88379534136321,1.9044117647058825,True,-1,True,MEDIUM
2015-10-10,9,5,32,17.285714285714285,4.750939756661661,1.8512396694214877,True,-1,True,MEDIUM
2015-10-28,9,5,9,18.571428571428573,4.995235825502208,0.48461538461538456,True,-1,True,MEDIUM
2015-11-12,9,5,37,20.142857142857142,4.634241089562592,1.8368794326241136,True,-1,True,MEDIUM
2016-01-08,9,5,20,11.714285714285714,5.376314900074406,1.707317073170732,True,-1,True,MEDIUM
2016-01-09,9,5,19,11.285714285714286,4.347960660443248,1.6835443037974682,True,-1,True,MEDIUM
2016-01-31,9,5,24,12.142857142857142,3.2877840272019014,1.9764705882352942,True,-1,True,MEDIUM
2016-02-15,9,5,7,14.285714285714286,2.6276913640612185,0.49,True,-1,True,MEDIUM
2016-02-24,9,5,21,10.857142857142858,3.0237157840738407,1.9342105263157894,True,-1,True,MEDIUM
2016-02-26,9,5,21,12.285714285714286,4.889249625940773,1.7093023255813953,True,-1,True,MEDIUM
2016-03-14,9,5,8,20.571428571428573,4.1173269183270795,0.38888888888888884,True,-1,True,MEDIUM
2016-04-24,9,5,37,20.571428571428573,3.1014589500826006,1.798611111111111,True,-1,True,MEDIUM
2016-05-16,9,5,10,26.142857142857142,3.6253078686998257,0.3825136612021858,True,-1,True,MEDIUM
2016-12-01,9,5,10,20.428571428571427,2.992052966172361,0.48951048951048953,True,-1,True,MEDIUM
2016-12-21,9,5,6,14.285714285714286,4.498677054212198,0.42,True,-1,True,MEDIUM
2017-05-22,9,5,8,24.571428571428573,5.7404164441598295,0.3255813953488372,True,-1,True,MEDIUM
2017-05-27,9,5,36,19.571428571428573,8.141603913585719,1.8394160583941603,True,-1,True,MEDIUM
2017-12-04,9,5,5,18.571428571428573,3.735288603626407,0.2692307692307692,True,-1,True,HIGH
2013-11-09,9,6,81,50.285714285714285,6.499084184567442,1.6107954545454546,True,-1,True,MEDIUM
2016-04-01,9,6,105,58.57142857142857,14.246135649795926,1.7926829268292683,True,-1,True,MEDIUM
2016-10-16,9,6,104,63.285714285714285,14.162324264450023,1.6433408577878104,True,-1,True,MEDIUM
2016-12-24,9,6,81,48.714285714285715,4.715728494951457,1.662756598240469,True,-1,True,MEDIUM
2016-12-31,9,6,87,47.42857142857143,17.45333915384244,1.8343373493975903,True,-1,True,MEDIUM
2017-10-15,9,6,111,65.85714285714286,13.704361488574666,1.6854663774403469,True,-1,True,MEDIUM
2014-03-06,9,7,78,48.42857142857143,5.563486402641859,1.6106194690265485,True,-1,True,MEDIUM
2015-03-01,9,7,79,45.142857142857146,4.0999419275799385,1.7499999999999998,True,-1,True,MEDIUM
2016-10-30,9,7,100,60.57142857142857,12.752217360876877,1.650943396226415,True,-1,True,MEDIUM
2017-01-22,9,7,75,45.142857142857146,10.854009572942733,1.6613924050632911,True,-1,True,MEDIUM
2013-03-16,9,8,89,54.142857142857146,8.87747282786739,1.6437994722955145,True,-1,True,MEDIUM
2015-11-21,9,11,121,75.28571428571429,14.579829511055225,1.6072106261859582,True,-1,True,MEDIUM
2016-02-07,9,11,88,53.857142857142854,10.88467686595229,1.6339522546419099,True,-1,True,MEDIUM
2013-03-21,9,12,83,51.714285714285715,13.474844287465006,1.6049723756906078,True,-1,True,MEDIUM
2014-02-02,9,12,77,43.714285714285715,3.773340063935629,1.761437908496732,True,-1,True,MEDIUM
2015-12-01,9,12,34,83.0,15.438048235879036,0.40963855421686746,True,-1,True,MEDIUM
2017-03-05,9,12,103,63.42857142857143,9.253056123197966,1.6238738738738738,True,-1,True,MEDIUM
2014-03-02,9,13,106,63.142857142857146,13.533028380331336,1.678733031674208,True,-1,True,MEDIUM
2014-12-28,9,13,96,58.57142857142857,14.931590034298905,1.6390243902439026,True,-1,True,MEDIUM
2015-03-01,9,14,78,46.857142857142854,10.945753688509665,1.6646341463414636,True,-1,True,MEDIUM
2015-11-01,9,14,96,57.42857142857143,11.311603818750799,1.671641791044776,True,-1,True,MEDIUM
2013-03-27,9,16,11,23.428571428571427,3.598941643369778,0.46951219512195125,True,-1,True,MEDIUM
2013-10-14,9,16,10,24.714285714285715,3.6839419880650928,0.40462427745664736,True,-1,True,MEDIUM
2013-10-17,9,16,9,21.285714285714285,6.945365018348247,0.4228187919463087,True,-1,True,MEDIUM
2013-12-30,9,16,8,18.142857142857142,3.4364987719369307,0.4409448818897638,True,-1,True,MEDIUM
2014-01-07,9,16,8,18.714285714285715,4.309458036856699,0.42748091603053434,True,-1,True,MEDIUM
2014-01-26,9,16,25,15.571428571428571,2.6367367999823417,1.6055045871559632,True,-1,True,MEDIUM
2014-03-10,9,16,9,22.142857142857142,4.70561974057164,0.4064516129032258,True,-1,True,MEDIUM
2015-05-08,9,16,49,28.428571428571427,3.73528860362641,1.7236180904522613,True,-1,True,MEDIUM
2015-06-08,9,16,12,32.0,9.27361849549575,0.375,True,-1,True,MEDIUM
2016-01-10,9,16,32,18.142857142857142,3.579039509354813,1.763779527559055,True,-1,True,MEDIUM
2016-02-03,9,16,29,17.857142857142858,2.7342623276103817,1.6239999999999999,True,-1,True,MEDIUM
2016-03-06,9,16,43,24.0,4.434711565216687,1.7916666666666667,True,-1,True,MEDIUM
2016-08-14,9,16,53,28.285714285714285,4.347960660443314,1.8737373737373737,True,-1,True,MEDIUM
2016-12-26,9,16,9,22.142857142857142,7.335497516155533,0.4064516129032258,True,-1,True,MEDIUM
2017-12-17,9,16,37,20.285714285714285,3.8172540616821307,1.823943661971831,True,-1,True,MEDIUM
2013-01-10,9,17,33,18.428571428571427,4.2761798705987895,1.7906976744186047,True,-1,True,MEDIUM
2014-02-17,9,17,10,25.428571428571427,4.649628761422552,0.39325842696629215,True,-1,True,MEDIUM
2014-09-14,9,17,54,33.42857142857143,4.429339411136536,1.6153846153846152,True,-1,True,MEDIUM
2015-01-12,9,17,9,23.571428571428573,2.8784916685155073,0.3818181818181818,True,-1,True,MEDIUM
2015-01-18,9,17,37,19.857142857142858,5.956189257922301,1.8633093525179856,True,-1,True,MEDIUM
2015-02-18,9,17,13,29.142857142857142,3.7606990231679704,0.44607843137254904,True,-1,True,MEDIUM
2015-07-19,9,17,68,40.857142857142854,6.414269805898209,1.6643356643356644,True,-1,True,MEDIUM
2013-03-02,9,18,86,51.857142857142854,13.107613200332233,1.6584022038567494,True,-1,True,MEDIUM
2013-03-03,9,18,92,56.57142857142857,18.437797616645565,1.6262626262626263,True,-1,True,MEDIUM
2013-12-02,9,18,36,78.14285714285714,14.507797574966126,0.4606946983546618,True,-1,True,MEDIUM
2015-12-01,9,18,50,102.85714285714286,21.559441639558315,0.4861111111111111,True,-1,True,MEDIUM
2013-01-20,9,19,36,21.142857142857142,3.484660262185858,1.7027027027027029,True,-1,True,MEDIUM
2015-07-12,9,19,80,47.714285714285715,7.782764841072088,1.6766467065868262,True,-1,True,MEDIUM
2016-11-21,9,19,24,49.57142857142857,13.648652471424166,0.484149855907781,True,-1,True,MEDIUM
2013-03-03,9,20,53,27.285714285714285,5.4072262055600335,1.942408376963351,True,-1,True,MEDIUM
2017-12-23,9,20,72,40.142857142857146,7.197883286739458,1.7935943060498218,True,-1,True,MEDIUM
2013-03-01,9,21,46,23.857142857142858,3.287784027201879,1.9281437125748502,True,-1,True,MEDIUM
2014-03-01,9,21,58,34.42857142857143,5.9681695367212875,1.6846473029045643,True,-1,True,MEDIUM
2015-03-12,9,21,56,33.42857142857143,6.373307431706744,1.675213675213675,True,-1,True,MEDIUM
2017-08-20,9,21,95,54.57142857142857,10.659223593632282,1.7408376963350787,True,-1,True,MEDIUM
2017-08-21,9,21,25,59.714285714285715,18.759124763825238,0.41866028708133973,True,-1,True,MEDIUM
2013-07-28,9,22,149,91.57142857142857,12.50142848980504,1.6271450858034322,True,-1,True,MEDIUM
2014-02-01,9,22,94,57.42857142857143,8.038597366397044,1.63681592039801,True,-1,True,MEDIUM
2014-09-14,9,22,133,82.14285714285714,13.171036044145763,1.6191304347826088,True,-1,True,MEDIUM
2013-01-13,9,23,25,15.285714285714286,3.147183169877774,1.6355140186915886,True,-1,True,MEDIUM
2014-01-05,9,23,38,18.142857142857142,3.0783421635987773,2.0944881889763782,True,-1,True,MEDIUM
2014-02-02,9,23,39,21.428571428571427,6.294366339755511,1.82,True,-1,True,MEDIUM
2015-02-25,9,23,10,25.571428571428573,4.503966505838394,0.39106145251396646,True,-1,True,MEDIUM
2017-02-05,9,23,44,23.428571428571427,7.091242083423303,1.878048780487805,True,-1,True,MEDIUM
2017-10-22,9,23,52,31.142857142857142,4.059087394500256,1.6697247706422018,True,-1,True,MEDIUM
2017-11-12,9,23,58,33.57142857142857,9.360504666899535,1.7276595744680852,True,-1,True,MEDIUM
2014-04-27,9,24,107,62.142857142857146,9.459185508075752,1.72183908045977,True,-1,True,MEDIUM
2017-04-02,9,24,113,69.14285714285714,12.850792082313909,1.6342975206611572,True,-1,True,MEDIUM
2013-03-02,9,25,91,50.0,14.742229591663989,1.82,True,-1,True,MEDIUM
2013-12-29,9,25,89,50.857142857142854,4.336994790119315,1.75,True,-1,True,MEDIUM
2014-03-02,9,25,108,61.57142857142857,13.02378776005841,1.754060324825986,True,-1,True,MEDIUM
2013-02-03,9,26,51,28.0,11.0151410945722,1.8214285714285714,True,-1,True,MEDIUM
2013-05-25,9,26,71,43.42857142857143,13.611969522655968,1.6348684210526314,True,-1,True,MEDIUM
2013-12-22,9,26,55,30.0,5.686240703077317,1.8333333333333333,True,-1,True,MEDIUM
2014-11-02,9,26,72,42.285714285714285,12.94493833787666,1.7027027027027029,True,-1,True,MEDIUM
2016-03-04,9,26,76,45.0,5.830951894845457,1.6888888888888889,True,-1,True,MEDIUM
2016-10-28,9,26,83,45.42857142857143,9.74435123301613,1.8270440251572326,True,-1,True,MEDIUM
2013-01-31,9,27,23,12.142857142857142,2.672612419124241,1.8941176470588237,True,-1,True,MEDIUM
2013-02-17,9,27,23,12.714285714285714,4.151878519188057,1.808988764044944,True,-1,True,MEDIUM
2013-03-17,9,27,27,16.714285714285715,2.0586634591635393,1.6153846153846152,True,-1,True,MEDIUM
2013-04-15,9,27,9,21.428571428571427,5.968169536721255,0.42000000000000004,True,-1,True,MEDIUM
2013-04-21,9,27,32,17.857142857142858,4.413183712037212,1.792,True,-1,True,MEDIUM
2013-09-10,9,27,10,21.0,3.559026084010435,0.47619047619047616,True,-1,True,MEDIUM
2013-09-20,9,27,28,16.285714285714285,2.927700218845613,1.719298245614035,True,-1,True,MEDIUM
2014-01-13,9,27,7,17.142857142857142,5.36745040121694,0.4083333333333333,True,-1,True,MEDIUM
2014-01-19,9,27,24,13.714285714285714,5.023753102820205,1.75,True,-1,True,MEDIUM
2014-01-20,9,27,4,13.857142857142858,5.336308693862346,0.28865979381443296,True,-1,True,HIGH
2014-03-19,9,27,10,20.0,3.915780041490212,0.5,True,-1,True,MEDIUM
2014-04-28,9,27,10,23.571428571428573,3.779644730092184,0.4242424242424242,True,-1,True,MEDIUM
2014-11-06,9,27,36,20.714285714285715,3.6839419880650226,1.7379310344827585,True,-1,True,MEDIUM
2014-12-23,9,27,7,16.428571428571427,4.825527358301344,0.42608695652173917,True,-1,True,MEDIUM
2015-01-10,9,27,25,14.571428571428571,2.370453040886559,1.715686274509804,True,-1,True,MEDIUM
2015-03-02,9,27,10,20.285714285714285,3.498298906339349,0.49295774647887325,True,-1,True,MEDIUM
2015-03-29,9,27,36,19.285714285714285,6.102302453836194,1.8666666666666667,True,-1,True,MEDIUM
2015-06-19,9,27,43,25.571428571428573,3.69039938476133,1.6815642458100557,True,-1,True,MEDIUM
2015-09-20,9,27,42,22.428571428571427,4.276179870598813,1.872611464968153,True,-1,True,MEDIUM
2015-10-19,9,27,10,24.285714285714285,4.461475305855865,0.411764705882353,True,-1,True,MEDIUM
2015-12-12,9,27,26,15.142857142857142,3.184785258515707,1.7169811320754718,True,-1,True,MEDIUM
2016-11-06,9,27,52,25.571428571428573,6.214422549122818,2.0335195530726256,True,-1,True,MEDIUM
2016-11-26,9,27,47,25.571428571428573,3.690399384761235,1.8379888268156424,True,-1,True,MEDIUM
2016-12-12,9,27,9,20.571428571428573,4.720774754816571,0.43749999999999994,True,-1,True,MEDIUM
2016-12-25,9,27,35,17.714285714285715,4.820590756130924,1.975806451612903,True,-1,True,MEDIUM
2017-01-02,9,27,4,17.428571428571427,5.22357294250918,0.2295081967213115,True,-1,True,HIGH
2017-02-13,9,27,7,19.714285714285715,4.309458036856587,0.3550724637681159,True,-1,True,MEDIUM
2017-02-19,9,27,38,20.142857142857142,6.841748592978477,1.8865248226950355,True,-1,True,MEDIUM
2017-02-27,9,27,8,18.571428571428573,2.370453040886299,0.43076923076923074,True,-1,True,MEDIUM
2017-03-30,9,27,34,18.0,7.681145747868581,1.8888888888888888,True,-1,True,MEDIUM
2017-04-02,9,27,44,23.285714285714285,9.551863443228951,1.8895705521472392,True,-1,True,MEDIUM
2017-08-14,9,27,12,31.0,3.7859388971997454,0.3870967741935484,True,-1,True,MEDIUM
2017-10-22,9,27,42,22.571428571428573,3.1014589500824505,1.860759493670886,True,-1,True,MEDIUM
2017-12-11,9,27,7,19.0,3.651483716701093,0.3684210526315789,True,-1,True,MEDIUM
2013-01-27,9,28,80,50.0,13.391539617733779,1.6,True,-1,True,MEDIUM
2013-03-01,9,28,103,55.285714285714285,9.741907508530439,1.8630490956072352,True,-1,True,MEDIUM
2014-03-01,9,28,99,61.714285714285715,10.995670143504764,1.6041666666666667,True,-1,True,MEDIUM
2015-02-22,9,28,99,61.714285714285715,15.818915741544956,1.6041666666666667,True,-1,True,MEDIUM
2013-03-23,9,29,86,51.42857142857143,7.4578178858864295,1.672222222222222,True,-1,True,MEDIUM
2013-09-15,9,29,105,62.857142857142854,12.388550781919196,1.6704545454545456,True,-1,True,MEDIUM
2013-11-17,9,29,97,59.285714285714285,6.79985994253522,1.636144578313253,True,-1,True,MEDIUM
2017-12-02,9,29,45,90.42857142857143,24.33007153611324,0.4976303317535545,True,-1,True,MEDIUM
2013-02-03,9,30,39,21.857142857142858,3.716116764786031,1.784313725490196,True,-1,True,MEDIUM
2014-03-02,9,30,53,30.0,6.027713773341727,1.7666666666666666,True,-1,True,MEDIUM
2016-04-01,9,30,68,36.285714285714285,9.268482179125185,1.874015748031496,True,-1,True,MEDIUM
2016-12-11,9,30,55,30.142857142857142,4.220133150686732,1.8246445497630333,True,-1,True,MEDIUM
2016-12-31,9,30,58,32.57142857142857,8.283661486266123,1.7807017543859651,True,-1,True,MEDIUM
2017-05-07,9,30,80,48.285714285714285,11.294752258081163,1.6568047337278107,True,-1,True,MEDIUM
2014-11-01,9,31,83,50.714285714285715,13.187295473476189,1.6366197183098592,True,-1,True,MEDIUM
2015-11-21,9,31,99,61.285714285714285,6.421689437998275,1.6153846153846154,True,-1,True,MEDIUM
2016-07-03,9,31,128,77.14285714285714,12.72043724914852,1.6592592592592594,True,-1,True,MEDIUM
2013-04-07,9,32,65,36.285714285714285,8.479667558622925,1.7913385826771655,True,-1,True,MEDIUM
2013-11-24,9,32,61,36.285714285714285,6.074928962939664,1.6811023622047245,True,-1,True,MEDIUM
2014-01-26,9,32,46,27.571428571428573,4.0766466144431135,1.6683937823834196,True,-1,True,MEDIUM
2014-02-08,9,32,47,29.285714285714285,2.9840847683610674,1.604878048780488,True,-1,True,MEDIUM
2014-12-28,9,32,53,29.571428571428573,6.900655593423718,1.7922705314009661,True,-1,True,MEDIUM
2015-11-01,9,32,79,44.57142857142857,8.038597366397175,1.7724358974358976,True,-1,True,MEDIUM
2016-04-02,9,32,75,43.42857142857143,10.195704043977587,1.7269736842105263,True,-1,True,MEDIUM
2015-03-01,9,33,86,50.142857142857146,10.221359521912305,1.715099715099715,True,-1,True,MEDIUM
2017-12-04,9,33,29,71.57142857142857,15.851994016076194,0.405189620758483,True,-1,True,MEDIUM
2013-02-06,9,34,4,13.428571428571429,3.5050983275386574,0.2978723404255319,True,-1,True,HIGH
2013-02-11,9,34,21,10.857142857142858,4.220133150686579,1.9342105263157894,True,-1,True,MEDIUM
2013-03-13,9,34,8,19.428571428571427,3.7796447300922633,0.411764705882353,True,-1,True,MEDIUM
2013-06-30,9,34,40,22.0,4.4347115652166655,1.8181818181818181,True,-1,True,MEDIUM
2013-12-13,9,34,21,12.142857142857142,2.968084198523126,1.7294117647058824,True,-1,True,MEDIUM
2013-12-14,9,34,24,13.0,4.434711565216569,1.8461538461538463,True,-1,True,MEDIUM
2013-12-23,9,34,7,15.428571428571429,2.3704530408862166,0.4537037037037037,True,-1,True,MEDIUM
2013-12-26,9,34,27,13.571428571428571,3.866830866792589,1.9894736842105263,True,-1,True,MEDIUM
2013-12-30,9,34,6,16.428571428571427,7.412987316350954,0.3652173913043479,True,-1,True,MEDIUM
2014-02-03,9,34,5,19.142857142857142,5.336308693862252,0.2611940298507463,True,-1,True,HIGH
2014-10-31,9,34,42,26.0,2.8867513459480985,1.6153846153846154,True,-1,True,MEDIUM
2014-12-24,9,34,7,17.0,5.5976185412488375,0.4117647058823529,True,-1,True,MEDIUM
2015-02-01,9,34,28,16.0,1.999999999999829,1.75,True,-1,True,MEDIUM
2015-04-18,9,34,41,25.142857142857142,3.132015933791529,1.6306818181818181,True,-1,True,MEDIUM
2015-07-12,9,34,55,30.285714285714285,6.799859942535267,1.8160377358490567,True,-1,True,MEDIUM
2015-12-13,9,34,34,17.142857142857142,2.9113897843108196,1.9833333333333334,True,-1,True,MEDIUM
2015-12-27,9,34,31,17.142857142857142,4.705619740571487,1.8083333333333333,True,-1,True,MEDIUM
2016-01-23,9,34,31,17.428571428571427,4.353433237386321,1.778688524590164,True,-1,True,MEDIUM
2016-02-23,9,34,11,23.857142857142858,3.933978962347184,0.4610778443113772,True,-1,True,MEDIUM
2016-05-29,9,34,53,30.142857142857142,2.9113897843110768,1.7582938388625593,True,-1,True,MEDIUM
2016-06-19,9,34,51,31.571428571428573,3.4572215654165577,1.6153846153846152,True,-1,True,MEDIUM
2017-01-02,9,34,10,21.857142857142858,2.968084198523239,0.45751633986928103,True,-1,True,MEDIUM
2017-03-12,9,34,44,24.714285714285715,3.9880774697543013,1.7803468208092486,True,-1,True,MEDIUM
2017-06-28,9,34,56,34.0,4.509249752823014,1.6470588235294117,True,-1,True,MEDIUM
2017-11-05,9,34,53,29.857142857142858,7.4705772072527274,1.7751196172248804,True,-1,True,MEDIUM
2014-11-22,9,35,102,63.714285714285715,11.499482390007747,1.600896860986547,True,-1,True,MEDIUM
2015-12-13,9,35,82,48.57142857142857,9.658452996505964,1.688235294117647,True,-1,True,MEDIUM
2016-10-24,9,35,38,77.71428571428571,15.096514892675188,0.48897058823529416,True,-1,True,MEDIUM
2017-12-04,9,36,44,89.28571428571429,20.410081542498066,0.49279999999999996,True,-1,True,MEDIUM
2013-01-14,9,37,6,18.285714285714285,4.151878519188062,0.328125,True,-1,True,MEDIUM
2013-02-05,9,37,9,19.285714285714285,3.7289089429432183,0.4666666666666667,True,-1,True,MEDIUM
2014-10-24,9,37,55,30.714285714285715,5.707138387268052,1.7906976744186045,True,-1,True,MEDIUM
2014-12-02,9,37,9,31.428571428571427,8.94160952806489,0.2863636363636364,True,-1,True,HIGH
2015-12-03,9,37,12,25.571428571428573,9.997618764104848,0.4692737430167597,True,-1,True,MEDIUM
2017-10-15,9,37,53,32.857142857142854,3.9761191895520787,1.6130434782608698,True,-1,True,MEDIUM
2013-03-09,9,38,91,55.285714285714285,11.657819774930546,1.6459948320413438,True,-1,True,MEDIUM
2013-09-15,9,38,115,71.28571428571429,12.996336480130045,1.6132264529058116,True,-1,True,MEDIUM
2015-03-01,9,38,96,59.57142857142857,8.885515232802858,1.6115107913669064,True,-1,True,MEDIUM
2015-12-13,9,38,100,60.857142857142854,10.123052428797592,1.643192488262911,True,-1,True,MEDIUM
2016-12-25,9,38,98,60.142857142857146,13.777137721947645,1.6294536817102137,True,-1,True,MEDIUM
2014-01-01,9,39,12,30.857142857142858,4.2201331506866335,0.3888888888888889,True,-1,True,MEDIUM
2014-03-01,9,39,57,30.571428571428573,8.100558475750185,1.8644859813084111,True,-1,True,MEDIUM
2015-07-05,9,39,91,55.285714285714285,9.586697132211956,1.6459948320413438,True,-1,True,MEDIUM
2017-07-16,9,39,97,60.57142857142857,12.353908192108875,1.6014150943396226,True,-1,True,MEDIUM
2017-12-31,9,39,58,34.857142857142854,6.148944934663652,1.6639344262295084,True,-1,True,MEDIUM
2013-01-11,9,40,25,15.571428571428571,2.878491668515699,1.6055045871559632,True,-1,True,MEDIUM
2013-08-07,9,40,11,27.571428571428573,3.8668308667927556,0.39896373056994816,True,-1,True,MEDIUM
2013-12-25,9,40,31,17.571428571428573,4.353433237386648,1.7642276422764227,True,-1,True,MEDIUM
2014-01-20,9,40,9,19.428571428571427,4.961758520832022,0.4632352941176471,True,-1,True,MEDIUM
2014-02-10,9,40,9,24.857142857142858,3.3380918415852023,0.3620689655172414,True,-1,True,MEDIUM
2015-02-07,9,40,42,21.571428571428573,4.23702501200826,1.9470198675496688,True,-1,True,MEDIUM
2016-02-06,9,40,36,22.285714285714285,1.4960264830868566,1.6153846153846154,True,-1,True,MEDIUM
2016-12-10,9,40,12,25.0,3.265986323711168,0.48,True,-1,True,MEDIUM
2016-12-26,9,40,9,25.285714285714285,7.432233529572174,0.3559322033898305,True,-1,True,MEDIUM
2017-12-10,9,40,42,24.142857142857142,3.9339789623475374,1.7396449704142012,True,-1,True,MEDIUM
2013-02-10,9,41,7,15.571428571428571,3.73528860362636,0.44954128440366975,True,-1,True,MEDIUM
2013-02-15,9,41,25,12.857142857142858,4.947341758580106,1.9444444444444444,True,-1,True,MEDIUM
2013-02-17,9,41,29,13.428571428571429,6.294366339755546,2.1595744680851063,True,-1,True,MEDIUM
2013-02-18,9,41,8,16.571428571428573,7.849780100044052,0.48275862068965514,True,-1,True,MEDIUM
2013-02-26,9,41,7,17.571428571428573,4.755948656056709,0.39837398373983735,True,-1,True,MEDIUM
2013-03-19,9,41,9,18.142857142857142,4.059087394500206,0.49606299212598426,True,-1,True,MEDIUM
2013-04-16,9,41,10,21.285714285714285,4.423960733486292,0.46979865771812085,True,-1,True,MEDIUM
2013-06-28,9,41,36,22.142857142857142,2.267786838055372,1.6258064516129032,True,-1,True,MEDIUM
2013-08-05,9,41,9,22.0,3.366501646120687,0.4090909090909091,True,-1,True,MEDIUM
2013-10-12,9,41,26,15.285714285714286,3.3523268393900842,1.7009345794392523,True,-1,True,MEDIUM
2013-11-09,9,41,36,17.285714285714285,3.4503277967117545,2.0826446280991737,True,-1,True,MEDIUM
2013-12-03,9,41,8,19.571428571428573,3.779644730092255,0.4087591240875912,True,-1,True,MEDIUM
2014-01-06,9,41,7,16.428571428571427,2.9358214555806192,0.42608695652173917,True,-1,True,MEDIUM
2014-01-30,9,41,27,13.857142857142858,3.4364987719368827,1.9484536082474226,True,-1,True,MEDIUM
2014-03-09,9,41,30,16.857142857142858,3.8047589248453524,1.7796610169491525,True,-1,True,MEDIUM
2014-03-17,9,41,8,18.285714285714285,5.089672082242801,0.4375,True,-1,True,MEDIUM
2014-05-25,9,41,39,22.714285714285715,3.545621041711644,1.7169811320754715,True,-1,True,MEDIUM
2014-09-23,9,41,39,20.857142857142858,4.879500364742696,1.86986301369863,True,-1,True,MEDIUM
2014-10-10,9,41,12,24.142857142857142,3.0783421635988626,0.4970414201183432,True,-1,True,MEDIUM
2014-11-14,9,41,41,23.285714285714285,3.6839419880650555,1.7607361963190185,True,-1,True,MEDIUM
2014-12-01,9,41,6,19.285714285714285,7.739816658342911,0.3111111111111111,True,-1,True,MEDIUM
2014-12-02,9,41,9,18.285714285714285,9.031690238899316,0.4921875,True,-1,True,MEDIUM
2014-12-24,9,41,8,16.428571428571427,4.391550328268487,0.48695652173913045,True,-1,True,MEDIUM
2014-12-31,9,41,6,17.857142857142858,5.610364558225351,0.33599999999999997,True,-1,True,MEDIUM
2015-01-19,9,41,6,14.428571428571429,2.4397501823715166,0.4158415841584158,True,-1,True,MEDIUM
2015-01-23,9,41,32,13.571428571428571,4.928053803045907,2.3578947368421055,True,-1,True,MEDIUM
2015-04-03,9,41,35,20.285714285714285,3.6384193323606744,1.7253521126760565,True,-1,True,MEDIUM
2015-04-20,9,41,9,24.142857142857142,2.672612419124325,0.3727810650887574,True,-1,True,MEDIUM
2015-06-21,9,41,53,25.571428571428573,6.754187413675162,2.072625698324022,True,-1,True,MEDIUM
2015-12-07,9,41,9,18.0,3.559026084010527,0.5,True,-1,True,MEDIUM
2015-12-16,9,41,7,16.142857142857142,2.6095064302516096,0.4336283185840708,True,-1,True,MEDIUM
2015-12-25,9,41,26,15.142857142857142,3.84831441146959,1.7169811320754718,True,-1,True,MEDIUM
2016-01-10,9,41,32,15.142857142857142,4.9473417585801736,2.1132075471698113,True,-1,True,MEDIUM
2016-01-20,9,41,9,18.142857142857142,3.287784027201973,0.49606299212598426,True,-1,True,MEDIUM
2016-02-07,9,41,32,18.571428571428573,3.0472470011003208,1.723076923076923,True,-1,True,MEDIUM
2016-12-19,9,41,8,16.285714285714285,3.7289089429433515,0.4912280701754386,True,-1,True,MEDIUM
2017-02-21,9,41,31,17.142857142857142,4.2983939414845995,1.8083333333333333,True,-1,True,MEDIUM
2017-04-02,9,41,48,22.714285714285715,6.156684327197773,2.1132075471698113,True,-1,True,MEDIUM
2017-10-04,9,41,9,26.857142857142858,5.520524474738884,0.3351063829787234,True,-1,True,MEDIUM
2017-12-23,9,41,9,19.571428571428573,4.197504927816975,0.4598540145985401,True,-1,True,MEDIUM
2017-12-24,9,41,29,16.857142857142858,3.9761191895520245,1.7203389830508473,True,-1,True,MEDIUM
2013-12-16,9,42,8,26.428571428571427,4.1975049278169685,0.3027027027027027,True,-1,True,MEDIUM
2014-01-13,9,42,8,26.571428571428573,4.035556254807311,0.3010752688172043,True,-1,True,MEDIUM
2014-04-03,9,42,57,32.285714285714285,4.309458036856687,1.7654867256637168,True,-1,True,MEDIUM
2015-03-01,9,42,51,24.714285714285715,6.701101544131293,2.0635838150289016,True,-1,True,MEDIUM
2015-11-01,9,42,64,35.0,6.454972243678976,1.8285714285714285,True,-1,True,MEDIUM
2017-05-07,9,42,81,46.57142857142857,7.253898787483146,1.7392638036809818,True,-1,True,MEDIUM
2016-05-01,9,43,102,60.857142857142854,9.616454152970913,1.676056338028169,True,-1,True,MEDIUM
2017-05-28,9,43,111,68.28571428571429,9.159954252329348,1.625523012552301,True,-1,True,MEDIUM
2013-01-13,9,44,32,18.714285714285715,2.4976179127511187,1.7099236641221374,True,-1,True,MEDIUM
2013-02-04,9,44,8,18.0,4.041451884327387,0.4444444444444444,True,-1,True,MEDIUM
2013-02-11,9,44,8,16.0,4.281744192888386,0.5,True,-1,True,MEDIUM
2013-02-19,9,44,9,19.857142857142858,2.6726124191242557,0.45323741007194246,True,-1,True,MEDIUM
2013-04-24,9,44,12,26.0,3.3665016461207053,0.46153846153846156,True,-1,True,MEDIUM
2013-04-28,9,44,44,24.571428571428573,9.829498848824784,1.7906976744186045,True,-1,True,MEDIUM
2013-09-22,9,44,49,29.428571428571427,3.994043183589878,1.6650485436893205,True,-1,True,MEDIUM
2014-02-02,9,44,35,19.857142857142858,4.413183712037235,1.7625899280575539,True,-1,True,MEDIUM
2014-11-02,9,44,48,25.0,4.203173404306289,1.92,True,-1,True,MEDIUM
2015-01-13,9,44,8,23.0,7.505553499465202,0.34782608695652173,True,-1,True,MEDIUM
2015-11-14,9,44,54,33.285714285714285,3.251373336211683,1.6223175965665237,True,-1,True,MEDIUM
2013-07-27,9,46,101,59.57142857142857,12.259107401671384,1.695443645083933,True,-1,True,MEDIUM
2015-07-12,9,46,114,71.0,11.060440015357692,1.6056338028169015,True,-1,True,MEDIUM
2017-10-21,9,46,105,64.57142857142857,12.394315133117926,1.6261061946902655,True,-1,True,MEDIUM
2013-02-01,9,47,21,12.714285714285714,2.984084768360627,1.651685393258427,True,-1,True,MEDIUM
2013-03-01,9,47,23,13.142857142857142,3.532165125838608,1.75,True,-1,True,MEDIUM
2013-03-09,9,47,29,17.142857142857142,2.035400978396435,1.6916666666666667,True,-1,True,MEDIUM
2013-04-17,9,47,9,21.714285714285715,3.2513733362117634,0.41447368421052627,True,-1,True,MEDIUM
2013-04-26,9,47,29,17.571428571428573,3.101458950082654,1.6504065040650404,True,-1,True,MEDIUM
2013-08-25,9,47,34,19.0,4.041451884327389,1.7894736842105263,True,-1,True,MEDIUM
2013-09-12,9,47,8,20.0,5.41602560309065,0.4,True,-1,True,MEDIUM
2013-10-27,9,47,26,14.857142857142858,3.3876526498728543,1.75,True,-1,True,MEDIUM
2013-12-07,9,47,8,16.0,4.5460605656619615,0.5,True,-1,True,MEDIUM
2014-01-06,9,47,6,16.0,4.2426406871193,0.375,True,-1,True,MEDIUM
2014-01-11,9,47,6,13.714285714285714,3.8606685826113076,0.4375,True,-1,True,MEDIUM
2014-01-27,9,47,6,16.571428571428573,1.7182493859684949,0.3620689655172413,True,-1,True,MEDIUM
2014-02-11,9,47,22,13.428571428571429,2.6992062325273256,1.6382978723404256,True,-1,True,MEDIUM
2014-03-03,9,47,5,18.285714285714285,4.572172558506747,0.2734375,True,-1,True,HIGH
2014-11-02,9,47,41,21.142857142857142,5.928141120356159,1.9391891891891893,True,-1,True,MEDIUM
2014-12-21,9,47,25,13.571428571428571,3.101458950082592,1.8421052631578947,True,-1,True,MEDIUM
2015-01-28,9,47,8,16.0,3.265986323710894,0.5,True,-1,True,MEDIUM
2015-01-31,9,47,23,13.285714285714286,4.231401884099594,1.7311827956989245,True,-1,True,MEDIUM
2015-02-01,9,47,25,13.571428571428571,4.859943170351618,1.8421052631578947,True,-1,True,MEDIUM
2015-03-01,9,47,33,18.714285714285715,3.773340063934792,1.7633587786259541,True,-1,True,MEDIUM
2015-09-20,9,47,43,23.428571428571427,7.97615493950865,1.8353658536585367,True,-1,True,MEDIUM
2015-11-29,9,47,41,23.0,3.7416573867740186,1.7826086956521738,True,-1,True,MEDIUM
2015-12-07,9,47,9,19.428571428571427,2.9920529661724293,0.4632352941176471,True,-1,True,MEDIUM
2016-01-04,9,47,7,16.857142857142858,2.794552524023098,0.4152542372881356,True,-1,True,MEDIUM
2016-02-06,9,47,32,17.0,4.123105625617665,1.8823529411764706,True,-1,True,MEDIUM
2016-02-27,9,47,30,16.285714285714285,3.9036002917941213,1.842105263157895,True,-1,True,MEDIUM
2016-07-03,9,47,54,26.428571428571427,4.276179870598925,2.0432432432432432,True,-1,True,MEDIUM
2016-08-27,9,47,46,24.714285714285715,7.5435245015021195,1.8612716763005779,True,-1,True,MEDIUM
2016-09-30,9,47,38,21.0,3.3665016461207604,1.8095238095238095,True,-1,True,MEDIUM
2016-12-10,9,47,26,15.285714285714286,3.0394235042348177,1.7009345794392523,True,-1,True,MEDIUM
2016-12-25,9,47,26,15.428571428571429,2.760262237369385,1.6851851851851851,True,-1,True,MEDIUM
2017-12-06,9,47,9,24.0,4.760952285695214,0.375,True,-1,True,MEDIUM
2017-12-11,9,47,6,19.285714285714285,5.851332774513348,0.3111111111111111,True,-1,True,MEDIUM
2017-12-23,9,47,31,16.571428571428573,2.699206232526988,1.8706896551724137,True,-1,True,MEDIUM
2015-03-07,9,48,83,49.714285714285715,6.343350474165239,1.6695402298850575,True,-1,True,MEDIUM
2017-09-10,9,48,96,58.285714285714285,7.56558624549961,1.6470588235294117,True,-1,True,MEDIUM
2013-02-11,9,49,9,22.714285714285715,5.6188458397991905,0.3962264150943396,True,-1,True,MEDIUM
2013-03-02,9,49,31,18.0,3.7859388972001873,1.7222222222222223,True,-1,True,MEDIUM
2014-01-26,9,49,32,18.571428571428573,4.197504927816946,1.723076923076923,True,-1,True,MEDIUM
2014-12-17,9,49,11,24.714285714285715,3.592319850007989,0.44508670520231214,True,-1,True,MEDIUM
2015-01-05,9,49,5,21.571428571428573,5.223572942509126,0.23178807947019867,True,-1,True,HIGH
2015-01-25,9,49,37,18.428571428571427,3.0472470011000223,2.007751937984496,True,-1,True,MEDIUM
2015-05-10,9,49,56,33.142857142857146,6.309478885734123,1.689655172413793,True,-1,True,MEDIUM
2016-01-09,9,49,36,19.857142857142858,5.490251100164167,1.8129496402877698,True,-1,True,MEDIUM
2017-09-24,9,49,55,32.714285714285715,4.231401884099562,1.6812227074235808,True,-1,True,MEDIUM
2013-03-10,9,50,86,52.285714285714285,7.158079018709938,1.644808743169399,True,-1,True,MEDIUM
2013-10-20,9,50,78,47.714285714285715,6.447590912226739,1.6347305389221556,True,-1,True,MEDIUM
2016-04-02,9,50,107,66.71428571428571,14.162324264449811,1.6038543897216275,True,-1,True,MEDIUM
2013-01-22,10,1,7,14.714285714285714,3.498298906339369,0.47572815533980584,True,-1,True,MEDIUM
2013-01-31,10,1,5,14.428571428571429,3.408672412985386,0.3465346534653465,True,-1,True,MEDIUM
2013-03-11,10,1,8,19.714285714285715,5.3139528825625915,0.40579710144927533,True,-1,True,MEDIUM
2013-09-21,10,1,38,18.0,4.72581562625261,2.111111111111111,True,-1,True,MEDIUM
2013-09-30,10,1,12,24.714285714285715,2.4299715851758448,0.48554913294797686,True,-1,True,MEDIUM
2013-12-02,10,1,4,21.285714285714285,7.250615737399737,0.18791946308724833,True,-1,True,HIGH
2013-12-31,10,1,7,14.285714285714286,2.56347977784671,0.49,True,-1,True,MEDIUM
2014-01-13,10,1,7,20.142857142857142,5.014265364224092,0.3475177304964539,True,-1,True,MEDIUM
2014-01-28,10,1,7,14.0,4.358898943540715,0.5,True,-1,True,MEDIUM
2014-02-02,10,1,26,14.285714285714286,4.309458036856714,1.8199999999999998,True,-1,True,MEDIUM
2014-02-03,10,1,7,15.285714285714286,6.047431568147663,0.45794392523364486,True,-1,True,MEDIUM
2014-02-22,10,1,34,18.571428571428573,4.755948656056739,1.8307692307692307,True,-1,True,MEDIUM
2014-02-27,10,1,8,19.714285714285715,7.364651739090959,0.40579710144927533,True,-1,True,MEDIUM
2014-03-02,10,1,27,15.714285714285714,3.946064947695221,1.7181818181818183,True,-1,True,MEDIUM
2014-12-31,10,1,8,19.142857142857142,3.3380918415851806,0.417910447761194,True,-1,True,MEDIUM
2015-01-05,10,1,8,16.428571428571427,5.798193478924972,0.48695652173913045,True,-1,True,MEDIUM
2015-01-11,10,1,33,14.714285714285714,5.0896720822428625,2.242718446601942,True,-1,True,MEDIUM
2015-01-13,10,1,8,17.428571428571427,7.41298731635104,0.459016393442623,True,-1,True,MEDIUM
2015-01-27,10,1,9,18.285714285714285,3.251373336211794,0.4921875,True,-1,True,MEDIUM
2015-02-01,10,1,27,15.0,3.36650164612077,1.8,True,-1,True,MEDIUM
2015-03-02,10,1,9,18.857142857142858,7.380798769522914,0.47727272727272724,True,-1,True,MEDIUM
2015-12-08,10,1,6,17.0,4.281744192888374,0.35294117647058826,True,-1,True,MEDIUM
2016-01-12,10,1,8,19.571428571428573,4.995235825502222,0.4087591240875912,True,-1,True,MEDIUM
2016-02-24,10,1,10,21.0,3.3665016461206583,0.47619047619047616,True,-1,True,MEDIUM
2016-03-05,10,1,37,19.285714285714285,5.089672082242797,1.9185185185185185,True,-1,True,MEDIUM
2016-03-19,10,1,35,21.0,3.5118845842842146,1.6666666666666667,True,-1,True,MEDIUM
2016-04-03,10,1,48,27.714285714285715,3.4982989063392886,1.7319587628865978,True,-1,True,MEDIUM
2016-05-08,10,1,50,30.0,11.313708498984731,1.6666666666666667,True,-1,True,MEDIUM
2016-11-28,10,1,14,29.428571428571427,3.823486317361002,0.47572815533980584,True,-1,True,MEDIUM
2017-01-11,10,1,8,19.428571428571427,4.1975049278169525,0.411764705882353,True,-1,True,MEDIUM
2017-01-14,10,1,33,17.714285714285715,5.879747322073344,1.8629032258064515,True,-1,True,MEDIUM
2017-01-26,10,1,7,15.0,2.516611478423629,0.4666666666666667,True,-1,True,MEDIUM
2017-01-29,10,1,25,14.285714285714286,4.680252333449788,1.75,True,-1,True,MEDIUM
2017-03-27,10,1,11,25.142857142857142,4.336994790119479,0.4375,True,-1,True,MEDIUM
2017-05-27,10,1,54,31.142857142857142,4.33699479011948,1.7339449541284404,True,-1,True,MEDIUM
2017-06-25,10,1,52,30.857142857142858,4.099941927579419,1.6851851851851851,True,-1,True,MEDIUM
2014-03-02,10,2,86,47.857142857142854,8.745066636463768,1.7970149253731345,True,-1,True,MEDIUM
2013-09-08,10,3,61,35.57142857142857,6.502746672423457,1.714859437751004,True,-1,True,MEDIUM
2013-11-08,10,3,54,32.285714285714285,11.056133828698682,1.672566371681416,True,-1,True,MEDIUM
2013-12-28,10,3,46,26.714285714285715,3.1471831698778425,1.7219251336898396,True,-1,True,MEDIUM
2015-08-30,10,3,70,43.142857142857146,13.801311186847077,1.6225165562913906,True,-1,True,MEDIUM
2013-01-10,10,4,6,12.142857142857142,4.634241089562614,0.49411764705882355,True,-1,True,MEDIUM
2013-01-13,10,4,17,8.857142857142858,2.672612419124242,1.9193548387096773,True,-1,True,MEDIUM
2013-01-14,10,4,18,10.285714285714286,3.9036002917941324,1.7499999999999998,True,-1,True,MEDIUM
2013-01-21,10,4,3,14.857142857142858,3.3380918415851264,0.20192307692307693,True,-1,True,HIGH
2013-01-29,10,4,6,13.0,1.414213562373101,0.46153846153846156,True,-1,True,MEDIUM
2013-02-08,10,4,7,14.571428571428571,4.68533680244878,0.4803921568627451,True,-1,True,MEDIUM
2013-02-15,10,4,26,13.0,3.6968455021364743,2.0,True,-1,True,MEDIUM
2013-03-02,10,4,27,16.0,2.828427124746196,1.6875,True,-1,True,MEDIUM
2013-04-12,10,4,37,20.571428571428573,2.8784916685156974,1.798611111111111,True,-1,True,MEDIUM
2013-05-20,10,4,10,22.714285714285715,4.3861253103502635,0.440251572327044,True,-1,True,MEDIUM
2013-06-24,10,4,8,25.285714285714285,4.07080195679287,0.3163841807909605,True,-1,True,MEDIUM
2013-08-14,10,4,10,23.857142857142858,3.0783421635988537,0.41916167664670656,True,-1,True,MEDIUM
2013-12-01,10,4,8,25.0,2.3094010767585114,0.32,True,-1,True,MEDIUM
2014-01-08,10,4,9,18.285714285714285,3.7733400639347288,0.4921875,True,-1,True,MEDIUM
2014-02-03,10,4,6,18.0,3.872983346207375,0.3333333333333333,True,-1,True,MEDIUM
2014-02-21,10,4,24,14.285714285714286,1.9760470401185843,1.68,True,-1,True,MEDIUM
2014-03-24,10,4,8,22.285714285714285,6.993193970194285,0.358974358974359,True,-1,True,MEDIUM
2015-01-24,10,4,28,13.714285714285714,3.4982989063393375,2.041666666666667,True,-1,True,MEDIUM
2015-02-14,10,4,36,18.571428571428573,1.812653934349859,1.9384615384615382,True,-1,True,MEDIUM
2015-03-09,10,4,8,21.285714285714285,4.785891965429378,0.37583892617449666,True,-1,True,MEDIUM
2015-08-30,10,4,50,26.428571428571427,4.314979445958795,1.891891891891892,True,-1,True,MEDIUM
2015-12-10,10,4,5,18.428571428571427,3.2586880211286062,0.2713178294573644,True,-1,True,HIGH
2015-12-12,10,4,30,15.428571428571429,5.255382728122387,1.9444444444444444,True,-1,True,MEDIUM
2015-12-15,10,4,29,16.285714285714285,8.014867137894097,1.7807017543859651,True,-1,True,MEDIUM
2015-12-26,10,4,34,18.428571428571427,2.439750182371221,1.8449612403100777,True,-1,True,MEDIUM
2016-01-07,10,4,28,15.714285714285714,2.927700218845511,1.781818181818182,True,-1,True,MEDIUM
2016-03-03,10,4,37,20.0,5.686240703077274,1.85,True,-1,True,MEDIUM
2016-12-11,10,4,32,17.142857142857142,2.672612419124134,1.8666666666666667,True,-1,True,MEDIUM
2016-12-31,10,4,28,16.428571428571427,3.823486317361027,1.7043478260869567,True,-1,True,MEDIUM
2017-01-28,10,4,9,19.285714285714285,5.219012860502905,0.4666666666666667,True,-1,True,MEDIUM
2017-02-19,10,4,38,19.428571428571427,5.563486402641822,1.9558823529411766,True,-1,True,MEDIUM
2017-04-02,10,4,39,22.428571428571427,4.035556254807276,1.7388535031847134,True,-1,True,MEDIUM
2017-05-28,10,4,55,30.857142857142858,5.639993245521139,1.7824074074074074,True,-1,True,MEDIUM
2013-01-16,10,5,14,8.714285714285714,2.058663459163556,1.6065573770491806,True,-1,True,MEDIUM
2013-01-23,10,5,4,11.142857142857142,2.340126166724875,0.358974358974359,True,-1,True,MEDIUM
2013-02-10,10,5,21,12.428571428571429,2.6367367999823035,1.6896551724137931,True,-1,True,MEDIUM
2013-02-16,10,5,24,13.285714285714286,4.151878519188056,1.8064516129032258,True,-1,True,MEDIUM
2013-04-08,10,5,9,19.0,4.242640687119288,0.47368421052631576,True,-1,True,MEDIUM
2013-05-29,10,5,8,21.142857142857142,6.148944934663495,0.3783783783783784,True,-1,True,MEDIUM
2013-06-02,10,5,33,18.285714285714285,7.158079018709923,1.8046875,True,-1,True,MEDIUM
2013-07-05,10,5,34,19.142857142857142,4.37525509460387,1.7761194029850746,True,-1,True,MEDIUM
2013-08-05,10,5,10,21.0,3.366501646120679,0.47619047619047616,True,-1,True,MEDIUM
2013-08-19,10,5,7,20.857142857142858,6.440201120787331,0.3356164383561644,True,-1,True,MEDIUM
2013-10-05,10,5,28,16.285714285714285,3.8606685826112774,1.719298245614035,True,-1,True,MEDIUM
2013-12-03,10,5,8,19.0,6.65832811847939,0.42105263157894735,True,-1,True,MEDIUM
2013-12-16,10,5,6,13.428571428571429,3.359421718944193,0.44680851063829785,True,-1,True,MEDIUM
2013-12-17,10,5,5,12.285714285714286,4.347960660443182,0.4069767441860465,True,-1,True,MEDIUM
2013-12-20,10,5,21,12.142857142857142,5.047394424471905,1.7294117647058824,True,-1,True,MEDIUM
2014-01-06,10,5,6,12.285714285714286,2.3603873774082462,0.4883720930232558,True,-1,True,MEDIUM
2014-01-12,10,5,20,11.142857142857142,3.132015933791422,1.794871794871795,True,-1,True,MEDIUM
2014-01-19,10,5,17,10.0,4.654746681256258,1.7,True,-1,True,MEDIUM
2014-01-22,10,5,16,10.0,3.41565025531979,1.6,True,-1,True,MEDIUM
2014-02-16,10,5,27,16.285714285714285,3.4016802570830156,1.6578947368421053,True,-1,True,MEDIUM
2014-02-26,10,5,8,16.142857142857142,3.848314411469467,0.49557522123893805,True,-1,True,MEDIUM
2014-03-16,10,5,28,15.0,3.958114029012604,1.8666666666666667,True,-1,True,MEDIUM
2014-03-24,10,5,8,18.285714285714285,8.077010290825136,0.4375,True,-1,True,MEDIUM
2014-06-16,10,5,11,28.428571428571427,2.6367367999824496,0.3869346733668342,True,-1,True,MEDIUM
2014-09-29,10,5,10,20.714285714285715,2.28868854108533,0.48275862068965514,True,-1,True,MEDIUM
2015-01-14,10,5,20,12.428571428571429,3.7796447300922518,1.6091954022988506,True,-1,True,MEDIUM
2015-01-19,10,5,6,14.571428571428571,4.577377082170622,0.4117647058823529,True,-1,True,MEDIUM
2015-01-25,10,5,29,13.714285714285714,4.231401884099615,2.1145833333333335,True,-1,True,MEDIUM
2015-02-07,10,5,30,15.571428571428571,4.540820148282414,1.926605504587156,True,-1,True,MEDIUM
2015-03-01,10,5,24,13.857142857142858,3.0783421635988493,1.7319587628865978,True,-1,True,MEDIUM
2015-03-11,10,5,9,20.571428571428573,5.1915682555833556,0.43749999999999994,True,-1,True,MEDIUM
2015-05-11,10,5,8,21.0,7.9582242575421995,0.38095238095238093,True,-1,True,MEDIUM
2015-05-25,10,5,9,25.0,8.225975119502017,0.36,True,-1,True,MEDIUM
2015-08-31,10,5,10,25.0,2.3804761428475203,0.4,True,-1,True,MEDIUM
2015-10-18,10,5,33,18.714285714285715,4.386125310350258,1.7633587786259541,True,-1,True,MEDIUM
2015-12-26,10,5,19,11.857142857142858,3.4364987719369933,1.6024096385542168,True,-1,True,MEDIUM
2015-12-29,10,5,5,14.857142857142858,4.140393356054164,0.3365384615384615,True,-1,True,MEDIUM
2016-01-05,10,5,20,10.857142857142858,3.387652649872953,1.8421052631578947,True,-1,True,MEDIUM
2016-01-07,10,5,23,12.428571428571429,4.391550328268467,1.8505747126436782,True,-1,True,MEDIUM
2016-01-24,10,5,22,11.428571428571429,2.6992062325274415,1.925,True,-1,True,MEDIUM
2016-01-27,10,5,6,12.0,4.654746681256382,0.5,True,-1,True,MEDIUM
2016-02-06,10,5,28,15.714285714285714,4.4614753058559184,1.781818181818182,True,-1,True,MEDIUM
2016-07-10,10,5,40,24.714285714285715,1.7043362064924605,1.6184971098265895,True,-1,True,MEDIUM
2016-12-03,10,5,8,24.571428571428573,8.922950611711748,0.3255813953488372,True,-1,True,MEDIUM
2017-01-17,10,5,8,18.857142857142858,4.180453381654973,0.42424242424242425,True,-1,True,MEDIUM
2017-01-23,10,5,8,17.142857142857142,5.336308693862326,0.4666666666666667,True,-1,True,MEDIUM
2017-03-18,10,5,36,19.714285714285715,6.019808571549031,1.826086956521739,True,-1,True,MEDIUM
2017-10-13,10,5,37,21.285714285714285,3.1997023671108695,1.738255033557047,True,-1,True,MEDIUM
2017-09-04,10,6,41,85.0,13.34166406412655,0.4823529411764706,True,-1,True,MEDIUM
2013-12-02,10,7,20,56.57142857142857,2.9358214555807702,0.35353535353535354,True,-1,True,MEDIUM
2014-06-08,10,7,124,70.42857142857143,11.296860077873284,1.7606490872210954,True,-1,True,MEDIUM
2014-12-01,10,7,29,67.85714285714286,13.655628527321198,0.42736842105263156,True,-1,True,MEDIUM
2016-11-06,10,7,111,69.0,8.266397845091348,1.608695652173913,True,-1,True,MEDIUM
2013-08-26,10,8,38,84.14285714285714,16.935451686020237,0.4516129032258065,True,-1,True,MEDIUM
2014-03-01,10,8,103,61.57142857142857,11.745313148332158,1.6728538283062646,True,-1,True,MEDIUM
2017-02-19,10,8,107,66.57142857142857,12.204604907674252,1.6072961373390557,True,-1,True,MEDIUM
2013-11-03,10,9,76,46.714285714285715,6.343350474165502,1.6269113149847094,True,-1,True,MEDIUM
2017-06-04,10,9,120,72.57142857142857,15.608300599970832,1.6535433070866141,True,-1,True,MEDIUM
2013-08-26,10,10,39,80.71428571428571,8.014867137894424,0.48318584070796466,True,-1,True,MEDIUM
2016-03-06,10,10,126,75.28571428571429,9.446591726018903,1.6736242884250474,True,-1,True,MEDIUM
2016-04-03,10,11,133,80.42857142857143,13.252133700617737,1.6536412078152753,True,-1,True,MEDIUM
2014-12-01,10,12,34,85.14285714285714,16.68760589408151,0.3993288590604027,True,-1,True,MEDIUM
2016-08-01,10,13,64,129.0,17.36855396015122,0.49612403100775193,True,-1,True,MEDIUM
2013-11-24,10,14,88,52.42857142857143,9.396047801374575,1.6784741144414168,True,-1,True,MEDIUM
2016-01-24,10,14,85,50.714285714285715,10.274795792200832,1.676056338028169,True,-1,True,MEDIUM
2017-03-05,10,14,97,59.714285714285715,10.79682493010888,1.624401913875598,True,-1,True,MEDIUM
2013-01-27,10,15,84,48.714285714285715,9.411239481143209,1.7243401759530792,True,-1,True,MEDIUM
2014-02-02,10,15,117,67.28571428571429,12.996336480130125,1.7388535031847132,True,-1,True,MEDIUM
2015-03-01,10,15,122,71.71428571428571,18.37311700750411,1.701195219123506,True,-1,True,MEDIUM
2013-01-20,10,16,27,14.714285714285714,3.7733400639347683,1.8349514563106797,True,-1,True,MEDIUM
2013-01-28,10,16,8,16.571428571428573,3.505098327538661,0.48275862068965514,True,-1,True,MEDIUM
2013-02-02,10,16,28,14.714285714285714,4.750939756661686,1.9029126213592233,True,-1,True,MEDIUM
2013-12-22,10,16,33,17.142857142857142,4.140393356054221,1.925,True,-1,True,MEDIUM
2014-02-01,10,16,31,17.714285714285715,3.9880774697544035,1.75,True,-1,True,MEDIUM
2014-02-12,10,16,8,20.714285714285715,4.820590756131018,0.38620689655172413,True,-1,True,MEDIUM
2014-02-15,10,16,34,17.857142857142858,7.448234050846636,1.904,True,-1,True,MEDIUM
2014-09-13,10,16,47,28.857142857142858,3.6253078686998577,1.6287128712871286,True,-1,True,MEDIUM
2014-11-04,10,16,10,30.571428571428573,9.554355775546268,0.32710280373831774,True,-1,True,MEDIUM
2014-11-09,10,16,49,26.857142857142858,10.526610271570028,1.824468085106383,True,-1,True,MEDIUM
2014-12-13,10,16,33,18.0,2.94392028877586,1.8333333333333333,True,-1,True,MEDIUM
2015-12-21,10,16,10,24.0,4.04145188432727,0.4166666666666667,True,-1,True,MEDIUM
2016-03-03,10,16,10,22.142857142857142,8.59124692984218,0.45161290322580644,True,-1,True,MEDIUM
2016-03-06,10,16,38,20.285714285714285,9.534398874851028,1.8732394366197185,True,-1,True,MEDIUM
2016-06-12,10,16,59,31.571428571428573,9.964221709983883,1.8687782805429862,True,-1,True,MEDIUM
2016-12-18,10,16,42,22.714285714285715,2.8702082220799063,1.8490566037735847,True,-1,True,MEDIUM
2017-03-26,10,16,47,27.0,4.123105625617665,1.7407407407407407,True,-1,True,MEDIUM
2013-02-10,10,17,32,19.428571428571427,3.1547394428670166,1.647058823529412,True,-1,True,MEDIUM
2013-03-01,10,17,39,22.714285714285715,3.0394235042348434,1.7169811320754715,True,-1,True,MEDIUM
2013-03-17,10,17,45,24.714285714285715,3.4016802570830404,1.8208092485549132,True,-1,True,MEDIUM
2013-08-04,10,17,61,35.0,10.09950493836209,1.7428571428571429,True,-1,True,MEDIUM
2013-12-18,10,17,11,25.428571428571427,4.076646614442759,0.43258426966292135,True,-1,True,MEDIUM
2014-01-04,10,17,39,21.0,2.5819888974716134,1.8571428571428572,True,-1,True,MEDIUM
2014-08-07,10,17,20,42.714285714285715,4.029651999626599,0.46822742474916385,True,-1,True,MEDIUM
2015-01-05,10,17,12,27.285714285714285,10.435744434622865,0.4397905759162304,True,-1,True,MEDIUM
2015-02-15,10,17,49,29.0,3.05505046330392,1.6896551724137931,True,-1,True,MEDIUM
2016-04-03,10,17,65,38.857142857142854,10.960969717267576,1.6727941176470589,True,-1,True,MEDIUM
2016-09-04,10,17,71,40.857142857142854,11.275764148954881,1.737762237762238,True,-1,True,MEDIUM
2013-12-02,10,18,40,85.28571428571429,14.840420992616629,0.4690117252931323,True,-1,True,MEDIUM
2014-12-01,10,18,49,102.42857142857143,16.04012825028859,0.47838214783821476,True,-1,True,MEDIUM
2015-01-11,10,18,101,62.0,12.05542754668363,1.6290322580645162,True,-1,True,MEDIUM
2015-03-01,10,20,78,41.0,4.123105625617714,1.9024390243902438,True,-1,True,MEDIUM
2013-06-21,10,21,74,40.857142857142854,12.588732679511105,1.8111888111888113,True,-1,True,MEDIUM
2015-02-07,10,21,58,31.857142857142858,9.685531674075673,1.8206278026905829,True,-1,True,MEDIUM
2017-01-02,10,21,18,39.285714285714285,12.957806986707368,0.4581818181818182,True,-1,True,MEDIUM
2017-09-10,10,21,88,54.42857142857143,13.636435786244965,1.616797900262467,True,-1,True,MEDIUM
2013-09-15,10,22,122,73.0,12.124355652982235,1.6712328767123288,True,-1,True,MEDIUM
2014-03-02,10,22,117,68.0,12.220201853215734,1.7205882352941178,True,-1,True,MEDIUM
2013-01-27,10,23,32,18.0,6.082762530298221,1.7777777777777777,True,-1,True,MEDIUM
2013-03-11,10,23,8,23.571428571428573,5.1915682555833715,0.33939393939393936,True,-1,True,MEDIUM
2013-04-15,10,23,11,28.571428571428573,4.50396650583842,0.38499999999999995,True,-1,True,MEDIUM
2013-12-27,10,23,35,17.714285714285715,5.618845839799074,1.975806451612903,True,-1,True,MEDIUM
2014-09-14,10,23,60,32.142857142857146,5.639993245521063,1.8666666666666665,True,-1,True,MEDIUM
2014-12-17,10,23,11,24.857142857142858,8.970852271450523,0.4425287356321839,True,-1,True,MEDIUM
2014-12-21,10,23,40,22.0,8.16496580927715,1.8181818181818181,True,-1,True,MEDIUM
2015-11-20,10,23,51,30.571428571428573,3.55232988601093,1.6682242990654206,True,-1,True,MEDIUM
2015-12-03,10,23,12,29.285714285714285,10.061714328984587,0.40975609756097564,True,-1,True,MEDIUM
2015-12-06,10,23,41,22.571428571428573,9.947481136065454,1.8164556962025316,True,-1,True,MEDIUM
2017-05-28,10,23,64,37.285714285714285,5.5891050480461555,1.7164750957854407,True,-1,True,MEDIUM
2013-10-27,10,24,89,54.714285714285715,12.092894411103284,1.6266318537859008,True,-1,True,MEDIUM
2017-12-04,10,25,46,94.14285714285714,18.924662669195733,0.48861911987860396,True,-1,True,MEDIUM
2014-06-29,10,26,100,57.57142857142857,10.35788174704236,1.7369727047146402,True,-1,True,MEDIUM
2016-01-10,10,26,62,37.142857142857146,6.256425268702102,1.669230769230769,True,-1,True,MEDIUM
2013-01-21,10,27,6,16.142857142857142,3.579039509354964,0.37168141592920356,True,-1,True,MEDIUM
2013-01-27,10,27,20,12.428571428571429,4.237025012007944,1.6091954022988506,True,-1,True,MEDIUM
2013-02-04,10,27,7,14.142857142857142,3.4846602621858445,0.494949494949495,True,-1,True,MEDIUM
2013-03-05,10,27,7,18.0,5.416025603090645,0.3888888888888889,True,-1,True,MEDIUM
2013-03-19,10,27,9,20.285714285714285,7.4769487028307235,0.44366197183098594,True,-1,True,MEDIUM
2013-05-06,10,27,9,22.428571428571427,4.391550328268438,0.4012738853503185,True,-1,True,MEDIUM
2013-08-15,10,27,36,20.285714285714285,6.210590034081239,1.7746478873239437,True,-1,True,MEDIUM
2013-09-30,10,27,10,22.142857142857142,4.180453381655045,0.45161290322580644,True,-1,True,MEDIUM
2013-12-16,10,27,5,15.714285714285714,3.1471831698779016,0.3181818181818182,True,-1,True,MEDIUM
2013-12-29,10,27,23,13.285714285714286,3.09377254681554,1.7311827956989245,True,-1,True,MEDIUM
2014-02-19,10,27,7,17.428571428571427,1.9023794624228698,0.40163934426229514,True,-1,True,MEDIUM
2014-03-01,10,27,30,18.285714285714285,3.147183169877874,1.640625,True,-1,True,MEDIUM
2014-03-10,10,27,8,19.571428571428573,2.370453040886525,0.4087591240875912,True,-1,True,MEDIUM
2015-01-12,10,27,9,18.571428571428573,2.9920529661724777,0.48461538461538456,True,-1,True,MEDIUM
2015-03-31,10,27,6,22.714285714285715,4.855041562276154,0.2641509433962264,True,-1,True,HIGH
2015-05-09,10,27,45,24.571428571428573,7.656307701434665,1.8313953488372092,True,-1,True,MEDIUM
2015-07-11,10,27,57,30.285714285714285,6.575568054403739,1.8820754716981132,True,-1,True,MEDIUM
2016-01-03,10,27,9,19.0,6.08276253029824,0.47368421052631576,True,-1,True,MEDIUM
2016-01-18,10,27,9,19.285714285714285,4.386125310350296,0.4666666666666667,True,-1,True,MEDIUM
2016-01-21,10,27,32,16.571428571428573,6.451282633635582,1.9310344827586206,True,-1,True,MEDIUM
2016-02-20,10,27,28,16.0,4.1231056256177006,1.75,True,-1,True,MEDIUM
2016-12-05,10,27,8,21.857142857142858,4.740906081772917,0.3660130718954248,True,-1,True,MEDIUM
2016-12-25,10,27,29,17.285714285714285,2.9840847683608653,1.6776859504132233,True,-1,True,MEDIUM
2017-02-11,10,27,31,17.285714285714285,3.5923198500082467,1.7933884297520661,True,-1,True,MEDIUM
2017-02-19,10,27,32,16.714285714285715,3.728908942943411,1.9145299145299144,True,-1,True,MEDIUM
2014-02-16,10,28,113,70.57142857142857,11.296860077873514,1.6012145748987854,True,-1,True,MEDIUM
2014-12-01,10,28,47,101.85714285714286,13.993195625357371,0.4614305750350631,True,-1,True,MEDIUM
2014-12-03,10,28,44,91.28571428571429,28.016151803999765,0.4820031298904538,True,-1,True,MEDIUM
2013-04-13,10,30,65,38.857142857142854,5.580578567035576,1.6727941176470589,True,-1,True,MEDIUM
2013-04-27,10,30,63,37.0,5.999999999999983,1.7027027027027026,True,-1,True,MEDIUM
2013-08-18,10,30,57,33.857142857142854,5.984105932344676,1.6835443037974684,True,-1,True,MEDIUM
2017-01-29,10,30,49,29.857142857142858,3.3876526498719275,1.6411483253588517,True,-1,True,MEDIUM
2015-01-11,10,31,70,41.857142857142854,6.866065623256477,1.672354948805461,True,-1,True,MEDIUM
2015-01-30,10,31,74,42.0,7.831560082980952,1.7619047619047619,True,-1,True,MEDIUM
2016-10-23,10,31,108,67.42857142857143,21.125475480701464,1.6016949152542372,True,-1,True,MEDIUM
2013-01-20,10,32,52,28.428571428571427,7.67804538618918,1.8291457286432162,True,-1,True,MEDIUM
2013-09-15,10,32,67,39.142857142857146,6.93850539690329,1.7116788321167882,True,-1,True,MEDIUM
2014-03-01,10,32,48,29.142857142857142,3.3876526498727872,1.6470588235294117,True,-1,True,MEDIUM
2015-08-29,10,32,88,51.857142857142854,11.894376422334613,1.696969696969697,True,-1,True,MEDIUM
2016-01-17,10,32,60,34.57142857142857,5.826867164470226,1.7355371900826446,True,-1,True,MEDIUM
2017-02-12,10,32,72,42.0,2.8867513459488254,1.7142857142857142,True,-1,True,MEDIUM
2017-01-02,10,33,32,65.28571428571429,3.903600291795359,0.4901531728665207,True,-1,True,MEDIUM
2013-02-25,10,34,7,16.0,3.999999999999993,0.4375,True,-1,True,MEDIUM
2013-05-15,10,34,8,27.0,6.055300708195008,0.2962962962962963,True,-1,True,HIGH
2013-05-26,10,34,46,27.571428571428573,2.4397501823713874,1.6683937823834196,True,-1,True,MEDIUM
2014-01-04,10,34,30,16.714285714285715,4.270608298368601,1.7948717948717947,True,-1,True,MEDIUM
2014-01-16,10,34,28,17.285714285714285,2.690370836538116,1.6198347107438018,True,-1,True,MEDIUM
2014-01-21,10,34,8,19.714285714285715,7.499206307209783,0.40579710144927533,True,-1,True,MEDIUM
2014-02-09,10,34,30,17.428571428571427,3.6449573777636806,1.7213114754098362,True,-1,True,MEDIUM
2014-03-02,10,34,38,18.0,3.9157800414901978,2.111111111111111,True,-1,True,MEDIUM
2014-12-08,10,34,9,20.571428571428573,4.429339411136468,0.43749999999999994,True,-1,True,MEDIUM
2016-01-30,10,34,29,17.857142857142858,2.340126166724713,1.6239999999999999,True,-1,True,MEDIUM
2016-02-27,10,34,39,21.571428571428573,4.076646614442708,1.8079470198675496,True,-1,True,MEDIUM
2016-04-02,10,34,49,26.142857142857142,3.6709931185158124,1.8743169398907105,True,-1,True,MEDIUM
2016-07-01,10,34,58,35.0,12.055427546683452,1.6571428571428573,True,-1,True,MEDIUM
2016-09-24,10,34,59,33.57142857142857,3.552329886011275,1.7574468085106385,True,-1,True,MEDIUM
2016-12-23,10,34,40,21.714285714285715,7.364651739091071,1.8421052631578947,True,-1,True,MEDIUM
2013-03-03,10,35,78,46.285714285714285,15.118578920369094,1.6851851851851851,True,-1,True,MEDIUM
2013-07-21,10,35,116,71.57142857142857,14.164005352267006,1.620758483033932,True,-1,True,MEDIUM
2015-02-19,10,35,84,51.57142857142857,8.223080178318213,1.628808864265928,True,-1,True,MEDIUM
2013-12-02,10,36,34,74.28571428571429,13.499559075691751,0.4576923076923077,True,-1,True,MEDIUM
2015-02-01,10,36,88,52.714285714285715,8.807464366741998,1.6693766937669376,True,-1,True,MEDIUM
2013-02-02,10,37,34,17.0,2.7688746209726873,2.0,True,-1,True,MEDIUM
2013-02-23,10,37,32,18.0,6.055300708194977,1.7777777777777777,True,-1,True,MEDIUM
2014-04-27,10,37,54,28.0,6.582805886043795,1.9285714285714286,True,-1,True,MEDIUM
2015-12-01,10,37,16,35.285714285714285,10.435744434622897,0.4534412955465587,True,-1,True,MEDIUM
2015-12-14,10,37,9,25.857142857142858,7.798046153333793,0.34806629834254144,True,-1,True,MEDIUM
2016-01-23,10,37,37,19.857142857142858,3.078342163598828,1.8633093525179856,True,-1,True,MEDIUM
2016-02-27,10,37,44,24.0,4.281744192888367,1.8333333333333333,True,-1,True,MEDIUM
2017-06-03,10,37,69,39.285714285714285,11.982129550769757,1.7563636363636363,True,-1,True,MEDIUM
2014-04-28,10,38,47,94.57142857142857,16.20552521885809,0.49697885196374625,True,-1,True,MEDIUM
2013-11-24,10,39,73,43.285714285714285,10.562737740350636,1.6864686468646866,True,-1,True,MEDIUM
2015-03-13,10,39,77,43.857142857142854,10.221359521912357,1.7557003257328991,True,-1,True,MEDIUM
2015-07-06,10,39,33,70.85714285714286,13.704361488574586,0.4657258064516129,True,-1,True,MEDIUM
2015-12-27,10,39,63,36.285714285714285,10.307186582093685,1.736220472440945,True,-1,True,MEDIUM
2013-01-14,10,40,9,21.285714285714285,5.250850271282601,0.4228187919463087,True,-1,True,MEDIUM
2013-03-20,10,40,12,24.571428571428573,3.4086724129853923,0.4883720930232558,True,-1,True,MEDIUM
2013-07-21,10,40,62,33.0,6.952217871538051,1.878787878787879,True,-1,True,MEDIUM
2013-12-05,10,40,10,27.857142857142858,9.702724212449656,0.358974358974359,True,-1,True,MEDIUM
2014-01-13,10,40,7,18.857142857142858,1.6761634196948296,0.3712121212121212,True,-1,True,MEDIUM
2014-10-18,10,40,47,29.142857142857142,3.023715784073832,1.6127450980392157,True,-1,True,MEDIUM
2014-12-04,10,40,10,29.714285714285715,12.079104350272077,0.3365384615384615,True,-1,True,MEDIUM
2016-12-11,10,40,44,23.285714285714285,4.572172558506676,1.8895705521472392,True,-1,True,MEDIUM
2013-01-14,10,41,6,14.142857142857142,1.3451854182690994,0.42424242424242425,True,-1,True,MEDIUM
2013-02-05,10,41,8,16.857142857142858,4.980915960897532,0.4745762711864407,True,-1,True,MEDIUM
2013-02-11,10,41,6,14.571428571428571,4.64962876142253,0.4117647058823529,True,-1,True,MEDIUM
2013-02-18,10,41,6,15.428571428571429,4.99523582550223,0.3888888888888889,True,-1,True,MEDIUM
2013-03-02,10,41,30,14.428571428571429,4.429339411136565,2.0792079207920793,True,-1,True,MEDIUM
2013-03-16,10,41,33,17.0,2.76887462097269,1.9411764705882353,True,-1,True,MEDIUM
2013-04-18,10,41,7,21.0,4.830458915396472,0.3333333333333333,True,-1,True,MEDIUM
2013-09-14,10,41,43,19.714285714285715,4.750939756661675,2.181159420289855,True,-1,True,MEDIUM
2013-10-21,10,41,7,19.428571428571427,5.287001130355556,0.3602941176470589,True,-1,True,MEDIUM
2013-12-01,10,41,8,23.0,3.69684550213643,0.34782608695652173,True,-1,True,MEDIUM
2014-05-02,10,41,40,21.142857142857142,3.2366943748507198,1.8918918918918919,True,-1,True,MEDIUM
2014-09-27,10,41,40,23.285714285714285,3.450327796711727,1.7177914110429449,True,-1,True,MEDIUM
2014-10-18,10,41,36,20.571428571428573,3.309438162646491,1.7499999999999998,True,-1,True,MEDIUM
2014-12-22,10,41,9,20.142857142857142,4.180453381654987,0.4468085106382979,True,-1,True,MEDIUM
2014-12-29,10,41,7,17.142857142857142,4.017817460121564,0.4083333333333333,True,-1,True,MEDIUM
2015-01-31,10,41,26,14.571428571428571,4.23702501200806,1.7843137254901962,True,-1,True,MEDIUM
2015-02-09,10,41,9,18.857142857142858,5.014265364224096,0.47727272727272724,True,-1,True,MEDIUM
2015-12-03,10,41,9,25.0,7.874007874011733,0.36,True,-1,True,MEDIUM
2016-01-14,10,41,7,16.571428571428573,3.7796447300922402,0.42241379310344823,True,-1,True,MEDIUM
2016-01-16,10,41,32,15.0,5.25991127935316,2.1333333333333333,True,-1,True,MEDIUM
2016-01-31,10,41,6,18.285714285714285,3.8606685826112437,0.328125,True,-1,True,MEDIUM
2016-02-26,10,41,9,20.714285714285715,4.535573676110651,0.43448275862068964,True,-1,True,MEDIUM
2016-03-13,10,41,39,20.571428571428573,5.126959555693181,1.8958333333333333,True,-1,True,MEDIUM
2016-11-10,10,41,12,28.0,2.9999999999996882,0.42857142857142855,True,-1,True,MEDIUM
2017-01-02,10,41,9,20.0,3.3166247903551875,0.45,True,-1,True,MEDIUM
2017-02-20,10,41,7,22.285714285714285,4.270608298368482,0.3141025641025641,True,-1,True,MEDIUM
2017-02-28,10,41,10,20.142857142857142,3.0783421635986428,0.49645390070921985,True,-1,True,MEDIUM
2017-11-26,10,41,45,27.857142857142858,3.4364987719366558,1.6153846153846154,True,-1,True,MEDIUM
2014-01-06,10,42,12,27.857142857142858,9.154754164341304,0.43076923076923074,True,-1,True,MEDIUM
2014-12-14,10,42,52,26.571428571428573,3.8234863173612195,1.9569892473118278,True,-1,True,MEDIUM
2015-02-27,10,42,45,27.142857142857142,3.976119189552108,1.6578947368421053,True,-1,True,MEDIUM
2015-02-21,10,43,74,41.0,7.37111479583127,1.8048780487804879,True,-1,True,MEDIUM
2015-07-01,10,43,104,63.714285714285715,11.190982764623543,1.6322869955156951,True,-1,True,MEDIUM
2017-04-02,10,43,95,56.57142857142857,12.42118006816229,1.6792929292929293,True,-1,True,MEDIUM
2013-01-23,10,44,6,21.857142857142858,5.8145957563293935,0.2745098039215686,True,-1,True,HIGH
2013-02-20,10,44,10,20.857142857142858,3.804758924845366,0.4794520547945205,True,-1,True,MEDIUM
2014-02-15,10,44,39,20.285714285714285,3.9036002917938593,1.9225352112676057,True,-1,True,MEDIUM
2014-12-02,10,44,12,33.714285714285715,10.387721689801023,0.3559322033898305,True,-1,True,MEDIUM
2015-02-14,10,44,39,24.285714285714285,2.563479777846738,1.6058823529411765,True,-1,True,MEDIUM
2015-12-30,10,44,8,24.142857142857142,7.58130532798874,0.33136094674556216,True,-1,True,MEDIUM
2016-01-31,10,44,35,20.142857142857142,3.2877840272018117,1.7375886524822695,True,-1,True,MEDIUM
2014-12-01,10,45,44,89.14285714285714,8.629958891917475,0.4935897435897436,True,-1,True,MEDIUM
2016-04-03,10,45,149,92.28571428571429,9.72478424292385,1.6145510835913313,True,-1,True,MEDIUM
2014-03-01,10,46,87,48.714285714285715,9.945087325144964,1.7859237536656891,True,-1,True,MEDIUM
2015-03-29,10,46,82,50.57142857142857,6.876460883747869,1.6214689265536724,True,-1,True,MEDIUM
2016-01-24,10,46,79,47.142857142857146,8.454359258760668,1.6757575757575756,True,-1,True,MEDIUM
2017-03-05,10,46,93,56.857142857142854,9.423880506963341,1.635678391959799,True,-1,True,MEDIUM
2013-01-20,10,47,24,14.857142857142858,1.9518001458970657,1.6153846153846154,True,-1,True,MEDIUM
2013-02-02,10,47,21,12.285714285714286,2.563479777846631,1.7093023255813953,True,-1,True,MEDIUM
2013-02-25,10,47,8,16.714285714285715,4.644505202002531,0.4786324786324786,True,-1,True,MEDIUM
2013-03-03,10,47,30,15.285714285714286,4.956957592256423,1.9626168224299065,True,-1,True,MEDIUM
2013-10-13,10,47,38,18.0,4.082482904638671,2.111111111111111,True,-1,True,MEDIUM
2013-11-03,10,47,35,19.857142857142858,4.375255094603893,1.7625899280575539,True,-1,True,MEDIUM
2013-12-02,10,47,10,20.857142857142858,3.023715784073824,0.4794520547945205,True,-1,True,MEDIUM
2013-12-09,10,47,7,14.285714285714286,3.0394235042349083,0.49,True,-1,True,MEDIUM
2013-12-17,10,47,6,15.0,3.055050463303947,0.4,True,-1,True,MEDIUM
2014-03-11,10,47,7,23.142857142857142,3.132015933791523,0.30246913580246915,True,-1,True,MEDIUM
2014-03-16,10,47,33,18.285714285714285,6.210590034081208,1.8046875,True,-1,True,MEDIUM
2014-10-17,10,47,36,21.285714285714285,3.773340063934871,1.691275167785235,True,-1,True,MEDIUM
2014-12-02,10,47,7,24.571428571428573,6.654751256486972,0.28488372093023256,True,-1,True,HIGH
2015-02-01,10,47,28,15.714285714285714,4.608480795023119,1.781818181818182,True,-1,True,MEDIUM
2015-11-19,10,47,46,23.857142857142858,6.466028441750327,1.9281437125748502,True,-1,True,MEDIUM
2016-02-08,10,47,9,20.0,3.214550253664474,0.45,True,-1,True,MEDIUM
2016-03-05,10,47,39,22.285714285714285,2.288688541085436,1.75,True,-1,True,MEDIUM
2016-11-16,10,47,14,31.285714285714285,10.111285538352394,0.4474885844748859,True,-1,True,MEDIUM
2016-12-01,10,47,6,29.0,5.2599112793530685,0.20689655172413793,True,-1,True,HIGH
2016-12-19,10,47,8,18.142857142857142,5.398412465054488,0.4409448818897638,True,-1,True,MEDIUM
2017-01-04,10,47,6,22.857142857142858,5.145501965424681,0.2625,True,-1,True,HIGH
2017-02-11,10,47,39,21.0,3.6968455021363047,1.8571428571428572,True,-1,True,MEDIUM
2017-06-04,10,47,55,29.714285714285715,8.596787882968883,1.8509615384615383,True,-1,True,MEDIUM
2017-06-17,10,47,53,31.571428571428573,4.613644360558464,1.678733031674208,True,-1,True,MEDIUM
2017-11-26,10,47,45,26.857142857142858,2.1930626551750136,1.675531914893617,True,-1,True,MEDIUM
2017-12-30,10,47,10,21.285714285714285,3.946064947695228,0.46979865771812085,True,-1,True,MEDIUM
2015-03-01,10,48,72,41.285714285714285,8.260635280540107,1.7439446366782008,True,-1,True,MEDIUM
2013-01-17,10,49,8,19.714285714285715,4.23140188409963,0.40579710144927533,True,-1,True,MEDIUM
2013-01-22,10,49,34,15.428571428571429,3.909694909543996,2.2037037037037037,True,-1,True,MEDIUM
2013-02-06,10,49,8,19.285714285714285,3.9036002917941306,0.41481481481481486,True,-1,True,MEDIUM
2013-02-08,10,49,35,18.0,5.944184833375664,1.9444444444444444,True,-1,True,MEDIUM
2013-02-11,10,49,6,19.714285714285715,8.90157824422699,0.3043478260869565,True,-1,True,MEDIUM
2014-01-12,10,49,35,19.0,5.000000000000048,1.8421052631578947,True,-1,True,MEDIUM
2014-02-03,10,49,27,16.285714285714285,2.9277002188456676,1.6578947368421053,True,-1,True,MEDIUM
2014-02-10,10,49,10,25.285714285714285,4.34796066044332,0.3954802259887006,True,-1,True,MEDIUM
2014-06-15,10,49,56,34.0,3.2145502536644943,1.6470588235294117,True,-1,True,MEDIUM
2014-08-10,10,49,53,31.0,2.8284271247464012,1.7096774193548387,True,-1,True,MEDIUM
2015-12-26,10,49,39,22.857142857142858,3.933978962347553,1.70625,True,-1,True,MEDIUM
2016-01-23,10,49,36,21.0,3.915780041490584,1.7142857142857142,True,-1,True,MEDIUM
2016-12-24,10,49,49,26.142857142857142,3.7161167647863533,1.8743169398907105,True,-1,True,MEDIUM
2013-07-28,10,50,121,72.0,13.940349110884343,1.6805555555555556,True,-1,True,MEDIUM
2014-11-02,10,50,108,66.0,6.377042156569944,1.6363636363636365,True,-1,True,MEDIUM
